Roaster,Product Name,Origin,Process,Roast Level,Format,Weight (g),Price (Toman),Price / 100g,Specialty Score,In Stock?,Categories,Product URL,Description
Cafe Raees,قهوه مدیوم پریمیوم ۵۰۰ گرمی(۱۰۰٪ آرابیکا),Colombia,,Medium,Whole bean,500.0,2300000,460000.0,,False,خرید آنلاین قهوه; فروشگاه آنلاین; هورکا (سین),https://raeescoffee.com/product/%d9%82%d9%87%d9%88%d9%87-%d9%85%d8%af%db%8c%d9%88%d9%85-%d9%be%d8%b1%db%8c%d9%85%db%8c%d9%88%d9%85-%db%b5%db%b0%db%b0-%da%af%d8%b1%d9%85%db%8c%db%b8%db%b0%d9%aa-%d8%a7%d8%b1%d8%a7%d8%a8%db%8c%da%a9/,"مدیوم پریمیوم،ترکیبی از ۱۰۰٪ دانه های ارابیکاست که طعمی دلنشین و اسیدیته ی متعادل را ارائه می دهد. 
 این قهوه با طعم لطیف و رایحه ای خوشایند،مناسب برای کسانی است که به دنبال یک تجربه ملایم و با کیفیت از قهوه هستند.مدیوم پریمیوم انتخابی ایده آل برای لذت بردن در هر لحظه از روز است و در بسته بندی های مطمئن و با کیفیت قابل ارائه میباشد."
Cafe Raees,قهوه های-کافئین ۵۰۰ گرمی(۱۰۰٪ روبوستا),Vietnam,,,Whole bean,500.0,1150000,230000.0,,False,خرید آنلاین قهوه; فروشگاه آنلاین; هورکا (سین),https://raeescoffee.com/product/%d9%82%d9%87%d9%88%d9%87-%d9%87%d8%a7%db%8c-%da%a9%d8%a7%d9%81%d8%a6%db%8c%d9%86-%db%b5%db%b0%db%b0-%da%af%d8%b1%d9%85%db%8c%db%b1%db%b0%db%b0%d9%aa-%d8%b1%d9%88%d8%a8%d9%88%d8%b3%d8%aa%d8%a7/,"های-کافئین  از ۱۰۰٪ دانه های ربوستا تهیه شده و با کافئین بالا،طعم قوی و انرژی مضاعفی را به همراه دارد. 
 این قهوه گزینه ای مناسب برای آمیختن دانه های قهوه با ذائقه مورد نظرتان است.بسته بندی حرفه ای،تازگی و کیفیت دانه ها را حفظ کرده و آن را برای استفاده مناسب میسازد."
Cafe Raees,قهوه کلمبیا مدیوم ۳ کیلوگرمی(۱۰۰٪ آرابیکا),Colombia,,Medium,Whole bean,3000.0,17550000,585000.0,,False,خرید آنلاین قهوه; فروشگاه آنلاین; قهوه کلمبیا (۱۰۰٪ آرابیکا),https://raeescoffee.com/product/%d9%82%d9%87%d9%88%d9%87-%da%a9%d9%84%d9%85%d8%a8%db%8c%d8%a7-%d9%85%d8%af%db%8c%d9%88%d9%85-%db%b3-%da%a9%db%8c%d9%84%d9%88%da%af%d8%b1%d9%85%db%8c/,"قهوه کلمبیا سوپریمو Colombia Supremo  
 در بررسی‌های   قهوه کلمبیا  ، آن را به عنوان قهوه‌ای با غلظت متوسط همراه با طعم غنی و اسیدیتی یاد می‌کنند. همچنین، این قهوه به دلیل گوارا بودن شناخته شده است که باعث می‌شود آن را به عنوان طعم پرطرفدار و غالب در برخی از کشورهای دیگر ایده‌آل سازد. 
    دانلود کاتالوگ قهوه     
 درجه رُست:  مدیوم  
 پیشنهاد دم آوری:  اسپرسو،موکاپات،فیلترکافی،فرنچ پرس  
 
 
 ابع"
Cafe Raees,قهوه کلمبیا مدیوم ۱ کیلوگرمی(۱۰۰٪ آرابیکا),Colombia,,Medium,Whole bean,1000.0,5900000,590000.0,,False,خرید آنلاین قهوه; فروشگاه آنلاین; قهوه کلمبیا (۱۰۰٪ آرابیکا),https://raeescoffee.com/product/%d9%82%d9%87%d9%88%d9%87-%da%a9%d9%84%d9%85%d8%a8%db%8c%d8%a7-%d9%85%d8%af%db%8c%d9%88%d9%85-%db%b1-%da%a9%db%8c%d9%84%d9%88%da%af%d8%b1%d9%85%db%8c/,"قهوه کلمبیا سوپریمو Colombia Supremo  
 در بررسی‌های   قهوه کلمبیا  ، آن را به عنوان قهوه‌ای با غلظت متوسط همراه با طعم غنی و اسیدیتی یاد می‌کنند. همچنین، این قهوه به دلیل گوارا بودن شناخته شده است که باعث می‌شود آن را به عنوان طعم پرطرفدار و غالب در برخی از کشورهای دیگر ایده‌آل سازد. 
    دانلود کاتالوگ قهوه     
 Growing Altitude:  1200 m.a.s.l  
 
 
 Process:  Washed  
 
 
 درجه رُست:  مدیوم  
"
Cafe Raees,قهوه کلمبیا مدیوم ۲۵۰ گرمی(۱۰۰٪ آرابیکا),Colombia,,Medium,Whole bean,250.0,1500000,600000.0,,False,خرید آنلاین قهوه; فروشگاه آنلاین; قهوه کلمبیا (۱۰۰٪ آرابیکا),https://raeescoffee.com/product/%d9%82%d9%87%d9%88%d9%87-%da%a9%d9%84%d9%85%d8%a8%db%8c%d8%a7-%d9%85%d8%af%db%8c%d9%88%d9%85-%db%b2%db%b5%db%b0-%da%af%d8%b1%d9%85%db%8c/,"قهوه کلمبیا سوپریمو Colombia Supremo  
 در بررسی‌های   قهوه کلمبیا  ، آن را به عنوان قهوه‌ای با غلظت متوسط همراه با طعم غنی و اسیدیتی یاد می‌کنند. همچنین، این قهوه به دلیل گوارا بودن شناخته شده است که باعث می‌شود آن را به عنوان طعم پرطرفدار و غالب در برخی از کشورهای دیگر ایده‌آل سازد. 
    دانلود کاتالوگ قهوه   
  
    
 Growing Altitude:  1200 m.a.s.l  
 
 
 Process:  Washed  
 
 
 درجه رُست:  مد"
Cafe Raees,قهوه ترک ۲۵۰ گرمی(۱۰۰٪ آرابیکا),Brazil,,,,250.0,700000,280000.0,,False,خرید آنلاین قهوه; فروشگاه آنلاین; قهوه ترک (۱۰۰٪ آرابیکا),https://raeescoffee.com/product/%d9%82%d9%87%d9%88%d9%87-%d8%aa%d8%b1%da%a9/,"قهوه ترک  
 قهوه ترک به روش دم آوری قهوه آسیاب شده خیلی ریز اشاره دارد. هر نوعی از دانه قهوه، مانند عربیکا (آرابیکا)، روبوستا و یا قهوه آمیخته را برای دم کردن   قهوه ترک   می‌توان استفاده کرد، ولی دانه قهوه عربیکا (آرابیکا) بهترین گزینه محسوب می‌شود. دانه قهوه را باید به اندازه پودر قند و به صورت خیلی ریز آسیاب کرد تا هنگام سرو قهوه، پودر به طور کامل در انتهای فنجان ته نشین شود. پودر قهوه ترک رئیس"
Cafe Raees,قهوه گواتمالا ۲۵۰گرمی(۱۰۰٪ آرابیکا),Guatemala,,,Whole bean,250.0,,,,True,خرید آنلاین قهوه; فروشگاه آنلاین; قهوه گواتمالا (۱۰۰٪ آرابیکا),https://raeescoffee.com/product/%d9%82%d9%87%d9%88%d9%87-%da%af%d9%88%d8%a7%d8%aa%d9%85%d8%a7%d9%84%d8%a7-%db%b2%db%b5%db%b0%da%af%d8%b1%d9%85%db%8c/,"گواتمالا سن آنتونیو Guatemala San Antonio  
 طیف گسترده‌ای از طعم‌ها در قهوه گواتمالا وجود دارند. این قهوه با غلظت متوسط تا زیاد، دارای عمق و پیچیدگی در طعم است.   قهوه گواتمالا  ، معنای واقعی قهوه آمریکای مرکزی هستند. 
    دانلود کاتالوگ قهوه     
 ‫‪Growing‬ Altitude‬‬:  ‫‪900-1650‬‬ ‫‪m.a.s.l‬‬  
 
 
 process:  Semi Washed  
 
 
 درجه رُست:  مدیوم  
 
 
 ‫‪Sweetness‬‬:  Medium  
 
 
 Cupping no"
Cafe Raees,زیپ کاپ کلمبیا ۵۰ عددی,Colombia,,,,,3870000,,,False,زیپ کاپ / زیپ بگ; فروشگاه آنلاین,https://raeescoffee.com/product/%d8%b2%db%8c%d9%be-%da%a9%d8%a7%d9%be-%db%b5%db%b0-%d8%b9%d8%af%d8%af%db%8c/,"توضیحات تکمیلی زیپ کاپ  
 
   قهوه‌ ی زیپ کاپ محصولی جدید از کارخانه‌ی رئیس است، این قهوه فاقد هرگونه شکر و نگهدارنده می‌باشد و هدف تولید این محصول وجود قهوه‌ای فوری ولی حرفه‌ای برای علاقه مندان به قهوه می‌باشد.زیپ کاپ به مصرف کنندگان قهوه کمک می‌کند تا قهوه دمی با کیفیت را در هر مکان، موقعیت در سریع‌ترین زمان تجربه کنند.قهوه‌ی مورد استفاده در زیپ‌کاپ، کلمبیای سوپریمو می‌باشد، سوپریمو اشاره به اند"
Cafe Raees,زیپ کاپ کلمبیا,Colombia,,,,,430000,,,False,زیپ کاپ / زیپ بگ; فروشگاه آنلاین,https://raeescoffee.com/product/%d8%b2%db%8c%d9%be-%da%a9%d8%a7%d9%be/,"قهوه زیپ کاپ، قهوه آسیاب‌شده‌ای است که درون ساشه‌های یک‌بارمصرف قرار دارد. هر ساشه حاوی ۱۰ گرم قهوه است که مناسب دم‌آوری یک فنجان کامل قهوه می‌باشد. این قهوه فاقد شکر و نگهدارنده است و طعمی طبیعی و باکیفیت را ارائه می‌دهد. فیلتر زیپ کاپ از جنس الیاف مخصوص ساخته شده که در برابر آب با دمای بالا مقاوم بوده و تجربه‌ای ساده و سریع از دم‌آوری قهوه را برای شما فراهم می‌کند. 
 از قهوه‌ی کلمبیا به عنوان قه"
Cafe Raees,زیپ بگ کلمبیا ۱ لیتری,Colombia,,,,,,,,True,زیپ کاپ / زیپ بگ,https://raeescoffee.com/product/%d8%b2%db%8c%d9%be-%d8%a8%da%af-%db%b1-%d9%84%db%8c%d8%aa%d8%b1%db%8c/,"زیپ بگ چیست؟ این محصول قهوه دمی است و به شما این امکان را می دهد که تنها با استفاده از آب داغ، قهوه استاندارد را در ساده ترین و سریع ترین زمان دم آوری و نوش جان کنید. مناسب برای استفاده درمنزل، سفر و محل کار. 
 از قهوه ی کلمبیا به عنوان قهوه ای با غلظت متوسط همراه با طعم غنی و اسیدیتی متعادل یاد می کنند. همچنین قهوه کلمبیا به دلیل گوارا بودن شناخته شده است، شاخصه ای که آن را در بسیاری از کشورهای ج"
Cafe Raees,زیپ بگ کلمبیا ۴۰۰ سی سی,Colombia,,,,,,,,True,زیپ کاپ / زیپ بگ,https://raeescoffee.com/product/%d8%b2%db%8c%d9%be-%d8%a8%da%af-%db%b4%db%b0%db%b0-%da%af%d8%b1%d9%85%db%8c/,"زیپ بگ چیست؟ این محصول قهوه دمی است و به شما این امکان را می دهد که تنها با استفاده از آب داغ، قهوه استاندارد را در ساده ترین و سریع ترین زمان دم آوری و نوش جان کنید. مناسب برای استفاده درمنزل، سفر و محل کار. 
 از قهوه ی کلمبیا به عنوان قهوه ای با غلظت متوسط همراه با طعم غنی و اسیدیتی متعادل یاد می کنند. همچنین قهوه کلمبیا به دلیل گوارا بودن شناخته شده است، شاخصه ای که آن را در بسیاری از کشورهای ج"
Cafe Raees,زیپ بگ کلمبیا ۲۵۰ سی سی,Colombia,,,,,,,,True,زیپ کاپ / زیپ بگ,https://raeescoffee.com/product/%d8%b2%db%8c%d9%be-%d8%a8%da%af-%db%b2%db%b5%db%b0-%da%af%d8%b1%d9%85%db%8c/,"زیپ بگ چیست؟ این محصول قهوه دمی است و به شما این امکان را می دهد که تنها با استفاده از آب داغ، قهوه استاندارد را در ساده ترین و سریع ترین زمان دم آوری و نوش جان کنید. مناسب برای استفاده درمنزل، سفر و محل کار. 
 از قهوه ی کلمبیا به عنوان قهوه ای با غلظت متوسط همراه با طعم غنی و اسیدیتی متعادل یاد می کنند. همچنین قهوه کلمبیا به دلیل گوارا بودن شناخته شده است، شاخصه ای که آن را در بسیاری از کشورهای ج"
Cafe Raees,زیپ کاپ کلمبیا ۲۵ عددی,Colombia,,,,,2300000,,,False,زیپ کاپ / زیپ بگ; فروشگاه آنلاین,https://raeescoffee.com/product/%d8%b2%db%8c%d9%be-%da%a9%d8%a7%d9%be-%db%b2%db%b5-%d8%b9%d8%af%d8%af%db%8c/,"توضیحات تکمیلی زیپ کاپ  
 
   قهوه‌ ی زیپ کاپ محصولی جدید از کارخانه‌ی رئیس است، این قهوه فاقد هرگونه شکر و نگهدارنده می‌باشد و هدف تولید این محصول وجود قهوه‌ای فوری ولی حرفه‌ای برای علاقه مندان به قهوه می‌باشد.زیپ کاپ به مصرف کنندگان قهوه کمک می‌کند تا قهوه دمی با کیفیت را در هر مکان، موقعیت در سریع‌ترین زمان تجربه کنند.قهوه‌ی مورد استفاده در زیپ‌کاپ، کلمبیای سوپریمو می‌باشد، سوپریمو اشاره به اند"
Cafe Raees,دانه قهوه اسپشیالتی گیشا,Ethiopia,,,Whole bean,80.0,,,,True,اسپشیالتی; جعبه هدیه; رئیس; فروشگاه آنلاین,https://raeescoffee.com/product/%d8%af%d8%a7%d9%86%d9%87-%d9%82%d9%87%d9%88%d9%87-%d8%a7%d8%b3%d9%be%d8%b4%db%8c%d8%a7%d9%84%d8%aa%db%8c-%da%af%db%8c%d8%b4%d8%a7/,روستای گیشا به یک منطقه‌ای در اتیوپی اشاره دارد که به دلیل پرورش دانه‌های با کیفیت بسیار بالا و نژاد خاص قهوه‌ای که در آنجا رشد میکند شهرت جهانی پیدا کرده است. گیشا ویلیج در نزدیکی مرز غربی اتیوپی با سودان قرار دارد و به دلیل ارتفاع بالا و شرایط آب و هوایی منحصربه فرد محیط مناسبی برای کشت قهوه فراهم کرده است. این نژاد در دهه ۱۹۳۰ کشف شد و بعدا به سایر مناطق به ویژه پاناما منتقل شد. دانه‌های گِیشا 
Cafe Raees,دانه قهوه اسپشیالتی تامارا,Colombia,,,Whole bean,80.0,,,,True,اسپشیالتی; جعبه هدیه; خرید آنلاین قهوه; رئیس; فروشگاه آنلاین,https://raeescoffee.com/product/%d8%af%d8%a7%d9%86%d9%87-%d9%82%d9%87%d9%88%d9%87-%d8%a7%d8%b3%d9%be%d8%b4%db%8c%d8%a7%d9%84%d8%aa%db%8c-%d8%aa%d8%a7%d9%85%d8%a7%d8%b1%d8%a7/,در دل کوهستان‌های مه‌آلود کلمبیا، در منطقه‌ای از کلمبیا به نام تامارا، داستانی درباره قهوه‌های خاص و منحصربه‌فرد روایت می‌شود که با عشق و تلاش کشاورزان محلی به دنیا می‌آید. تامارا یکی از مناطق زیبای کلمبیا، با تپه‌های سرسبز و خاک حاصلخیزش، مکان ایده‌آلی برای پرورش دانه‌های قهوه با کیفیت است. این منطقه که در ارتفاعات قرار دارد. دارای شرایط آب و هوایی مناسب و خاک غنی از مواد معدنی است که به پرورش دا
Cafe Raees,گواتمالا ۱کیلوگرمی(۱۰۰% آرابیکا),Guatemala,,,Whole bean,1000.0,,,,True,خرید آنلاین قهوه; قهوه گواتمالا (۱۰۰٪ آرابیکا),https://raeescoffee.com/product/%da%af%d9%88%d8%a7%d8%aa%d9%85%d8%a7%d9%84%d8%a7/,"طیف گسترده‌ای از طعم‌ها در قهوه گواتمالا وجود دارند. این قهوه با غلظت متوسط تا زیاد، دارای عمق و پیچیدگی در طعم است. قهوه گواتمالا، معنای واقعی قهوه آمریکای مرکزی هستند.    ویژگی ها  
 ‫‪Growing Altitude: ‫‪900-1650 ‫‪m.a.s.l 
 process: Semi Washed 
 درجه رُست: مدیوم 
 ‫‪Sweetness: Medium 
 Cupping note: Date , Chocolate , Caramel 
 ‫‪Bitterness: Medium 
 ‫‪Acidity: Medium 
 ابعاد: 35x15x9 cm 
 وز"
Cafe Raees,قهوه اکو ۱۰/۹۰ ۵۰۰ گرمی(۹۰٪روبوستا،۱۰٪ارابیکا),Vietnam,,,Whole bean,500.0,,,,True,خرید آنلاین قهوه; فروشگاه آنلاین; هورکا (سین),https://raeescoffee.com/product/%d9%82%d9%87%d9%88%d9%87-%d8%a7%da%a9%d9%88-%db%b5%db%b0%db%b0-%da%af%d8%b1%d9%85%db%8c%db%b9%db%b0%d9%aa%d8%b1%d9%88%d8%a8%d9%88%d8%b3%d8%aa%d8%a7%d8%8c%db%b1%db%b0%d9%aa/,"در این ترکیب، ۹۰٪ ربوستا و ۱۰٪ ارابیکا کنار هم قرار گرفته‌اند تا قهوه‌ای قدرتمند اما متعادل خلق کنند. بادی بالا و کرمای خامه ای با ته‌طعمی لطیف همراه است و فنجانی پرعطر و انرژی‌بخش به شما می‌دهد. مناسب برای اسپرسوهای روزانه در کافه یا خانه.   خاستگاه:آرابیکا کلمبیا ربوستا ویتنام 
 روست:مدیوم 
 طعم:شکلات تلخ مرکباتی لیمو"
Cafe Raees,هورکا اندونزی ۵۰۰ گرمی(۱۰۰٪ روبوستا),Indonesia,,,Whole bean,500.0,,,,True,خرید آنلاین قهوه; فروشگاه آنلاین; هورکا (سین),https://raeescoffee.com/product/%d9%87%d9%88%d8%b1%da%a9%d8%a7-%d8%a7%d9%86%d8%af%d9%88%d9%86%d8%b2%db%8c-%db%b5%db%b0%db%b0-%da%af%d8%b1%d9%85%db%8c%db%b1%db%b0%db%b0%d9%aa-%d8%b1%d9%88%d8%a8%d9%88%d8%b3%d8%aa%d8%a7/,"قهوه‌ای از دانه‌های ۱۰۰٪ ربوستای اصیل اندونزی، با  طعمی قوی و ماندگار. کرمایی غلیظ و بافتی سنگین دارد و برای اسپرسوهایی که باید پرانرژی و ثابت‌کیفیت باشند، انتخابی مطمئن است. مناسب برای مصرف حرفه‌ای در کافه‌ها و رستوران‌ها.   خاستگاه:اندونزی 
 روست:مدیوم 
 طعم:آجیلی ادویه ای"
Cafe Raees,باریستا بلند ۵۰۰ گرمی(۷۰٪ آرابیکا،۳۰٪روبوستا),Colombia,,,Whole bean,500.0,1950000,390000.0,,False,خرید آنلاین قهوه; فروشگاه آنلاین; هورکا (سین),https://raeescoffee.com/product/%d8%a8%d8%a7%d8%b1%db%8c%d8%b3%d8%aa%d8%a7-%d8%a8%d9%84%d9%86%d8%af-%db%b5%db%b0%db%b0-%da%af%d8%b1%d9%85%db%8c%db%b7%db%b0%d9%aa-%d8%a2%d8%b1%d8%a7%d8%a8%db%8c%da%a9%d8%a7%d8%8c%db%b3%db%b0%d9%aa/,"قهوه باریستا بلند،ترکیبی منحصر به فرد از ۳۰٪ ربوستا و ۷۰٪ ارابیکاست که تعادل ایده آلی از عطر و طعم را ارائه می دهد.این ترکیب با رایحه ای دلنشین،مناسب برای تهیه انواع نوشیدنی ها بر پایه اسپرسو است.باریستا بلند،انتخابی ایده آل برای کسانی است که به دنبال یک تجربه قهوه حرفه ای و با کیفیت هستند.   خاستگاه:آرابیکا کلمبیا ربوستا اندونزی 
 روست:مدیوم 
 طعم:شکلات تلخ آجیلی 
 &nbsp;"
Cafe Raees,هورکا اوگاندا ۵۰۰گرمی(۱۰۰٪ روبوستا),Uganda,,,Whole bean,500.0,,,,True,خرید آنلاین قهوه; فروشگاه آنلاین; هورکا (سین),https://raeescoffee.com/product/%d9%87%d9%88%d8%b1%da%a9%d8%a7-%d8%a7%d9%88%da%af%d8%a7%d9%86%d8%af%d8%a7-%db%b5%db%b0%db%b0%da%af%d8%b1%d9%85%db%8c%db%b1%db%b0%db%b0%d9%aa-%d8%b1%d9%88%d8%a8%d9%88%d8%b3%d8%aa%d8%a7/,"قهوه ای از ۱۰۰٪ دانه های روبوستای با کیفیت کشور اوگاندا،با کافئین بالا،طعمی غنی و بافتی قوی ارائه می دهد.این ترکیب،با عطر دل انگیز و انرژی مضاعف ،انتخابی ایده آل برای افرادی است که به دنبال قهوه ای پرقدرت و نشاط آور هستند.بسته بندی حرفه ای،تازگی و کیفیت دانه ها را حفظ کرده و استفاده از آن را در خانه،محل کار یا سفر کاملا ممکن و لذت بخش می سازد.   خاستگاه:ربوستا اوگاندا سینگل اوریجین 
 روست:مدیوم 
 "
Cafe Raees,قهوه اکستریما بلند ۵۰۰ گرمی(۱۰٪ آرابیکا،۹۰٪روبوستا),Colombia,,,Whole bean,500.0,1250000,250000.0,,False,خرید آنلاین قهوه; فروشگاه آنلاین; هورکا (سین),https://raeescoffee.com/product/%d9%82%d9%87%d9%88%d9%87-%d8%a7%da%a9%d8%b3%d8%aa%d8%b1%db%8c%d9%85%d8%a7-%d8%a8%d9%84%d9%86%d8%af-%db%b5%db%b0%db%b0-%da%af%d8%b1%d9%85%db%8c%db%b1%db%b0%d9%aa-%d8%a2%d8%b1%d8%a7%d8%a8%db%8c%da%a9/,"قهوه اکستریما بلند ترکیبی قوی از ۹۰٪ روبوستا و ۱۰٪ ارابیکاست که طعم شکلات تلخ و کافئین بالایی دارد.این قهوه انتخابی عالی برای کسانی است که به یک نوشیدنی پر انرژی نیاز دارند.قهوه اکستریما بلند،در بسته بندی های استاندارد و با کیفیت و با عطری قوی و طعمی ماندگار،همراه خوبی برای شروع روز یا زمان هایی است که به تمرکز بیشتری نیاز دارید.   خاستگاه:آرابیکا کلمبیا ربوستا اندونزی 
 روست:مدیوم 
 طعم:بادام شکل"
Emkan Roastery,دان قهوه امکان برزیل موگیانا یک کیلویی – بسته 6 عددی,Brazil,Natural,Medium,Whole bean,1000,34629000,3462900.0,,True,قهوه اسپرسو; قهوه برزیل; قهوه تک خاستگاه,https://emkan-coffee.com/product/emkan-brazil-mogiana-6x1kg/,"از منطقه   
   قهوه برزیل موگیانا از یکی از نواحی شناخته‌شده‌ قهوه‌خیز جنوب‌شرقی برزیل می‌آید؛ منطقه‌ای که نام آن با سابقهٔ طولانی تولید قهوه در برزیل گره خورده است. این قهوه در بخش میناس گرایسِ این محدوده و در ارتفاع ۱۰۰۰ تا ۱۱۰۰ متر از سطح دریا کشت شده است. موگیانا در صنعت قهوه‌ برزیل نامی شناخته‌شده دارد و تولید قهوه در این پهنه، مانند بسیاری از مناطق جنوب‌شرقی کشور، بر پایه‌ کشت گسترده‌ گونه‌ "
Emkan Roastery,قهوه تک‌خاستگاه مکزیک چیاپاس – Mexico Chiapas,Mexico,Natural,Medium,Whole bean,250.0,2490000,996000.0,,True,84-89; قهوه تک خاستگاه; قهوه مکزیک,https://emkan-coffee.com/product/mexico-chiapas/,"از منطقه   
  قهوه مکزیک چیاپاس  از ایالت چیاپاس (Chiapas) در جنوب مکزیک، یکی از مهم‌ترین مناطق قهوه‌خیز این کشور، می‌آید. این قهوه در مزرعه  La Reserva ، در نزدیکی  Tapachula  و در ارتفاع ۱۰۰۰ متر از سطح دریا کشت شده و از گونه    Coffea arabica   ، زیرگونه  Obata  و با فرآوری  طبیعی (Natural)  تولید شده است.   
   قهوه در اواخر قرن هجدهم وارد کشور مکزیک شد. منابع رسمی مکزیک سال  ۱۷۹۵  و شهر  Córd"
Emkan Roastery,قهوه تک‌خاستگاه اوگاندا ال‌گن – Uganda Elgon,Uganda,Natural,Medium,Whole bean,250.0,1890000,756000.0,,True,81-84; قهوه اوگاندا; قهوه تک خاستگاه,https://emkan-coffee.com/product/uganda-elgon/,"از منطقه   
  در شرق اوگاندا و در امتداد مرز این کشور با کنیا، کوه اِل‌گُن یکی از مهم‌ترین مناطق کشت قهوه عربیکا در این کشور است. قهوه اوگاندا ال‌گن از دامنه‌های Mount Elgon به دست می‌آید؛ یک آتشفشان خاموش با دامنه‌هایی مرتفع و گسترده که شرایط مناسبی برای کشت قهوه فراهم می‌کند. ارتفاع زیاد، دمای نسبتاً پایین‌تر در نواحی کوهستانی و خاک‌های حاصلخیز با منشأ آتشفشانی، از مهم‌ترین ویژگی‌های طبیعی این م"
Emkan Roastery,قهوه تک‌خاستگاه اتیوپی یرگاچف – Ethiopia Yirgacheffe,Ethiopia,Natural,Medium,Whole bean,250.0,,,,False,قهوه اتیوپی; قهوه تک خاستگاه; قهوه دمی,https://emkan-coffee.com/product/ethiopia-yirgacheffe/,"از منطقه   
  سرزمین اتیوپی خاستگاه قهوه عربیکاست و تنوع اقلیمی و فرهنگی آن باعث شده هر منطقه، شخصیت و هویت طعمی خاص خود را داشته باشد. در میان مناطق مختلف تولید قهوه در اتیوپی، نام  یرگاچف  همواره با کیفیت، اصالت و شهرت جهانی همراه بوده است. منطقه‌ای که سال‌هاست یکی از مهم‌ترین منابع تولید قهوه‌های تخصصی محسوب می‌شود و سهم قابل توجهی در معرفی ظرفیت‌های واقعی قهوه اتیوپی به جهان داشته است. یرگاچف "
Emkan Roastery,قهوه تک‌خاستگاه اتیوپی شکیسو – Ethiopia Shakiso,Ethiopia,Natural,Light,,80.0,1500000,1875000.0,,True,90+; قهوه اتیوپی; قهوه تک خاستگاه; قهوه دمی,https://emkan-coffee.com/product/ethiopia-shakiso/,"از منطقه   
  شَکیسو، در جنوب منطقه گوجی و در استان اورومیای اتیوپی قرار گرفته؛ منطقه‌ای که طی سال‌های اخیر، به یکی از مهم‌ترین خاستگاه‌های قهوه‌ تخصصی و یکی از قطب‌های توسعه فرآوری‌های مدرن در این کشور تبدیل شده است. اما آنچه شَکیسو را از بسیاری از مناطق دیگر اتیوپی متمایز می‌کند، تنها  ارتفاع بالا یا شهرت آن نیست. اهمیت واقعی این منطقه، در ترکیب کم‌تکرار اقلیم، ژنتیک بومی و توانایی حفظ هویت خاست"
Emkan Roastery,قهوه تک‌خاستگاه تانزانیا آروشا – Tanzania Arusha,Tanzania,Natural,Medium,Whole bean,250.0,2400000,960000.0,,True,84-89; قهوه تانزانیا; قهوه تک خاستگاه; قهوه دمی; قهوه عربیکا,https://emkan-coffee.com/product/tanzania-arusha/,"از خاستگاه   
  قهوه تخصصی تانزانیا آروشا از منطقه Arusha در شمال این کشور تأمین شده است. این منطقه‌ به‌دلیل موقعیت جغرافیایی، ارتفاعات بالا و خاک‌های آتشفشانی حاصلخیز، یکی از نواحی مهم تولید قهوه باکیفیت در شرق آفریقا محسوب می‌شود.  
  کشت قهوه در تانزانیا به اواخر قرن نوزدهم بازمی‌گردد و امروزه همچنان بخش عمده‌ای از تولید آن توسط کشاورزان خرد انجام می‌شود. این ساختار تولید، باعث شده هر محصول، با"
Emkan Roastery,قهوه تک‌خاستگاه اتیوپی سیدامو – Ethiopia Sidamo,Ethiopia,Washed,Medium,Whole bean,250.0,,,,False,81-84; قهوه اتیوپی; قهوه تک خاستگاه; قهوه دمی,https://emkan-coffee.com/product/ethiopia-sidamo/,"از منطقه   
  قهوه اتیوپی سیدامو از خاستگاه شناخته‌شده و مورد توجه قهوه‌دوستان، یعنی Sidamo (که امروزه بیشتر با نام رسمی Sidama شناخته می‌شود) در جنوب اتیوپی به‌دست می‌آید؛ منطقه‌ای که به‌عنوان بخشی از زادگاه گونه عربیکا شناخته می‌شود. کشاورزی در این ناحیه عمدتاً توسط مالکان خُرد انجام می‌شود که در ارتفاعات بالا و تحت تأثیر بارش‌های سالانه قابل‌توجه، از شرایط اقلیمی مطلوب برای پرورش قهوه بهره می‌ب"
Emkan Roastery,دان قهوه امکان کلمبیا هویلا یک کیلویی – بسته 6 عددی,Colombia,Washed,Medium,Whole bean,1000,31428000,3142800.0,,True,قهوه اسپرسو; قهوه تک خاستگاه; قهوه کلمبیا,https://emkan-coffee.com/product/emkan-colombia-huila-6x1kg/,"قهوه کلمبیا هویلا   
  این    قهوه تک‌خاستگاه    از منطقه‌ هویلا در جنوب کلمبیا تهیه شده، یکی از پایدارترین و معتبرترین خاستگاه‌ها برای تولید قهوه‌های متعادل. کشت این قهوه در ارتفاع ۱۵۰۰ متر از سطح دریا انجام شده و شرایط اقلیمی آن باعث رشد تدریجی و متوازن گیلاس‌های قهوه می‌شود. زیرگونه‌های قهوه کلمبیا هویلا شامل تیپیکا و کاتورا هستند؛ ترکیبی کلاسیک با بیان طعمی شفاف، شیرینی ذاتی مناسب و سازگاری با"
Emkan Roastery,دان قهوه امکان اتیوپی هامبلا یک کیلویی – بسته 6 عددی,Ethiopia,Natural,Medium,Whole bean,1000,36375000,3637500.0,,True,قهوه اتیوپی; قهوه اسپرسو; قهوه تک خاستگاه,https://emkan-coffee.com/product/emkan-ethiopia-hambela-6x1kg/,قهوه اتیوپی هامبلا از منطقه گوجی در اتیوپی به‌ دست آمده. منطقه‌ای که سال‌هاست به‌ عنوان یکی از خاستگاه‌های اصلی قهوه تخصصی شناخته می‌شود. این قهوه از اوراگا، در نزدیکی روستای سوکه کودِنسا انتخاب شده است. ارتفاع ۲۲۰۰ تا ۲۳۵۰ متر از سطح دریا، خاک آتشفشانی غنی و آب‌ و هوای کوهستانی شرایطی فراهم می‌کنند که گیلاس‌های قهوه به‌ آرامی برسند، قندهای طبیعی بهتر شکل بگیرند و فنجان نهایی قهوه پیچیده‌تر شود. ا
Emkan Roastery,قهوه امکان 100 تخصصی کلمبیا هویلا – Colombia Huila,Colombia,Washed,Medium,Whole bean,250.0,1365000,546000.0,,True,قهوه اسپرسو; قهوه تک خاستگاه; قهوه کلمبیا,https://emkan-coffee.com/product/colombia-huila-espresso-roast/,"قهوه کلمبیا هویلا   
  این    قهوه تک‌خاستگاه    از منطقه‌ هویلا در جنوب کلمبیا تهیه شده، یکی از پایدارترین و معتبرترین خاستگاه‌ها برای تولید قهوه‌های متعادل. کشت این قهوه در ارتفاع ۱۵۰۰ متر از سطح دریا انجام شده و شرایط اقلیمی آن باعث رشد تدریجی و متوازن گیلاس‌های قهوه می‌شود. زیرگونه‌های قهوه کلمبیا هویلا شامل تیپیکا و کاتورا هستند؛ ترکیبی کلاسیک با بیان طعمی شفاف، شیرینی ذاتی مناسب و سازگاری با"
Emkan Roastery,قهوه تک‌خاستگاه کلمبیا ماکارنا – Colombia Macarena,Colombia,Washed,Light,,80.0,,,,False,90+; قهوه تک خاستگاه; قهوه دمی; قهوه کلمبیا,https://emkan-coffee.com/product/colombia-macarena/,"در ارتفاعات جنوبی کلمبیا، منطقه‌ کائوکا  (Cauca) ، مزرعه‌ای قرار دارد که نامش بیش از هر چیز با نوآوری در فرآوری قهوه گره خورده است؛ لا ماکارِنا ( La Macarena) ، یکی از مزارع مجموعه‌ بزرگ‌تر گرانجا پارایسو ۹۲ ( Granja Paraíso-92)  به مدیریت ویلتون بنیتز (Wilton Benítez).  
  این مجموعه رویکرد یک مزرعه‌ سنتی را در پی نگرفت چرا که ویلتون بنیتز، تولیدکننده و بنیان‌گذار مجموعه‌ی Granja Paraíso-92، نگاه"
Emkan Roastery,قهوه امکان 100 تخصصی برزیل موگیانا – Brazil Mogiana,Brazil,Natural,Medium,Whole bean,250.0,1503000,601200.0,,True,قهوه اسپرسو; قهوه برزیل; قهوه تک خاستگاه,https://emkan-coffee.com/product/brazil-mogiana/,"از منطقه   
   قهوه برزیل موگیانا از یکی از نواحی شناخته‌شده‌ قهوه‌خیز جنوب‌شرقی برزیل می‌آید؛ منطقه‌ای که نام آن با سابقهٔ طولانی تولید قهوه در برزیل گره خورده است. این قهوه در بخش میناس گرایسِ این محدوده و در ارتفاع ۱۰۰۰ تا ۱۱۰۰ متر از سطح دریا کشت شده است. موگیانا در صنعت قهوه‌ برزیل نامی شناخته‌شده دارد و تولید قهوه در این پهنه، مانند بسیاری از مناطق جنوب‌شرقی کشور، بر پایه‌ کشت گسترده‌ گونه‌ "
Emkan Roastery,قهوه تک‌خاستگاه کلمبیا پالمرا – Colombia Palmera,Colombia,Natural,Light,Whole bean,250.0,,,,False,81-84; قهوه تک خاستگاه; قهوه کلمبیا,https://emkan-coffee.com/product/colombia-palmera/,قهوه‌ پالمِرا از منطقه‌ هویلا در جنوب غربی کلمبیاست؛ یکی از پایدارترین نواحی تولید قهوه تخصصی در این کشور. هویلا با ارتفاعات بالاتر، خاک آتشفشانی غنی و تنوع زیستی بالا، بستر تولید میکرولات‌هایی‌ست که در سال‌های اخیر در بازار جهانی توجه زیادی جلب کرده‌اند. اقلیم این منطقه نیمه‌گرمسیری با رطوبت بالا و اختلاف دمای شب و روز محسوسی‌ست؛ ترکیبی که روند رسیدن میوه را کند کرده و به تمرکز بالاتر قندها در گی
Emkan Roastery,قهوه امکان 100 تخصصی اتیوپی هامبلا – Ethiopia Hambela,Ethiopia,Natural,Medium,Whole bean,250.0,1578000,631200.0,,True,قهوه اتیوپی; قهوه اسپرسو; قهوه تک خاستگاه,https://emkan-coffee.com/product/ethiopia-hambela-espresso-roast/,قهوه اتیوپی هامبلا از منطقه گوجی در اتیوپی به‌ دست آمده. منطقه‌ای که سال‌هاست به‌ عنوان یکی از خاستگاه‌های اصلی قهوه تخصصی شناخته می‌شود. این قهوه از اوراگا، در نزدیکی روستای سوکه کودِنسا انتخاب شده است. ارتفاع ۲۲۰۰ تا ۲۳۵۰ متر از سطح دریا، خاک آتشفشانی غنی و آب‌ و هوای کوهستانی شرایطی فراهم می‌کنند که گیلاس‌های قهوه به‌ آرامی برسند، قندهای طبیعی بهتر شکل بگیرند و فنجان نهایی قهوه پیچیده‌تر شود. ا
Emkan Roastery,دمنوش میوه‌ قهوه کاسکارا,Yemen,Natural,,,100.0,1200000,1200000.0,,True,دیگر قهوه ها,https://emkan-coffee.com/product/cascara/,"کاسکارا  در اسپانیایی به معنی پوست، غلاف یا پوسته است. در این‌جا منظور پوسته‌ی خشک شده‌ی میوه گیلاسی قهوه است. بعد از جدا کردن دانه‌ی قهوه از میوه‌ی گیلاسی پوسته‌ها را جمع و زیر نور آفتاب خشک می‌کنند. تکه‌های خشک کاسکارا نسبتا بزرگ‌ هستند و ظاهری شبیه کشمش یا پوست آجیل دارند و بعضی‌ها می‌گویند شبیه تکه‌های چرم یا چوب هستند.  
  یکی از مهم‌ترین نکاتی که طرفداران کاسکارا به آن اشاره می‌کنند این است "
Emkan Roastery,قهوه تک خاستگاه کلمبیا هویلا &#8211; Colombia Huila,Colombia,Washed,Medium,Whole bean,250.0,1365000,546000.0,,True,-80; قهوه تک خاستگاه; قهوه دمی; قهوه کلمبیا,https://emkan-coffee.com/product/colombia-huila/,"کلمبیا  سومین تولید کننده قهوه در دنیا می‌باشد که با قهوه‌هایی باکیفیت و متنوع در دنیا شناخته می‌شود. قهوه‌هایی که فرقی نمی‌کند کاراکتری شکلاتی با تن‌واری سنگین یا   اسیدیته‌ی   سرزنده‌ی میوه‌ای داشته باشند؛ به‌دلیل شرایط مناسب جغرافیایی کیفیت قهوه‌های کلمبیا معمولا شما را شگفت‌زده می‌کند.   
     قهوه تک خاستگاه کلمبیا هویلا   در ارتفاع ۱۵۰۰ متری از سطح دریا در منطقه‌ی هویلا در کلمبیا واقع شده اس"
Emkan Roastery,قهوه بدون کافئین,Colombia,,Medium,Whole bean,,,,,False,قهوه بدون کافئین,https://emkan-coffee.com/product/emkan-decaf/,"قهوه‌ی بدون کافئین    شاید برای خیلی‌ها شوخی باشد اما میل شدید به قهوه نوشی برای آن دسته از قهوه‌نوشانی که به‌دلایل مختلف باید از ورود کافئین به بدن‌شان اجتناب کنند، اصلا شوخی نیست.   
  اما جالب است بدانید برخلاف نامی که یدک می‌کشد، این قهوه هرچند جزئی اما حاوی میزانی  کافئین  است؛ برای این‌که یک قهوه‌ بدون کافئین به‌حساب بیاید بخش اعظم کافئینش باید زدوده شود و این میزان طبق استاندارد‌های مختلف، "
Vaka Coffee,دان قهوه عربیکا اندونزی,Indonesia,,Medium,Whole bean,250.0,1300000,520000.0,,True,قهوه اسپرسو; قهوه دمی; قهوه عربیکا; قهوه فرانسه,https://vakacoffee.com/product/indonesia-arabica/,"آشنایی با قهوه عربیکا اندونزی 
 قهوه عربیکا اندونزی یکی از خاص‌ترین و محبوب‌ترین قهوه‌های جهان است که به دلیل شرایط اقلیمی منحصربه‌فرد، خاک آتشفشانی حاصلخیز و روش‌های فرآوری ویژه، شخصیت طعمی متفاوتی نسبت به بسیاری از قهوه‌های عربیکا دارد. اگر به دنبال فنجانی با بادی مناسب، اسیدیته متعادل، عطر دلنشین و طعمی ماندگار هستید، قهوه عربیکا اندونزی می‌تواند انتخابی ایده‌آل برای شما باشد. 
دانه‌های قهوه ان"
Vaka Coffee,دان قهو روبوستا ویتنام,Vietnam,,Medium,Whole bean,250.0,701250,280500.0,,False,قهوه اسپرسو; قهوه دمی; قهوه روبوستا; قهوه فرانسه,https://vakacoffee.com/product/%d8%af%d8%a7%d9%86-%d9%82%d9%87%d9%88-%d8%b1%d9%88%d8%a8%d9%88%d8%b3%d8%aa%d8%a7-%d9%88%db%8c%d8%aa%d9%86%d8%a7%d9%85/,
Vaka Coffee,دان قهوه روبوستا اندونزی,Indonesia,,Medium,Whole bean,250.0,775000,310000.0,,False,قهوه اسپرسو; قهوه دمی; قهوه روبوستا; قهوه فرانسه,https://vakacoffee.com/product/%d8%af%d8%a7%d9%86-%d9%82%d9%87%d9%88%d9%87-%d8%b1%d9%88%d8%a8%d9%88%d8%b3%d8%aa%d8%a7-%d8%a7%d9%86%d8%af%d9%88%d9%86%d8%b2%db%8c/,
Vaka Coffee,قهوه ویژه کادر پرواز,Peru,,Medium,Whole bean,250.0,1136750,454700.0,,True,قهوه سبک زندگی,https://vakacoffee.com/product/%d9%82%d9%87%d9%88%d9%87-%d9%88%db%8c%da%98%d9%87-%da%a9%d8%a7%d8%af%d8%b1-%d9%be%d8%b1%d9%88%d8%a7%d8%b2/,"قهوه ویژه کادر پرواز رو طوری در نظر گرفتیم که مناسب زمان‌های طولانی که در پرواز هستید باشه.😵‍💫✈️ 
 پس پیشنهاد ما اینه که میزان کافیین بالا رو انتخاب کنید. 
 لاین عربیکا و روبوستا این قهوه‌ها از بهترین و پرطرفدارترین لاین‌های قهوه واکا انتخاب میشن. پس خیالتون از نظر عطر و طعم راحت باشه. 
 امیدواریم با نوشیدن این قهوه پرواز امنی داشته باشید.🔥✌️"
Vaka Coffee,دان قهوه عربیکا گواتمالا,Guatemala,,Medium,Whole bean,250.0,1725000,690000.0,,True,قهوه اسپرسو; قهوه دمی; قهوه عربیکا; قهوه فرانسه,https://vakacoffee.com/product/%d8%af%d8%a7%d9%86-%d9%82%d9%87%d9%88%d9%87-%d8%b9%d8%b1%d8%a8%db%8c%da%a9%d8%a7-%da%af%d9%88%d8%a7%d8%aa%d9%85%d8%a7%d9%84%d8%a7/,"آشنایی با قهوه عربیکا گواتمالا 
 قهوه عربیکا گواتمالا با طعم و عطری منحصر به فرد، از جمله قهوه‌های محبوب و برجسته جهانی است. رشته‌کوه‌ها و ارتفاعات این منطقه، به همراه شرایط آب و هوایی مناسب، محیطی ایده‌آل برای کاشت  قهوه عربیکا  فراهم کرده‌اند. این قهوه با تنوع در روش‌های فرآوری، از خشک کردن به نور آفتاب تا شستشوی مخلوط، طعم‌ها و عطرهای متنوعی از جمله میوه‌های تازه و توت فرنگی به ارمغان می‌آورد. "
Vaka Coffee,دان قهوه روبوستا اوگاندا,Uganda,,Medium,Whole bean,250.0,850000,340000.0,,False,قهوه اسپرسو; قهوه دمی; قهوه روبوستا; قهوه فرانسه,https://vakacoffee.com/product/%d8%af%d8%a7%d9%86-%d9%82%d9%87%d9%88%d9%87-%d8%b1%d9%88%d8%a8%d9%88%d8%b3%d8%aa%d8%a7-%d8%a7%d9%88%da%af%d8%a7%d9%86%d8%af%d8%a7/,"آشنایی با قهوه روبوستا اوگاندا 
 قهوه روبوستا اوگاندا یکی از انواع قهوه‌های محبوب روبوستا است که در منطقه‌ی اوگاندا در آفریقای شرقی تولید می‌شود. اوگاندا یکی از کشورهای مهم تولیدکننده قهوه در آفریقا است و قهوه‌هایی با طعم و مزه‌ی خاص و منحصر به فرد  در این منطقه تولید می‌شوند. این منطقه با برخورداری از اقلیم مطلوب و خاک حاصلخیز دارای شرایط مناسبی برای کاشت قهوه می‌باشد. قهوه‌ی اوگاندا با داشتن دان"
Vaka Coffee,دان قهوه عربیکا کاستاریکا,Costa Rica,,Medium,Whole bean,250.0,1567500,627000.0,,False,قهوه اسپرسو; قهوه دمی; قهوه عربیکا; قهوه فرانسه,https://vakacoffee.com/product/%d8%af%d8%a7%d9%86-%d9%82%d9%87%d9%88%d9%87-%d8%b9%d8%b1%d8%a8%db%8c%da%a9%d8%a7-%da%a9%d8%a7%d8%b3%d8%aa%d8%a7%d8%b1%db%8c%da%a9%d8%a7/,"قهوه عربیکا کاستاریکا چیست؟ 
 قهوه عربیکا کاستاریکا یکی از انواع محبوب قهوه عربیکا است که به دلیل ویژگی‌های منحصر به فرد خود، توجه علاقه‌مندان به قهوه را به خود جلب کرده است. این قهوه با طعمی شیرین، عطری متنوع و کیفیت بالا، تجربه‌ای لذت‌بخش را برای دوستداران قهوه ارایه می‌دهد. تاریخچه قهوه کاستاریکا به قرون وسطی بازمی‌گردد، زمانی که قهوه در خاورمیانه کشف شد و به سرعت به عنوان یک نوشیدنی محبوب و قد"
Vaka Coffee,دان قهوه عربیکا هندوراس,Honduras,,Medium,Whole bean,250.0,1800000,720000.0,,False,قهوه اسپرسو; قهوه دمی; قهوه عربیکا; قهوه فرانسه,https://vakacoffee.com/product/%d8%af%d8%a7%d9%86-%d9%82%d9%87%d9%88%d9%87-%d8%b9%d8%b1%d8%a8%db%8c%da%a9%d8%a7-%d9%87%d9%86%d8%af%d9%88%d8%b1%d8%a7%d8%b3/,"معرفی قهوه عربیکا هندوراس 
 قهوه عربیکا هندوراس یکی از جذاب‌ترین نمونه‌های قهوه‌های خاص و باکیفیت جهان است که از مزارع مرتفع و زیبای کشور هندوراس به بازار عرضه می‌شود. این نوع قهوه از جنس گیاه قهوه‌ عربیکا بوده و به دلیل شرایط آب و هوایی و زمین‌های حاصلخیز هندوراس، طعم و عطر خاصی دارد که توانسته است محبوبیتی جهانی کسب کند. عطر این قهوه همچنان که از فنجان عبور می‌کند، حسی متعادل و رویایی به تمامی ح"
Vaka Coffee,دان قهوه عربیکا پرو,Peru,,Medium,Whole bean,250.0,1575000,630000.0,,False,قهوه اسپرسو; قهوه دمی; قهوه عربیکا; قهوه فرانسه,https://vakacoffee.com/product/%d8%af%d8%a7%d9%86-%d9%82%d9%87%d9%88%d9%87-%d8%b9%d8%b1%d8%a8%db%8c%da%a9%d8%a7-%d9%be%d8%b1%d9%88/,"درباره قهوه عربیکا پرو 
 قهوه عربیکا پرو، نوعی قهوه معروف است که از دانه‌های قهوه عربیکا به دست می‌آید. تاریخچه‌ی این نوع قهوه به قدمتی بیش از چند قرن برمی‌گردد. قهوه پرو از کشور پرو، کشوری در آمریکای جنوبی، به دست می‌آید. این قهوه به دلیل شرایط آب و هوایی و خاک حاکم بر منطقه پرو، طعم و عطری متمایز دارد که علاقه‌مندان به قهوه را مجذوب خود می‌کند. طعم و عطر متمایز این قهوه، یک تجربه لذت‌بخش برای دو"
Vaka Coffee,دان قهوه عربیکا کلمبیا,Colombia,,Medium,Whole bean,250.0,1800000,720000.0,,True,قهوه اسپرسو,https://vakacoffee.com/product/%d8%af%d8%a7%d9%86-%d9%82%d9%87%d9%88%d9%87-%d8%b9%d8%b1%d8%a8%db%8c%da%a9%d8%a7-%da%a9%d9%84%d9%85%d8%a8%db%8c%d8%a7/,"معرفی قهوه عربیکا کلمبیا 
 قهوه عربیکا کلمبیا یکی از محبوب‌ترین انواع قهوه عربیکا می‌باشد که در کشور کلمبیا در آمریکای لاتین کشت می‌شود. این نوع قهوه به دلیل ویژگی‌ها و عطر و طعم خاص خود، توانسته است جایگاه ویژه‌ای در دنیای قهوه به دست آورد. قهوه کلمبیا دارای طعمی شیرین و تلخ است که با ترکیبی از توت، شکلات و میوه‌های خشک، طعم و مزه‌ای منحصر به فرد به قهوه می‌بخشد و آن را از انواع دیگر قهوه‌ها متما"
Farda Roastery,قهوه برزیل سرادو (عربیکا),Brazil,Washed,,Whole bean,10000.0,15000000,150000.0,,False,تجاری; تک خاستگاه; عربیکا,https://fardaroastery.ir/product/%d9%82%d9%87%d9%88%d9%87-%d8%a8%d8%b1%d8%b2%db%8c%d9%84-%d8%b3%d8%b1%d8%a7%d8%af%d9%88-%d8%b9%d8%b1%d8%a8%db%8c%da%a9%d8%a7/,قهوه برزیل سرادو یکی از پرطرفدارترین قهوه‌های دنیا است که با طعم یادهای آجیلی، شکلاتی، و اسیدیته ملایم شناخته می‌شود. این قهوه بدنه‌ای متوسط دارد که آن را برای تهیه اسپرسو و قهوه‌های دمی مانند کمکس و وی۶۰ مناسب می‌کند. ویژگی اصلی این قهوه، پایان نرم و متعادل آن است که تجربه‌ای دلپذیر برای مصرف‌کنندگان فراهم می‌آورد. ایده‌آل برای افرادی که به دنبال یک قهوه همه‌پسند با طعم‌های کلاسیک هستند.   قهوه ب
Farda Roastery,قهوه اندونزی (روبوستا),Indonesia,Natural,,Whole bean,10000.0,6900000,69000.0,,False,تجاری; تک خاستگاه; روبوستا,https://fardaroastery.ir/product/%d9%82%d9%87%d9%88%d9%87-%d8%a7%d9%86%d8%af%d9%88%d9%86%d8%b2%db%8c-%d8%b1%d9%88%d8%a8%d9%88%d8%b3%d8%aa%d8%a7/,قهوه ربوستا اندونزی یکی از انتخاب‌های محبوب برای ایجاد بدنه قوی و کافئین بالا در ترکیبات اسپرسو است. این قهوه با طعم یادهای زمینی، تلخ و چوبی شناخته می‌شود و حسی عمیق و ماندگار به نوشیدنی شما می‌بخشد. مناسب برای افرادی که قهوه‌های قوی و غنی را ترجیح می‌دهند. این قهوه همچنین برای تهیه قهوه‌های ترکیبی ایده‌آل است و به دلیل اسیدیته پایین، یک پایه محکم برای اسپرسوهای قوی و قهوه‌های شیرین‌شده محسوب می‌
Farda Roastery,قهوه ویتنام (روبوستا),Vietnam,Washed,,Whole bean,10000.0,8100000,81000.0,,True,تجاری; تک خاستگاه; روبوستا,https://fardaroastery.ir/product/%d9%82%d9%87%d9%88%d9%87-%d9%88%db%8c%d8%aa%d9%86%d8%a7%d9%85-%d8%b1%d9%88%d8%a8%d9%88%d8%b3%d8%aa%d8%a7/,قهوه ربوستا ویتنام یک انتخاب قدرتمند برای قهوه‌های سنگین و با کافئین بسیار بالا است. این قهوه با طعم یادهای زمینی، ادویه‌ای و تلخِ قوی، حسی قوی و تاثیرگذار به نوشیدنی شما می‌دهد. دانه‌های ویتنام با اندازه بزرگ‌تر، کیفیتی بهتر و طعمی متمرکزتر ارائه می‌کنند. مناسب برای ترکیبات اسپرسو یا قهوه‌های مناسب برای بیدار ماندن و افزایش انرژی.   قهوه ربوستا ویتنام با بدنه سنگین و طعم‌یادهای چوبی و ادویه‌ای، ت
Farda Roastery,قهوه برزیل فاین کاپ (عربیکا),Brazil,Washed,,Whole bean,10000.0,15000000,150000.0,,False,تجاری; تک خاستگاه; عربیکا,https://fardaroastery.ir/product/%d9%82%d9%87%d9%88%d9%87-%d8%a8%d8%b1%d8%b2%db%8c%d9%84-%d9%81%d8%a7%db%8c%d9%86-%da%a9%d8%a7%d9%be-%d8%b9%d8%b1%d8%a8%db%8c%da%a9%d8%a7/,قهوه برزیل فاین کاپ یکی از پرطرفدارترین قهوه‌های دنیا است که با طعم یادهای آجیلی، شکلاتی، و اسیدیته ملایم شناخته می‌شود. این قهوه بدنه‌ای متوسط دارد که آن را برای تهیه اسپرسو و قهوه‌های دمی مانند کمکس و وی۶۰ مناسب می‌کند. ویژگی اصلی این قهوه، پایان نرم و متعادل آن است که تجربه‌ای دلپذیر برای مصرف‌کنندگان فراهم می‌آورد. ایده‌آل برای افرادی که به دنبال یک قهوه همه‌پسند با طعم‌های کلاسیک هستند.   قهو
Farda Roastery,قهوه برزیل ریو‌ (عربیکا),Brazil,Washed,Medium,Whole bean,10000.0,11100000,111000.0,,False,تجاری; تک خاستگاه; عربیکا,https://fardaroastery.ir/product/%d9%82%d9%87%d9%88%d9%87-%d8%a8%d8%b1%d8%b2%db%8c%d9%84-%d8%b1%db%8c%d9%88-%d8%b9%d8%b1%d8%a8%db%8c%da%a9%d8%a7/,قهوه برزیل ریو با طعم یادهای آجیلی، زمینی، و اندکی تلخ، گزینه‌ای مناسب برای طرفداران قهوه‌های با بدنه سنگین و طعم‌های عمیق است. این قهوه عمدتاً در ترکیب با قهوه‌های دیگر استفاده می‌شود تا پروفایل قوی‌تری ایجاد کند. مناسب برای تهیه اسپرسوهای قوی، و قهوه‌های شیرین‌شده با شیر یا شکر. این قهوه حس غنی و قوی از طعم را به شما هدیه می‌دهد.   قهوه برزیل ریو با طعم‌یادهای خاکی و ادویه‌ای، بدنه قوی و تلخی پا
Farda Roastery,قهوه اتیوپی گوجی (عربیکا),Ethiopia,Natural,Medium,Whole bean,200.0,1600000,800000.0,,True,100 % عربیکا; اسپشیالیتی(امتیاز ۸۰+); تک خاستگاه,https://fardaroastery.ir/product/%d9%82%d9%87%d9%88%d9%87-%d8%a7%d8%aa%db%8c%d9%88%d9%be%db%8c-%da%af%d9%88%d8%ac%db%8c-%d8%b9%d8%b1%d8%a8%db%8c%da%a9%d8%a7/,قهوه اتیوپی گوجی یکی از قهوه‌های تخصصی باکیفیت و دست‌چین شده است که به خاطر طعم یادهای گلی، میوه‌ای، و مرکباتی مشهور است. این قهوه با اسیدیته بالا و بدنه‌ای سبک تا متوسط، بهترین انتخاب برای تهیه قهوه‌های دمی مانند ایروپرس، کمکس، و وی۶۰ است. ایده‌آل برای عاشقان قهوه‌های با طعم‌های روشن و پیچیده که به دنبال یک تجربه طعمی منحصر به فرد هستند.   اتیوپی گوجی قهوه اتیوپی گوجی، شاهکار طعم‌یادهای گلی و میو
Farda Roastery,قهوه کلمبیا سوپریمو (عربیکا),Colombia,Washed,Medium,Whole bean,10000.0,18700000,187000.0,,True,تجاری; تک خاستگاه; عربیکا,https://fardaroastery.ir/product/%d9%82%d9%87%d9%88%d9%87-%da%a9%d9%84%d9%85%d8%a8%db%8c%d8%a7-%d8%b3%d9%88%d9%be%d8%b1%db%8c%d9%85%d9%88-%d8%b9%d8%b1%d8%a8%db%8c%da%a9%d8%a7/,قهوه کلمبیا سوپریمو اسکرین 18 یکی از قهوه‌های مرغوب جهان با طعم یادهای کاراملی، شکلاتی، و اندکی میوه‌ای است. این قهوه با اسیدیته ملایم و بدنه متعادل، گزینه‌ای همه‌کاره برای تهیه انواع روش‌های دم‌آوری از فرنچ پرس و اسپرسو تا قهوه‌های دمی است. دانه‌های سوپریمو با اندازه درشت (اسکرین ۱۸) تضمین‌کننده کیفیت بالا و طعم متعادل این محصول هستند. مناسب برای افرادی که به دنبال یک قهوه با طعم‌های کلاسیک اما م
Farda Roastery,قهوه اوگاندا (روبوستا),Uganda,Natural,,Whole bean,10000.0,7500000,75000.0,,False,تجاری; تک خاستگاه; روبوستا,https://fardaroastery.ir/product/%d9%82%d9%87%d9%88%d9%87-%d8%a7%d9%88%da%af%d8%a7%d9%86%d8%af%d8%a7-%d8%b1%d9%88%d8%a8%d9%88%d8%b3%d8%aa%d8%a7/,قهوه ربوستا اوگاندا یکی از انتخاب‌های محبوب برای ایجاد بدنه قوی و کافئین بالا در ترکیبات اسپرسو است. این قهوه با طعم یادهای زمینی، تلخ و چوبی شناخته می‌شود و حسی عمیق و ماندگار به نوشیدنی شما می‌بخشد. مناسب برای افرادی که قهوه‌های قوی و غنی را ترجیح می‌دهند. این قهوه همچنین برای تهیه قهوه‌های ترکیبی ایده‌آل است و به دلیل اسیدیته پایین، یک پایه محکم برای اسپرسوهای قوی و قهوه‌های شیرین‌شده محسوب می‌
Erido Coffee,قهوه تخصصی %100 عربیکا (اتیوپی-سیدامو) 250 گرمی,Ethiopia,,Medium,Whole bean,250.0,504000,201600.0,,False,خرید قهوه 250 گرمی; خرید قهوه تخصصی (قهوه اسپشیالیتی); قهوه عمده,https://eridocoffee.com/shop/coffee/250gr-coffee/%d8%b9%d8%b1%d8%a8%db%8c%da%a9%d8%a7-%d8%a7%d8%aa%db%8c%d9%88%d9%be%db%8c-%d8%b3%db%8c%d8%af%d8%a7%d9%85%d9%88/,قهوه تخصصی %100 عربیکا (اتیوپی-سیدامو) 250 گرمی، با طعم‌های منحصر به فرد و ترکیب بی‌نظیری از ویژگی‌های مختلف، یک تجربه قهوه‌ای خاص را برای شما فراهم می‌آورد.  خرید قهوه تخصصی  از دانه‌های عربیکا با کیفیت بالا که از مناطق مختلف اتیوپی تهیه شده، به شما این امکان را می‌دهد تا از طعمی دلپذیر و متمایز لذت ببرید. این دانه‌ها به دلیل شرایط خاص آب و هوایی و خاک‌های حاصلخیز این مناطق، طعم و ویژگی‌های بی‌نظ
Erido Coffee,قهوه تخصصی %100 عربیکا (کنیا) 250 گرمی,Kenya,,Medium,Whole bean,250.0,409500,163800.0,,False,خرید قهوه 250 گرمی; خرید قهوه تخصصی (قهوه اسپشیالیتی),https://eridocoffee.com/shop/coffee/250gr-coffee/kenya-250gr-specialty-coffee/,قهوه تخصصی %100 عربیکا (کنیا) 250 گرمی تجربه‌ای متفاوت از طعم و عطر قهوه تخصصی را برای شما به ارمغان می‌آورد. با  خرید قهوه تخصصی  از دانه‌های عربیکا خالص، طعم‌های خاص و پیچیده‌ای از آلوبخارا و شکلات را تجربه خواهید کرد. ترشی این قهوه نسبتاً زیاد است، در حالی که تلخی آن کم بوده و شیرینی دلپذیری در هر جرعه احساس خواهید کرد. این قهوه با دقت و تجربه فراوان در فرآیند برشته‌کاری تهیه شده است تا تمام وی
Erido Coffee,قهوه تخصصی %100 عربیکا (اتیوپی-یرگاشف) 250 گرمی,Ethiopia,,Medium,Whole bean,250.0,700000,280000.0,,False,خرید قهوه 250 گرمی; خرید قهوه تخصصی (قهوه اسپشیالیتی),https://eridocoffee.com/shop/coffee/250gr-coffee/ethiopia-250gr-specialty-coffee/,قهوه تخصصی %100 عربیکا (اتیوپی-یرگاشف) 250 گرمی، با طعم‌های منحصر به فرد و ترکیب بی‌نظیری از ویژگی‌های مختلف، یک تجربه قهوه‌ای خاص را برای شما فراهم می‌آورد.  خرید قهوه تخصصی  از دانه‌های عربیکا با کیفیت بالا که از مناطق مختلف اتیوپی تهیه شده، به شما این امکان را می‌دهد تا از طعمی دلپذیر و متمایز لذت ببرید. این دانه‌ها به دلیل شرایط خاص آب و هوایی و خاک‌های حاصلخیز این مناطق، طعم و ویژگی‌های بی‌نظ
Houfer Coffee,قهوه اسپشیالیتی ال سالوادور (El Salvador Specialty Coffee) 250گرم,El Salvador,,,,250.0,1250000,500000.0,,False,تمامی محصولات; قهوه اسپشیالیتی (Specialty),https://houfercoffee.com/product/%d9%82%d9%87%d9%88%d9%87-%d8%a7%d8%b3%d9%be%d8%b4%db%8c%d8%a7%d9%84%db%8c%d8%aa%db%8c-%d8%a7%d9%84-%d8%b3%d8%a7%d9%84%d9%88%d8%a7%d8%af%d9%88%d8%b1-el-salvador-specialty-coffee-150%da%af%d8%b1%d9%85/,"Specialty Coffee 
  
 THE GOOD MOOD 
 نیک آن است که نیک به پایان رسد 
  هر روز با سرعت می‌گذرد، اما آن‌چه در پایان می‌ماند، لحظه‌ای است برای آرامش و بازگشت به خود.  
 در هوفر، ما قهوه‌ای ارائه می‌دهیم که برای همین لحظه ساخته شده—گرم، دقیق، متعادل.  
 ما به دقت در انتخاب دانه، هنر در رُست و احترام به تجربه نوشیدن باور داریم.  
 قهوه‌ی هوفر همراهی است برای پایان روزهایی شلوغ و آغاز لحظه‌هایی شخصی‌تر"
Houfer Coffee,قهوه اسپشیالیتی کلمبیا ( Colombia Specialty Coffee Huila Acevedo) 150گرم,Colombia,,,,150.0,3200000,2133333.0,,False,تمامی محصولات; قهوه اسپشیالیتی (Specialty),https://houfercoffee.com/product/%d9%82%d9%87%d9%88%d9%87-%d8%a7%d8%b3%d9%be%d8%b4%db%8c%d8%a7%d9%84%db%8c%d8%aa%db%8c-%da%a9%d9%84%d9%85%d8%a8%db%8c%d8%a7-colombia-specialty-coffee-huila-acevedo-150%da%af%d8%b1%d9%85/,"Specialty Coffee 
 قهوه هوفر اسپشیالیتی کلمبیا 
 THE GOOD MOOD 
 نیک آن است که نیک به پایان رسد 
  قهوه با طعم و عطر خود، ما را به یاد این می‌اندازد که زندگی زیباست و باید از لحظه حال لذت برد.  
  به خودمان عشق بورزیم.  
  قهوه نوشیدنی‌ای است که می‌تواند قلب‌های ما را بیشتر از همیشه به هم نزدیک کند.   
  قهوه می‌تواند لحظات خوب زندگی را زیباتر کند.  
   
درباره هوفر 
  
  
محصولات ما 
  
  
 چرا ق"
Houfer Coffee,Brazil Single Origin (قهوه تک خاستگاه برزیل),Brazil,,,Whole bean,250.0,1650000,660000.0,,True,تمامی محصولات; قهوه تک خاستگاه (Single origin),https://houfercoffee.com/product/brazil-single-origin-%d9%82%d9%87%d9%88%d9%87-%d8%aa%da%a9-%d8%ae%d8%a7%d8%b3%d8%aa%da%af%d8%a7%d9%87-%d8%a8%d8%b1%d8%b2%db%8c%d9%84/,"قهوه برزیل در دامنه کوه &#8220;fincas&#8221; در ارتفاع ۴۰۰ تا ۱۶۰۰ متری از سطح دریا کشت می شود. بهترین قهوه‌های برزیلی اسیدیته نسبتاً پایینی بهمراه طعم شیرینی از آجیل و شکلات برشته شده دارند. 
قهوه سرادو به طور کلی بادی (تن واری) متوسط رو به بالا، اسیدیته کم، و طعمی کاراملی دارد که در رُست های تیره تر شکلاتی هستند. 
این محصول برای تمامی روش های دم آوری خانگی و اسپرسو پیشنهاد میشود. 
 
  پروفایل طع"
Houfer Coffee,Ethiopia Single Origin (قهوه تک خاستگاه اتیوپی),Ethiopia,,,Whole bean,,1750000,,,True,تمامی محصولات; قهوه تک خاستگاه (Single origin),https://houfercoffee.com/product/ethiopia-single-origin-%d9%82%d9%87%d9%88%d9%87-%d8%aa%da%a9-%d8%ae%d8%a7%d8%b3%d8%aa%da%af%d8%a7%d9%87-%d8%a7%d8%aa%db%8c%d9%88%d9%be%db%8c/,"قهوه هایی از اتیوپی با فراوری شسته شده، بیشتر به بادی(تن واری) قوی و دهان پر کن، طعم شیرین و پیچیده، اسیدیته کم وعطر گل شناخته میشوند. 
 Single Origin 
 قهوه تک خاستگاه اتیوپی 
 برای صدها سال، اتیوپی مبدا کشت گونه هایی از بهترین دانه‌های قهوه ممتاز بوده است. 
 دانه های قهوه با بادی (تن واری)بالا با نام سیدامو ( یا سیداما) که در جنوب این کشور رشد می کنند، طعمی غنی همراه با پیچیدگی زیاد با خود بهمرا"
Houfer Coffee,Colombia Single Origin  (قهوه تک خاستگاه کلمبیا),Colombia,,,Whole bean,,1600000,,,True,تمامی محصولات; قهوه تک خاستگاه (Single origin),https://houfercoffee.com/product/colombia-single-origin-%d9%82%d9%87%d9%88%d9%87-%d8%aa%da%a9-%d8%ae%d8%a7%d8%b3%d8%aa%da%af%d8%a7%d9%87-%da%a9%d9%84%d9%85%d8%a8%db%8c%d8%a7/,"Single Origin 
 قهوه تک خاستگاه کلمبیا 
 طعم منحصر به فرد و عطر قوی، قهوه ی کلمبیا را تبدیل به یکی از نوشیدنی های مورد علاقه ی طرفداران قهوه کرده است. 
 اما چه عاملی این قهوه را تا این حد خاص و مطلوب می کند؟ وقتی ما درباره ی قهوه ای با موقعیت جغرافیایی خاصی صحبت میکنیم، درواقع دیدگاه ما راجع به سنت ها، روش های دم آوری و برشته کاری هست. فرهنگ و تاریخ قهوه برای تمام افراد علاقه مند به قهوه در سرتاسر"
Bunas,قهوه اسپشیالیتی گیشا لاویلا کلمبیا,Colombia,,,Whole bean,250.0,3682000,1472800.0,,True,قهوه اسپرسو; قهوه اسپشیالیتی و تخصصی; قهوه تک خاستگاه; قهوه دمی; قهوه رُست شده; قهوه فرانسه; قهوه میکرولات,https://bunas.ir/product/gesha-la-villa-colombia/,"نژاد قهوه:  عربیکا 
  گونه:  گیشا 
  خاستگاه قهوه:  مزرعه لاویلا، منطقه بلا ویستا، هویلا، کلمبیا 
  ارتفاع کشت:  1720 متر از سطح دریا 
  میزان برشتگی:  شکلاتی 
  بادی و حس دهانی:  شربتی 
  رایحه:  گل رز و لیمو 
  طعم یاد:  لمون گرس، برگاموت، دمنوش لیمو 
  میزان اسیدیته:  متوسط 
  نمره قهوه نوشی:  86 
  فراوری:  شسته تخمیر شده 
  پیشنهاد می‌شود برای حفظ کیفیت طعم و عطر، قهوه‌ به صورت دانه تهیه شده "
Bunas,قهوه اسپشیالیتی گورو بدسا اتیوپی,Ethiopia,,,Whole bean,250.0,2842000,1136800.0,,True,قهوه اسپرسو; قهوه اسپشیالیتی و تخصصی; قهوه تک خاستگاه; قهوه دمی; قهوه رُست شده; قهوه فرانسه,https://bunas.ir/product/goro-bedessa/,"قهوه گورو بدسا اتیوپی 
 گورو بدسا یک قهوه دلپذیر از گوجی اتیوپی است، منطقه گوجی به دلیل خاک و اقلیم مناسب خود، طعم‌های بی‌نظیری از میوه، گل و ادویه را به قهوه می‌بخشد. این قهوه با روش طبیعی بی‌هوازی فرآوری می‌شود. در این روش، دانه‌های قهوه در مخازن بدون اکسیژن تخمیر می‌شوند که این امر باعث ایجاد طعم‌های غنی و پیچیده با نت‌های میوه‌ای و شراب‌گونه در قهوه می‌شود. 
 این قهوه دارای مشخصات طعمی بسیار ج"
Bunas,قهوه اسپشیالیتی گیشا اسپیریتس کلمبیا,Colombia,,,Whole bean,250.0,4054000,1621600.0,,True,قهوه اسپرسو; قهوه اسپشیالیتی و تخصصی; قهوه تک خاستگاه; قهوه دمی; قهوه رُست شده; قهوه فرانسه,https://bunas.ir/product/colombia-gesha-spirits/,"قهوه فول اسپشیالیتی کلمبیا گیشا اسپیریتس (Colombia Gesha Spirits) یکی از   قهوه‌های اسپشیالیتی   و بسیار با کیفیت است که از گونه گیشا (Gesha) به دست می‌آید. گیشا اسپیریتس فقط قهوه نیست؛ بلکه یک میراث و یک شاهکار است. 
 ویژگی‌های قهوه کلمبیا گیشا اسپیریتس 
 فرآیند شستشوی این قهوه، خود نوعی هنر است. تخمیر دوگانه و قرار گرفتن در معرض نور خورشید به همراه پوست نارنگی، به این قهوه هویتی بی‌نظیر می‌بخشد."
Bunas,قهوه اسپشیالیتی تروپیکال بوربن کلمبیا,Colombia,,,Whole bean,250.0,4085000,1634000.0,,True,قهوه اسپرسو; قهوه اسپشیالیتی و تخصصی; قهوه تک خاستگاه; قهوه دمی; قهوه رُست شده; قهوه فرانسه,https://bunas.ir/product/tropical-bourbon-colombia/,"هر جرعه از قهوه تروپیکال بوربن کلمبیا، شما را به قلب جنگل‌های بارانی کلمبیا می‌برد. طعم شیرین پرتقال و انبه، همراه با اسیدیته دلپذیر لیمو، یک سمفونی میوه‌ای در کامتان ایجاد می‌کند. عطر گل‌های یاسمن و نت‌های ظریف شکلات تلخ، پیچیدگی این قهوه را دوچندان می‌کند. 
 این قهوه با فرآوری طبیعی دقیق همراه با تخمیر هوازی، تمامی ظرافت‌های خود را حفظ کرده و تجربه‌ای فراموش‌نشدنی را برای دوستداران قهوه رقم می‌ز"
Bunas,قهوه اسپشیالیتی گوجی آلاکا اتیوپی,Ethiopia,,,Whole bean,250.0,2725000,1090000.0,,True,قهوه اسپرسو; قهوه اسپشیالیتی و تخصصی; قهوه تک خاستگاه; قهوه دمی; قهوه رُست شده; قهوه فرانسه,https://bunas.ir/product/ethiopian-guji-alaka/,"درباره قهوه اتیوپی گوجی آلاکا 
 قهوه اتیوپی گوجی آلاکا، یکی از گران‌بهاترین و پیچیده‌ترین قهوه‌های جهان است که با عطر و طعم بی‌نظیر خود، هر دوستدار قهوه‌ای را به وجد می‌آورد. این قهوه که از دانه‌های ارثی و با کیفیت بالا در ارتفاعات اتیوپی کشت می‌شود، طعمی شکلاتی &#8211; آجیلی و آرومایی مرکباتی دارد. 
 نت های طعم قهوه اتیوپی گوجی آلاکا 
  قهوه اتیوپی گوجی آلاکا  با فراوری شسته شده، پیچیدگی زیادی را"
Bunas,قهوه اسپشیالیتی فینکا بتانیا نیکاراگوئه,Nicaragua,,,Whole bean,250.0,2696000,1078400.0,,True,قهوه اسپرسو; قهوه اسپشیالیتی و تخصصی; قهوه تک خاستگاه; قهوه دمی; قهوه رُست شده; قهوه فرانسه,https://bunas.ir/product/finca-bethania-nicaragua/,"قهوه فینکا بتانیا، نامی آشنا برای علاقه‌مندان قهوه‌های تخصصی و باکیفیت است. این قهوه که از مزرعه سگویا در نیکاراگوئه می‌آید، با طعم‌های پیچیده و آرومای دلنشین خود، تجربه نوشیدن قهوه را به سطحی بالاتر می‌برد. 
 چرا قهوه فینکا بتانیا نیکاراگوئه؟ 
 
   کیفیت استثنایی:  دانه‌های قهوه فینکا بتانیا با دقت و با استفاده از روش‌های سنتی و ارگانیک کشت می‌شوند. این امر باعث می‌شود تا طعم‌های طبیعی و اصیل قهو"
Bunas,آسیاب قهوه آندیمند مدل 021,Yemen,,,Ground,,10890000,,,False,خرید لوازم جانبی قهوه,https://bunas.ir/product/021-on-demand/,"قدرت موتور آسیاب قهوه آندیمند مدل 021:  200 وات 
  جنس بدنه آسیاب قهوه آندیمند مدل 021:  فلز و پلاستیک 
  جنس تیغه آسیاب قهوه آندیمند مدل 021:  استیل ضد زنگ 
  ظرفیت محفظه آسیاب قهوه آندیمند مدل 021:  500 گرم 
  دارای صفحه نمایش لمسی  
  قابلیت تنظیم درجه آسیاب  
  قابلیت تنظیم تایمر و حجم قهوه برای آسیاب  
  مناسب برای دستگاه اسپرسوساز خانگی و صنعتی"
Bunas,قهوه عربیکا رواندا,Rwanda,,,Whole bean,250.0,1680000,672000.0,,True,قهوه اسپرسو; قهوه پریمیوم; قهوه تک خاستگاه; قهوه دمی; قهوه رُست شده; قهوه عربیکا; قهوه فرانسه,https://bunas.ir/product/rwanda-coffee/,"خرید قهوه عربیکا رواندا 
   قهوه عربیکا   رواندا با ویژگی‌های عطری و طعمی گلی و میوه ای، در هنگام عصاره گیری کمترین میزان تلخی را همراه با بادی ملایم و متعادل و طعم یادی از زردآلو و انگور ارائه می دهد. 
 قهوه عربیکا رواندا یکی از قهوه‌های با کیفیت بالاست که ویژگی‌های منحصر به فرد خود را دارد. حس دهانی این قهوه ابریشمی و کرمی است که حس نرمی و لطافت خاصی به نوشیدنی می‌بخشد. این قهوه دارای نت‌های گلی"
Bunas,قهوه اسپشیالیتی پاناما گیشا,Panama,,,Whole bean,250.0,2844000,1137600.0,,True,قهوه اسپشیالیتی و تخصصی; قهوه اسپرسو; قهوه تک خاستگاه; قهوه دمی; قهوه رُست شده; قهوه فرانسه,https://bunas.ir/product/panama-speciality/,"خرید قهوه اسپشیالیتی پاناما گیشا 
  قهوه پاناما گیشا (Panama Geisha) یکی از لوکس ترین و پیچیده ترین تجربه هایی است که یک دوستدار قهوه می تواند داشته باشد. این دانه های ارزشمند که در ارتفاعات آتشفشانی منطقه &#8220;بوکته&#8221; در پاناما رشد می کنند، به دلیل شرایط اقلیمی خاص و روش های فرآوری دقیق، بارها رکورد گران ترین قهوه های جهان را در حراجی های بین المللی شکسته اند.   
 
  در فروشگاه قهوه بوناس،"
Bunas,قهوه عربیکا برزیل الگانس,Brazil,,,Whole bean,250.0,1597000,638800.0,,True,قهوه اسپرسو; قهوه پریمیوم; قهوه تک خاستگاه; قهوه دمی; قهوه رُست شده; قهوه عربیکا; قهوه فرانسه,https://bunas.ir/product/premium-brazilian/,"خرید قهوه عربیکا برزیل الگانس 
 قهوه عربیکا برزیل الگانس پریمیوم یکی از محبوب‌ترین انواع قهوه ها در جهان است و از کشور برزیل، که یکی از بزرگ‌ترین تولیدکنندگان قهوه در جهان محسوب می‌شود، به سراسز جان صادر می شود.  تقریبا ۶٠ درصد از کل قهوه جهان توسط کشور برزیل تولید می شود. 
 جهت   خرید قهوه   برزیل در انواع مختلف عربیکا و روبوستا به بخش   فروشگاه آنلاین قهوه   سایت مراجعه کنید. 
 
   
 
   قهوه عر"
Bunas,قهوه کنیا تخصصی,Kenya,,,Whole bean,250.0,2094000,837600.0,,True,قهوه اسپشیالیتی و تخصصی; قهوه اسپرسو; قهوه تک خاستگاه; قهوه دمی; قهوه رُست شده; قهوه فرانسه,https://bunas.ir/product/kenya-speciality/,"خرید قهوه کنیا تخصصی 
 کشور کنیا، یکی از تولیدکنندگان بزرگ   قهوه عربیکا   در جهان است که به دلیل شرایط آب و هوایی و جغرافیایی مناسب، قهوه‌هایی با کیفیت بالا تولید می‌کند. این کشور در شرق آفریقا واقع شده و دارای انواع مختلفی از قهوه‌های اسپشیالیتی می باشند که در سطح جهانی مورد توجه قرار گرفته‌اند. 
 
   
 
 قهوه کنیا تخصصی به عنوان یکی از برترین و خوش‌طعم‌ترین قهوه‌های جهان شناخته می‌شود. این قهوه"
Bunas,قهوه اسپشیالیتی یمن صنعا,Yemen,,,Whole bean,250.0,4230000,1692000.0,,True,قهوه اسپشیالیتی و تخصصی; قهوه اسپرسو; قهوه تک خاستگاه; قهوه دمی; قهوه رُست شده; قهوه فرانسه; قهوه میکرولات,https://bunas.ir/product/yemen-speciality/,"مشخصات کامل قهوه یمن تخصصی بوناس (نمره کاپینگ ۹۰.۵) 
  قهوه یمن تخصصی  بوناس از مزارع منحصر به فرد صنعا تهیه شده است که شرایط سخت آب و هوایی و کشت در ارتفاع بالا، دانه هایی با تراکم بالا و طعم های پیچیده ایجاد کرده است. اسیدیته درخشان و بادی (Body) متعادل رو به کامل، از  مشخصات قهوه یمنی  اصیل است. 
 نت های طعمی قهوه یمنی 
  قهوه یمنی  به دلیل فرآوری طبیعی و خشک سنتی در روی سفره های زمینی، دارای ط"
Bunas,قهوه روبوستا لائوس,Laos,,,Ground,250.0,1071000,428400.0,,True,قهوه اسپرسو; قهوه تک خاستگاه; قهوه رُست شده; قهوه روبوستا,https://bunas.ir/product/robusta-laos/,"خرید قهوه روبوستا لائوس 
 لائوس قهوه روبوستایی را تولید می کند که یکی از بهترین و پرطرفدار ترین قهوه ها در جهان می باشد. کشور لائوس یکی از معدود مکان‌هایی است که گیاه قهوه روبوستا در ارتفاعات بالا رشد می‌کند و طعم‌های شیرین‌تر و پیچیده‌تری دارند. قهوه روبوستا لائوس با بهترین کیفیت و طعم در   فروشگاه قهوه    بوناس  موجود می باشد. 
 
   
 
 منطقه اصلی کشت قهوه در لائوس فلات بولاون است که دارای خاک ه"
Bunas,قهوه عربیکا لیمو بروکا اتیوپی,Ethiopia,,,Whole bean,250.0,1694000,677600.0,,True,قهوه اسپرسو; قهوه پریمیوم; قهوه تک خاستگاه; قهوه دمی; قهوه رُست شده; قهوه عربیکا; قهوه فرانسه,https://bunas.ir/product/ethiopian-arabica-brocka/,"خرید قهوه عربیکا لیمو بروکا اتیوپی 
 قهوه عربیکا لیمو بروکا اتیوپی یکی از قهوه‌های معروف و خوش طعم جهان است. منشا   قهوه عربیکا   لیمو بروکا مناطق بروکا لیمو و ارومیا در جنوب کشور اتیوپی می باشد. قهوه عربیکا لیمو بروکا اتیوپی در ارتفاع بین ۱۱۰۰ تا ۱۹۰۰ متر از سطح دریا رشد می‌کند. 
 
   
 
 از آنجا که از لحاظ موقعیت جغرافیایی مناطق بروکا لیمو، سیدامو و یرگاچف در کنار هم قرار دارند، قهوه عربیکا لیمو"
Bunas,قهوه عربیکا لیمو واشد اتیوپی,Ethiopia,Washed,,Whole bean,250.0,1786000,714400.0,,True,قهوه اسپرسو; قهوه پریمیوم; قهوه تک خاستگاه; قهوه دمی; قهوه رُست شده; قهوه عربیکا; قهوه فرانسه,https://bunas.ir/product/ethiopian-arabica-limu/,"خرید قهوه عربیکا لیمو واشد اتیوپی 
 منطقه لیمو در ارتفاعات غربی کشور اتیوپی به عنوان یکی از خاستگاه‌های منحصربه‌فرد   قهوه عربیکا   در جهان شناخته می‌شود. این منطقه دارای منابع فراوان آب و جنگل‌های نیمه‌گرمسیری و بارانی است که شرایط ایده‌آلی را برای کشت قهوه فراهم می‌کند. 
 قهوه عربیکا لیمو واشد در مزارع کوچک و در خاک‌های نیمه جنگلی کشت می‌شود. این مزارع اغلب کمتر از یک هکتار وسعت دارند. قهوه‌هایی"
Bunas,قهوه عربیکا اتیوپی لکمپتی,Ethiopia,,,Whole bean,250.0,1436000,574400.0,,True,قهوه عربیکا; قهوه اسپرسو; قهوه پریمیوم; قهوه تک خاستگاه; قهوه دمی; قهوه رُست شده; قهوه فرانسه,https://bunas.ir/product/ethiopian-arabica-lekampti/,"خرید قهوه عربیکا اتیوپی لکمپتی 
 قهوه عربیکا اتیوپی لکمپتی یکی از شناخته‌شده‌ترین و محبوب‌ترین انواع قهوه در جهان است. این قهوه از منطقه لکمپتی در اتیوپی به دست می‌آید و به دلیل ویژگی‌های عطر و طعم خاص و بی‌نظیر خود، جایگاه ویژه‌ای در بین دوستداران قهوه پیدا کرده است. آنچه قهوه عربیکا اتیوپی لکمپتی را متمایز می کند، تعادل فوق العاده طعم آن می باشد. این قهوه از نت های میوه ای، گلی و اسپایسی ترکیبی "
Bunas,قهوه عربیکا اندونزی ماندلینگ سوماترا,Indonesia,,,Whole bean,250.0,1607000,642800.0,,True,قهوه اسپرسو; قهوه پریمیوم; قهوه تک خاستگاه; قهوه دمی; قهوه رُست شده; قهوه عربیکا; قهوه فرانسه,https://bunas.ir/product/indonesian-arabica/,"خرید قهوه عربیکا اندونزی ماندلینگ سوماترا 
   قهوه عربیکا   اندونزی ماندلینگ سوماترا در منطقه غربی-مرکزی پادانگ بین ۲۵۰۰ تا ۵۰۰۰ فوت بالاتر از سطح دریا رشد می‌کند. ماندلینگ یک نام تجاری است که برای قهوه عربیکا اندونزی متعلق به سوماترای شمالی استفاده می شود. جزیره سوماترا ششمین جزیره بزرگ جهان و بزرگ‌ترین جزیره‌ای است که در کشور اندونزی واقع شده است. 
 
   
 
    قهوه عربیکا ماندلینگ سوماترا اندونز"
Bunas,قهوه عربیکا وومن کلمبیا,Colombia,,,Whole bean,250.0,1880000,752000.0,,True,قهوه اسپرسو; قهوه پریمیوم; قهوه تک خاستگاه; قهوه دمی; قهوه رُست شده; قهوه عربیکا; قهوه فرانسه,https://bunas.ir/product/women-colombia/,"خرید قهوه وومن کلمبیا 
 قهوه وومن کلمبیا یکی از نمایندگان برجسته   قهوه عربیکا   کشور کلمبیا است که از سواحل اقیانوس اطلس تا دل کوهستان‌های کلمبیا تولید می‌شود. قهوه وومن کلمبیا به عنوان یکی از انتخاب‌های اصلی دوستداران قهوه در سراسر جهان شناخته می‌شود. 
 
   
 
 قهوه وومن در مناطق مختلف کشور کلمبیا تولید می‌شود که شرایط اقلیمی و جغرافیایی مناسبی را برای کشت دانه‌های قهوه عالی دارا هستند. از سواحل"
Bunas,قهوه عربیکا تولیما کلمبیا,Colombia,,,Whole bean,250.0,1910000,764000.0,,True,قهوه اسپرسو; قهوه پریمیوم; قهوه تک خاستگاه; قهوه دمی; قهوه رُست شده; قهوه عربیکا; قهوه فرانسه,https://bunas.ir/product/tolima-colombia/,"خرید قهوه عربیکا کلمبیا تولیما 
 کلمبیا یکی از بزرگترین و معتبرترین تولیدکنندگان قهوه در جهان است و به خاطر کیفیت بالای دانه‌های قهوه‌اش شهرت جهانی دارد. کلمبیا عمدتاً در تولید   قهوه عربیکا   تخصص دارد و روش فرآوری شسته را برای تولید دانه‌های قهوه با کیفیت بالا به کار می‌برد. این کشور هر ساله حدود ۱۲ میلیون کیسه قهوه به نقاط مختلف جهان صادر می‌کند که نشان از قدرت و توانایی بالای آن در صنعت قهوه د"
Bunas,قهوه عربیکا سوپریمو کلمبیا,Colombia,,,Whole bean,250.0,1765000,706000.0,,True,قهوه اسپرسو; قهوه پریمیوم; قهوه تک خاستگاه; قهوه دمی; قهوه رُست شده; قهوه عربیکا; قهوه فرانسه,https://bunas.ir/product/supreme-colombia/,"خرید قهوه سوپریمو کلمبیا 
 قهوه سوپریمو کلمبیا یکی از انواع مشهور   قهوه عربیکا   است که از کشور کلمبیا به سراسر جهان صادر می‌شود. قهوه سوپریمو کلمبیا به عنوان یکی از قهوه‌های با کیفیت و معتبر در دنیای قهوه شناخته می‌شود که دارای طعمی ملایم با نت‌های میوه‌ای و رایحه شکوفه‌های گلی و گاهی اسپایسی و ادویه ای است. 
 
   
 
 قهوه کلمبیا سوپریمو یکی از پرطرفدارترین قهوه های عربیکا موجود در بازار قهوه ای"
Bunas,قهوه عربیکا کنیا AA,Kenya,,,Whole bean,250.0,1669000,667600.0,,True,قهوه اسپرسو; قهوه پریمیوم; قهوه تک خاستگاه; قهوه دمی; قهوه رُست شده; قهوه عربیکا; قهوه فرانسه,https://bunas.ir/product/kenya-arabica-aa/,"خرید قهوه کنیا AA 
 نماد &#8220;AA&#8221; که برای   قهوه عربیکا کنیا   استفاده می‌شود، به اندازه و کیفیت دانه‌های این قهوه عربیکا اشاره دارد. در دنیای قهوه این نماد بیانگر سایز و گرید دانه‌های قهوه عربیکا کنیا می باشد. قهوه کنیا AA به عنوان یکی از بزرگترین و بهترین دانه‌های قهوه عربیکا در کشور کنیا شناخته می‌شود. 
 
   
 
 به عبارت دیگر دانه های قهوه کنیا AA از سایر دانه‌های قهوه عربیکا کنیا با سا"
Bunas,قهوه عربیکا کنیا AB,Kenya,,,Whole bean,250.0,1553000,621200.0,,True,قهوه اسپرسو; قهوه پریمیوم; قهوه تک خاستگاه; قهوه دمی; قهوه رُست شده; قهوه عربیکا; قهوه فرانسه,https://bunas.ir/product/kenya-arabica-ab/,"خرید قهوه کنیا AB 
 قهوه عربیکا كنیا AB یک نوع   قهوه پریمیوم   است که در کشور کنیا تولید می‌شود. نام &#8220;AB&#8221; به مرتبه درجه بندی قهوه (Coffee Grading) اشاره دارد و نشان‌دهنده‌ اندازه، نوع و کیفیت دانه‌های قهوه است. برای درک بهتر، در ادامه توضیحاتی در مورد اندازه‌های مختلف دانه‌های قهوه در سیستم درجه بندی قهوه بیان شده است: 
  1. AA:  دانه‌های قهوه بزرگ‌تر با کیفیت‌ بالا 
 2. AB:  دانه‌های"
Bunas,قهوه عربیکا سرادو برزیل,Brazil,,,Whole bean,250.0,1653000,661200.0,,True,قهوه اسپرسو; قهوه پریمیوم; قهوه تک خاستگاه; قهوه دمی; قهوه رُست شده; قهوه عربیکا; قهوه فرانسه,https://bunas.ir/product/brazil-serado-arabica/,"خرید قهوه عربیکا سرادو برزیل 
 قهوه عربیکا سرادو برزیل در منطقه‌ای به نام سرادو در کشور برزیل تولید می‌شود که در جنوب شرقی این کشور واقع شده است. اقلیم و زمین‌های این منطقه برای کاشت قهوه بسیار مناسب بوده و این موضوع سبب تولید   قهوه عربیکا   با کیفیت بالا در این منطقه شده است. 
   خرید قهوه   عربیکا سرادو برزیل که به خاطر بادی متعادل رو به کامل، اسیدیته کم و تنوع شگفت انگیزی از مزه ها از جمله شکل"
Bunas,قهوه عربیکا برزیل میناس گرایس,Brazil,,,Whole bean,250.0,1610000,644000.0,,True,قهوه اسپرسو; قهوه پریمیوم; قهوه تک خاستگاه; قهوه دمی; قهوه رُست شده; قهوه عربیکا; قهوه فرانسه,https://bunas.ir/product/minas-gerais-arabica/,"خرید قهوه عربیکا برزیل میناس گرایس 
 قهوه عربیکا برزیل میناس گرایس با نظارت استارباکس برزیل توسط یک تعاونی برزیلی با 12000 کشاورز عضو واقع در ایالت میناس گرایس، در منطقه جنوب شرقی برزیل تهیه می شود که قلب اصلی کشت قهوه عربیکا در این کشور است. 
 
   
 
 برزیل بیش از هر منطقه دیگری در جهان   قهوه عربیکا   تولید می کند و کیفیت ثابت آن منحصر به فرد است. از زمانی که قهوه عربیکا برزیل میناس گرایس برای ا"
Bunas,قهوه عربیکا سانتا فازندا برزیل,Brazil,,,Whole bean,250.0,1697000,678800.0,,True,قهوه اسپرسو; قهوه پریمیوم; قهوه تک خاستگاه; قهوه دمی; قهوه رُست شده; قهوه عربیکا; قهوه فرانسه,https://bunas.ir/product/santo-brazil-arabica/,"خرید قهوه عربیکا سانتا فازندا برزیل 
 قهوه عربیکا سانتا فازندا برزیل یکی از معروف‌ترین انواع قهوه‌های پریمیوم تولیدی در کشور برزیل می باشد. برزیل یکی از بزرگ‌ترین تولیدکنندگان قهوه در جهان است و دارای مزارع بزرگی برای تولید   قهوه عربیکا   می باشد. 
 
   
 
 فازندا نیز یکی از نواحی مهم تولید قهوه عربیکا در کشور برزیل است که تقریباً 85 درصد آن توسط مزرعه دارانی کشت می شود که معمولاً بین 100 تا 250 "
Bunas,قهوه عربیکا بوروندی پریمیوم,Burundi,,,Whole bean,250.0,1804000,721600.0,,True,قهوه اسپرسو; قهوه پریمیوم; قهوه تک خاستگاه; قهوه دمی; قهوه رُست شده; قهوه عربیکا; قهوه فرانسه,https://bunas.ir/product/burundi-premium/,"خرید قهوه عربیکا بوروندی پریمیوم 
   قهوه عربیکا   بوروندی پریمیوم یکی از بهترین قهوه‌های جهان است. این قهوه با ویژگی‌هایی همچون طعم دلپذیر، بوی معطر و کیفیت بالا در بین باریستاها و دوستداران قهوه شناخته شده است. 
 قهوه‌های عربیکا کشور بوروندی به دلیل شرایط آب و هوایی مناسب و خاک غنی، دارای طعم و رایحه‌های متنوع و پیچیده‌ای میباشند. این قهوه‌ها معمولاً بادی متعادلی دارند و در آن‌ها می‌توان طعم‌ و "
Bunas,قهوه عربیکا اندونزی SW,Indonesia,,,Whole bean,250.0,1550000,620000.0,,True,قهوه اسپرسو; قهوه پریمیوم; قهوه تک خاستگاه; قهوه دمی; قهوه رُست شده; قهوه عربیکا; قهوه فرانسه,https://bunas.ir/product/indonesia-arabica/,"خرید قهوه عربیکا اندونزی SW 
 اندونزی یکی از متنوع ترین خاستگاه های قهوه در جهان است که هم   قهوه عربیکا   و هم   قهوه روبوستا   را تولید می کند و 5 درصد از صادرات قهوه جهان را به خود اختصاص داده است. اندونزی نسبت به اکثر کشورهای تولید کننده قهوه مصرف داخلی بیشتری دارد. 
 قهوه عربیکا اندونزی sw یکی از قهوه های مورد علاقه بسیاری از دوستداران قهوه می باشد. این قهوه با طعم پیچیده و اسیدیته پایین، معم"
Bunas,قهوه عربیکا کاستاریکا,Costa Rica,,,Whole bean,250.0,1694000,677600.0,,True,قهوه اسپرسو; قهوه پریمیوم; قهوه تک خاستگاه; قهوه دمی; قهوه رُست شده; قهوه عربیکا; قهوه فرانسه,https://bunas.ir/product/costarican-arabica/,"خرید قهوه عربیکا کاستاریکا 
 دانه‌های قهوه عربیکا کاستاریکا به خاطر شرایط ایده‌آل اقلیمی و جغرافیایی که در آن رشد می‌کنند، شهرت زیادی دارند. منطقه دره مرکزی کاستاریکا، که شامل استان‌های سن خوزه، هردیا و آلاجوئلا است، محیط مناسبی را برای پرورش گیاهان   قهوه عربیکا   فراهم می‌کند. این منطقه دارای ارتفاعات بین 1200 تا 1800 متری از سطح دریا و خاک‌های آتشفشانی غنی است که به رشد بهتر گیاهان کمک می‌کند. "
Bunas,قهوه روبوستا گواتمالا,Guatemala,,,Whole bean,250.0,1138000,455200.0,,True,قهوه اسپرسو; قهوه تک خاستگاه; قهوه رُست شده; قهوه روبوستا,https://bunas.ir/product/guatemala-robusta/,"خرید قهوه روبوستا گواتمالا 
   قهوه روبوستا   اولین بار در قرن 17 میلادی به گواتمالا آورده شد. روبوستا بخش بسیار کمی از تولید قهوه در کشور گواتمالا را تشکیل می دهد. با این حال، این نسبت در دهه های اخیر افزایش یافته است. در گواتمالا، قهوه در ارتفاعاتی بیش از 5000 فوت از سطح دریا کشت می‌شود که این ارتفاعات و شرایط آب و هوایی ویژه، طعم قهوه‌ این منطقه را بسیار خاص و منحصر به فرد می‌کند. 
 
   
 
 کشو"
Bunas,قهوه عربیکا تانزانیا AA,Tanzania,,,Whole bean,250.0,1598000,639200.0,,True,قهوه اسپرسو; قهوه پریمیوم; قهوه تک خاستگاه; قهوه دمی; قهوه رُست شده; قهوه عربیکا; قهوه فرانسه,https://bunas.ir/product/tanzania-arabica-aa/,"خرید قهوه عربیکا تانزانیا AA 
   قهوه عربیکا   تانزانیا AA یکی از جذاب‌ترین انواع قهوه‌های عربیکا آفریقایی است. قهوه عربیکا تانزانیا معمولا دارای اسیدیته‌ای تند و روشن است که باعث تازگی و طراوت در طعم آن می‌شود. برخی از نت‌های طعمی قهوه عربیکا تانزانیا AA شبیه به طعم انگور قرمز است که به آن طعمی منحصربه‌فرد می‌بخشد. 
 دانه‌های قهوه عربیکا تانزانیا AA معمولاً شامل بیشترین رسیدگی و توجه از جانب کشاو"
Bunas,قهوه گیشا اتیوپی اسپشیالیتی (Geisha),Ethiopia,,,Whole bean,250.0,2290000,916000.0,,True,قهوه اسپشیالیتی و تخصصی; قهوه اسپرسو; قهوه تک خاستگاه; قهوه دمی; قهوه رُست شده; قهوه فرانسه,https://bunas.ir/product/ethiopian-geisha/,"قهوه گیشا اتیوپی (اصالت، طعم و تازگی رست) 
 قهوه گیشا اتیوپی بدون شک یکی از برجسته ترین و با ارزش ترین قهوه های تک خاستگاه (سینگل اوریجین) در جهان است که به درستی لقب «پادشاه قهوه های تخصصی» را به خود اختصاص داده است. این   قهوه اسپشیالیتی  ، با منشأ باستانی خود از منطقه گیشا (Gesha) اتیوپی، نه تنها یک نوشیدنی، بلکه یک تجربه حسی کامل است. 
 طعم های پیچیده گلی، مرکباتی و میوه های استوایی، گیشا اتیو"
Bunas,قهوه اسپشیالیتی بدون کافئین کُندور کلمبیا,Colombia,,,Whole bean,250.0,3296000,1318400.0,,True,قهوه اسپرسو; قهوه اسپشیالیتی و تخصصی; قهوه بدون کافئین (دیکف); قهوه تک خاستگاه; قهوه دمی; قهوه رُست شده; قهوه فرانسه,https://bunas.ir/product/decaf-specialty/,"خرید قهوه اسپشیالیتی بدون کافئین 
 قهوه اسپشیالیتی بدون کافئین (Specialty Decaf Coffee) نوعی   قهوه اسپشیالیتی   با کیفیت بالاست که فرایند به حداقل رساندن کافئین در آن انجام شده است بدون اینکه به طعم و عطر اصلی آن آسیبی وارد شود. 
   خرید قهوه   اسپشیالیتی بدون کافئین برای افرادی مناسب است که به دنبال لذت بردن از طعم و کیفیت بالای قهوه هستند ولی نمی‌خواهند یا نمی‌توانند کافئین مصرف کنند. 
 
   
 
"
Bunas,قهوه عربیکا جامبو برزیل,Brazil,,,Whole bean,250.0,1534000,613600.0,,True,قهوه اسپرسو; قهوه تک خاستگاه; قهوه دمی; قهوه رُست شده; قهوه عربیکا; قهوه فرانسه,https://bunas.ir/product/brazil-jumbo-arabica/,"خرید قهوه عربیکا جامبو برزیل 
   قهوه عربیکا   جامبو برزیل یکی از محبوب‌ترین و شناخته‌شده‌ترین انواع قهوه‌های عربیکا کشور برزیل است. این نوع قهوه به عنوان یکی از رقم های عربیکا از کیفیت بسیار بالایی برخوردار است و به دلیل ویژگی‌های خاص خود، محبوبیت زیادی در سراسر جهان دارد. 
 کشور برزیل در طول سال ها با تولید قهوه های با گرید پریمیوم و   قهوه های اسپشیالیتی   و همچنین قهوه های دارای گواهی تجارت من"
Bunas,قهوه عربیکا سانتوس برزیل,Brazil,,Medium,Whole bean,250.0,1334000,533600.0,,True,قهوه اسپرسو; قهوه تک خاستگاه; قهوه دمی; قهوه رُست شده; قهوه عربیکا; قهوه فرانسه,https://bunas.ir/product/brazil-santos-arabica/,"خرید قهوه عربیکا سانتوس برزیل 
   قهوه‌ عربیکا   اغلب به دلیل عطر و طعم مطلوب، ملایمی و تلخی کمتر نسبت به قهوه‌ روبوستا مورد استقبال قرار می‌گیرند. در میان قهوه‌های عربیکا، قهوه‌های برزیلی دارای ویژگی‌های خاصی هستند که آنها را از قهوه های عربیکا سایر مناطق متمایز می‌کنند. 
 قهوه عربیکا سانتوس یکی از این محصولات با کیفیت کشور برزیل است که با طعم ملایم و عطر دلپذیرش به محبوبیت زیادی در بین علاقمندان"
Bunas,قهوه عربیکا کلمبیا پریمیوم,Colombia,,,Whole bean,250.0,1829000,731600.0,,True,قهوه اسپرسو; قهوه پریمیوم; قهوه تک خاستگاه; قهوه دمی; قهوه رُست شده; قهوه عربیکا; قهوه فرانسه,https://bunas.ir/product/premium-colombian/,"خرید قهوه پریمیوم کلمبیا 
 قهوه یکی از محبوب‌ترین نوشیدنی‌های جهان است و در این میان، قهوه پریمیوم کلمبیا جایگاه ویژه‌ای دارد. کلمبیا با دارا بودن شرایط آب و هوایی مناسب، خاک غنی و تجربه چند صد ساله در تولید قهوه، یکی از بزرگترین تولیدکنندگان و صادرکنندگان قهوه در جهان است. قهوه پریمیوم کلمبیا به دلیل ویژگی‌های منحصر به فرد خود، همواره مورد توجه علاقه‌مندان به قهوه بوده است. 
 
   
 
 امروزه کشور "
Bunas,قهوه عربیکا اتیوپی پریمیوم,Ethiopia,,,Whole bean,250.0,1733000,693200.0,,True,قهوه اسپرسو; قهوه پریمیوم; قهوه تک خاستگاه; قهوه دمی; قهوه رُست شده; قهوه عربیکا; قهوه فرانسه,https://bunas.ir/product/premium-ethiopia-arabica/,"خرید قهوه عربیکا اتیوپی پریمیوم 
   قهوه عربیکا   یکی از مشهورترین و قدیمی‌ترین گونه‌های قهوه در جهان است. این گونه قهوه به دلیل کیفیت بالا، طعم‌های متنوع و عطروطعم بی‌نظیرش بسیار مورد توجه قرار گرفته است. یکی از خاستگاه‌های اصلی و برتر قهوه عربیکا، کشور اتیوپی است. 
 در حالی که امروزه دانه های قهوه عربیکا در سراسر جهان رشد می کنند و طیف گسترده ای از طعم های منحصر به فرد را ارائه می دهند، منشا همه"
Bunas,قهوه عربیکا کنیا پریمیوم,Kenya,,,Whole bean,250.0,1733000,693200.0,,True,قهوه اسپرسو; قهوه پریمیوم; قهوه تک خاستگاه; قهوه دمی; قهوه رُست شده; قهوه عربیکا; قهوه فرانسه,https://bunas.ir/product/premium-kenya-arabica/,"خرید قهوه عربیکا کنیا پریمیوم 
 قهوه عربیکا کنیا پریمیوم یک   قهوه عربیکا   بسیار با کیفیت است که از دانه‌های گونه عربیکا کشور کنیا بهره می‌برد. عربیکا یکی از دو گونه اصلی قهوه در جهان است و به عنوان قهوه ای با عطر و طعم دلپذیر، کیفیت ممتاز و نمره کاپینگ بالا شناخته می‌شود. 
 
   
 
 کنیا یکی از کشورهای آفریقایی است که در آن پرورش و تولید قهوه عربیکا به صورت گسترده انجام می‌شود و بخصوص مناطقی چون "
Bunas,قهوه عربیکا کنیا,Kenya,,,Whole bean,250.0,1289000,515600.0,,True,قهوه اسپرسو; قهوه تک خاستگاه; قهوه دمی; قهوه رُست شده; قهوه عربیکا; قهوه فرانسه,https://bunas.ir/product/kenya-arabica/,"خرید قهوه عربیکا کنیا 
 قهوه عربیکا کنیا یکی از برتربن قهوه‌های دنیا از لحاظ عطر و رایحه است و به همین دلیل جایگاه ویژه‌ای در بازار جهانی قهوه دارد.  کنیا به عنوان یکی از کشورهای تولیدکننده قهوه معتبر در جهان شناخته می‌شود و دارای مجموعه‌ای از تولیدکنندگان معروف و مزرعه‌های قهوه با کیفیت است.  
 
   
 
 مناطق مرتفع کشور کنیا که دانه‌های قهوه عربیکا کنیا در آنجا رشد می‌کنند، به نوعی عواملی مانند دم"
Bunas,قهوه عربیکا هندوراس پریمیوم,Honduras,,,Whole bean,250.0,1861000,744400.0,,True,قهوه اسپرسو; قهوه پریمیوم; قهوه تک خاستگاه; قهوه دمی; قهوه رُست شده; قهوه عربیکا; قهوه فرانسه,https://bunas.ir/product/premium-honduras/,"خرید قهوه عربیکا هندوراس پریمیوم 
 قهوه عربیکا هندوراس پریمیوم از مزارع معطر کشور هندوراس به دست می‌آید، جایی که نت‌های طعم شیرین وانیل، کاکائو و آجیل در این قهوه به وضوح مشهود هستند.   قهوه پریمیوم   و   قهوه اسپشیالیتی   نمایانگر یک موج جدید از قهوه‌ها هستند که تنها کافئین آنها مورد توجه نیست، بلکه تجربه لذت بردن از قهوه را به سطح کاملاً جدیدی ارتقاء می‌دهند. 
 
   
 
 قهوه عربیکا هندوراس پریمیو"
Bunas,قهوه روبوستا کنگو,DR Congo,,,Whole bean,250.0,898000,359200.0,,True,قهوه اسپرسو; قهوه تک خاستگاه; قهوه رُست شده; قهوه روبوستا,https://bunas.ir/product/congo-robusta/,"خرید قهوه روبوستا کنگو 
 قهوه یکی از محبوب‌ترین نوشیدنی‌های جهان است و انواع مختلفی از آن در سراسر دنیا مصرف می‌شود. در میان این انواع،   قهوه روبوستا   یکی از گونه‌های مهم قهوه است که در نقاط مختلفی از جهان تولید می‌شود. یکی از مناطق مهم تولید کننده قهوه روبوستا، کنگو است. 
 کنگو یکی از کشورهای آفریقایی است که تاریخچه‌ای غنی در تولید قهوه دارد. تولید قهوه در این کشور به قرن بیستم بازمی‌گردد و نقش"
Bunas,قهوه اسپشیالیتی السالوادور سانتا آنا,El Salvador,,,Whole bean,250.0,2101000,840400.0,,True,قهوه اسپشیالیتی و تخصصی; قهوه اسپرسو; قهوه تک خاستگاه; قهوه دمی; قهوه رُست شده; قهوه فرانسه,https://bunas.ir/product/elsalvador-speciality/,"قهوه اسپشیالیتی السالوادور؛ دانه هایی از قلب آتشفشان 
 اگر به دنبال تجربه ای متفاوت از نوشیدن قهوه هستید که در آن تلخی آزاردهنده جای خود را به شیرینی طبیعی و عطر میوه ها داده باشد، قهوه اسپشیالیتی السالوادور بهترین انتخاب برای شماست. این دانه های ارزشمند که در خاک های حاصلخیز و آتشفشانی آمریکای مرکزی رشد کرده اند، به دلیل شرایط اقلیمی خاص، یکی از متعادل ترین پروفایل های طعمی در جهان را دارند. 
 ما"
Bunas,قهوه اسپشیالیتی ووش ووش اتیوپی,Ethiopia,,,Whole bean,250.0,2013000,805200.0,,True,قهوه اسپرسو; قهوه اسپشیالیتی و تخصصی; قهوه تک خاستگاه; قهوه دمی; قهوه رُست شده; قهوه فرانسه,https://bunas.ir/product/wushwush-ethiopian-speciality/,"خرید قهوه اسپشیالیتی ووش ووش اتیوپی 
 در میان کوه‌ها و دره‌های شکاف بزرگ آفریقا که شاید در معروف‌ترین منطقه تولید قهوه در جهان قرار دارد، شهر آناسورا در اتیوپی است. این کشور به طور منحصر به فردی در سمت شرق قاره، محصور در خشکی در شاخ آفریقا واقع شده است و به عنوان زادگاه گیاه   قهوه عربیکا  ، منبع تولید قهوه بسیار مورد توجه است. اتیوپی برخلاف سایر کشورها قهوه تولید می‌کند و تاریخ و فرهنگ مردم  اتیو"
Bunas,قهوه عربیکا کنگو,DR Congo,,,Whole bean,250.0,1604000,641600.0,,True,قهوه اسپرسو; قهوه پریمیوم; قهوه تک خاستگاه; قهوه دمی; قهوه رُست شده; قهوه عربیکا; قهوه فرانسه,https://bunas.ir/product/congo-arabica/,"خرید قهوه عربیکا کنگو 
 قهوه عربیکا کنگو، یکی از بهترین و منحصر به فردترین قهوه‌های جهان است که در جمهوری دموکراتیک کنگو تولید می‌شود. در این کشور افریقایی حدود 11 هزار کشاورز به کشت و پرورش   قهوه عربیکا   و   قهوه روبوستا   مشغول هستند. 
 
   
 
 مناطق اصلی کشت قهوه عربیکا کنگو در نزدیکی دریاچه کیوو واقع شده است، به ویژه در بخش شمالی و در منطقه ای به وسعت حدود 10000 کیلومتر مربع در مرز پارک ملی "
Bunas,قهوه اسپشیالیتی سیدامو اتیوپی گرید 1,Ethiopia,,,Whole bean,250.0,2006000,802400.0,,True,قهوه اسپرسو; قهوه اسپشیالیتی و تخصصی; قهوه تک خاستگاه; قهوه دمی; قهوه رُست شده; قهوه فرانسه,https://bunas.ir/product/sidamo-ethiopian-speciality/,"خرید قهوه اسپشیالیتی سیدامو اتیوپی گرید یک 
 قهوه سیدامو اتیوپی گرید یک، یکی از نمادهای برجسته قهوه اسپشیالیتی در جهان است و از نظر کیفیت در رده‌بندی برتر قهوه‌های جهانی قرار دارد. این قهوه از نسل خاصی از دانه‌های   قهوه عربیکا   تولید می‌شود و از منطقه‌ای به نام &#8220;سیدامو&#8221; در کشور اتیوپی نشأت گرفته است. 
 دانه قهوه اسپشیالیتی سیدامو اتیوپی گرید 1 دارای یک پروفایل طعمی پیچیده و متعادل هم"
Bunas,قهوه کوچره اتیوپی اسپشیالیتی,Ethiopia,,,Whole bean,250.0,2135000,854000.0,,True,قهوه اسپرسو; قهوه اسپشیالیتی و تخصصی; قهوه تک خاستگاه; قهوه دمی; قهوه رُست شده; قهوه فرانسه,https://bunas.ir/product/kochere-ethiopian-speciality/,"خرید قهوه کوچره اتیوپی اسپشیالیتی 
 قهوه کوچره اتیوپی یک   قهوه اسپشیالیتی   می باشد که در مناطق بسیار مرتفع کشور اتیوپی رشد کرده و با دوبار شستشو به یک پروفایل کاملاً تمیز، مملو از شیرینی میوه ای و مشخصات مسحور کننده گل ها با احساس دهانی ابریمشی تبدیل شده است. 
 قهوه کوچره اتیوپی یکی از جذاب‌ترین و معروف‌ترین انواع قهوه‌های اسپشیالیتی در جهان است. این قهوه تخصصی از منطقه کوچره در کشور اتیوپی به ع"
Bunas,قهوه یرگاچف اتیوپی اسپشیالیتی,Ethiopia,,,Whole bean,250.0,2017000,806800.0,,True,قهوه اسپرسو; قهوه اسپشیالیتی و تخصصی; قهوه تک خاستگاه; قهوه دمی; قهوه رُست شده; قهوه فرانسه,https://bunas.ir/product/speciality-ethiopia-yirgacheffe/,"معرفی قهوه یرگاچف اتیوپی 
 قهوه یرگاچف اتیوپی یکی از   معروف ترین و محبوب ترین قهوه های اسپشیالتی   در جهان است که از منطقه یرگاچف در جنوب کشور اتیوپی برداشت می شود. این قهوه به دلیل طعم مرکباتی و عطر گل های بهاری خود شناخته شده است. دانه های قهوه یرگاچف معمولاً به روش شسته شده فرآوری می شوند که باعث ایجاد طعمی تمیز و شفاف در فنجان می شود. اگر به دنبال یک قهوه اسپشیالتی با اسیدیته درخشان و طعم های"
Bunas,قهوه اسپشیالیتی گوجی اتیوپی (Ethiopia Guji),Ethiopia,,,Whole bean,250.0,2074000,829600.0,,True,قهوه اسپرسو; قهوه اسپشیالیتی و تخصصی; قهوه تک خاستگاه; قهوه دمی; قهوه رُست شده; قهوه فرانسه,https://bunas.ir/product/speciality-ethiopia-guji/,"مشخصات و ویژگی های قهوه گوجی اتیوپی 
 قهوه گوجی اتيوپی معمولاً در ارتفاعات 1900 تا 2200 متری از سطح دريا کشت می شود. دانه های اين قهوه از نوع عربیکا و گونه های بومی منطقه کورمی و سیدامو هستند. فرآوری اين قهوه اغلب به روش طبيعی (Natural) که باعث افزايش شيرينی و طعم میوه ای می گردد. درجه رُست پيشنهادی برای قهوه گوجی اتیوپی،  رُست شکلاتی  است تا طعم های اصيل آن حفظ شود. تاريخ تولید و بسته بندی روی مح"
Bunas,قهوه اسپشیالیتی نارینو کلمبیا,Colombia,,,Whole bean,250.0,2043000,817200.0,,True,قهوه اسپرسو; قهوه اسپشیالیتی و تخصصی; قهوه تک خاستگاه; قهوه دمی; قهوه رُست شده; قهوه فرانسه,https://bunas.ir/product/speciality-colombia-narino/,"خرید قهوه کلمبیا نارینو با ضمانت تازگی 
 ما در قهوه بوناس، تجربه خرید قهوه کلمبیا نارینو را برای شما آسان کرده ایم. این محصول به دلیل کشت در ارتفاعات بالا (۱۸۰۰ تا ۲۲۰۰ متر) و فرآوری دقیق واشد (شسته)، دارای کاراکتر طعمی بسیار پاک و شفافی است. زمانی که شما این قهوه را سفارش می دهید، ما آن را به صورت تازه برشت و در سریع ترین زمان ممکن برای شما ارسال می کنیم. این تعهد به تازگی به این معناست که شما قه"
Bunas,قهوه اسپشیالیتی ماراگو مکزیک,Mexico,,,Whole bean,250.0,2318000,927200.0,,True,قهوه اسپرسو; قهوه اسپشیالیتی و تخصصی; قهوه تک خاستگاه; قهوه دمی; قهوه رُست شده; قهوه فرانسه,https://bunas.ir/product/speciality-marago/,"خرید قهوه اسپشیالیتی ماراگو مکزیک 
 ماراگو، ایالتی در جنوب مکزیک، به عنوان یکی از مناطق تولید   قهوه اسپشیالیتی   شناخته می‌شود که به طبیعت زیبایش و طعم‌های متنوع قهوه اش معروف است. قهوه ماراگو مکزیک از ویژگی‌های خاصی از جمله طعم میوه‌های تازه، نت‌های گلی و آرومای متنوع برخوردار است که طرفداران زیادی در سرتاسر جهان به خود جلب کرده است. 
 
   
 
 ماراگو یکی از مناطق مهم تولید قهوه در مکزیک است و ار"
Bunas,قهوه بدون کافئین پرو,Peru,,,Whole bean,250.0,1989000,795600.0,,True,قهوه اسپرسو; قهوه بدون کافئین (دیکف); قهوه تک خاستگاه; قهوه دمی; قهوه فرانسه,https://bunas.ir/product/peru-decaf/,"خرید قهوه بدون کافئین پرو 
 قهوه بدون کافئین پرو، نوعی از قهوه است که حاوی مقدار بسیار پایینی از سطح کافئین نسبت به قهوه معمولی می باشد. این نوع قهوه برای افرادی که به کافئین حساسیت دارند یا می‌خواهند مصرف کافئین خود را کاهش دهند، مناسب است. از روش‌های مختلفی برای تهیه   قهوه بدون کافئین   استفاده می‌شود که در نهایت به حذف یا کاهش کافئین منجر می‌شود. 
 
   
 
 قهوه بدون کافئین پرو ممکن است در ترکی"
Bunas,قهوه بدون کافئین مکزیک,Mexico,,,Whole bean,250.0,2001000,800400.0,,True,قهوه اسپرسو; قهوه بدون کافئین (دیکف); قهوه تک خاستگاه; قهوه دمی; قهوه فرانسه,https://bunas.ir/product/mexico-decaf/,"خرید قهوه بدون کافئین مکزیک 
 قهوه بدون کافئین مکزیک، نوعی قهوه می‌باشد که از دانه‌های قهوه عربیکا کشور مکزیک تهیه می‌شود و حاوی کمترین مقدار ممکن کافئین است. مکزیک، یکی از کشورهای برجسته در تولید قهوه جهان است و دارای مناطقی با شرایط آب و هوایی مناسب برای رشد دانه‌های قهوه است. 
 
   
 
 تهیه   قهوه بدون کافئین   مکزیک با استفاده از دانه‌های قهوه عربیکا مکزیک انجام می‌شود که در فرآیند تولید کافئی"
Bunas,قهوه عربیکا پرو,Peru,,,Whole bean,250.0,1708000,683200.0,,True,قهوه اسپرسو; قهوه تک خاستگاه; قهوه دمی; قهوه رُست شده; قهوه عربیکا; قهوه فرانسه,https://bunas.ir/product/arabica-peru/,"خرید قهوه عربیکا پرو 
   قهوه عربیکا   پرو یکی از محبوبترین و مرغوبترین قهوه‌های عربیکا منطقه آمریکای لاتین می باشد که از این کشور به سراسر بازار جهانی قهوه عرضه می گردد. قهوه پرو با ویژگی‌هایی مانند اسیدیته متعادل، حس دهانی کامل و طعم یاد آجیلی، توانسته است جایگاه ویژه ای در بین دوستداران قهوه پیدا کند. 
 امروزه   خرید قهوه   پرو نه تنها به دلیل تنوع و کیفیت بالا مورد استقبال گسترده جهانی قرار گر"
Bunas,قهوه عربیکا گواتمالا,Guatemala,,,Whole bean,250.0,1624000,649600.0,,True,قهوه اسپرسو; قهوه تک خاستگاه; قهوه دمی; قهوه رُست شده; قهوه عربیکا; قهوه فرانسه,https://bunas.ir/product/guatelama-arabica/,"خرید قهوه عربیکا گواتمالا 
 اگر عاشق قهوه عربیکا هستید، باید طعم‌های ظریف و پیچیده دانه‌های عربیکا قهوه کشور گواتمالا را حتما امتحان کنید. قهوه عربیکا گواتمالا جواهری واقعی در دنیای قهوه است، با تاریخچه ای غنی، مناطق رشد منحصر به فرد، و عطر بی نظیر است که این قهوه را از قهوه عربیکا سایر کشورها متمایز می کند. 
 
   
 
 در این راهنمای   خرید قهوه  ، ما شما را با مناطق مختلف کشت قهوه عربیکا در کشور گ"
Bunas,قهوه عربیکا نیکاراگوئه,Nicaragua,,,Whole bean,250.0,1572000,628800.0,,True,قهوه اسپرسو; قهوه تک خاستگاه; قهوه دمی; قهوه رُست شده; قهوه عربیکا; قهوه فرانسه,https://bunas.ir/product/nicaragua-arabica/,"خرید قهوه عربیکا نیکاراگوئه 
 نیکاراگوئه به عنوان یکی از بزرگترین تولیدکنندگان قهوه در آمریکای مرکزی، شهرت فوق العاده ای برای قهوه عربیکا خود به دست آورده است. در سال 1795   قهوه عربیکا   برای اولین بار به کشور نیکاراگوئه معرفی شد. 
 با این حال، این یک شروع دشوار برای پروش قهوه عربیکا در نیکاراگوئه بود زیرا توسط زلزله ها و طوفان ها و همچنین جنگ های داخلی نیکاراگوئه و ممنوعیت واردات ایالات متحده در"
Bunas,قهوه عربیکا کلمبیا,Colombia,,,Whole bean,250.0,1730000,692000.0,,True,قهوه اسپرسو; قهوه تک خاستگاه; قهوه دمی; قهوه رُست شده; قهوه عربیکا; قهوه فرانسه,https://bunas.ir/product/colombian-arabic-coffee/,"خرید قهوه عربیکا کلمبیا 
 قهوه یکی از محبوب‌ترین نوشیدنی‌های جهان است که تنوع گسترده‌ای از طعم‌ها و عطرها را ارائه می‌دهد. در میان انواع مختلف قهوه،   قهوه عربیکا   از جایگاه ویژه‌ای برخوردار است و قهوه عربیکا کلمبیا به عنوان یکی از بهترین و مرغوب‌ترین انواع قهوه عربیکا در جهان شناخته می‌شود. کشور کلمبیا به دلیل شرایط آب و هوایی مطلوب و زمین‌های مناسب، یکی از بزرگترین تولیدکنندگان قهوه عربیکا در ج"
Bunas,قهوه عربیکا اوگاندا,Uganda,,,Whole bean,250.0,1661000,664400.0,,True,قهوه اسپرسو; قهوه تک خاستگاه; قهوه دمی; قهوه رُست شده; قهوه عربیکا; قهوه فرانسه,https://bunas.ir/product/uganda-arabica/,"خرید قهوه عربیکا اوگاندا 
 قهوه عربیکا اوگاندا در مناطق مختلف این کشور شرقی آفریقا کشت می‌شود. مهم‌ترین نواحی تولید این قهوه شامل منطقه بوگیسو، کوه‌های الگون، کوه‌های روانزوری، و مناطقی در نزدیکی دریاچه ویکتوریا هستند. این نواحی با ارتفاعات بالا و شرایط آب و هوایی مطلوب، بهترین محیط برای رشد گیاهان   قهوه عربیکا   را فراهم می‌کنند. خاک‌های غنی از مواد آلی و بارندگی منظم، عوامل دیگری هستند که به تو"
Bunas,قهوه عربیکا اتیوپی,Ethiopia,,,Whole bean,250.0,1317000,526800.0,,True,قهوه اسپرسو; قهوه تک خاستگاه; قهوه دمی; قهوه رُست شده; قهوه عربیکا; قهوه فرانسه,https://bunas.ir/product/ethiopia-arabica/,"خرید قهوه عربیکا اتیوپی 
 قهوه عربیکا اتیوپی یکی از محبوب‌ترین و مشهورترین قهوه‌های جهان است که به خاطر عطر و طعم بی‌نظیر و اسیدیته متعادلش شناخته می‌شود.   قهوه عربیکا   دارای تاریخچه ای طولانی و غنی است که به قرن‌ها قبل بازمی‌گردد و مناطق مختلف پرورش قهوه در کشور اتیوپی ویژگی‌های منحصر به فردی به دانه‌های قهوه عربیکا می‌بخشند. 
 
   
 
 اتیوپی بزرگترین تولید کننده قهوه در قاره آفریقا می باشد. تو"
Bunas,قهوه عربیکا سوماترا اندونزی,Indonesia,,,Whole bean,250.0,1475000,590000.0,,True,قهوه اسپرسو; قهوه تک خاستگاه; قهوه دمی; قهوه رُست شده; قهوه عربیکا; قهوه فرانسه; قهوه کامرشیال,https://bunas.ir/product/sumatra-arabica/,"خرید قهوه عربیکا سوماترا اندونزی 
 جزیره سوماترا در اندونزی یکی از مناطق شناخته شده برای تولید قهوه با کیفیت بالا است. قهوه عربیکا سوماترا اندونزی به خاطر خاک آتشفشانی حاصلخیز این جزیره دارای طعم و عطر بی‌نظیری است که آن را از سایر قهوه‌های عربیکا متمایز می‌کند. این قهوه به دلیل ویژگی‌های منحصر به فردش، از جمله طعم‌ شکلاتی تیره و روایح چوبی و خاکی که به همراه دارد، محبوبیت زیادی در بین علاقه‌مندان"
Bunas,قهوه روبوستا تانزانیا,Tanzania,,,Whole bean,250.0,886000,354400.0,,True,قهوه اسپرسو; قهوه تک خاستگاه; قهوه رُست شده; قهوه روبوستا; قهوه کامرشیال,https://bunas.ir/product/tanzania-robusta/,"خرید قهوه روبوستا تانزانیا 
   قهوه روبوستا   تانزانیا یکی از قهوه های معروف جهان است که از اقلیمی با تاریخچه‌ای غنی در کشت قهوه می‌آید. این قهوه در مناطق مختلف تانزانیا، به‌ویژه در مناطق کم ارتفاع و گرم و مرطوب کشت می‌شود. یکی از ویژگی‌های برجسته قهوه روبوستا تانزانیا، طعم قوی و تلخ آن است که به دلیل میزان بالای کافئین در این گونه قهوه ایجاد می‌شود. 
 
   
 
 قهوه روبوستا نسبت به   قهوه عربیکا   "
Bunas,قهوه روبوستا اندونزی AP1,Indonesia,,Medium,Whole bean,250.0,886000,354400.0,,True,قهوه اسپرسو; قهوه تک خاستگاه; قهوه رُست شده; قهوه روبوستا; قهوه کامرشیال,https://bunas.ir/product/ap1-indonesian-robusta/,"خرید قهوه روبوستا اندونزی AP 
   قهوه روبوستا   اندونزی AP1 از دانه های سبز قهوه تازه با درجه رست مدیوم، شکلاتی و مدیوم-دارک تهیه شده است. وقتی صحبت از رست قهوه روبوستا اندونزی می‌شود، یکی از مهم‌ترین عواملی که حتما باید در نظر گرفت میزان رطوبت دانه سبز قهوه است. برای دانه‌ای با رطوبت بالا باید دمای بیشتری برای نفوذ به داخل دانه قهوه در نظر گرفت، که در مورد قهوه روبوستا اندونزی AP1 حداقل به دمای  "
Bunas,قهوه روبوستا اوگاندا,Uganda,,,Whole bean,250.0,843000,337200.0,,True,قهوه اسپرسو; قهوه تک خاستگاه; قهوه رُست شده; قهوه روبوستا; قهوه کامرشیال,https://bunas.ir/product/uganda-robusta/,"وقتی صحبت از   قهوه روبوستا   می شود، نام اوگاندا در کنار ویتنام و برزیل به عنوان یکی از مهم ترین تولید کنندگان این دانه قدرتمند قرار می گیرد. قهوه روبوستا اوگاندا نه تنها به دلیل کافئین بالا و بادی سنگین معروف است بلکه طعم خاص و تمیزی دارد که آن را از رقبای خود متمایز می کند. 
 معرفی قهوه روبوستا اوگاندا 
 اوگاندا در شرق آفریقا و در منطقه ای قرار دارد که شرایط ایده آلی برای کشت قهوه روبوستا فراهم"
Bunas,قهوه روبوستا جاوا اندونزی,Indonesia,,Medium,Whole bean,250.0,898000,359200.0,,True,قهوه اسپرسو; قهوه تک خاستگاه; قهوه رُست شده; قهوه روبوستا; قهوه کامرشیال,https://bunas.ir/product/java-robusta/,"معرفی قهوه روبوستا جاوا 
 قهوه روبوستا جاوا یکی از خاص‌ترین و پرطرفدارترین   انواع قهوه روبوستا   در جهان است که از جزیره جاوه اندونزی می‌آید. این قهوه برخلاف تصور عمومی که روبوستا را فقط تلخ و بی کیفیت می‌داند، طعمی پیچیده، بادی سنگین و رایحه ای خاکی و تند دارد. برای کسانی که به دنبال یک قهوه پرانرژی با کافئین بالا و مقرون به صرفه هستند، روبوستا جاوا یک انتخاب عالی است. 
   
 مشخصات قهوه روبوستا "
Bunas,قهوه بدون کافئین کلمبیا,Colombia,,,Whole bean,250.0,2013000,805200.0,,True,قهوه اسپرسو; قهوه بدون کافئین (دیکف); قهوه تک خاستگاه; قهوه دمی; قهوه فرانسه,https://bunas.ir/product/colombia-decaf/,"خرید قهوه بدون کافئین کلمبیا 
 قهوه بدون کافئین کلمبیا، یک نوع از قهوه های بدون کافئین است که از دانه‌های قهوه عربیکا کشور کلمبیا تولید می‌شود. کلمبیا یکی از کشورهای برجسته در تولید قهوه در جهان است و قهوه‌هایی با کیفیت بالا و طعم منحصر به فرد در این کشور تولید می‌شوند. 
 
   
 
   قهوه بدون کافئین  کلمبیا   ابتدا با انتخاب دانه‌های قهوه با مقدار کافئین کمتر و کافئین زدایی از دانه های قهوه عربیکا "
Bunas,قهوه عربیکا هندوراس,Honduras,,,Whole bean,250.0,1592000,636800.0,,True,قهوه اسپرسو; قهوه تک خاستگاه; قهوه دمی; قهوه رُست شده; قهوه عربیکا; قهوه فرانسه,https://bunas.ir/product/honduras-arabica/,"خرید قهوه عربیکا هندوراس 
 شاید برای بسیاری از مردم تعجب آور باشد که کشور هندوراس ششمین تولیدکننده برتر   قهوه عربیکا   در جهان است. طبق گزارش سازمان بین المللی قهوه، این کشور سالانه 350000 تن قهوه تولید می کند که این کشور را به بزرگترین کشور تولید کننده قهوه در آمریکای مرکزی تبدیل می کند. 
 ارتفاع رشد قهوه در هندوراس بین 1300 تا 1650 متر بالاتر از سطح دریا است و گونه قهوه آن عربیکا می‌باشد. دوره "
Bunas,قهوه اسپشیالیتی کنیا AAA,Kenya,,,Whole bean,250.0,2011000,804400.0,,True,قهوه اسپشیالیتی و تخصصی; قهوه اسپرسو; قهوه تک خاستگاه; قهوه دمی; قهوه رُست شده; قهوه فرانسه,https://bunas.ir/product/kenya-coffee-aaa/,"خرید قهوه اسپشیالیتی کنیا AAA 
 کنیا، کشوری در شرق آفریقا، به یکی از مناطق مهم پرورش   قهوه اسپشیالیتی   تبدیل شده است. این کشور با تنوع زمین‌های کشاورزی، ارتفاعات متنوع و تنوع اب و هوایی و اقلیمی، دارای شرایط مناسبی برای کاشت دانه‌های قهوه تخصصی با کیفیت بالا می‌باشد. 
 
   
 
  
 قهوه اسپشیالیتی کنیا AAA با ویژگی‌های خاص خود از جمله طعم آجیلی مرکباتی و رایحه بی نظیر میوه ای گلی، جاذبه‌های جدیدی "
Bunas,قهوه عربیکا ریو میناس برزیل,Brazil,,Medium,Whole bean,250.0,1213000,485200.0,,True,قهوه اسپرسو; قهوه تک خاستگاه; قهوه دمی; قهوه رُست شده; قهوه عربیکا; قهوه فرانسه; قهوه کامرشیال,https://bunas.ir/product/riominas-brazilian-arabica/,"خرید قهوه عربیکا ریو میناس برزیل 
 برزیل علاوه بر این که بزرگترین صادر کننده قهوه جهان است، دومین بازار مصرف قهوه جهان را نیز در اختیار دارد. دانه های قهوه عربیکا ریو میناس و سانتوس بهترین دانه های قهوه تولیدی برزیل محسوب می شوند. گیاهان   قهوه عربیکا   برزیل کاملاً ظریف هستند و به هرس مناسب و توجه مداوم به عوامل محیطی نیاز دارند. 
 ما به شما پیشنهاد می کنیم برای خرید قهوه عربیکا با طعم های دلخواه"
Bunas,قهوه اسپشیالیتی هویلا کلمبیا,Colombia,,,Whole bean,250.0,2046000,818400.0,,True,قهوه اسپرسو; قهوه اسپشیالیتی و تخصصی; قهوه تک خاستگاه; قهوه دمی; قهوه رُست شده; قهوه فرانسه,https://bunas.ir/product/speciality-huila/,"خرید قهوه هویلا کلمبیا: مشخصات و قیمت 
 به دنبال تجربه ای اصیل از کشور کلمبیا هستید؟  قهوه کلمبیا هویلا اسپشیالیتی  بوناس، یک انتخاب بی نظیر برای علاقه مندان به   قهوه های تک خاستگاه   است. این محصول که از بهترین دانه های عربیکا در منطقه معروف هویلا دستچین شده است، تجربه ای غنی از طعم و عطر را ارائه میدهد. ما در بوناس این قهوه اسپشیالیالیتی را با دقت و به صورت تازه رست میکنیم تا بالاترین کیفیت را "
Bunas,قهوه اسپشیالیتی هانی چالا اتیوپی,Ethiopia,Honey,,Whole bean,250.0,2080000,832000.0,,True,قهوه اسپرسو; قهوه اسپشیالیتی و تخصصی; قهوه تک خاستگاه; قهوه دمی; قهوه رُست شده; قهوه فرانسه,https://bunas.ir/product/honey-speciality/,"خرید قهوه اسپشیالیتی هانی چالا اتیوپی 
 ما مشتاقیم که یک قهوه عالی دیگر از کشور اتیوپی را به شما معرفی کنیم، این بار قهوه اسپشیالیتی هانی چالا اتیوپی که به خاطر طعم غنی و میوه ای خود مشهور است! هانی چالا یک   قهوه اسپشیالیتی   است که از نواحی مختلف اتیوپی، به ویژه مناطق سیدامو و گیدا فاشا واقع در ارتفاعات بلند این کشور به دست می‌آید. ارتفاعات بلند اتیوپی، خاک و شرایط اقلیمی مناسبی برای رشد گیاهان "
Bunas,قهوه روبوستا برزیل,Brazil,,,Whole bean,250.0,898000,359200.0,,True,قهوه اسپرسو; قهوه تک خاستگاه; قهوه رُست شده; قهوه روبوستا; قهوه کامرشیال,https://bunas.ir/product/brazilian-robusta/,"خرید قهوه روبوستا برزیل؛   انرژی خالص با طعم اصیل  
  قهوه روبوستا برزیل یکی از محبوب ترین و پرفروش ترین دانه های قهوه در جهان و البته در فروشگاه قهوه بوناس است.  اگر به دنبال یک فنجان اسپرسو با کرمای جذاب، غلظت بالا و کافئین قدرتمند هستید که خستگی را به طور کامل از تن شما بیرون کند، دانه قهوه روبوستا برزیل دقیقا همان چیزی است که نیاز دارید. برزیل به عنوان بزرگ ترین تولید کننده قهوه در جهان، شرایط"
Bunas,قهوه روبوستا ویتنام,Vietnam,,Medium,Whole bean,250.0,686000,274400.0,,True,قهوه اسپرسو; قهوه تک خاستگاه; قهوه رُست شده; قهوه روبوستا; قهوه کامرشیال,https://bunas.ir/product/vietnam-robusta/,"معرفی قهوه روبوستا ویتنام 
 روبوستا (Coffea canephora) دومین گونه تجاری قهوه بعد از عربیکا است. ویتنام با آب و هوای گرم و مرطوب و ارتفاع مناسب (500 تا 800 متر) شرایط ایده آلی برای کشت روبوستا دارد. دانه های روبوستا ویتنام معمولا درشت تر و مقاوم تر بوده و کافئین بیشتری نسبت به عربیکا دارند. طعم آن ها قوی، خاکی، با نت های شکلات تیره و فندق است و اسیدیته پایینی دارند. 
 اگر به دنبال یک قهوه پر انرژی "
Bunas,قهوه گلد برزیل,Brazil,,,,250.0,1475000,590000.0,,True,قهوه فوری; قهوه گلد,https://bunas.ir/product/gold-brazilian-instant/,"خرید قهوه گلد برزیل 
 قهوه گلد برزیل نوعی   قهوه فوری   است که به دلیل کیفیت بالا و عطر و طعم مطلوب خود شناخته می‌شود. این قهوه گلد از دانه‌های قهوه برزیلی با کیفیت بالا تهیه می‌شود و فرآیند خاصی را طی می‌کند تا به صورت قهوه فوری تبدیل شود. 
 قهوه گلد برزیل یک قهوه با طعم تلخ یکنواخت و ملایم است که البته نا گفته نماند میزان تلخی آن بستگی به میزان پودر قهوه ای دارد که در آب جوش میریزید ، همچین قهوه"
Bunas,پودر اسپرسو فوری ویتنام,Vietnam,,,Ground,250.0,1220000,488000.0,,True,اسپرسو فوری; قهوه فوری,https://bunas.ir/product/vietnam-instant/,"خرید پودر قهوه اسپرسو فوری ویتنام 
 پودر قهوه اسپرسو فوری ویتنام یکی از محبوب‌ترین انواع   قهوه‌ فوری   است که به خاطر کیفیت بالا و طعم منحصر به فردش شناخته می‌شود. پودر اسپرسو فوری ویتنام با استفاده از روش اسپری درای تولید می‌شود که یکی از پیشرفته‌ترین روش‌های تولید قهوه فوری است. در این روش، قهوه تازه تهیه شده و سپس با استفاده از فناوری پیشرفته، به صورت قطرات ریز در هوا اسپری می‌شود و در اثر حرا"
Bunas,قهوه روبوستا اندونزی EK,Indonesia,,Medium,Whole bean,250.0,867000,346800.0,,True,قهوه اسپرسو; قهوه تک خاستگاه; قهوه رُست شده; قهوه روبوستا; قهوه کامرشیال,https://bunas.ir/product/ek-indonesia-robusta/,"خرید قهوه روبوستا اندونزی EK 
   قهوه   روبوستا   اندونزی EK یکی از محبوب‌ترین و پرمصرف‌ترین قهوه‌های روبوستا در ایران محسوب می‌شود. اندونزی علاوه بر داشتن جزیره‌های فراوان، به تولید قهوه نیز شهرت دارد و مقام چهارم صادرات قهوه، بخصوص نژاد روبوستا، را داراست. با این حال، نسبت به سایر همتایان خود از اقبال کمتری برخوردار است. این مسئله به دلیل محدودیت مساحت مزارع قهوه در این کشور است که در مقایسه با "
Xav Coffee Factory,Indonesia Pegasing,Indonesia,Natural,,Whole bean,150.0,1515000,1010000.0,,True,A Series,https://xav.coffee/product/indonesia-pegasing/,"مناسب برای اسپرسو٬ دم‌آوری و قهوه‌آزمایی  
  کشور: اندونزی  
  منطقه کشت:    پانتان موسارا، پگاسینگ  
  رقم: آ  تنگ، سیگارار اوتانگ  
  ارتفاع از سطح دریا: ۱۵۰۰ &#8211; ۱۷۰۰ متر از سطح دریا   
  نام مزرعه:   ایستگاه شستشوی پگاسینگ  
  روش فرآوری:    طبیعی با تخمیر بدون اکسیژن  
  
 &nbsp;"
Xav Coffee Factory,Yemen Attarah,Yemen,Natural,,Whole bean,80.0,,,,False,X Series,https://xav.coffee/product/yemen-attarah/,"مناسب برای دم‌آوری و قهوه‌آزمایی 
 کشور: یمن 
 منطقه کشت: بخش غربی منطقه حراز 
 رقم: اوداینی 
 ارتفاع از سطح دریا: ۲۱۰۰ متر از سطح دریا 
 نام مزرعه: عطاره 
 روش فرآوری: طبیعی با تخمیر بدون اکسیژن 
 سال برداشت: ۲۰۲۵"
Xav Coffee Factory,Colombia Las Margaritas,Colombia,Natural,,Whole bean,80.0,3500000,4375000.0,,True,X Series,https://xav.coffee/product/las-margaritas-natural/,"مناسب برای دم‌آوری و قهوه‌آزمایی 
 کشور: کلمبیا 
 منطقه کشت: دره کائوکا٬ کایسدونیا 
 رقم: گشا 
 ارتفاع از سطح دریا: ۱۵۷۰ &#8211; ۱۶۷۰ متر از سطح دریا 
 نام مزرعه: گرانجا لااسپرانزا &#8211; لاس مارگاریتاس 
 روش فرآوری: طبیعی با ۷۲ ساعت تخمیر 
 سال برداشت: ۲۰۲۵"
Xav Coffee Factory,Ethiopia Uraga,Ethiopia,Natural,,Whole bean,150.0,1485000,990000.0,,True,A Series,https://xav.coffee/product/ethiopia-guji-uraga-natural/,"مناسب برای اسپرسو٬ دم‌آوری و قهوه‌آزمایی  
  کشور: اتیوپی  
  منطقه کشت: گوجی، اوراگا  
  رقم:   خود رو   
   روش فرآوری: طبیعی با تخمیر بدون اکسیژن   
  ارتفاع از سطح دریا:   ۲۰۰۰ &#8211; ۲۲۰۰   متر از سطح دریا  
  طعم‌یادها: لیمو، کارامل، زردآلو، جوزهندی  
  نام مزرعه: خرده مالکان مزارع منطقه   
  سال برداشت:   ۲۰۲۵"
Xav Coffee Factory,Colombia Lemon Guava,Colombia,Washed,,Whole bean,150.0,1350000,900000.0,,False,A Series,https://xav.coffee/product/colombia-lemon-guava/,"مناسب برای اسپرسو٬ دم‌آوری و قهوه‌آزمایی  
  کشور:   کلمبیا  
  منطقه کشت: پیندامو٬ کائوکا  
  رقم:   کاستیو  
   روش فرآوری: شسته شده با تخمیر بدون اکسیژن  
  ارتفاع از سطح دریا:   ۱۹۵۰   متر از سطح دریا  
  طعم‌یادها: مربای گل٬ هلو٬ میوه‌های استوایی  
  نام مزرعه: ال‌پارایسو ۹۲  
  سال برداشت:   ۲۰۲۵"
Xav Coffee Factory,Kenya Thunguri,Kenya,Natural,,Whole bean,150.0,1615000,1076667.0,,True,A Series,https://xav.coffee/product/kenya-thunguri/,"مناسب برای اسپرسو٬ دم‌آوری و قهوه‌آزمایی  
  کشور:   کنیا  
  منطقه کشت: نایری٬ کاراتینا  
  رقم:   SL28 – SL 34  
   روش فرآوری: طبیعی  
  ارتفاع از سطح دریا:   ۱۶۰۰ &#8211; ۱۸۰۰   متر از سطح دریا  
  طعم‌یادها: شکر قهوه‌ای٬ مویز٬ فندق٬ ادویه‌ای  
  نام مزرعه: تونگوری  
  سال برداشت:   ۲۰۲۵"
Xav Coffee Factory,Tanzania Gaia,Tanzania,Natural,,Whole bean,150.0,1470000,980000.0,,False,A Series,https://xav.coffee/product/tanzania-gaia/,"مناسب برای اسپرسو٬ دم‌آوری و قهوه‌آزمایی  
  کشور:   تانزانیا  
  منطقه کشت: انگورونگورو کراتر   
  رقم: گشا  
  ارتفاع از سطح دریا:   ۱۶۲۰ &#8211; ۱۸۵۰   متر از سطح دریا  
  نام مزرعه: گایا  
  روش فرآوری: طبیعی  
  سال برداشت:   ۲۰۲۵"
Xav Coffee Factory,Indonesia Java,Indonesia,Natural,,Whole bean,150.0,1140000,760000.0,,False,V Series,https://xav.coffee/product/indonesia-java/,"مناسب برای اسپرسو٬ دم‌آوری و قهوه‌آزمایی  
  کشور: اندونزی  
  منطقه کشت:    باندونگ٬ غرب جاوا   
  رقم: آ  تنگ  
  ارتفاع از سطح دریا: ۱۴۰۰ &#8211; ۱۷۰۰ متر از سطح دریا   
  نام مزرعه:   ایستگاه شستشوی سادایانا  
  روش فرآوری:    تخمیر طولانی٬ طبیعی  
  سال برداشت: ۲۰۲۵"
Xav Coffee Factory,Colombia Cauca,Colombia,Washed,,Whole bean,150.0,1095000,730000.0,,True,V Series,https://xav.coffee/product/colombia-cauca/,"مناسب برای اسپرسو٬ دم‌آوری و قهوه‌آزمایی  
  کشور: کلمبیا   
  منطقه کشت:   دره کائوکا   
  رقم:   کاستیو   
  ارتفاع از سطح دریا: ۱۴۵۰ &#8211; ۱۷۵۰ متر از سطح دریا  
  نام مزرعه: مزرعه داران خرد محلی  
  روش فرآوری: شسته شده  
  سال برداشت: ۲۰۲۵"
Xav Coffee Factory,Ethiopia Hambela,Ethiopia,Natural,,Whole bean,150.0,1005000,670000.0,,True,V Series,https://xav.coffee/product/ethiopia-hambela/,"مناسب برای اسپرسو٬ دم‌آوری و قهوه‌آزمایی   مناسب برای اسپرسو٬ دم‌آوری و قهوه‌آزمایی 
   
  کشور: اتیوپی  
  منطقه کشت: اورومیا٬ گوجی  
  رقم: خود رو  
  ارتفاع از سطح دریا: ۲۰۷۵ متر از سطح دریا  
  نام مزرعه: مزرعه داران کوچک محلی  
  روش فرآوری: طبیعی  
  سال برداشت: ۲۰۲۴"
Xav Coffee Factory,Colombia Buesaco,Colombia,Natural,,Whole bean,150.0,1415000,943333.0,,True,V Series,https://xav.coffee/product/colombia-buesaco/,"مناسب برای اسپرسو٬ دم‌آوری و قهوه‌آزمایی   مناسب برای اسپرسو٬ دم‌آوری و قهوه‌آزمایی 
   
  کشور: کلمبیا  
  منطقه کشت: نارینو  
  رقم: کاستیو٬ کاتورا  
  ارتفاع از سطح دریا: ۱۷۰۰ &#8211; ۱۹۰۰متر از سطح دریا  
  نام مزرعه: مزارع خرد منطقه  
  روش فرآوری: طبیعی  
  سال برداشت: ۲۰۲۴"
Xav Coffee Factory,Colombia Hermoso Pink Hydro,Colombia,Honey,,Whole bean,80.0,1900000,2375000.0,,False,X Series,https://xav.coffee/product/colombia-hermoso-pink-hydro/,"مناسب برای دم‌آوری و قهوه‌آزمایی  
  کشور: کلمبیا   
  منطقه کشت: کویندیو، سیرکاسیا  
  رقم: بوربون صورتی  
  ارتفاع از سطح دریا: ۱۶۵۰ &#8211; ۱۷۵۰ متر از سطح دریا  
  نام مزرعه: مزرعه کامپو ارموسو  
  روش فرآوری: عسلی همراه با دی‌اکسید کربن+  
  سال برداشت: ۲۰۲۵"
Xav Coffee Factory,Colombia Hermoso Sidra Lactic,Colombia,Honey,,Whole bean,80.0,1900000,2375000.0,,True,X Series,https://xav.coffee/product/colombia-hermoso-sidra-lactic/,"مناسب برای اسپرسو٬ دم‌آوری و قهوه‌آزمایی  
  کشور: کلمبیا  
  منطقه کشت:   کویندیو، سیرکاسیا   
  رقم: سیدرا  
  ارتفاع از سطح دریا: ۱۶۵۰ &#8211; ۱۷۵۰ متر از سطح دریا  
  نام مزرعه: مزرعه کامپو ارموسو  
  روش فرآوری:   عسلی همراه با دی‌اکسید کربن+    
  سال برداشت: ۲۰۲۵"
Xav Coffee Factory,Nicaragua Los Alpes Bethania,Nicaragua,Natural,,Whole bean,150.0,945000,630000.0,,False,A Series,https://xav.coffee/product/nicaragua-los-alpes-bethania/,"مناسب برای اسپرسو، دم‌آوری و قهوه‌آزمایی  
  کشور: نیکاراگوئه  
  منطقه کشت: نوئوا سگوویا، دی‌پیلتو  
  رقم:   کاتوآی قرمز  
  ارتفاع از سطح دریا:   ۱۴۰۰ &#8211; ۱۶۰۰ متر از سطح دریا    
  نام مزرعه: مزرعه قهوه بتانیا   
  روش فرآوری:   طبیعی بدون اکسیژن    
  سال برداشت: ۲۰۲۴"
Xav Coffee Factory,Colombia Rafael Aya,Colombia,Washed,,Whole bean,150.0,1065000,710000.0,,False,A Series,https://xav.coffee/product/colombia-rafael-aya/,"مناسب برای اسپرسو، دم‌آوری و قهوه‌آزمایی  
  کشور: کلمبیا  
  منطقه کشت: هویلا، تیمانا   
  رقم: بوربون صورتی  
  ارتفاع از سطح دریا: ۱۷۵۰ متر از سطح دریا  
  نام مزرعه: مزرعه قهوه ویرجینیا، رافائل آیا مارتینز  
  روش فرآوری: نیمه شسته  
  سال برداشت: ۲۰۲۵"
Xav Coffee Factory,Ethiopia Bensa,Ethiopia,Natural,,Whole bean,150.0,520000,346667.0,,False,V Series,https://xav.coffee/product/ethiopia-bensa/,"مناسب برای اسپرسو، دم‌آوری و قهوه‌آزمایی  
  کشور: اتیوپی  
  منطقه کشت: بنسا، سیداما  
  رقم: خود رو  
  ارتفاع از سطح دریا: ۱۹۰۰ &#8211; ۲۱۰۰ متر از سطح دریا  
  نام مزرعه: مزرعه‌داران کوچک منطقه  
  روش فرآوری: طبیعی  
  سال برداشت: ۲۰۲۴"
Xav Coffee Factory,Honduras El Naranjo,Honduras,Natural,,Whole bean,150.0,1220000,813333.0,,True,V Series,https://xav.coffee/product/honduras-el-naranjo/,"مناسب برای اسپرسو٬ دم‌آوری و قهوه‌آزمایی  
  کشور: هندوراس  
  منطقه کشت: ماکالا، لا پاز   
  رقم: کاتوآی  
  ارتفاع از سطح دریا: ۱۳۱۵ متر از سطح دریا  
  نام مزرعه: ال نارانخو  
  روش فرآوری: طبیعی  
  سال برداشت: ۲۰۲۴"
Xav Coffee Factory,Colombia La Cuevita,Colombia,Natural,,Whole bean,150.0,1000000,666667.0,,False,A Series,https://xav.coffee/product/colombia-la-cuevita/,"مناسب برای اسپرسو، دم‌آوری و قهوه‌آزمایی  
  کشور: کلمبیا   
  منطقه کشت: نارینو  
  رقم: کلمبیا، کاتورا، کاستیو  
  ارتفاع از سطح دریا: ۱۹۰۰ &#8211; ۲۰۵۰ متر از سطح دریا  
  نام مزرعه: آلتو دلاس استرلاس  
  روش فرآوری: طبیعی بدون اکسیژن  
  سال برداشت: ۲۰۲۴"
Xav Coffee Factory,Colombia Buenavista,Colombia,Natural,,Whole bean,150.0,880000,586667.0,,False,A Series,https://xav.coffee/product/colombia-buenavista/,"مناسب برای اسپرسو، دم‌آوری و قهوه‌آزمایی  
  کشور: کلمبیا  
  منطقه کشت: هویلا  
  رقم: کاستیو  
  ارتفاع از سطح دریا: ۱۷۰۰ متر از سطح دریا  
  نام مزرعه: بوناویستا، ادوین زامبرانو  
  روش فرآوری: طبیعی  
  سال برداشت: ۲۰۲۵"
Xav Coffee Factory,Costa Rica El Liano,Costa Rica,Natural,,Whole bean,80.0,1400000,1750000.0,,False,X Series,https://xav.coffee/product/costa-rica-el-liano/,"مناسب برای دم‌آوری و قهوه‌آزمایی  
  کشور: کاستاریکا  
  منطقه کشت: تارازو، سن لورنزو  
  رقم: بوربون زرد  
  ارتفاع از سطح دریا: ۱۵۰۰ متر از سطح دریا  
  نام مزرعه: قهوه دوگا، ال لیانو  
  روش فرآوری: طبیعی، تخمیر همراه با کربن‌ دی‌اکسید  
  سال برداشت: ۲۰۲۴"
Xav Coffee Factory,Bolivia Los Rodriguez,Bolivia,Natural,,Whole bean,80.0,2400000,3000000.0,,False,X Series,https://xav.coffee/product/bolivia-los-rodriguez/,"مناسب برای دم‌آوری و قهوه‌آزمایی  
  کشور: بولیوی  
  منطقه کشت:   کاراناوی، لاپاز  
  رقم: گشا  
  ارتفاع از سطح دریا: ۱۲۸۰ متر از سطح دریا  
  نام مزرعه: مزارع قهوه رودریگز، مزرعه فرساس  
  روش فرآوری: طبیعی با تخمیر لاکتیکی  
  سال برداشت: ۲۰۲۴"
Xav Coffee Factory,Ethiopia Elto Gango,Ethiopia,Natural,,Whole bean,80.0,770000,962500.0,,False,X Series,https://xav.coffee/product/ethiopia-elto-gango/,"مناسب برای دم‌آوری و قهوه‌آزمایی  
  کشور: اتیوپی  
  منطقه کشت: روستای گانگو٬ بنسا٬ سیداما  
  رقم: ۷۴۱۵۸  
 ارتفاع از سطح دریا: ۲۳۰۰ متر از سطح دریا 
 نام مزرعه: مزرعه قهوه التو 
 روش فرآوری: طبیعی ۹۶ ساعت بدون اکسیژن 
 سال برداشت: ۲۰۲۳"
Xav Coffee Factory,Colombia Inmaculada Signature Gesha,Colombia,Natural,,Whole bean,80.0,1590000,1987500.0,,False,X Series,https://xav.coffee/product/colombia-inmaculada-signature-gesha/,"مناسب برای دم‌آوری و قهوه‌آزمایی  
  کشور: کلمبیا  
  منطقه کشت: پیچیند٬ دره‌ی کائوکا  
  رقم: گشا  
 ارتفاع از سطح دریا: ۱۷۰۰ &#8211; ۱۹۰۰ متر از سطح دریا 
 نام مزرعه: جولیان هالگین راموس٬ مزرعه قهوه ایماکولادا 
 روش فرآوری: طبیعی 
 سال برداشت: ۲۰۲۳"
Xav Coffee Factory,Colombia Granja Cerro Azul,Colombia,Washed,,Whole bean,80.0,1590000,1987500.0,,False,X Series,https://xav.coffee/product/colombia-granja-cerro-azul/,"مناسب برای دم‌آوری و قهوه‌آزمایی  
  کشور: کلمبیا  
  منطقه کشت: دره‌ی کائوکا  
  رقم: گشا  
 ارتفاع از سطح دریا: ۱۷۰۰ &#8211; ۲۰۰۰ متر از سطح دریا 
 نام مزرعه: مزرعه گرانجا لاسپرانزا 
 روش فرآوری: شسته شده ابداعی 
 سال برداشت: ۲۰۲۳"
Xav Coffee Factory,Panama Savage Spectrum,Panama,Natural,,Whole bean,80.0,1550000,1937500.0,,False,X Series,https://xav.coffee/product/panama-savage-spectrum/,"مناسب برای دم‌آوری و قهوه‌آزمایی  
  کشور: پاناما  
  منطقه کشت: بوکه٬ چیریکی  
  رقم: گشا  
 ارتفاع از سطح دریا: ۱۷۰۰ &#8211; ۱۸۰۰ متر از سطح دریا 
 تولیدکننده: قهوه سوج 
 روش فرآوری:  شسته شده همراه با دی‌اکسید کربن  
 سال برداشت: ۲۰۲۳"
Xav Coffee Factory,Colombia Granja Potosi,Colombia,Natural,,Whole bean,80.0,1240000,1550000.0,,False,X Series,https://xav.coffee/product/colombia-granja-potosi/,"مناسب برای دم‌آوری و قهوه‌آزمایی  
  کشور: کلمبیا  
  منطقه کشت: کایسدونیا٬ دره‌ی کائوکا  
  رقم: بوربون صورتی  
 ارتفاع از سطح دریا: ۱۵۰۰ &#8211; ۲۰۰۰ متر از سطح دریا 
 نام مزرعه: مزرعه قهوه گرانجا لاسپرانزا 
 روش فرآوری: طبیعی بدون اکسیژن 
 سال برداشت: ۲۰۲۳"
Xav Coffee Factory,Colombia Inmaculada Fellows Farms,Colombia,Natural,,Whole bean,150.0,790000,526667.0,,False,A Series,https://xav.coffee/product/colombia-inmaculada-fellows-farms/,"مناسب برای:  اسپرسو | دم‌آوری  
 کشور:  کلمبیا  
 منطقه کشت:  دره‌ کائوکا  
 رقم:  بوربون صورتی، کاستیلو  
 ارتفاع از سطح دریا:  ۱۷۰۰ &#8211; ۱۹۰۰ متر  
 نام مزرعه:  مزارع فلو، ایماکولادا  
 روش فرآوری:  طبیعی بدون اکسیژن  
 سال برداشت:  ۲۰۲۳"
Xav Coffee Factory,Guatemala Pampojila,Guatemala,Washed,,Whole bean,150.0,595000,396667.0,,False,A Series,https://xav.coffee/product/guatemala-pampojila/,"مناسب برای:  اسپرسو | دم‌آوری  
 کشور:  گواتمالا   
 منطقه کشت:  آتیتلان  
 رقم:  بوربون، کاتورا  
 ارتفاع از سطح دریا:  ۱۵۰۰ &#8211; ۱۷۵۰ متر  
 نام مزرعه:  الکس هررا، پائول روداس  
 روش فرآوری:  شسته شده  
 سال برداشت:  ۲۰۲۳"
Xav Coffee Factory,Ethiopia Benti Nenka,Ethiopia,Natural,,Whole bean,150.0,985000,656667.0,,False,A Series,https://xav.coffee/product/ethiopia-benti-nenka/,"مناسب برای:  اسپرسو | دم‌آوری   
 کشور:  اتیوپی  
 منطقه کشت:  هامبلا، روستای بنتی ننکا  
 رقم:  کورومه٬ ۷۴۱۱۲  
 ارتفاع از سطح دریا:  ۱۹۵۰ &#8211; ۲۳۰۰ متر  
 نام مزرعه:  مزرعه‌داران خرد محلی  
 روش فرآوری:  طبیعی بدون اکسیژن  
 سال برداشت:  ۲۰۲۳"
Xav Coffee Factory,Ethiopia Ana Sora,Ethiopia,Natural,,Whole bean,150.0,350000,233333.0,,False,V Series,https://xav.coffee/product/ethiopia-ana-sora/,"مناسب برای:  اسپرسو | دم‌آوری  
 کشور:  اتیوپی  
 منطقه کشت:  گوجی  
 رقم:  خودرو  
 ارتفاع از سطح دریا:  ۲۳۵۰ متر  
 نام مزرعه:  آناسورا  
 روش فرآوری:  طبیعی  
 سال برداشت:  ۲۰۲۴"
Xav Coffee Factory,‌Brazil Cocapil Canario,Brazil,Natural,,Whole bean,150.0,430000,286667.0,,False,V Series,https://xav.coffee/product/brazil-cocapil-canario/,"مناسب برای:  اسپرسو | دم‌آوری   
 کشور:  برزیل  
 منطقه کشت:  موگیانا، میناس گرایس  
 رقم:  کاتوآی زرد  
 ارتفاع از سطح دریا:  ۹۵۰ &#8211; ۱۱۰۰ متر  
 نام مزرعه:  کوکاپیل  
 روش فرآوری:  طبیعی  
 سال برداشت:  ۲۰۲۴"
Xav Coffee Factory,Panama Kotowa Duncan,Panama,Natural,,Whole bean,150.0,255000,170000.0,,False,V Series,https://xav.coffee/product/panama-kotowa-duncan/,"مناسب برای اسپرسو٬ دم‌آوری و قهوه‌آزمایی  
  کشور: پاناما  
  منطقه کشت: بوکه  
  رقم: کاتورا  
 ارتفاع از سطح دریا: ۱۷۰۰ متر از سطح دریا 
 نام مزرعه: کوتوا دانکن 
 روش فرآوری: طبیعی با خشک‌شدن آهسته 
 سال برداشت: ۲۰۲۳"
Xav Coffee Factory,کاستاریکا میاگروس (۴۰),Costa Rica,,,,,110000,,,False,,https://xav.coffee/product/costarica-milagros-40/,
Xav Coffee Factory,Colombia Tamara,Colombia,Washed,,Whole bean,150.0,260000,173333.0,,False,V Series,https://xav.coffee/product/colombia-tamara/,"مناسب برای اسپرسو٬ دم‌آوری و قهوه‌آزمایی  
  کشور: کلمبیا  
  منطقه کشت: کاساناره٬ دهکده تامارا  
  رقم: کاستیلو  
 ارتفاع از سطح دریا: ۱۴۰۰ متر از سطح دریا 
 نام مزرعه: تامارا 
 روش فرآوری: شسته 
 سال برداشت: ۲۰۲۳"
Xav Coffee Factory,پاناما الیدا پلانو (۴۰),Panama,,,,,665000,,,False,,https://xav.coffee/product/panama-elida-plano40g/,
Xav Coffee Factory,پاناما جانسون (۴۰),Panama,,,,,505000,,,False,,https://xav.coffee/product/panama-janson-40g/,
Xav Coffee Factory,کلمبیا لاناتورا (۴۰),Colombia,,,,,285000,,,False,,https://xav.coffee/product/colombia-lanatura-40g/,
Xav Coffee Factory,Panama Janson,Panama,Natural,,Whole bean,80.0,990000,1237500.0,,False,X Series,https://xav.coffee/product/panama-janson/,"مناسب برای دم‌آوری و قهوه‌آزمایی  
  کشور: پاناما  
  منطقه کشت: آلپس٬ تیزینگال   
  رقم: گشا  
 ارتفاع از سطح دریا: ۱۷۰۰ متر 
 تولیدکننده: قهوه جانسون 
 روش فرآوری:  طبیعی | ۴۸ ساعت تخمیر  
 سال برداشت: ۲۰۲۳"
Xav Coffee Factory,Panama Elida Plano,Panama,,,Whole bean,80.0,1310000,1637500.0,,False,X Series,https://xav.coffee/product/panama-elida-plano/,"مناسب برای دم‌آوری و قهوه‌آزمایی  
  کشور: پاناما  
  منطقه کشت: آتشفشان بارو٬ بوکه   
  رقم: گشا  
 ارتفاع از سطح دریا: ۱۷۰۰ &#8211; ۱۹۵۰ متر 
 تولیدکننده: املاک خانوادگی لاماستوس 
 روش فرآوری:  طبیعی بدون اکسیژن و خشک شدن آهسته  
 سال برداشت: ۲۰۲۳"
Xav Coffee Factory,Colombia La Natura,Colombia,,,Whole bean,80.0,550000,687500.0,,False,X Series,https://xav.coffee/product/colombia-la-natura/,"مناسب برای دم‌آوری و قهوه‌آزمایی  
  کشور: کلمبیا  
  منطقه کشت: سن آگوستین٬ هویلا  
  رقم: ووش ووش  
 ارتفاع از سطح دریا: ۲۲۵۰ متر 
 تولیدکننده: فلیپ اسپینا 
 روش فرآوری: طبیعی بدون اکسیژن 
 سال برداشت: ۲۰۲۳ 
 &nbsp;"
Xav Coffee Factory,کلمبیا سرزا (۴۰),Colombia,,,,,180000,,,False,,https://xav.coffee/product/%da%a9%d9%84%d9%85%d8%a8%db%8c%d8%a7-%d8%b3%d8%b1%d8%b2%d8%a7-%db%b4%db%b0/,
Xav Coffee Factory,اتیوپی هاماشو (۴۰),Ethiopia,,,,,165000,,,False,,https://xav.coffee/product/%d8%a7%d8%aa%db%8c%d9%88%d9%be%db%8c-%d9%87%d8%a7%d9%85%d8%a7%d8%b4%d9%88-%db%b4%db%b0/,
Xav Coffee Factory,اتیوپی دهکده آلو (۴۰),Ethiopia,,,,,310000,,,False,,https://xav.coffee/product/%d8%a7%d8%aa%db%8c%d9%88%d9%be%db%8c-%d8%af%d9%87%da%a9%d8%af%d9%87-%d8%a2%d9%84%d9%88-%db%b4%db%b0/,
Xav Coffee Factory,پاناما دبورا نیروانا (۴۰),Panama,,,,,840000,,,False,,https://xav.coffee/product/%d9%be%d8%a7%d9%86%d8%a7%d9%85%d8%a7-%d8%af%d8%a8%d9%88%d8%b1%d8%a7-%d9%86%db%8c%d8%b1%d9%88%d8%a7%d9%86%d8%a7-%db%b4%db%b0/,
Xav Coffee Factory,کلمبیا ال‌پارایسو ویلتون (۴۰),Colombia,,,,,250000,,,False,,https://xav.coffee/product/%da%a9%d9%84%d9%85%d8%a8%db%8c%d8%a7-%d8%a7%d9%84%d9%be%d8%a7%d8%b1%d8%a7%db%8c%d8%b3%d9%88-%d9%88%db%8c%d9%84%d8%aa%d9%88%d9%86-%db%b4%db%b0/,
Xav Coffee Factory,اتیوپی التو کوکوزه (۴۰),Ethiopia,,,,,190000,,,False,,https://xav.coffee/product/%d8%a7%d8%aa%db%8c%d9%88%d9%be%db%8c-%d8%a7%d9%84%d8%aa%d9%88-%da%a9%d9%88%da%a9%d9%88%d8%b2%d9%87-%db%b4%db%b0/,
Xav Coffee Factory,گواتمالا ال‌کورو (۴۰),Guatemala,,,,,140000,,,False,,https://xav.coffee/product/%da%af%d9%88%d8%a7%d8%aa%d9%85%d8%a7%d9%84%d8%a7-%d8%a7%d9%84%da%a9%d9%88%d8%b1%d9%88-%db%b4%db%b0/,
Xav Coffee Factory,پاناما بنجامین دیانوس (۴۰),Panama,,,,,560000,,,False,,https://xav.coffee/product/%d9%be%d8%a7%d9%86%d8%a7%d9%85%d8%a7-%d8%a8%d9%86%d8%ac%d8%a7%d9%85%db%8c%d9%86-%d8%af%db%8c%d8%a7%d9%86%d9%88%d8%b3-%db%b4%db%b0/,
Xav Coffee Factory,Colombia El Paraiso 92 Wilton,Colombia,,,Whole bean,80.0,480000,600000.0,,False,X Series,https://xav.coffee/product/colombia-el-paraiso-92-wilton/,"مناسب برای دم‌آوری و قهوه‌آزمایی  
  کشور:کلمبیا  
  منطقه کشت: پیندامو٬ کائوکا  
  رقم: بوربون خط‌دار  
 ارتفاع از سطح دریا: ۱۹۰۰ &#8211; ۱۹۵۰ متر 
 تولیدکننده: گرانجا ال‌پارایسو ۹۲ &#8211; ویلتون 
 روش فرآوری:   شسته‌شده با تخمیر مجدد بدون اکسیژن و با شوک حرارتی   
 سال برداشت: ۲۰۲۳ 
 &nbsp;"
Xav Coffee Factory,Panama Deborah Nirvana,Panama,,,Whole bean,80.0,1660000,2075000.0,,False,X Series,https://xav.coffee/product/panama-deborah-nirvana/,"مناسب برای دم‌آوری و قهوه‌آزمایی  
  کشور: پاناما  
  منطقه کشت: چیریکی٬ ولکان  
  رقم: گشا  
 ارتفاع از سطح دریا: ۱۹۵۰ متر 
 تولیدکننده: جمیسون سوج٬ مزرعه دبورا 
 روش فرآوری:  طبیعی بدون اکسیژن، همراه با نیتروژن  
 سال برداشت: ۲۰۲۳"
Xav Coffee Factory,Ethiopia Elto Kokose,Ethiopia,Natural,,Whole bean,150.0,670000,446667.0,,False,A Series,https://xav.coffee/product/ethiopia-elto-kokose/,"مناسب برای اسپرسو٬ دم‌آوری و قهوه‌آزمایی  
  کشور: اتیوپی  
  منطقه کشت: دهکده کوکوزه٬ بنسا٬ سیداما  
  رقم: ۷۴۱۵۸  
 ارتفاع از سطح دریا: ۲۳۰۰ متر 
 تولیدکننده: قهوه التو 
 روش فرآوری: طبیعی 
 سال برداشت: ۲۰۲۳ 
 &nbsp;"
Xav Coffee Factory,Ethiopia Hamasho,Ethiopia,Natural,,Whole bean,150.0,580000,386667.0,,False,A Series,https://xav.coffee/product/ethiopia-hamasho-2/,"&nbsp; 
 &nbsp;    مناسب برای اسپرسو٬ دم‌آوری و قهوه‌آزمایی  
  کشور: اتیوپی  
  منطقه کشت: بنسا٬ سیداما  
  رقم: ۷۴۱۵۸  
 ارتفاع از سطح دریا: ۲۲۳۰ متر 
 تولیدکننده:  آسفا دوکامو کورما٬ دایه بنسا  
 روش فرآوری: طبیعی 
 سال برداشت: ۲۰۲۳"
Xav Coffee Factory,Colombia La Cereza,Colombia,,,Whole bean,150.0,630000,420000.0,,False,A Series,https://xav.coffee/product/colombia-la-cereza/,"مناسب برای اسپرسو٬ دم‌آوری و قهوه‌آزمایی  
  کشور: کلمبیا  
  منطقه کشت: هویلا٬ سن آگوستین  
  رقم: بوربون صورتی  
 ارتفاع از سطح دریا: ۱۸۰۰ &#8211; ۲۲۵۰ متر 
 تولیدکننده:  فلیپ اسپینا  
 روش فرآوری: شسته شده با تخمیر بدون اکسیژن 
 سال برداشت: ۲۰۲۳"
Xav Coffee Factory,Panama Benjamin De Dianous,Panama,,,Whole bean,80.0,1100000,1375000.0,,False,X Series,https://xav.coffee/product/panama-benjamin-de-dianous/,"مناسب برای دم‌آوری و قهوه‌آزمایی  
  کشور: پاناما  
  منطقه کشت: بوکه  
  رقم: گشا  
 ارتفاع از سطح دریا: ۱۴۰۰ &#8211; ۱۵۵۰ متر 
 تولیدکننده: بنجامین دیانوس٬ مزرعه فاتیما 
 روش فرآوری: فرآوری داینامیک گیلاس 
 سال برداشت: ۲۰۲۳"
Xav Coffee Factory,Guatemala El Chorro,Guatemala,,,Whole bean,150.0,470000,313333.0,,False,A Series,https://xav.coffee/product/guatemala-el-chorro/,"مناسب برای اسپرسو٬ دم‌آوری و قهوه‌آزمایی  
  کشور: گواتمالا  
  منطقه کشت: سانتا رزا  
  رقم: کاتورای قرمز  
 ارتفاع از سطح دریا: ۱۳۵۰ متر 
 تولیدکننده:  ماریانو ونتورا، رائول روداس  
 روش فرآوری: طبیعی بدون اکسیژن | ۴۸ ساعت تخمیر 
 سال برداشت: ۲۰۲۳"
Xav Coffee Factory,Ethiopia Alo Village,Ethiopia,Natural,,Whole bean,80.0,600000,750000.0,,False,X Series,https://xav.coffee/product/ethiopia-alo-village-3/,"مناسب برای دم‌آوری و قهوه‌آزمایی  
  کشور: اتیوپی  
  منطقه کشت: دهکده آلو٬ بنسا٬ سیداما  
  رقم: ۷۴۱۵۸  
 ارتفاع از سطح دریا: ۲۴۵۰ متر 
 تولیدکننده: قهوه آلو٬ تامیرو تادسه 
 روش فرآوری:  طبیعی بدون اکسیژن | ۴۸ ساعت تخمیر  
 سال برداشت: ۲۰۲۳"
Xav Coffee Factory,Ethiopia Sidama,Ethiopia,Washed,,Whole bean,150.0,815000,543333.0,,False,V Series,https://xav.coffee/product/ethiopia-sidama/,
Xav Coffee Factory,کلمبیا ال‌دیویزو (۴۰),Colombia,,,,,265000,,,False,,https://xav.coffee/product/colombia-eldiviso-40g/,
Xav Coffee Factory,Colombia El Diviso,Colombia,,,Whole bean,80.0,510000,637500.0,,False,X Series,https://xav.coffee/product/colombia-el-diviso-80g/,
Xav Coffee Factory,Panama Kotowa Mandarina,Panama,Natural,,Whole bean,150.0,200000,133333.0,,False,V Series,https://xav.coffee/product/panama-kotowa-mandarina/,"مناسب     برای     دم‌آوری٬     اسپرسو     و     قهوه‌آزمایی  
  کشور: پاناما  
  منطقه کشت: بوکه  
  رقم: کاتورا  
 ارتفاع: ۱۶۵۰ &#8211; ۱۷۵۰ متر 
 روش‌ فرآوری: طبیعی با خشک‌شدن آهسته 
 سال برداشت: ۲۰۲۲"
Xav Coffee Factory,اتیوپی گایلی (۴۰),Ethiopia,,,,,120000,,,False,,https://xav.coffee/product/gaylee40/,
Xav Coffee Factory,Ethiopia Gaylee,Ethiopia,Natural,,Whole bean,150.0,410000,273333.0,,False,A Series,https://xav.coffee/product/ethiopia-gaylee/,"مناسب برای دم‌آوری٬ اسپرسو و قهوه‌آزمایی  
  کشور: اتیوپی  
  منطقه کشت: دهکده گشا٬ غرب اومو  
  رقم: خود رو جنگل ایلوبابور  
 ارتفاع: ۱۹۱۶-۱۹۸۲ متر 
 تولیدکننده: دهکده گشا 
 روش‌ فرآوری: طبیعی 
 سال برداشت: ۲۰۲۲"
Xav Coffee Factory,کلمبیا لاسپرانزا ناپولن (۴۰),Colombia,,,,,970000,,,False,,https://xav.coffee/product/laesperanza-napolen-40/,
Xav Coffee Factory,اتیوپی دهکده آلو (۴۰),Ethiopia,,,,,250000,,,False,,https://xav.coffee/product/alovillage40/,
Xav Coffee Factory,کنیا کیاوامورورو (۴۰),Kenya,,,,,120000,,,False,,https://xav.coffee/product/kiawamururu40/,
Xav Coffee Factory,کلمبیا لاس مارگاریتاس گرانجا (۴۰),Colombia,,,,,385000,,,False,,https://xav.coffee/product/lasmargaritas-40g/,
Xav Coffee Factory,کاستاریکا ال جاردین (۴۰),Costa Rica,,,,,125000,,,False,,https://xav.coffee/product/el-jardin-costarica-40g/,
Xav Coffee Factory,هندوراس کاسکاریتاس لات ۱۴۱ (۴۰),Honduras,,,,,135000,,,False,,https://xav.coffee/product/honduras-finca-cascaritas-40g/,
Xav Coffee Factory,کنیا ماسیمبا (۴۰),Kenya,,,,,120000,,,False,,https://xav.coffee/product/kenya-masimba-40g/,
Xav Coffee Factory,کلمبیا ال‌پارایسو رزتا (۴۰),Colombia,,,,,170000,,,False,,https://xav.coffee/product/villa-rosetta-40g/,
Xav Coffee Factory,پاناما آبوکافی لات ۷۱ (۴۰),Panama,,,,,380000,,,False,,https://xav.coffee/product/abucoffee-lot71-40g/,
Xav Coffee Factory,کلمبیا ال‌پارایسو دنیل (۴۰),Colombia,,,,,270000,,,False,,https://xav.coffee/product/el-paraiso-daniel-40g/,
Xav Coffee Factory,رواندا فوجی (۴۰),Rwanda,,,,,95000,,,False,,https://xav.coffee/product/rwanda-fuji-40g/,
Xav Coffee Factory,Colombia Geisha Daniel (80g),Colombia,Natural,,Whole bean,80.0,520000,650000.0,,False,X Series,https://xav.coffee/product/colombia-geisha-daniel-80g/,"مناسب برای دم‌آوری و قهوه‌آزمایی  
  کشور: کلمبیا  
  منطقه کشت: پیندامو٬ کائوکا  
  رقم: گشا  
 ارتفاع: ۱۹۶۰ متر 
 تولیدکننده: ال‌پارایسو 
 روش فرآوری: طبیعی همراه با شوک حرارتی تخمیری 
 سال برداشت: ۲۰۲۲"
Xav Coffee Factory,(80g) Panama Abu Coffee lot 71,Panama,Natural,,Whole bean,80.0,740000,925000.0,,False,X Series,https://xav.coffee/product/80g-panama-abu-coffee-lot-71/,"مناسب برای دم‌آوری و قهوه‌آزمایی  
  کشور: پاناما  
  منطقه کشت: کاناس وردس٬ بوکه  
  رقم: گشا  
 ارتفاع: ۱۵۵۰ متر 
 تولیدکننده: مزرعه قهوه آبوکافی 
 روش فرآوری: طبیعی با تخمیر بدون اکسیژن 
 سال برداشت: ۲۰۲۲"
Xav Coffee Factory,Colombia El Paraiso Villa Rosetta (80g),Colombia,Natural,,Whole bean,80.0,320000,400000.0,,False,X Series,https://xav.coffee/product/colombia-el-paraiso-villa-rosita-80g/,"مناسب برای دم‌آوری و قهوه‌آزمایی  
  کشور: کلمبیا  
  منطقه کشت: پیندامو٬ کائوکا  
  رقم: کاستیو  
 ارتفاع: ۱۹۲۰ متر 
 تولیدکننده: مزرعه ال‌پارایسو رزتا 
 روش فرآوری: طبیعی همراه با شوک حرارتی تخمیری 
 سال برداشت: ۲۰۲۲"
Xav Coffee Factory,Kenya Masimba,Kenya,Natural,,Whole bean,150.0,400000,266667.0,,False,A Series,https://xav.coffee/product/kenya-masimba/,"مناسب برای دم‌آوری٬ اسپرسو و قهوه‌آزمایی  
  کشور: کنیا  
  منطقه کشت: کیسی  
  رقم: Sl28 &#8211; SL34 &#8211; باتیان   
 ارتفاع: ۱۷۰۰ متر 
 تولیدکننده: املاک خانوادگی کیانکا 
 روش‌ فرآوری: طبیعی با تخمیر بدون اکسیژن 
 سال برداشت: ۲۰۲۲"
Xav Coffee Factory,Honduras Finca Cascaritas lot 141,Honduras,Natural,,Whole bean,150.0,445000,296667.0,,False,A Series,https://xav.coffee/product/honduras-finca-cascaritas-lot-141/,"مناسب برای دم‌آوری٬ اسپرسو و قهوه‌آزمایی  
  کشور: هندوراس  
  منطقه کشت: سانتا رزا  
  رقم: پاراینما  
 ارتفاع: ۱۳۰۰ متر 
 تولیدکننده: مزرعه‌ی کاسکاریتاس 
 روش‌ فرآوری: طبیعی با تخمیر بدون اکسیژن 
 سال برداشت: ۲۰۲۲"
Xav Coffee Factory,Colombia Las Margaritas Granja (80g),Colombia,Honey,,Whole bean,80.0,750000,937500.0,,False,X Series,https://xav.coffee/product/colombia-las-margaritas-granja/,"مناسب برای دم‌آوری و قهوه‌آزمایی  
  کشور: کلمبیا  
  منطقه کشت: کایسدونیا٬ کائوکا  
  رقم: گشا  
 ارتفاع: ۱۵۷۰-۱۸۵۰ متر 
 تولیدکننده: لاسپرانزا 
 روش‌ فرآوری: عسلی قرمز 
 سال برداشت: ۲۰۲۲"
Xav Coffee Factory,Kenya Kiawamruru,Kenya,Washed,,Whole bean,150.0,400000,266667.0,,False,A Series,https://xav.coffee/product/kenya-kiawamruru/,"مناسب برای دم‌آوری٬ اسپرسو و قهوه‌آزمایی  
  کشور: کنیا  
  منطقه کشت: نیری  
  رقم: Sl28 &#8211; SL34 &#8211; باتیان   
 ارتفاع: ۱۶۰۰-۱۸۰۰ متر 
 تولیدکننده: ایستگاه فرآوری کیاوامورورو 
 روش‌ فرآوری: شسته 
 سال برداشت: ۲۰۲۲"
Xav Coffee Factory,Ethiopia Alo Village (80g),Ethiopia,Natural,,Whole bean,80.0,480000,600000.0,,False,X Series,https://xav.coffee/product/ethiopia-alo-village-2/,"مناسب برای دم‌آوری و قهوه‌آزمایی  
  کشور: اتیوپی  
  منطقه کشت: بنسا٬ سیداما  
  رقم: ۷۴۱۵۸  
 ارتفاع: ۲۴۱۰ متر 
 تولیدکننده: دهکده آلو 
 روش فرآوری: طبیعی با تخمیر بدون اکسیژن و هم‌جواری با کاسکارا 
 سال برداشت: ۲۰۲۲"
Xav Coffee Factory,Brazil Cerrado de Minas,Brazil,Natural,,Whole bean,150.0,170000,113333.0,,False,V Series,https://xav.coffee/product/brazil-cerrado-de-minas/,"مناسب     برای     دم‌آوری٬     اسپرسو     و     قهوه‌آزمایی  
  کشور: برزیل  
  منطقه کشت: سرادو میناس  
  رقم: بوربون زرد  
 ارتفاع: ۸۰۰ &#8211; ۱۲۰۰ متر 
 روش‌ فرآوری: طبیعی 
 سال برداشت: ۲۰۲۲"
Xav Coffee Factory,Colombia La Esperanza Napoleon (80g),Colombia,Natural,,Whole bean,80.0,1920000,2400000.0,,False,X Series,https://xav.coffee/product/colombia-la-esperanza-napoleon/,"مناسب برای دم‌آوری و قهوه‌آزمایی  
  کشور: کلمبیا  
  منطقه کشت: کایسدونیا٬ کائوکا  
  رقم: گشا  
 ارتفاع: ۱۸۵۰ &#8211; ۱۵۷۰ متر 
 تولیدکننده: مزرعه قهوه اسپرانزا &#8211; سرو آزول 
 روش فرآوری: طبیعی با تخمیر بدون اکسیژن 
 سال برداشت: ۲۰۲۲"
Xav Coffee Factory,Peru Huancayo,Peru,Washed,,Whole bean,150.0,210000,140000.0,,False,V Series,https://xav.coffee/product/peru-huancayo/,"مناسب برای دم‌آوری٬ اسپرسو و قهوه‌آزمایی  
  کشور: پرو  
  منطقه کشت: هوآنکایو  
  رقم: تیپیکا، کاتورا  
 ارتفاع: ۹۰۰ تا ۱۸۰۰ متر 
 روش فرآوری: شسته 
 سال برداشت: ۲۰۲۱"
Xav Coffee Factory,اتیوپی دهکده هاماشو (۴۰),Ethiopia,,,,150.0,120000,80000.0,,False,,https://xav.coffee/product/ethiopia-hamasho-village/,
Xav Coffee Factory,اتیوپی دهکده بومبه (۴۰),Ethiopia,,,,,120000,,,False,,https://xav.coffee/product/ethiopia-bombe-village-40g/,
Xav Coffee Factory,کلمبیا لاس اولیووس ال‌دمار(۴۰),Colombia,,,,,140000,,,False,,https://xav.coffee/product/colombia-santa-marta-los-olivos-40g/,
Xav Coffee Factory,کلمبیا لاس کاناس راموس (۴۰),Colombia,,,,,140000,,,False,,https://xav.coffee/product/colombia-santa-marta-las-canas-40g/,
Xav Coffee Factory,پاناما دریما زد (۴۰),Panama,,,,,210000,,,False,,https://xav.coffee/product/panama-drima-zede-candela-40g/,
Xav Coffee Factory,پاناما پارابولیک گشا,Panama,,,,,245000,,,False,,https://xav.coffee/product/panama-parabolic-geisha-40g/,
Xav Coffee Factory,کلمبیا ماندلا ویا (۴۰),Colombia,,,,,280000,,,False,,https://xav.coffee/product/colombia-la-esperanza-mandela-40g/,
Xav Coffee Factory,پاناما ال برو گشا (۴۰),Panama,,,,,350000,,,False,,https://xav.coffee/product/panama-el-burro-geisha-40g/,
Xav Coffee Factory,کلمبیا کاندینامارکا سیدرا (۴۰),Colombia,,,,,410000,,,False,,https://xav.coffee/product/colombia-cundinamarca-sidra-40g/,
Xav Coffee Factory,Panama Drima Zede (80g),Panama,Natural,,Whole bean,80.0,400000,500000.0,,False,X Series,https://xav.coffee/product/panama-drima-zede-candela/,"مناسب برای دم‌آوری و قهوه‌آزمایی  
  کشور: پاناما  
  منطقه کشت: پیدرا کاندلا  
  رقم: ترکیبی از رقم‌های خود رو  
 ارتفاع: ۱۵۵۰ متر 
 تولیدکننده: قهوه ناینتی پلاس 
 روش فرآوری: طبیعی با تخمیر گرم بدون اکسیژن 
 سال برداشت: ۲۰۲۲"
Xav Coffee Factory,Colombia Las Canas Ramos,Colombia,Natural,,Whole bean,150.0,460000,306667.0,,False,A Series,https://xav.coffee/product/colombia-finca-las-canas/,"مناسب برای دم‌آوری٬ اسپرسو و قهوه‌آزمایی  
  کشور: کلمبیا  
  منطقه کشت: سانتا مارتا  
  رقم: کاستیلو٬ کاتورا  
 ارتفاع: ۱۵۲۵ متر 
 تولیدکننده: آلبرتو راموس &#8211; دلاگوآ کافی پارادایز 
 روش فرآوری: طبیعی بی‌هوازی 
 سال برداشت: ۲۰۲۲"
Xav Coffee Factory,Colombia Los Olivos Aldemar,Colombia,Natural,,Whole bean,150.0,460000,306667.0,,False,A Series,https://xav.coffee/product/colombia-delagua-finca-los-olivos/,"مناسب برای دم‌آوری٬ اسپرسو و قهوه‌آزمایی  
  کشور: کلمبیا  
  منطقه کشت: سانتا مارتا  
  رقم: کاستیلو٬ کاتورا  
 ارتفاع: ۱۵۵۰ متر 
 تولیدکننده: آلدمار لوایزا &#8211; دلاگوآ کافی پارادایز 
 روش فرآوری: طبیعی بی‌هوازی 
 سال برداشت: ۲۰۲۲"
Xav Coffee Factory,Colombia Huila,Colombia,Washed,,Whole bean,150.0,205000,136667.0,,False,V Series,https://xav.coffee/product/colombia-huila/,"مناسب برای دم‌آوری٬ اسپرسو و قهوه‌آزمایی  
  کشور: کلمبیا  
  منطقه کشت: هویلا  
  رقم: کاتورا  
 ارتفاع: ۱۵۰۰ تا ۱۹۰۰ متر 
 روش فرآوری: شسته 
 سال برداشت: ۲۰۲۱"
Xav Coffee Factory,Ethiopia Worka Chelbesa Natural,Ethiopia,Natural,,Whole bean,150.0,160000,106667.0,,False,V Series,https://xav.coffee/product/ethiopia-worka-chelbesa-natural/,"مناسب برای دم‌آوری٬ اسپرسو و قهوه‌آزمایی  
  کشور: اتیوپی  
  منطقه کشت: گدب  
  رقم: وولیچو٬ ۷۴۱۴۷ ٬ دگا٬ کورومه  
  تولیدکننده: بیرهانو مولاتو (Birhanu Mulato)  
 ارتفاع: ۱۹۸۰ متر 
 روش فرآوری: طبیعی با تخمیر بی‌هوازی 
 سال برداشت: ۲۰۲۱"
Xav Coffee Factory,Honduras Finca Guayabina,Honduras,Natural,,Whole bean,150.0,135000,90000.0,,False,V Series,https://xav.coffee/product/honduras-finca-guayabina/,"مناسب برای دم‌آوری٬ اسپرسو و قهوه‌آزمایی  
  کشور: هندوراس  
  منطقه کشت: اوکوتپک  
  رقم: پاکاس٬ اوباتا  
 ارتفاع: ۱۲۰۰ &#8211; ۱۲۵۰ متر 
 تولیدکننده: روی الکساندر هرناندز 
 روش فرآوری: طبیعی 
 سال برداشت: ۲۰۲۱"
Xav Coffee Factory,Ethiopia Guji Uraga washed,Ethiopia,Washed,,Whole bean,150.0,190000,126667.0,,False,V Series,https://xav.coffee/product/ethiopia-guji-uraga-washed/,"مناسب برای دم‌آوری٬ اسپرسو و قهوه‌آزمایی  
  کشور: اتیوپی  
  منطقه کشت: اوراگا گوجی  
  رقم: وولیچو &#8211; ۷۴۱۱۰  
 تولیدکننده: میتیکو آلمایهو 
 ارتفاع: ۲۲۰۰ متر 
 روش فرآورری: شسته 
 سال برداشت: ۲۰۲۱"
Xav Coffee Factory,El Salvador Montana,El Salvador,Natural,,Whole bean,150.0,255000,170000.0,,False,V Series,https://xav.coffee/product/el-salvadour-montana-bourbon-natural/,"مناسب برای دم‌آوری٬ اسپرسو و قهوه‌آزمایی  
  کشور: ال‌سالوادور  
  منطقه کشت: دره‌ی لاس نارانخو  
  رقم: بوربون قرمز  
 ارتفاع: ۱۵۰۰ &#8211; ۱۷۵۰ متر 
 تولیدکننده: قهوه موری – خانواده آلوارز 
 روش‌ فرآوری: طبیعی 
 سال برداشت: ۲۰۲۱"
Xav Coffee Factory,Kenya Kiganjo AA,Kenya,Washed,,Whole bean,150.0,300000,200000.0,,False,A Series,https://xav.coffee/product/kenya-kiganjo-aa/,"مناسب برای دم‌آوری٬ اسپرسو و قهوه‌آزمایی  
  کشور: کنیا  
  منطقه کشت: نایری  
  رقم: SL۲۸ &#8211; SL۳۴ &#8211; باتیان &#8211; رویرو۱۱  
 ارتفاع: ۱۶۰۰ &#8211; ۱۸۰۰ متر 
 تولیدکننده: تعاونی روتوما 
 روش فرآوری: شسته 
 سال برداشت: ۲۰۲۱"
Xav Coffee Factory,Colombia Finca Julia,Colombia,Honey,,Whole bean,150.0,270000,180000.0,,False,A Series,https://xav.coffee/product/colombia-finca-julia/,"مناسب برای دم‌آوری٬ اسپرسو و قهوه‌آزمایی  
  کشور: کلمبیا  
  منطقه کشت: تروجیلو٬ دره‌ی کائوکا  
  رقم: کاستیلو  
 ارتفاع: ۱۵۵۰ &#8211; ۱۶۰۰ متر 
 تولیدکننده: نیکولاس اوکامپو مایا 
 روش فرآوری: عسلی با تخمیر بی‌هوازی 
 سال برداشت: ۲۰۲۰"
Xav Coffee Factory,Rwanda Fugi Lactic,Rwanda,Honey,,Whole bean,150.0,1470000,980000.0,,False,A Series,https://xav.coffee/product/rwanda-fugi-lactic/,"مناسب برای دم‌آوری٬ اسپرسو و قهوه‌آزمایی   
  کشور: رواندا  
  منطقه کشت: ناحیه نیاروگورو، استان جنوبی  
  رقم: بوربون قرمز  
 ارتفاع: ۱۵۵۰ &#8211; ۱۸۵۰ متر 
 تولیدکننده: قهوه باهو/ امانوئل روستیرا 
 روش فرآوری: عسلی با تخمیر لاکتیکی 
 سال برداشت: ۲۰۲۱"
Xav Coffee Factory,Costa Rica H17 Natural,Costa Rica,Natural,,Whole bean,150.0,220000,146667.0,,False,A Series,https://xav.coffee/product/costa-rica-h17-natural/,"مناسب برای دم‌آوری٬ اسپرسو و قهوه‌آزمایی  
  کشور: کاستاریکا  
  منطقه کشت: هردیا و آلاجوئلا  
  رقم: هیبرید H17  
 ارتفاع: ۱۵۰۰ &#8211; ۱۷۰۰ متر 
 تولیدکننده: آلجو کاسترو کاله 
 روش فرآوری: طبیعی با تخمیر بی‌هوازی 
 سال برداشت: ۲۰۲۱"
Xav Coffee Factory,Panama Geisha Parabolic,Panama,Natural,,Whole bean,,500000,,,False,X Series,https://xav.coffee/product/panama-geisha-parabolic/,"مناسب برای دم‌آوری٬ اسپرسو و قهوه‌آزمایی  
  کشور: پاناما  
  منطقه کشت: چیریکی  
  رقم: گشا  
 ارتفاع: ۱۹۰۰ متر 
 تولیدکننده: جیمیسون سوج 
 روش‌فرآوری: طبیعی با تخمیر بی‌هوازی 
 سال برداشت: ۲۰۲۱"
Xav Coffee Factory,Colombia Pacamara Giant &#8211; 85g,Colombia,Natural,,Whole bean,85.0,300000,352941.0,,False,X Series,https://xav.coffee/product/thegiant-colombia-pacamara-tolima/,"مناسب برای دم‌آوری اسپرسو و قهوه آزمایی  
  کشور: کلمبیا  
  منطقه کشت: فرسنو تولیما  
  رقم : پاکامارا  
 ارتفاع:۱۴۵۰ متر 
 روش فراوری: بی‌هوازی، طبیعی 
 نمره ارزیابی حسی: ۸۹ 
 رطوبت دانه سبز: ۱۱٪ 
 اندازه رویه دانه: ۲۰+ 
 رایحه: ملون &#8211; میوه هسته دار 
 طعم‌یادها: هلو &#8211; ملون &#8211; موز &#8211; کاکائو"
Xav Coffee Factory,Colombia Gesha Marcela &#8211; 85g,Colombia,Natural,,Whole bean,85.0,450000,529412.0,,False,X Series,https://xav.coffee/product/colombia-gesha-tolima-marcela/,"مناسب برای دم‌آوری و قهوه‌آزمایی  
  کشور: کلمبیا  
  منطقه کشت: فرسنو تولیما  
  زیرگونه (نژاد) : گشا  
 ارتفاع:۱۴۶۰ متر 
 روش فراوری: بی‌هوازی لاکتیک، طبیعی 
 نمره ارزیابی حسی: ۹۰ 
 رطوبت دانه سبز: ۱۱٪ 
 اندازه رویه دانه: ۱۷ 
 رایحه: گلی &#8211; میوه استوایی 
 طعم‌یادها: بلوبری &#8211; شلیل &#8211; پاستیل قرمز &#8211; زردآلو &#8211; بادام کوهی"
Xav Coffee Factory,Ethiopia Heirloom Hambella,Ethiopia,,,Whole bean,150.0,300000,200000.0,,False,V Series,https://xav.coffee/product/ethiopia-heirloom-hambella/,"مناسب برای:  اسپرسو | دم‌آوری  
 کشور:  اتیوپی  
 منطقه کشت:  گوجی  
 نژاد:  خودرو   
 ارتفاع از سطح دریا:  ۱۹۰۰ تا ۲۲۰۰ متر  
 روش فراوری:  طبیعی  
 نمره ارزیابی حسی:  ۸۶  
 رطوبت دانه سبز:  ۱۰.۵٪  
 اندازه رویه دانه:   ~۱۵  
 رایحه:  مرکباتی، میوه‌ قرمز"
Xav Coffee Factory,Brazil Santa Inacia,Brazil,Natural,,Whole bean,150.0,115000,76667.0,,False,V Series,https://xav.coffee/product/brazil-microlot-santa-inacia/,"مناسب برای دم‌آوری اسپرسو و نوشیدنی با شیر  
  کشور: برزیل  
  منطقه کشت: میناس گرایس  
  زیرگونه (نژاد) : موندونوو &#8211; کاتوای زرد  
 ارتفاع: ۹۳۰-۱۴۲۸ متر از سطح دریا 
 روش فرآوری: طبیعی 
 نمره ارزیابی حسی: ۸۴ 
 رطوبت دانه سبز: ۱۱.۵٪ 
 اندازه رویه دانه:  ۱۵ 
 رایحه: ادویه‌ای &#8211; آجیلی 
 طعم‌یادها: پرک بادام &#8211; کوکی جو &#8211; شکلات &#8211; دارچین 
 تولیدکنندگان: سانتا ایناسیا 
 &nbsp;"
Xav Coffee Factory,Colombia Inza Cauca,Colombia,,,,150.0,85000,56667.0,,False,V Series,https://xav.coffee/product/colombia-inza-cauca/,"مناسب برای دم‌آوری اسپرسو و دم‌آوری  
  کشور: کلمبیا  
  منطقه کشت: پوپایان (Popayan)  
  زیرگونه (نژاد) : کاتورا (Caturra)  
 ارتفاع: ۱۵۰۰ تا ۱۸۰۰ متر از سطح دریا 
 روش فرآوری: شسته 
 نمره ارزیابی حسی: ۸۵ 
 رطوبت دانه سبز: ٪ ۱۰.۵ 
 رایحه: میوه‌ای &#8211; آجیلی 
 طعم‌یادها: شکر قهوه‌ای، مرکبات، آلوی پخته 
 تولیدکنندگان:  تولید‌کنندگان منطقه پوپایان  
  کلمبیا، اینزا کائوکا"
Xav Coffee Factory,Ethiopia Limu,Ethiopia,Natural,,Whole bean,150.0,175000,116667.0,,False,V Series,https://xav.coffee/product/ethiopia-landrace-limu/,"مناسب برای دم‌آوری اسپرسو و دم‌آوری  
  کشور: اتیوپی  
  منطقه کشت: بروکا لیمو  
  زیرگونه (نژاد) : خود رو   
 ارتفاع: ۱۹۰۰-۱۸۰۰ متر از سطح دریا 
 روش فراوری: طبیعی 
 نمره ارزیابی حسی: ۸۳ 
 رطوبت دانه سبز: ۱۰.۲٪ 
 اندازه رویه دانه:  ~۱۶ 
 رایحه: ادویه‌ای &#8211; مرکباتی 
 طعم‌یادها: شکرقهوه‌ای &#8211; چای ترش &#8211; آلو &#8211; لیمو"
Xav Coffee Factory,Panama Boquete,Panama,Washed,,Whole bean,150.0,185000,123333.0,,False,V Series,https://xav.coffee/product/panama-caturra-boquete/,"مناسب برای دم‌آوری اسپرسو و دم‌آوری  
  کشور: پاناما  
  منطقه کشت: بوکه &#8211; چیریکی  
  زیرگونه (نژاد) : کاتورا  
 ارتفاع: ۱۶۰۰ متر از سطح دریا 
 روش فراوری: طبیعی 
 نمره ارزیابی حسی: ۸۴ 
 رطوبت دانه سبز: ۱۰.۹٪ 
 اندازه رویه دانه:  ~۱۶ 
 رایحه: مرکباتی &#8211; آجیلی 
 طعم‌یادها: پرتقال &#8211; شکلات &#8211; زردآلو &#8211; فندق"
Rei Coffee Roasters,قهوه اتیوپی آرسی,Ethiopia,,,Whole bean,250.0,1650000,660000.0,,True,قهوه تک خاستگاه,https://rei.coffee/product/%d9%82%d9%87%d9%88%d9%87-%d8%a7%d8%aa%db%8c%d9%88%d9%be%db%8c-%d8%a2%d8%b1%d8%b3%db%8c/,"منطقه : وست آرسی 
 زیرگونه : هیرلوم 
 فرآوری : نچرال 
 ارتفاع : 1900-2050 متر 
 طعم یاد ها : کرم شکلات ، چای ترش ، آلبالو ، توت فرنگی   منطقه : وست آرسی 
 زیرگونه : هیرلوم 
 فرآوری : نچرال 
 ارتفاع : 1900-2050 متر 
 طعم یاد ها : کرم شکلات ، چای ترش ، آلبالو ، توت فرنگی"
Rei Coffee Roasters,قهوه کلمبیا تامارا,Colombia,,,Whole bean,250.0,1650000,660000.0,,True,قهوه تک خاستگاه,https://rei.coffee/product/%d9%82%d9%87%d9%88%d9%87-%da%a9%d9%84%d9%85%d8%a8%db%8c%d8%a7-%d8%aa%d8%a7%d9%85%d8%a7%d8%b1%d8%a7/,"منطقه : تامارا 
 زیرگونه : کاستیلو 
 فرآوری : شسته 
 ارتفاع : 1400 متر 
 طعم یاد ها : فندق ، لیموناد، سیب زرد ، کاکائو   منطقه : تامارا 
 زیرگونه : کاستیلو 
 فرآوری : شسته 
 ارتفاع : 1400 متر 
 طعم یاد ها : فندق ، لیموناد، سیب زرد ، کاکائو"
Rei Coffee Roasters,Instrumental کلمبیا بدون کافئین,Colombia,,,Whole bean,250.0,1980000,792000.0,,True,قهوه تک خاستگاه,https://rei.coffee/product/instrumental-%da%a9%d9%84%d9%85%d8%a8%db%8c%d8%a7-%d8%a8%d8%af%d9%88%d9%86-%da%a9%d8%a7%d9%81%d8%a6%db%8c%d9%86/,"DECAF 
 رفتار این قهوه اصلا شبیه به قهوه های بدون کافئین نیست ، طعم یاد های سیب سبز و ریواس ، محصولی بسیار خوش طعم از این قهوه yellow caturra ساخته است . 
 لاین Instrumental یا بی کلام ری ، تجربه یک فنجان قهوه کم نظیر بدون کافئین را برای شما ایجاد می کند.   DECAF 
 رفتار این قهوه اصلا شبیه به قهوه های بدون کافئین نیست ، طعم یاد های سیب سبز و ریواس ، محصولی بسیار خوش طعم از این قهوه yellow caturra "
MeCafe Roasters,قهوه دمی تخصصی اتیوپی گوجی داینامیک شاکیسو گیگسا,Ethiopia,,Medium,,250.0,3411765,1364706.0,,True,دمی تخصصی; قهوه عربیکا,https://mecafe.me/product/ethiopia-guji-dynamic-shakiso-gigesa/,"قهوه تخصصی اتیوپی گوجی شکیسو گیگسا  
  دهکده شکیسو گیگسا در منطقه‌ی گوجی، یکی از مرتفع‌ترین و اصیل‌ترین مناطق کشت قهوه در اتیوپی است. شکیسو گیگسا با ارتفاع  ۱۹۰۰ تا ۲۱۹۰ متر  از سطح دریا، شرایط اقلیمی بسیار ایده‌آلی برای پرورش و رشد قهوه  عربیکا  دارد.  
  هوای خنک کوهستانی، باران‌های منظم، مه صبحگاهی و خاک‌های سرشار از مواد آلی، همگی بستر شکل‌گیری دانه‌هایی با تراکم بالا، ترکیبات عطری پیچیده و شی"
MeCafe Roasters,سمپل کلمبیا گیشا لاویلا میکرولات,Colombia,,,,,500000,,,False,سمپل باکس قهوه,https://mecafe.me/product/%d8%b3%d9%85%d9%be%d9%84-%da%a9%d9%84%d9%85%d8%a8%db%8c%d8%a7-%da%af%db%8c%d8%b4%d8%a7-%d9%84%d8%a7-%d9%88%db%8c%d9%84%d8%a7-%d9%85%db%8c%da%a9%d8%b1%d9%88%d9%84%d8%a7%d8%aa/,"جهت خرید عمده 👈   دان قهوه تخصصی کلمبیا گیشا لاویلا   
 &nbsp;"
MeCafe Roasters,سمپل کلمبیا مدلین قیما آناروبیک,Colombia,,,,,450000,,,False,سمپل باکس قهوه,https://mecafe.me/product/%d8%b3%d9%85%d9%be%d9%84-%da%a9%d9%84%d9%85%d8%a8%db%8c%d8%a7-%d9%85%d8%af%d9%84%db%8c%d9%86-%d9%82%db%8c%d9%85%d8%a7/,"لینک خرید عمده 👈   دان قهوه تخصصی کلمبیا مدلین قیما نچرال آناروبیک   
 
 &nbsp;"
MeCafe Roasters,سمپل اتیوپی یرگاچف نچرال آناروبیک,Ethiopia,Natural,,,,500000,,,False,سمپل باکس قهوه,https://mecafe.me/product/%d8%b3%d9%85%d9%be%d9%84-%d8%a7%d8%aa%db%8c%d9%88%d9%be%db%8c-%db%8c%d8%b1%da%af%d8%a7%da%86%d9%81-%d9%86%da%86%d8%b1%d8%a7%d9%84-%d8%a2%d9%86%d8%a7%d8%b1%d9%88%d8%a8%db%8c%da%a9/,"لینک خرید عمده 👈  دان قهوه تخصصی اتیوپی یرگاچف نچرال آناروبیک   
 &nbsp;"
MeCafe Roasters,سمپل اتیوپی گشا نچرال,Ethiopia,Natural,,,,200000,,,False,سمپل باکس قهوه,https://mecafe.me/product/%d8%b3%d9%85%d9%be%d9%84-%d8%a7%d8%aa%db%8c%d9%88%d9%be%db%8c-%da%af%d8%b4%d8%a7-%d9%86%da%86%d8%b1%d8%a7%d9%84/,
MeCafe Roasters,دان قهوه تخصصی کلمبیا گیشا لاویلا 250 گرمی,Colombia,Natural,Medium,Whole bean,250.0,2294000,917600.0,,False,دمی تخصصی; قهوه عربیکا,https://mecafe.me/product/colombia-geisha-lavila-microlot/,"اقلیم و آب‌وهوای کلمبیا گیشا لا ویلا   
   قهوه گیشا لا ویلا  در ارتفاع حدود  1720  متر بالاتر از سطح دریا در منطقه لا ویلا (La Villa) کلمبیا کشت می‌شود. این منطقه به‌عنوان یکی از قطب‌های تولید قهوه تخصصی جهان شناخته می‌شود. اقلیم استوایی، خاک‌های آتشفشانی غنی از مواد معدنی و رطوبت متعادل باعث شده‌اند که قهوه‌های این منطقه دارای ساختار طعمی پیچیده و اسیدیته درخشان باشند.  
 در کنار این عوامل تغییر"
MeCafe Roasters,دان قهوه تخصصی کلمبیا مدلین قیما نچرال آناروبیک,Colombia,Natural,Medium,Whole bean,250.0,1647000,658800.0,,False,دمی تخصصی; قهوه عربیکا,https://mecafe.me/product/colombia-medelin-qima-anaerobic/,"قهوه تخصصی کلمبیا مدلین &#8211; میکرولات قیما 
 شرکت  قهوه قیما (Qima Coffee)  توسط فریس شیبانی، کارآفرین یمنی‌تبار، با مأموریت کشف و احیای گونه‌های کمیاب و فرآوری‌های نوآورانه قهوه تأسیس شد. پس از موفقیت در پروژه‌های توسعه و حفظ تنوع ژنتیکی قهوه یمن، فعالیت خودش را به کلمبیا گسترش داد تا همان استانداردهای کیفی، دقت در فرآوری و همکاری منصفانه با کشاورزان محلی را در این سرزمین پیاده کند. نتیجه این "
MeCafe Roasters,قهوه تخصصی اتیوپی یرگاچف نچرال آناروبیک,Ethiopia,Natural,Medium,,250.0,2212000,884800.0,,False,دمی تخصصی; قهوه عربیکا,https://mecafe.me/product/ethiopia-yirgacheffe-anaerobic/,"خرید قهوه اتیوپی یرگاچف نچرال آناروبیک 
 اگر به دنبال خرید قهوه اتیوپی یرگاچف با طعمی منحصربه‌فرد و پیچیده هستید، قهوه اتیوپی یرگاچف نچرال آناروبیک می‌کافه انتخابی عالی است. این قهوه تخصصی با فرآوری Natural Anaerobic Fermentation و برداشت از ارتفاعات ۱۸۰۰ تا ۱۹۶۰ متر در قلب یرگاچف، تجربه‌ای عمیق و چندلایه از طعم و عطر را در فنجان شما خلق می‌کند. 
 قهوه یرگاچف از شناخته‌شده‌ترین خاستگاه‌های جهان اس"
MeCafe Roasters,قهوه تک خاستگاه اتیوپی یرگاچف گبد 250 گرمی,Ethiopia,,Medium,,250.0,800000,320000.0,,False,اسپرسو تخصصی; قهوه های اسپرسو; لاین های قهوه,https://mecafe.me/product/ethiopia-yirgacheffe-coffee-250gr/,"قهوه تک خاستگاه اتیوپی یرگاچف 250 گرمی 
 منطقه یرگاچف در جنوب اتیوپی بخشی از منطقه‌ی شاخ آفریقا، یکی از مرتفع‌ترین نواحی کشت قهوه در جهان است. این ناحیه با ارتفاعی بین  1900 تا 1950 متر  از سطح دریا، شرایط اقلیمی خاصی دارد که برای پرورش    قهوه عربیکای تخصصی    ایده‌آل است. بارندگی مناسب، خاک آتشفشانی غنی از مواد آلی، دامنه‌های کوهستانی و تغییرات دمایی روز و شب محیطی عالی برای بروز عطرها و طعم‌یاد"
MeCafe Roasters,سمپل السالوادور پورتیلو آناروبیک,El Salvador,,,,,450000,,,False,سمپل باکس قهوه,https://mecafe.me/product/%d8%b3%d9%85%d9%be%d9%84-%d8%a7%d9%84%d8%b3%d8%a7%d9%88%d8%a7%d8%af%d9%88%d8%b1-%d9%be%d9%88%d8%b1%d8%aa%db%8c%d9%84%d9%88/,
MeCafe Roasters,سمپل کاستاریکا پالمیچال,Costa Rica,,,,,400000,,,False,سمپل باکس قهوه,https://mecafe.me/product/%d8%b3%d9%85%d9%be%d9%84-%da%a9%d8%a7%d8%b3%d8%aa%d8%a7%d8%b1%db%8c%da%a9%d8%a7-%d9%be%d8%a7%d9%84%d9%85%db%8c%da%86%d8%a7%d9%84/,
MeCafe Roasters,سمپل کلمبیا لئوپارد آناروبیک,Colombia,,,,,169000,,,False,سمپل باکس قهوه,https://mecafe.me/product/%d8%b3%d9%85%d9%be%d9%84-%da%a9%d9%84%d9%85%d8%a8%db%8c%d8%a7-%d9%84%d8%a6%d9%88%d9%be%d8%a7%d8%b1%d8%af-2/,
MeCafe Roasters,سمپل رواندا کاوانیور,Rwanda,,,,,123000,,,True,سمپل باکس قهوه,https://mecafe.me/product/%d8%b3%d9%85%d9%be%d9%84-%d8%b1%d9%88%d8%a7%d9%86%d8%af%d8%a7-%da%a9%d8%a7%d9%88%d8%a7%d9%86%db%8c%d9%88%d8%b1/,
MeCafe Roasters,قهوه تخصصی السالوادور پورتیلو 250 گرمی,El Salvador,,Medium,,250.0,1770000,708000.0,,False,دمی تخصصی; قهوه عربیکا,https://mecafe.me/product/el-salvador-portillo/,"قهوه تخصصی السالوادور پورتِیلو  
  قهوه السالوادور پورتِیلو از منطقه‌ی سانتا آنا (SANTA ANA) در السالوادور می‌آید؛ منطقه‌ای کوهستانی و حاصل‌خیز که در دامنه آتشفشان‌هایی خاموش قرار گرفته است. این قهوه در ارتفاعی بین 900 تا 1200 متر از سطح دریا کشت می‌شود که باعث رشد آهسته‌تر گیلاس‌های قهوه و در نتیجه تمرکز بیشتر قندها در دانه می‌شود. خاک این نواحی، خاک آتشفشانی غنی و پوک است که رطوبت و مواد معدنی ر"
MeCafe Roasters,قهوه تخصصی رواندا کاوانیور یک کیلوگرمی,Rwanda,Washed,Medium,,1000,2040000,204000.0,,False,اسپرسو تخصصی; دمی تخصصی,https://mecafe.me/product/rwanda-kava-noir-1kg/,"قهوه اسپشیالیتی رواندا کاوانیور یک کیلوگرمی  
 قهوه رواندا کاوانیور از نواحی مرتفع و حاصلخیز رواندا در آفریقای شرقی، به‌ویژه در ارتفاعات ۱۷۰۰ تا ۲۰۰۰ متری از سطح دریا پرورش می‌یابد. اقلیم استوایی با بارندگی متعادل، تابش منظم خورشید و خاک آتشفشانی غنی شرایط مساعدی را برای پرورش دانه‌های قهوه عربیکای با کیفیت ایجاد می‌کند. 
  در این منطقه، اختلاف دمای شب و روز موجب رشد کندتر گیاه قهوه می‌شود که این "
MeCafe Roasters,قهوه تخصصی کاستاریکا پالمیچال 250 گرمی,Costa Rica,Natural,Medium,,250.0,1200000,480000.0,,False,دمی تخصصی,https://mecafe.me/product/costa-rica-palmichal/,"قهوه تخصصی کاستاریکا پالمیچال  
 روستای پالمیچال در استان سن خوزه (San jose) از کشور کاستاریکا قرار دارد، به‌عنوان یکی از مشهورترین خاستگاه‌های قهوه تخصصی در آمریکای لاتین شناخته می‌شود. قهوه های گونه Caturra و Catuai در پالمیچال تولید می شود مرکبات نیز در این منطقه کشت می شود اما قهوه اصلی ترین محصول اقتصادی پالمیچال است، این منطقه با ارتفاعی بین ۱۵۰۰ تا ۱۶۰۰ متر از سطح دریا، اقلیم کوهستانی مرطوب"
MeCafe Roasters,قهوه تخصصی رواندا کاوانیور 250 گرمی,Rwanda,Washed,Medium,,250.0,520000,208000.0,,False,اسپرسو تخصصی; دمی تخصصی,https://mecafe.me/product/rwanda-kava-noir-250gr/,"قهوه تخصصی رواندا کاوانیور 250 گرمی  
  قهوه رواندا کاوانیور از نواحی مرتفع و حاصلخیز   رواندا در آفریقای شرقی  ، به‌ویژه در ارتفاعات  ۱۷۰۰ تا ۲۰۰۰  متری از سطح دریا پرورش می‌یابد. اقلیم استوایی با بارندگی متعادل، تابش منظم خورشید و خاک آتشفشانی غنی شرایط مساعدی را برای پرورش دانه‌های قهوه عربیکای با کیفیت ایجاد می‌کند.  
  در این منطقه، اختلاف دمای شب و روز موجب رشد کندتر گیاه قهوه می‌شود که این "
MeCafe Roasters,دان قهوه تخصصی کلمبیا پوما 250 گرم,Colombia,Washed,Medium,Whole bean,250.0,445000,178000.0,,False,اسپرسو تخصصی; قهوه های اسپرسو; لاین های قهوه,https://mecafe.me/product/colombia-puma-specialty-coffee-250gr/,"قهوه تخصصی کلمبیا پوما 250 گرم 
  قهوه کلمبیا پوما  یک قهوه تخصصی تک خاستگاه از سرزمین  کوئیندیو (Quindio)  در دامنه رشته کوه های آند در کلمبیا واقع شده است. این منطقه کوهستانی با ارتفاع  1480 تا 1800 متر  بالاتر   از سطح دریا به عنوان یکی از مهمترین مناطق تولید قهوه کلمبیا شناخته می‌شود. قهوه نقش مهمی در اقتصاد کوئیندیو ایفا می‌کند و به عنوان یکی از اصلی‌ترین محصولات زراعی و صادراتی این منطقه شنا"
MeCafe Roasters,دان قهوه تخصصی اتیوپی گشا نچرال 120 گرمی,Ethiopia,Natural,Medium,Whole bean,120.0,230000,191667.0,,False,اسپرسو تخصصی; دمی تخصصی,https://mecafe.me/product/ethiopia-gesha-natural-120-gr/,"دان قهوه تخصصی اتیوپی گشا نچرال 120 گرمی 
 قهوه تک خاستگاه گشا یکی از بهترین،  پر رایحه ترین و فلورال‌ترین  نمونه‌های قهوه در منطقه اتیوپی است. منطقه گشا در شمال غربی اتیوپی قرار دارد جایی که ارتفاعات بلند، خاک غنی و اقلیم معتدل قهوه‌ای بی‌نظیر را پرورش می‌دهد. کشاورزان گشا غالباً از روش های سنتی که نسل به نسل به آنها رسیده است برای کاشت و برداشت قهوه بهره می‌برند، و توجه کامل به جزئیات در فرآیند "
MeCafe Roasters,دان قهوه تخصصی اتیوپی گشا نچرال 250 گرمی,Ethiopia,Natural,Medium,Whole bean,250.0,735000,294000.0,,False,اسپرسو تخصصی; دمی تخصصی,https://mecafe.me/product/ethiopia-gesha-natural-250-gr/,"دان قهوه تخصصی اتیوپی گشا نچرال 250 گرمی 
 قهوه تک خاستگاه گشا یکی از بهترین،  پر رایحه ترین و فلورال‌ترین  نمونه‌های قهوه در منطقه اتیوپی است. جایی که ارتفاعات بلند، خاک غنی و اقلیم معتدل قهوه‌ای بی‌نظیر را پرورش می‌دهد. کشاورزان گشا غالباً از روش های سنتی که نسل به نسل به آنها رسیده است برای کاشت و برداشت قهوه بهره می‌برند، و توجه کامل به جزئیات در فرآیند کاشت و برداشت، تضمین‌کننده کیفیت استثنای"
MeCafe Roasters,دان قهوه تک خاستگاه کلمبیا آندس 250 گرمی,Colombia,Natural,Medium,Whole bean,250.0,550000,220000.0,,False,اسپرسو تخصصی,https://mecafe.me/product/colombia-andes-coffee-250-gr/,قهوه تک خاستگاه کلمبیا آندس قهوه‌ای است که خاستگاه و تولید آن صرفاً در منطقه کوهستانی آندس در کشور کلمبیا است. کوه‌های آندس در کلمبیا، بخشی از بلندترین رشته‌کوه‌های جهان هستند که از جنوب به شمال آمریکای جنوبی کشیده شده‌اند. این ناحیه به دلیل شرایط آب و هوای معتدل، همراه با بارندگی مناسب و دمای ایده‌آل (بین 18 تا 24 درجه سانتیگراد)، ارتفاع 1600 تا 1800 متر بالاتر از سطح دریا و خاک‌ آتشفشانی که غنی 
MeCafe Roasters,قهوه ترکیبی اپتیموم 100% پریمیوم عربیکا یک کیلوگرمی,Ethiopia,Natural,Medium,,1000,5435294,543529.0,,True,قهوه عربیکا; قهوه های اسپرسو; لاین عربیکا پریمیوم; لاین های قهوه,https://mecafe.me/product/optimum-100-arabica-coffee/,"قهوه ترکیبی اپتیموم 100% پریمیوم عربیکا 
 این محصول از ترکیب دقیق دانه‌های قهوه عربیکا اتیوپی، قهوه عربیکا کلمبیا و سایر خاستگاه‌های ممتاز آمریکای لاتین تهیه شده است. فرآیند برشته‌کاری مدیوم (Medium Roast) و کنترل کیفیت دقیق در هر مرحله منجر به خلق فنجانی متعادل، شیرین و خوش‌عطر شده است. 
 مزایای قهوه 100% عربیکا اپتیموم 
 مهم ترین مزایای این محصول شامل: 
 
 کیفیت پریمیوم با قیمت اقتصادی؛ 
 طعمی م"
MeCafe Roasters,سمپل کلمبیا تامارا,Colombia,,,,,90000,,,False,سمپل باکس قهوه,https://mecafe.me/product/%d8%b3%d9%85%d9%be%d9%84-%da%a9%d9%84%d9%85%d8%a8%db%8c%d8%a7-%d8%aa%d8%a7%d9%85%d8%a7%d8%b1%d8%a7/,
MeCafe Roasters,دان قهوه تخصصی کلمبیا پوما یک کیلوگرمی,Colombia,Washed,Medium,Whole bean,1000,1740000,174000.0,,False,اسپرسو تخصصی; قهوه های اسپرسو; لاین های قهوه,https://mecafe.me/product/colombia-puma-village/,"قهوه تخصصی کلمبیا پوما یک کیلوگرمی 
  قهوه کلمبیا پوما  یک قهوه تخصصی تک خاستگاه از سرزمین  کوئیندیو (Quindio)  در دامنه رشته کوه های آند در کلمبیا واقع شده است. این منطقه کوهستانی با ارتفاع  1480 تا 1800 متر  بالاتر   از سطح دریا به عنوان یکی از مهمترین مناطق تولید قهوه کلمبیا شناخته می‌شود. قهوه نقش مهمی در اقتصاد کوئیندیو ایفا می‌کند و به عنوان یکی از اصلی‌ترین محصولات زراعی و صادراتی این منطقه"
MeCafe Roasters,قهوه تخصصی اتیوپی گوجی هامبلا دابایا 250 گرمی,Ethiopia,Natural,Medium,,250.0,1530000,612000.0,,False,دمی تخصصی; قهوه عربیکا; لاین های قهوه,https://mecafe.me/product/ethiopia-guji-hambela-dabaye/,"قهوه تخصصی اتیوپی گوجی هامبلا دابایا 
  قهوه گوجی هامبلا دابایا ، یکی از بهترین و محبوب‌ترین محصولات منطقه‌ای در اتیوپی است. منطقه ی گوجی هامبلا دابایا در منطقه‌ای کوهستانی و سرسبز در اتیوپی واقع شده است. این منطقه به دلیل ارتفاع بالا، خاک غنی و آب‌وهوای معتدل، شرایط عالی وایده‌آلی را برای رشد درختان  قهوه عربیکا  فراهم می‌کند. کشاورزان گوجی، اغلب در مقیاس کوچک و با استفاده از روش‌های سنتی که نسل "
MeCafe Roasters,سمپل اتیوپی گوجی شکیسو گیگسا,Ethiopia,,,,,126000,,,False,سمپل باکس قهوه,https://mecafe.me/product/%d8%b3%d9%85%d9%be%d9%84-%d8%a7%d8%aa%db%8c%d9%88%d9%be%db%8c-%da%af%d9%88%d8%ac%db%8c-%d8%b4%da%a9%db%8c%d8%b3%d9%88-%da%af%db%8c%da%af%d8%b3%d8%a7/,
MeCafe Roasters,سمپل گواتمالا دل کوایسایا,Guatemala,,,,,120000,,,False,سمپل باکس قهوه,https://mecafe.me/product/%d8%b3%d9%85%d9%be%d9%84-%da%af%d9%88%d8%a7%d8%aa%d9%85%d8%a7%d9%84%d8%a7-%d8%af%d9%84-%da%a9%d9%88%d8%a7%db%8c%d8%b3%d8%a7%db%8c%d8%a7/,
MeCafe Roasters,سمپل کلمبیا آندس,Colombia,,,,,400000,,,True,سمپل باکس قهوه,https://mecafe.me/product/%da%a9%d9%84%d9%85%d8%a8%db%8c%d8%a7-%d8%a2%d9%86%d8%af%d8%b3/,
MeCafe Roasters,سمپل اتیوپی یرگاچف گبد,Ethiopia,,,,,250000,,,False,سمپل باکس قهوه,https://mecafe.me/product/%d8%b3%d9%85%d9%be%d9%84-%d8%a7%d8%aa%db%8c%d9%88%d9%be%db%8c-%db%8c%d8%b1%da%af%d8%a7%da%86%d9%81/,
MeCafe Roasters,قهوه تخصصی کلمبیا کاتورا لئوپارد لاکتوباسیلوس آناروبیک,Colombia,,Medium,,250.0,3352941,1341176.0,,True,اسپرسو تخصصی; دمی تخصصی; قهوه عربیکا; قهوه های اسپرسو,https://mecafe.me/product/colombia-caturra-leopard-lactobacillus-anaerobic-fermentation/,"قهوه کلمبیا کاتورا لئوپارد 
 کاتورا (Caturra) یک گونه‌ی قهوه عربیکاست که از جهش طبیعی قهوه بوربن (Bourbon) به وجود آمده است. این گونه در سال ۱۹۳۷ در برزیل کشف شد گونه کاتورا نسبت به سایر گونه های قهوه اندازه کوچکتری دارد. کاتورا در آمریکای مرکزی و کلمبیا و برزیل کشت می‌شود. 
 مزرعه‌ای که قهوه کاتورا لئوپارد در آن کشت می‌شود، در منطقه‌ی کائوکا (Cauca) در کشور کلمبیا واقع شده است؛ کائوکا یکی از مناط"
MeCafe Roasters,دان قهوه تخصصی اتیوپی گشا نچرال یک کیلوگرمی,Ethiopia,Natural,Medium,Whole bean,1000.0,1690000,169000.0,,False,اسپرسو تخصصی; دمی تخصصی,https://mecafe.me/product/ethiopia-gesha-natural-1000-gr/,"دان قهوه تخصصی اتیوپی گشا نچرال یک کیلوگرمی 
 قهوه تک خاستگاه گشا یکی از بهترین،  پر رایحه ترین و فلورال‌ترین  نمونه‌های قهوه در منطقه اتیوپی است. منطقه گشا در شمال غربی اتیوپی قرار دارد جایی که ارتفاعات بلند، خاک غنی و اقلیم معتدل قهوه‌ای بی‌نظیر را پرورش می‌دهد. کشاورزان گشا غالباً از روش های سنتی که نسل به نسل به آنها رسیده است برای کاشت و برداشت قهوه بهره می‌برند، و توجه کامل به جزئیات در فرآی"
MeCafe Roasters,قهوه تخصصی گواتمالا اِل رِتیرو دِل کُیسـایا,Guatemala,Natural,Medium,,250.0,715000,286000.0,,False,دمی تخصصی; قهوه عربیکا,https://mecafe.me/product/guatemala-el-retiro-del-quisaya/,"قهوه تخصصی گواتمالا اِل رتیرو دل کیسایا 
 قهوه تخصصی و تک مزرعه گواتمالا اِل رتیرو دل کیسایا از منطقه‌ای کوهستانی با ارتفاع بالا در کشور گواتمالا برداشت می‌شود. منطقه  اِل رتیرو دل کویسایا  (El Retiro del Quisaya) یک منطقه روستایی و بکر در گواتمالاست ارتفاع این منطقه حدود  1720 تا 1750 متر  بالاتر از سطح دریاست و دارای جنگل ها و مراتع سرسبز می باشد. این منطقه به دلیل خاک غنی و شرایط آب و هوایی اید"
MeCafe Roasters,قهوه ترکیبی اکسترا کافئین 80% فاین ربوستا و 20% عربیکا پریمیوم,Ethiopia,Natural,Medium,,1000,3694118,369412.0,,True,ربوستا سبک ایتالیایی; سبک ایتالیایی; قهوه ترکیبی; قهوه روبوستا; قهوه های اسپرسو,https://mecafe.me/product/extra-caffeine-80percent-fine-robusta-blend-coffee/,"قهوه ترکیبی 80% فاین ربوستا و 20% عربیکا پریمیوم  
 قهوه یکی از محبوب‌ترین نوشیدنی‌های جهان است که در سبک‌ها و ترکیب‌های مختلف عرضه می‌شود. در میان این تنوع قهوه ترکیبی 80% روبوستا و 20% عربیکا یا همان قهوه ترکیبی اکسترا کافئین جایگاه ویژه‌ای دارد. این ترکیب برای کسانی ساخته شده که به دنبال کافئین بالا، تنواری زیاد و طعمی اصیل و کلاسیک هستند. 
 لاین اکسترا کافئین با الهام از فرمول‌های سنتی ایتالیا"
MeCafe Roasters,قهوه ترکیبی اکسترا کافئین 70% فاین روبوستا و 30% عربیکا پریمیوم,Colombia,Washed,Medium,,1000,3752941,375294.0,,True,ربوستا سبک ایتالیایی; سبک ایتالیایی; قهوه ترکیبی; قهوه روبوستا; قهوه های اسپرسو,https://mecafe.me/product/extra-caffeine-70percent-fine-robusta-blend-coffee/,"قهوه 70 &#8211; 30 چیست؟ 
 قهوه 70 30 به ترکیبی از ۷۰٪ روبوستا و ۳۰٪ عربیکا گفته می‌شود که برای ایجاد اسپرسویی پرقدرت، پرکافئین و کرمادار طراحی شده است. در این ترکیب، روبوستا باعث افزایش بادی، کافئین و ایجاد کرمای غلیظ در فنجان می‌شود، در حالی که عربیکا عطر، لطافت و پیچیدگی طعمی بیشتری به قهوه اضافه می‌کند. نتیجه این ترکیب، قهوه‌ای با تلخی متعادل، انرژی بالا و طعمی کلاسیک است که برای اسپرسو، لاته "
MeCafe Roasters,قهوه ترکیبی بالانس 50% عربیکا پریمیوم و 50% فاین ربوستا,Ethiopia,Natural,Medium,,1000,4117647,411765.0,,True,سبک ایتالیایی; عربیکا سبک ایتالیایی; قهوه ترکیبی; قهوه های اسپرسو,https://mecafe.me/product/balance-50percent-premium-arabica-blend-coffee/,"قهوه 50 50 چیست؟ 
 قهوه 50 50 یا ترکیب ۵۰٪ عربیکا و ۵۰٪ روبوستا، یکی از محبوب‌ترین بلندهای اسپرسو است که در آن عطر و طعم متعادل عربیکا با کرما، کافئین و بادی قوی روبوستا ترکیب می‌شود. این نوع قهوه طعمی بالانس، تلخی ملایم، کرمای بالا و کافئین متوسط رو به زیاد دارد و انتخابی ایده‌آل برای اسپرسو، لاته و کاپوچینو محسوب می‌شود. 
 ویژگی های طعمی قهوه ۵۰٪ عربیکا ۵۰٪ روبوستا 
 مهم‌ترین ویژگی‌های این محصول"
MeCafe Roasters,قهوه ترکیبی آروماتاچ 80% عربیکا پریمیوم و 20% فاین ربوستا,Ethiopia,Natural,Medium,,1000,4941176,494118.0,,True,سبک ایتالیایی; عربیکا سبک ایتالیایی; قهوه ترکیبی; قهوه عربیکا; قهوه های اسپرسو,https://mecafe.me/product/aroma-touch-80percent-premium-arabica/,"قهوه ترکیبی 80% عربیکا و 20% روبوستا  
 قهوه ترکیبی 80% عربیکا و 20% روبوستا، یکی از محبوب‌ترین ترکیبات میان باریستاها و کافه‌داران حرفه‌ای است. این ترکیب با تکیه بر لطافت و عطر عربیکا و قدرت و کرمای فاین روبوستا، تجربه‌ای متعادل و کلاسیک از قهوه را در فنجان شما خلق می‌کند. این سبک ایتالیایی با اسیدیته ملایم، تلخی دلپذیر و طعم یادهای شکلاتی و آجیلی گزینه‌ای ایده‌آل برای طرفداران اسپرسو و لاته‌آرت "
MeCafe Roasters,قهوه ترکیبی مُدِریت اسیدیتی 100% پریمیوم عربیکا,Ethiopia,Natural,Medium,,1000,930000,93000.0,,False,قهوه های اسپرسو; لاین عربیکا پریمیوم; لاین های قهوه,https://mecafe.me/product/moderate-acidity-100percent-premium-arabica-blend-coffee/,قهوه های ترکیبی 100% عربیکا پریمیوم به صورت تخصصی برشته کاری شده و در مراحل بعدی دیفکت ها یا همان دان های معیوب جداسازی و به شیوه ماهرانه ای ترکیب شده است، به نحوی که در مراحل اولیه ارزیابی امتیازی نزدیک به قهوه های تخصصی را کسب می کند و قیمت بسیار اقتصادی تری برای اسپرسو بار کافه شما دارد. دیگر ویژگی مثبت این لاین، دستیابی به یک فنجان با اسیدیته شیرین و بالانس بر خلاف اسیدته های ترش و زننده می با
MeCafe Roasters,قهوه ترکیبی سوپر اسیدیتی 100% پریمیوم عربیکا,Ethiopia,Natural,Medium,,1000,5494118,549412.0,,True,قهوه عربیکا; قهوه های اسپرسو; لاین عربیکا پریمیوم; لاین های قهوه,https://mecafe.me/product/super-acidity-100percent-premium-arabica-blend-coffee/,"قهوه ترکیبی سوپر اسیدیتی 100% پریمیوم عربیکا 
 قهوه ترکیبی سوپر اسیدیتی 100% پریمیوم عربیکا یکی از خاص‌ترین و محبوب‌ترین ترکیبات دنیای قهوه است که به‌صورت تخصصی برشته‌کاری شده و پس از جداسازی کامل دان‌های معیوب قهوه، با دقت بسیار زیاد ترکیب شده است. نتیجه‌ی این فرآیند قهوه‌ای با طعمی متعادل، اسیدیته‌ای شیرین و قیمتی اقتصادی برای باریستاها و کافه‌داران حرفه‌ای است. این ترکیب با هدف ایجاد تجربه‌ای ن"
MeCafe Roasters,دان قهوه تک خاستگاه کلمبیا آندس یک کیلوگرمی,Colombia,,Medium,Whole bean,1000,5823529,582353.0,,True,اسپرسو تخصصی; قهوه عربیکا; قهوه های اسپرسو; لاین های قهوه,https://mecafe.me/product/colombia-andes-coffee-1000-gr/,قهوه تک خاستگاه کلمبیا آندس  قهوه‌ای است که خاستگاه و تولید آن صرفاً در منطقه  کوهستانی آندس در کشور کلمبیا  است. کوه‌های آندس در کلمبیا، بخشی از بلندترین رشته‌کوه‌های جهان هستند که از جنوب به شمال آمریکای جنوبی کشیده شده‌اند. این ناحیه به دلیل شرایط آب و هوای معتدل، همراه با بارندگی مناسب و دمای ایده‌آل (بین 18 تا 24 درجه سانتیگراد)، ارتفاع  1600 تا 1800 متر  بالاتر از سطح دریا و خاک‌ آتشفشانی که
MeCafe Roasters,قهوه تک خاستگاه اتیوپی یرگاچف گبد یک کیلوگرمی,Ethiopia,,Medium,,1000,3100000,310000.0,,False,اسپرسو تخصصی; قهوه های اسپرسو; لاین های قهوه,https://mecafe.me/product/ethiopia-yirgacheffe-single-origin-coffee/,"قهوه یرگاچف چیست؟ 
   
 قهوه یرگاچف (Ethiopian Yirgacheffe) یکی از مشهورترین قهوه های جهان است که از منطقه یرگاچف در جنوب کشور اتیوپی می‌آید. قهوه یرگاچف اتیوپی تنها یک قهوه معمولی نیست؛ یک قهوه تخصصی ممتاز است که به دلیل پروفایل طعمی پیچیده و عطر فوق‌العاده‌اش شهرت جهانی دارد و یکی از انتخاب های برتر عاشقان قهوه در سراسر جهان است. 
 اگر در دنیای قهوه های آفریقایی تازه کار هستید، یرگاچف گزینه‌ای ع"
MeCafe Roasters,قهوه تخصصی میکسولوژی یک کیلوگرمی,Ethiopia,Washed,Medium,,1000,5764706,576471.0,,True,اسپرسو تخصصی; قهوه عربیکا; قهوه های اسپرسو; لاین های قهوه,https://mecafe.me/product/mixology-specialty-blend-coffee/,"قهوه تخصصی میکسولوژی  
 قهوه میکسولوژی محصولی از ترکیب دقیق دانه‌های اسپشیالیتی آمریکای لاتین و شاخ آفریقا است که پس از طی مراحل انتخاب، برشته‌کاری حرفه‌ای و ترکیب تخصصی در کارخانه می‌کافه، به یک اسپرسوی بی نظیر با طعم‌یادهای درخشان تبدیل شده است. این قهوه برای کافه‌هایی طراحی شده که به دنبال اسپرسویی خوش‌طعم، اقتصادی و پایدار در طول سال هستند. 
  امتیاز و کیفیت قهوه میکسولوژی  
 قهوه تخصصی میکسول"
Garneek Coffee Workshop,آسیاب قهوه آندیمند مدل 019,Yemen,,,Ground,,7950000,,,False,آسیاب برقی,https://garneekcoffee.com/product/%d8%a2%d8%b3%db%8c%d8%a7%d8%a8-%d8%a2%d9%86%d8%af%db%8c%d9%85%d9%86%d8%af-%d9%85%d8%af%d9%84-019/,"آسیاب قهوه آندیمند مدل 019  
  این آسیاب یک آسیاب نیمه صنعتی است که 19 درجه متفاوت دارد و یک آسیاب نیمه صنعتی است.    
  آسیاب قهوه آندیمند 019 می تواند دانه های قهوه شما را برای استفاده در فرنچ پرس ها قهوه های دمی موکاپات ها و یا اسپرسو سازهای صنعتی و یا نیمه صنعتی و خانگی آسیاب کند.   
  آسیاب قهوه آندیمند که یک حالت تنظیم اتومات یک حالت تنظیم غیر اتومات دارد دارای تیغه های از جنس استیل ضد زنگ ا"
Garneek Coffee Workshop,قهوه ساز ویتنامی ( نسل سوم ) کد 350,Vietnam,,,,,588000,,,False,وی شصت,https://garneekcoffee.com/product/%d9%82%d9%87%d9%88%d9%87-%d8%b3%d8%a7%d8%b2-%d9%88%db%8c%d8%aa%d9%86%d8%a7%d9%85%db%8c/,"قهوه ساز ویتنامی ( نسل سوم )  
 &nbsp; 
  امروزه برای تهیه فوری یک فنجان قهوه میتوان به راحتی از قهوه سازهای نسل سوم استفاده کرد. قهوه سازهای نسل سوم ویتنامی با توجه به نیاز افراد طراحی و  تولید شدند تا زمان تولید قهوه کاهش یابد و همچنین کنترل دما در دم آوری قهوه نیز بیشتر شود.   
  قهوه ساز ویتنامی نسل سوم موجود در وب سایت قهوه گارنیک از جنس فولاد ضد زنگ می باشد. ظرفیت تهیه قهوه توسط این دستگاه 2"
Garneek Coffee Workshop,دانه قهوه اوگاندا مدیوم (ربوستا),Uganda,,Medium,Whole bean,250.0,375000,150000.0,,False,قهوه روبوستا,https://garneekcoffee.com/product/%d8%af%d8%a7%d9%86%d9%87-%d9%82%d9%87%d9%88%d9%87-%d8%a7%d9%88%da%af%d8%a7%d9%86%d8%af%d8%a7-%d9%85%d8%af%db%8c%d9%88%d9%85-%d8%b1%d8%a8%d9%88%d8%b3%d8%aa%d8%a7/,"دانه قهوه اوگاندا مدیوم (ربوستا) 
 بیشتر قهوه‌ای که در اوگاندا (80٪) پرورش داده می‌شود از نوع  قهوه روبوستا  است 20٪ دیگر آن را انواع عربیکا Typica ، SL 14 ، SL 28 و Kent تشکیل می‌دهد. 
 همچنین در اوگاندا قهوه Bugishu / Bugisu نیز رشد می‌کند. این نوع در نزدیکی آبشار Sipi در دامنه‌های غربی کوهستان الگان، یکی از بلندترین کوه‌های این کشور، رشد می‌کند. برای اطلاعات بیشتر درمورد دانه قهوه اوگاندا مدیوم"
Garneek Coffee Workshop,دانه قهوه (عربیکا ) برزیل ریو,Brazil,,Medium,Whole bean,250.0,150000,60000.0,,False,,https://garneekcoffee.com/product/%d8%af%d8%a7%d9%86%d9%87-%d9%82%d9%87%d9%88%d9%87-%d8%b9%d8%b1%d8%a8%db%8c%da%a9%d8%a7-%d8%a8%d8%b1%d8%b2%db%8c%d9%84-%d8%b1%db%8c%d9%88/,"تاریخچه قهوه برزیل ریو &#8211; عربیکا (مدیوم دارک)  
  اولین گیاه قهوه در قرن 18، قهوه برزیل ریو عربیکا، توسط فرانسیسکو دی ملو پالتا در ایالت پارا در شمال برزیل کاشته شد. سپس قهوه از این ایالت در سراسر نقاط برزیل پخش شد. تا اوایل قرن نوزدهم این محصول بازار داخلی داشت اما به دلیل تقاضای فراوان به ایالات متحده و اروپا هم صادر شد.  
  قهوه تازه و باکیفیت در منطقه Cerrado میناس گرایس تولید می‌شود. تاب"
Garneek Coffee Workshop,آسیاب قهوه آندیمند مدل 018,Yemen,,,Ground,,7900000,,,False,آسیاب برقی,https://garneekcoffee.com/product/%d8%a2%d8%b3%db%8c%d8%a7%d8%a8-%d9%82%d9%87%d9%88%d9%87-%d9%85%d8%af%d9%84-%d8%a2%d9%86%d8%af%db%8c%d9%85%d9%86%d8%af-%d9%85%d8%af%d9%84-018/,"آسیاب قهوه آندیمند مدل 018 
 برای درست کردن یک فنجون قهوه لذیذ و خوش‌عطر باید اول دونه‌های تازه برشت (roast) رو آسیاب کنیم. حالا یا دستگاه آسیاب قهوه داریم و همون موقع تازه به تازه دونه‌های قهوه رو آسیاب می‌کنیم یا اینکه قهوه رو به صورت آسیاب شده می‌خریم. قهوه که آسیاب میشه خیلی زود کیفیت عطر و طعمش رو از دست میده چون سطح تماسش با هوا افزایش پیدا می‌کنه. برای همین خیلی بهتره با  خرید آسیاب قهوه  م"
Garneek Coffee Workshop,کاپوچینو تروبیکا (بسته بندی جدید) اندونزی اصل,Indonesia,,,,,750000,,,False,کاپوچینو,https://garneekcoffee.com/product/%da%a9%d8%a7%d9%be%d9%88%da%86%db%8c%d9%86%d9%88-%d8%aa%d8%b1%d9%88%d8%a8%db%8c%da%a9%d8%a7-%d8%a8%d8%b3%d8%aa%d9%87-%d8%a8%d9%86%d8%af%db%8c-%d8%ac%d8%af%db%8c%d8%af-%d8%a7%d9%86%d8%af%d9%88%d9%86/,"کاپوچینو تروبیکا (بسته بندی جدید) اندونزی اصل 
 یکی از بهترین برندهای  کاپوچینو نوشیدنی فوری و خوشمزه تورابیکا  با طعمی منحصر به فرد است. کاپوچینو فوری  اولین بار در ایران با برند ترابیکا به بازار معرفی شد.این موضوع سبب شده است که بسیاری کاپوچینو فوری را تنها با نام تروبیکا  بشناسند.محبوب‌ترین و و پرطرفدارترین محصولات این برند  کاپوچینو تروبیکا  ساده است.کاپوچینو در زبان ایتالیایی به معنای کلاه کو"
Garneek Coffee Workshop,نسکافه گلد کپ کلمبیا 200گرمی (cap colombia),Colombia,,,,200.0,499000,249500.0,,False,قهوه فوری,https://garneekcoffee.com/product/%d9%86%d8%b3%da%a9%d8%a7%d9%81%d9%87-%da%af%d9%84%d8%af-%da%a9%d9%be-%da%a9%d9%84%d9%85%d8%a8%db%8c%d8%a7-200%da%af%d8%b1%d9%85%db%8c-cap-colombia/,"نسکافه گلد کپ کلمبیا 200گرمی 
 قهوه فوری نسکافه گلد مدل  cap colombia  ( کپ کلمبیا ) 200 گرمی با  طعم میوه ای  یکی از مدلهای خاص برند نسکافه میباشد که ترکیب این محصول مرغوبترین قهوه ها بوده که با تکنیک های خاصی فرآوری شده است. قابل ذکر است در تهیه و تولید این محصول هیچ گونه مواد نگهدارنده و مصنوعی استفاده نشده است. این قهوه دارای قدرت و گیرایی بالا و نسبتا قوی میباشد . 
برند نسکافه از برند های بسی"
Garneek Coffee Workshop,دانه قهوه (عربیکا) مکزیک,Mexico,,Medium,Whole bean,250.0,160000,64000.0,,False,,https://garneekcoffee.com/product/%d8%af%d8%a7%d9%86%d9%87-%d9%82%d9%87%d9%88%d9%87-%d8%b9%d8%b1%d8%a8%db%8c%da%a9%d8%a7-%d9%85%da%a9%d8%b2%db%8c%da%a9/,"دانه قهوه عربیکا مکزیک  
  در مکزیک انواع قهوه های مختلف با کیفیت بالا تولید می شوند. پردازش قهوه در این کشور معمولا به صورت مرطوب است. (در فرایند مرطوب، دانه ها شسته می شوند.)  
  بعضی از بهترین‌ قهوه‌های مکزیک در Oaxaca، Coatepec و Chiapas تولید می شوند. در این کشور دانه های خوب قهوه در مزارع ارگانیک کوچک کشت می شوند. صنعت بزرگ و رو به رشد تولید قهوه با کیفیت در مکزیک، دانه هایی بیش از صرفا یک ک"
Garneek Coffee Workshop,دانه قهوه (عربیکا) کنیا AA,Kenya,,Medium,Whole bean,250.0,575000,230000.0,,False,,https://garneekcoffee.com/product/%d8%af%d8%a7%d9%86%d9%87-%d9%82%d9%87%d9%88%d9%87-%d8%b9%d8%b1%d8%a8%db%8c%da%a9%d8%a7-%da%a9%d9%86%db%8c%d8%a7-aa/,"دانه قهوه عربیکا کنیا AA  
  کنیا کشوری واقع در شرق آفریقا است. در سال 2012 تخمین زده شد که حدود 150000 کشاورز قهوه در کنیا وجود دارد و دیگر تخمین ها بیانگر این است که شش میلیون کنیایی به طور مستقیم یا غیر مستقیم در صنعت قهوه مشغول به کار شدند.   
  مزارع قهوه در کنیا به دلیل رشد در ارتفاعات بالا، خاک های اسیدی، مقدار مناسب نور خورشید و باران مناسب شرایط خوبی را برای رشد قهوه در کنیا فراهم آورده، "
Garneek Coffee Workshop,کاپوچینو تروبیکا (20 پک) اندونزی اصل,Indonesia,,,,,350000,,,False,سه در یک; کاپوچینو,https://garneekcoffee.com/product/%da%a9%d8%a7%d9%be%d9%88%da%86%db%8c%d9%86%d9%88-%d8%aa%d8%b1%d9%88%d8%a8%db%8c%da%a9%d8%a7-20-%d9%be%da%a9-%d8%a7%d9%86%d8%af%d9%88%d9%86%d8%b2%db%8c-%d8%a7%d8%b5%d9%84/,"کاپوچینو تروبیکا (20 پک) اندونزی اصل   
  
  میزان ارزش غذایی محصول در هر 256 گرم براساس اطلاعات سازمان غذا و دارو:   
  
   – انرژی : 108کیلوکالری   
  
   – قند : 10.75 گرم   
  
   – چربی : 5 گرم   
  
   – فاقد نمک و اسیدهای چرب ترانس   
  
  
   – حاوی 20 عدد ساشه 25 گرمی   
  
   – همراه هر ساشه کاپوچینو، یک بسته Choco Granule قرار گرفته      کاپوچینو تورابیکا (20 پک) اندونزی اصل  
  محتوی 2"
Garneek Coffee Workshop,دانه قهوه  ویتنام مدیوم (ربوستا),Vietnam,,Medium,Whole bean,250.0,700000,280000.0,,True,قهوه روبوستا,https://garneekcoffee.com/product/%d8%af%d8%a7%d9%86%d9%87-%d9%82%d9%87%d9%88%d9%87-%d9%88%db%8c%d8%aa%d9%86%d8%a7%d9%85-%d9%85%d8%af%db%8c%d9%88%d9%85-%d8%b1%d8%a8%d9%88%d8%b3%d8%aa%d8%a7/,"طعم قهوه ویتنام 
 قهوه روبوستا ویتنام به اسیدیته پایین و طعم بسیار تلخ شبیه پلاستیک سوخته آن شناخته شده و به دلیل طعم قوی آن برای درست کردن قهوه فوری و افزودن به ترکیبات قهوه عربیکا استفاده می شود. این قهوه اگرچه نسبت به قهوه عربیکا نیاز به مراقبت کمتری داشته و حساسیت آن به آفات کمتر است، اما کیفیت آن نیز هرگز به پای قهوه های مرغوب عربیکا نمی رسد. کافئین موجود در  قهوه روبوستا  دو برابر عربیکا است"
Garneek Coffee Workshop,دانه قهوه عربیکا کلمبیا سوپریمو,Colombia,,Medium,Whole bean,250.0,1675000,670000.0,,True,,https://garneekcoffee.com/product/%d8%af%d8%a7%d9%86%d9%87-%d9%82%d9%87%d9%88%d9%87-%d8%b9%d8%b1%d8%a8%db%8c%da%a9%d8%a7-%da%a9%d9%84%d9%85%d8%a8%db%8c%d8%a7-%d8%b3%d9%88%d9%be%d8%b1%db%8c%d9%85%d9%88/,"قهوه سوپریمو 
  دانه قهوه عربیکا کلمبیا سوپریمو  
 
  100 درصد عربیکا  
  اسپشیال کافی  
  ارتفاع و محل کشت: کوهستان فونیکس در ارتفاع 1200 تا 2000 متر  
  عطر و طعم: شیرین، کاکائویی، کاراملی، مرکباتی، فندقی  
  تن واری: متوسط  
  رایحه: قوی  
  مناسب برای کلیه متدهای دم آوری  
 
   خرید قهوه    برای عاشقان این نوشیدنی علاوه بر این که عملی لذت بخش است، بسیار سخت نیز می باشد. طرفداران قهوه همیشه به "
Garneek Coffee Workshop,نسکافه گلد برزیل (قهوه فوری ),Brazil,,,,250.0,400000,160000.0,,False,قهوه فوری,https://garneekcoffee.com/product/%d9%82%d9%87%d9%88%d9%87-%d9%81%d9%88%d8%b1%db%8c-%d9%86%d8%b3%da%a9%d8%a7%d9%81%d9%87-%da%af%d9%84%d8%af-%d8%a7%da%a9%d9%88%d8%a7%d8%af%d9%88%d8%b1/,"نسکافه گلد برزیل (قهوه فوری)  
 &nbsp; 
 نسکافه گلد (برزیل) که از انواع قهوه روبوستای رشد یافته در دامنه کوه های این کشور درست میشود دارای کیفیت بسیار بالایی می باشد. عطر و طعم این قهوه فوری گلد بسیار لذت بخش بوده و طعم واقعی قهوه را به شما نشان میده 
  اگر به قهوه علاقه دارید ولی زمان کافی برای دم اوری ندارید این محصول رو به شما پیشنهاد میدیم.  
  مناسب برای دفاتر کاری و کارمندان  
 نسکافه گلد (ب"
Garneek Coffee Workshop,دانه قهوه ( ربوستا ) اندونزی AP1,Indonesia,,Medium,Whole bean,250.0,775000,310000.0,,True,قهوه روبوستا,https://garneekcoffee.com/product/%d8%af%d8%a7%d9%86%d9%87-%d9%82%d9%87%d9%88%d9%87-%d8%b1%d8%a8%d9%88%d8%b3%d8%aa%d8%a7-%d8%ac%d8%a7%d9%88%d9%87-%d8%a7%d9%86%d8%af%d9%88%d9%86%d8%b2%db%8c/,"دانه قهوه ( ربوستا ) اندونزی AP1 
 
 دانه قهوه  ربوستا اندونزی AP1  یکی از باکیفیت‌ترین قهوه‌های ربوستا در جهان است که از مزارع مرتفع و حاصلخیز اندونزی برداشت می‌شود. این قهوه با مشخصه‌های طعمی خاص، کافئین بالا، و عطر منحصربه‌فرد خود، گزینه‌ای ایده‌آل برای علاقه‌مندان به قهوه‌های قوی و پرانرژی است. 
  ویژگی‌های برجسته قهوه ربوستا اندونزی AP1  
 
  نوع دانه:  
این قهوه از گونه ربوستا است که به دلیل"
Garneek Coffee Workshop,دانه قهوه (عربیکا) برزیل سانتوس,Brazil,,Medium,Whole bean,250.0,1400000,560000.0,,True,,https://garneekcoffee.com/product/%d8%af%d8%a7%d9%86%d9%87-%d9%82%d9%87%d9%88%d9%87-%d8%b9%d8%b1%d8%a8%db%8c%da%a9%d8%a7-%d8%a8%d8%b1%d8%b2%db%8c%d9%84-%d8%b3%d8%a7%d9%86%d8%aa%d9%88%d8%b3/,"در این بخش از محصولات قصد داریم به بررسی و معرفی دانه قهوه برزیل سانتوس بپردازیم.   
 دانه قهوه عربیکا برزیل سانتوس 
 
  BRAZIL &#8211; قهوه سانتوس برزیل   
  100 درصد عربیکا  
  اسپشیال کافی  
  درجه برشته کاری: متوسط  
  نوع فرآوری: متوسط  
  ارتفاع کشت: 1300 متر از سطح دریا  
  رایحه: قوی  
  کافئین: کم  
  طعم یاد: تلخ، شیرین، شکلات، کارامل، آجیل  
 
   خرید قهوه عربیکا    از نوع قهوه سانتوس ب"
Garneek Coffee Workshop,دانه قهوه عربیکا اتیوپی یرگاچف,Ethiopia,,Medium,Whole bean,250.0,250000,100000.0,,False,,https://garneekcoffee.com/product/%d8%af%d8%a7%d9%86%d9%87-%d9%82%d9%87%d9%88%d9%87-%d8%b9%d8%b1%d8%a8%db%8c%da%a9%d8%a7-%d8%a7%d8%aa%db%8c%d9%88%d9%be%db%8c-%d9%84%da%a9%d9%85%d9%be%d8%aa%db%8c/,"&nbsp; 
     
     
 &nbsp;"
Kazhvan Coffee,دانه قهوه ویتنام,Vietnam,,,Whole bean,1000.0,800000,80000.0,,True,قهوه; دانه قهوه,https://kazhvancoffee.com/product/%d8%af%d8%a7%d9%86%d9%87-%d9%82%d9%87%d9%88%d9%87-%d9%88%db%8c%d8%aa%d9%86%d8%a7%d9%85/,"قهوه ویتنام چیست؟ 
 یکی از بهترین محصولات در صنعت قهوه، قهوه ویتنام است که حدود 17 درصد از تولید جهانی را به خود اختصاص می‌دهد. این کشور به تولید قهوه روبوستا شهرت دارد و 90 درصد از تولیداتش را شامل می‌شود. روبوستا با اسیدیته کم، تلخی بالا، کافئین زیاد و رایحه‌ای تلخ، از بهترین قهوه‌های دنیا است. 
  درختان قهوه ویتنام در شرایط آب‌وهوایی ایده‌آل رشد می‌کنند و میوه‌های آن به ‌صورت دستی برداشت می‌شود"
Kazhvan Coffee,قهوه اتیوپی,Ethiopia,,,Whole bean,1000.0,320000,32000.0,,False,تک خاستگاه; دانه قهوه; قهوه,https://kazhvancoffee.com/product/%d8%af%d8%a7%d9%86-%d9%82%d9%87%d9%88%d9%87-%d8%a7%d8%aa%db%8c%d9%88%d9%be%db%8c-250-%da%af%d8%b1%d9%85%db%8c/,"دانه قهوه اتیوپی چیست؟ 
 دانه قهوه اتیوپی یکی از معروف‌ترین و باکیفیت‌ترین انواع قهوه در جهان است که طعمی منحصر به فرد و خاص دارد. این قهوه با نت‌های میوه‌ای، عطری گلی و اسیدیته‌ای روشن شناخته می‌شود. ترکیب عطر و طعم آن بسیار پیچیده و غنی بوده و تجربه‌ای متفاوت از نوشیدن قهوه را ارائه می‌دهد. اتیوپی به ‌عنوان زادگاه قهوه عربیکا، تاریخی غنی در تولید قهوه دارد و مردم این کشور برای آن مراسم ویژه‌ای ب"
Kazhvan Coffee,دانه قهوه کلمبیا,Colombia,,,Whole bean,1000.0,1500000,150000.0,,True,تک خاستگاه; دانه قهوه; قهوه,https://kazhvancoffee.com/product/%d8%af%d8%a7%d9%86-%d9%82%d9%87%d9%88%d9%87-%da%a9%d9%84%d9%85%d8%a8%db%8c%d8%a7/,قهوه کلمبیا یکی از محبوب‌ترین و باکیفیت‌ترین قهوه‌های جهان است که در شرایط جغرافیایی منحصربه‌فردی تولید می‌شود. این کشور با آب‌وهوای گرمسیری، خاک غنی و بارندگی فراوان، محیطی ایده‌آل برای پرورش دانه قهوه عربیکا فراهم کرده است. دانه‌های قهوه کلمبیا در ارتفاعات کشت می‌شوند که این شرایط، طعمی ملایم با ته‌مزه‌های شکلاتی و میوه‌ای را به قهوه می‌بخشد. برخلاف بسیاری از کشورها که برداشت قهوه به‌صورت ماشینی
Kazhvan Coffee,دانه قهوه کنیا,Kenya,,,Whole bean,1000.0,1000000,100000.0,,False,دان قهوه کنیا; تک خاستگاه; دانه قهوه; قهوه,https://kazhvancoffee.com/product/%d8%af%d8%a7%d9%86-%d9%82%d9%87%d9%88%d9%87-%da%a9%d9%86%db%8c%d8%a7/,"قهوه کنیا چیست؟ 
 قهوه کنیا یکی از خاص‌ترین و باکیفیت‌ترین قهوه‌های جهان است که در ارتفاعات کشور کنیا کشت می‌شود. این قهوه برای اولین بار بین سال‌های ۱۸۸۹ تا ۱۸۹۳ توسط انگلیسی‌ها به این کشور وارد شد و کشیش‌ها نقش مهمی در توسعه کشت آن داشتند. ابتدا قهوه کنیا تنها برای صادرات به انگلیس تولید می‌شد، اما بعدها کنیایی‌ها امتیاز فروش آن را به دست آوردند. 
 قهوه کنیا از نوع عربیکا بوده و به دلیل اسیدیته "
Kazhvan Coffee,دانه قهوه اندونزی,Indonesia,,,Whole bean,1000.0,700000,70000.0,,True,تک خاستگاه; دانه قهوه; قهوه,https://kazhvancoffee.com/product/%d8%af%d8%a7%d9%86-%d9%82%d9%87%d9%88%d9%87-%d8%a7%d9%86%d8%af%d9%88%d9%86%d8%b2%db%8c/,"قهوه اندونزی چیست؟ 
 قهوه اندونزی یکی از انواع قهوه‌های محبوب و متنوع در جهان است که طرفداران زیادی دارد. این کشور با داشتن زمین‌های زراعی وسیع، یکی از بزرگترین صادرکنندگان قهوه در دنیا به شمار میرود. قهوه اندونزی انواع مختلفی دارد که از جمله محبوبترین آن‌ها میتوان به قهوه روبوستا و عربیکا اشاره کرد. علاوه بر این، قهوه‌های خاصی مانند کاپی لوواک نیز در این کشور تولید می‌شوند و طرفداران خاص خود را د"
Kazhvan Coffee,دانه قهوه برزیل,Brazil,,,Whole bean,1000.0,900000,90000.0,,True,تک خاستگاه; دانه قهوه; قهوه,https://kazhvancoffee.com/product/%d8%af%d8%a7%d9%86-%d9%82%d9%87%d9%88%d9%87-%d8%a8%d8%b1%d8%b2%db%8c%d9%84/,دانه‌های قهوه روبوستا به‌ عنوان یکی از گزینه‌های بسیار محبوب در اروپا، خاورمیانه و آفریقا شناخته شده‌ است. قهوه روبوستای برزیل به‌ خاطر طعم بسیار قوی و گاهی زمخت شهرت پیدا کرده‌ است. این نوع قهوه کافئین بسیار بالایی دارد و به‌ خاطر طعم خاص طرفداران منحصربه‌فردی دارد. با توجه به سهولت رشد و برداشت قهوه روبوستا برزیل در مقایسه با دانه‌های عربیکا بسیاری از کشاورزان ترجیح می‌دهند که این نوع قهوه را تو
Set Coffee,دانه قهوه گواتمالا اسپشیالیتی فراوری نوین (Natural Anaerobic ) مقدار 250 گرم,Ethiopia,Natural,Medium,Whole bean,250.0,1690000,676000.0,,True,قهوه اسپشیالیتی; محصولات ویژه; همه موارد,https://set-coffee.com/product/%d8%af%d8%a7%d9%86%d9%87-%d9%82%d9%87%d9%88%d9%87-%da%af%d9%88%d8%a7%d8%aa%d9%85%d8%a7%d9%84%d8%a7-%d8%a7%d8%b3%d9%be%d8%b4%db%8c%d8%a7%d9%84%db%8c%d8%aa%db%8c-%d9%81%d8%b1%d8%a7%d9%88%d8%b1%db%8c-2/,"Guatemala, Atitlan  
    قهوه گواتمالا 
 Region :  Atitlan 
   Variety : Caturra 
  Farm   :    Finca Las   Pampojilá  s    
    Altitude: 1550 masl 
 Notes : Blood orange , white chocolate , Caramel 
 
  بررسی محصول  
 &nbsp; 
 &nbsp; 
   
 &nbsp; 
 قهوه‌های گواتمالا از نوع کلاسیک هستند و در میان دوستداران قهوه در سرتاسر دنیا از نوع قهوه‌های شناخته شده و محبوب به شمار می‌روند. در واقع قهوه گواتما"
Set Coffee,کپسول قهوه SETpresso سازگار با دستگاه نسپرسو &#8211; قرمز 10 عددی (RWANDA Washed) Limited Edition,Rwanda,Washed,,Capsule,,760000,,,True,جدیدترین محصولات; کپسول قهوه; محصولات ویژه,https://set-coffee.com/product/%da%a9%d9%be%d8%b3%d9%88%d9%84-%d9%82%d9%87%d9%88%d9%87-setpresso-%d8%b3%d8%a7%d8%b2%da%af%d8%a7%d8%b1-%d8%a8%d8%a7-%d8%af%d8%b3%d8%aa%da%af%d8%a7%d9%87-%d9%86%d8%b3%d9%be%d8%b1%d8%b3%d9%88-%d9%82/,"کپسول نسپرسو ایرانی قهوه ست مدل RED  ، یک قهوه تک‌خاستگاه 100٪ عربیکا از کشور کنیا است که با دستگاه‌های نسپرسو سازگار بوده و تجربه‌ای نزدیک به specialty coffee را تنها با فشردن یک دکمه ارائه می‌دهد. این کپسول Limited Edition با برشته‌کاری ملایم تا متوسط، اسیدیته‌ای روشن، طعمی شفاف و رایحه‌ای میوه‌ای دارد و برای کسانی طراحی شده که به دنبال قهوه‌ای متفاوت از طعم‌های تلخ و سنگین معمول هستند. 
  ✓ ساز"
Set Coffee,دانه قهوه ترکیبی 80R 20A (82R+) دویست و پنجاه گرمی,Brazil,Natural,Medium,Whole bean,,935000,,,True,قهوه; قهوه تجاری; محصولات ویژه; همه موارد,https://set-coffee.com/product/%d8%af%d8%a7%d9%86%d9%87-%d9%82%d9%87%d9%88%d9%87-%d8%aa%d8%b1%da%a9%db%8c%d8%a8%db%8c-80r-20a-82r-%d8%af%d9%88%db%8c%d8%b3%d8%aa-%d9%88-%d9%be%d9%86%d8%ac%d8%a7%d9%87-%da%af%d8%b1%d9%85%db%8c/,"ویژگی های دانه قهوه ترکیبی 82R 
 این دانه قهوه ترکیبی با ترکیب ۲۰% دانه‌های عربیکا و ۸۰% روبوستا، طعمی قوی با نت‌های شکلات تلخ، کارامل و کمی ادویه ارائه می‌دهد. این قهوه لایت رست بوده و بین اسیدیته عربیکا و تلخی روبوستا، تعادل ایجاد میکند. تن‌واری سنگین آن، حس خوشایندی در دهان به جا می‌گذارد. 
 این قهوه برای آسیاب به صورت پودر قهوه بسیار ریز برای قهوه ترک یا متوسط برای اسپرسو، موکاپات و حتی فرنچ پ"
Set Coffee,قهوه فوری گلد Freeze dried (Gold) (200 گرمی),Ethiopia,Washed,,,200.0,1260000,630000.0,,False,جدیدترین محصولات; قهوه تجاری; محصولات ویژه; همه موارد,https://set-coffee.com/product/%d9%82%d9%87%d9%88%d9%87-%d9%81%d9%88%d8%b1%db%8c-%da%af%d9%84%d8%affreeze-dried-gold-200-%da%af%d8%b1%d9%85%db%8c/,"Instant Coffee &#8211; Freeze Dried (GOLD) 
 قهوه فوری از دانه های عصاره‌گیری‌شده تهیه میشود و دم کردن آن زمان زیادی نمیبرد. کافی است 150 میلی لیتر آب داغ یا شیر داغ به 2 گرم پودر قهوه فوری اضافه کنید. 
 قهوه فوری گلد قهوه ست به روش فریز درای تولید شده و طعم واقعی دانه‌های قهوه، بدون تلخی زیاد در این پودر احساس میشود. پودر قهوه گلد از برند قهوه ست برای کسانی که وقت کافی برای دم کردن قهوه ندارند یک"
Set Coffee,دانه قهوه کلمبیا Colombia مقدار 250 گرم,Ethiopia,Washed,Medium,Whole bean,250.0,1500000,600000.0,,True,قهوه; قهوه پرمیوم; محصولات ویژه; همه موارد,https://set-coffee.com/product/%d9%82%d9%87%d9%88%d9%87-%da%a9%d9%84%d9%85%d8%a8%db%8c%d8%a7-colombia-%d9%85%d9%82%d8%af%d8%a7%d8%b1-250-%da%af%d8%b1%d9%85/,"دانه قهوه کلمبیا Colombia , Huila 
 
 Region: Central Huila 
 Variety: Caturra, Castillo 
 Processing: Coocentral Cooperative 
 Notes: Orange, Yellow Fruit, Milk Chocolate 
 Altitude: 1700  masl 
 Country: Colombia 
 
 بررسی محصول دانه قهوه کلمبیا 
   
 کلمبیا سومین تولید کننده بزرگ قهوه پس از برزیل و ویتنام است. تا همین چند سال پیش که روبوستای ویتنام در دنیا فراگیر نشده بود مقام دوم تولید دانه قه"
Set Coffee,قهوه فوری گلد Freeze dried (Gold) (100گرمی),Ethiopia,Washed,,,100.0,655000,655000.0,,True,جدیدترین محصولات; قهوه تجاری; محصولات ویژه; همه موارد,https://set-coffee.com/product/%d9%82%d9%87%d9%88%d9%87-%d9%81%d9%88%d8%b1%db%8c-%da%af%d9%84%d8%af-freeze-dried-gold/,"Instant Coffee &#8211; Freeze Dried (GOLD) 
   
 قهوه فوری یک نوشیدنی برگرفته از دانه های قهوه عصاره گیری شده است که مصرف کننده  را قادر می سازد با افزودن آب داغ یا شیر داغ به مواد جامد قهوه که به صورت پودر یا کریستال شده یا گرانول مانند در آمده ، نوشیدنی قهوه خود را به سرعت تهیه کنند. تاریخچه آن  به سال 1890 بر می گردد. در حقیقت در این روش ابتدا قهوه عصاره گیری شده و پس از جداسازی مواد نامحلول آن"
Set Coffee,پودر قهوه ترک ویژه  عربیکا ۷۰ درصد مقدار ۲۵۰ گرم,Brazil,Natural,,Ground,250.0,1000000,400000.0,,True,قهوه پرمیوم; محصولات ویژه; همه موارد,https://set-coffee.com/product/%d9%be%d9%88%d8%af%d8%b1-%d9%82%d9%87%d9%88%d9%87-%d8%ac%d8%b0%d9%88%d9%87/,اگر به دنبال خرید پودر قهوه ترک با کیفیت بالا هستید، پودر قهوه ترک ویژه عربیکا 70 درصد انتخابی بی‌نظیر برای تجربه یک فنجان قهوه ترک اصیل است. این قهوه با ترکیب 70% دانه‌های عربیکا و رست مدیوم- دارک، عطر و طعمی غنی و متعادل ارائه می‌دهد که برای تهیه قهوه مخصوص جذوه ایده‌آل است. چه بخواهید روز خود را با یک فنجان قهوه ترک شروع کنید یا در جمع دوستان از طعم آن لذت ببرید، این محصول شما را شگفت‌زده خواهد
Set Coffee,دانه قهوه 70A-30R کلاسیکو &#8211; یک کارتن 8 کیلویی,Brazil,Natural,Medium,Whole bean,8000.0,36500000,456250.0,,True,جدیدترین محصولات; قهوه اسپرسو; همه موارد; هورکا,https://set-coffee.com/product/%d8%af%d8%a7%d9%86%d9%87-%d9%82%d9%87%d9%88%d9%87-70a-30r-%da%a9%d9%84%d8%a7%d8%b3%db%8c%da%a9-%db%8c%da%a9-%da%a9%d8%a7%d8%b1%d8%aa%d9%86/,"دانه قهوه Caffè crema CLASSICO با ترکیب هنرمندانه 70% عربیکا و 30% روبوستا، طعمی متعادل با اسیدیته کم دارد. نت‌های غنی شکلات تلخ، آجیل و کشمش خشک (dried raisin) همراه با تن‌واری دلپذیر و پس‌مزه‌ای ماندگار، این قهوه را به گزینه‌ای محبوب برای دوستداران قهوه ترکیبی تبدیل کرده است. 
 فراوری شسته و نچرال، همراه با رست مدیوم، طعمی کلاسیک ایتالیایی را با ذائقه ایرانی هماهنگ کرده و این قهوه را برای محیط‌ه"
Set Coffee,دانه قهوه ترکیبی 82R+ &#8211; (80R/20A) یک کارتن 8 کیلویی,Brazil,Natural,Medium,Whole bean,8000.0,28500000,356250.0,,True,قهوه; قهوه تجاری; همه موارد; هورکا,https://set-coffee.com/product/%d8%af%d8%a7%d9%86%d9%87-%d9%82%d9%87%d9%88%d9%87-%d8%aa%d8%b1%da%a9%db%8c%d8%a8%db%8c-80r-20a-82r-%db%8c%da%a9-%da%a9%d8%a7%d8%b1%d8%aa%d9%86/,"برای تجربه قهوه‌ای قوی و پرانرژی، دانه قهوه ترکیبی 82R+ با ترکیب 80% روبوستا و 20% عربیکا در بسته‌بندی کارتنی یک کیلوگرمی، انتخابی بی‌نظیر است. این قهوه روبوستا عربیکا با کافئین بالا و طعمی جسورانه، برای مصارف حرفه‌ای در کافه‌ها، سازمان‌ها و سیستم HORECA طراحی شده است. 
 اگر به دنبال خرید دانه قهوه برای اسپرسوهای غلیظ، قهوه ترک یا نوشیدنی‌های صبحگاهی پرقدرت هستید، این محصول با کیفیت ممتاز و قیمت ق"
Set Coffee,دانه قهوه ترکیبی +80R/20A) 82R) یک کیلوگرمی,Brazil,Natural,Medium,Whole bean,1000,3700000,370000.0,,True,فروش سازمانی; قهوه; قهوه تجاری; همه موارد,https://set-coffee.com/product/%d8%af%d8%a7%d9%86%d9%87-%d9%82%d9%87%d9%88%d9%87-%d8%aa%d8%b1%da%a9%db%8c%d8%a8%db%8c-80r-20a-82r-%db%8c%da%a9-%da%a9%db%8c%d9%84%d9%88%da%af%d8%b1%d9%85%db%8c/,"دانه قهوه ترکیبی 82R از دانه‌های روبوستای پرانرژی آسیای جنوب شرقی و عربیکای آمریکای مرکزی منتخب از مزارع برتر ترکیب شده است. برشته‌کاری دقیق و حرفه‌ای، طعمی غنی با نت‌های کاکائو، کارامل سوخته و رایحه‌ای خاکی ایجاد کرده که با تن‌واری قوی و کافئین بالا، برای دوستداران  قهوه با کافئین بالا  بی‌نظیر است. 
 این قهوه برای آسیاب به صورت  پودر قهوه ترکیبی  ریز برای قهوه ترک یا متوسط برای اسپرسو مناسب است "
Set Coffee,دانه قهوه ترکیبی عربیکا % ۱۰۰ House Blend &#8211; یک کارتن ۸ کیلویی,Brazil,Washed,Medium,Whole bean,1000.0,41500000,4150000.0,,True,قهوه; قهوه پرمیوم; همه موارد; هورکا,https://set-coffee.com/product/%d8%af%d8%a7%d9%86%d9%87-%d9%82%d9%87%d9%88%d9%87-%d8%aa%d8%b1%da%a9%db%8c%d8%a8%db%8c-%d8%b9%d8%b1%d8%a8%db%8c%da%a9%d8%a7-%db%b1%db%b0%db%b0-house-blend-%db%8c%da%a9-%da%a9%d8%a7%d8%b1%d8%aa%d9%86/,"برای تجربه قهوه‌ای خوش‌عطر و متعادل، دانه قهوه ترکیبی House Blend 100% عربیکا در بسته‌بندی کارتنی یک کیلوگرمی، انتخابی عالی است. این قهوه عربیکا 100 درصد با ترکیبی هنرمندانه از دانه‌های منتخب مناطق برتر قهوه‌خیز، طعمی نرم و دلپذیر ارائه می‌دهد که برای مصارف حرفه‌ای در کافه‌ها، سازمان‌ها و سیستم HORECA طراحی شده است. 
 اگر به دنبال خرید دانه قهوه برای اسپرسوهای ملایم، قهوه دمی یا نوشیدنی‌های صبحگاه"
Set Coffee,دانه قهوه 70A-30R Leo– یک کارتن 8 کیلویی,Brazil,Natural,Medium,Whole bean,1000.0,33000000,3300000.0,,True,قهوه; قهوه تجاری; همه موارد; هورکا,https://set-coffee.com/product/%d8%af%d8%a7%d9%86%d9%87-%d9%82%d9%87%d9%88%d9%87-70a-30r-leo-%db%8c%da%a9-%da%a9%d8%a7%d8%b1%d8%aa%d9%86/,"ویژه مصارف بالا سازمانها، دفاتر کار، سیستم (HORECA) 
 ویژه مصارف بالا سازمانها، دفاتر کار، سیستم (HORECA) 
 دانه قهوه ترکیبی LEO Blend از ترکیب دانه های Robusta ۳۰٪ که در آفریقا و آسیا کشت شده و Arabica ۷۰٪ که در آمریکای جنوبی و آمریکای مرکزی کشت شده با درجه برشته شدن متوسط رو به تیره تهیه شده است. 
 این دانه های قهوه ویژگی های قهوه ربوستا و عربیکا را همزمان دارند که نوشیدن قهوه تهیه شده از آن را "
Set Coffee,دانه قهوه ترکیبی (Black and White (50A/50R &#8211; یک کارتن 8 کیلویی,Brazil,Natural,Medium,Whole bean,8000.0,31500000,393750.0,,True,قهوه; قهوه تجاری; همه موارد; هورکا,https://set-coffee.com/product/%d8%af%d8%a7%d9%86%d9%87-%d9%82%d9%87%d9%88%d9%87-%d8%aa%d8%b1%da%a9%db%8c%d8%a8%db%8c-black-and-white-50a-50r-%db%8c%da%a9-%da%a9%d8%a7%d8%b1%d8%aa%d9%86/,"ویژه مصارف بالا سازمانها، دفاتر کار، سیستم (HORECA) 
 دانه قهوه ترکیبی Black and White (عربیکا ۵۰٪، روبوستا ۵۰٪) &#8211; یک کارتن 8 عددی 
 دانه قهوه ترکیبی Black and White از ترکیب مساوی دانه های قهوه عربیکای کشت شده در مزارع آمریکای جنوبی و روبوستای کشت شده در آفریقا و آسیا تولید شده است. 
 برای ترکیب کردن انواع قهوه و دست یابی به دانه هایی که پس از برشته شدن، دارای توازن در طعم، اسیدیته مناسب، ت"
Set Coffee,کپسول قهوه SETpresso سازگار با دستگاه نسپرسو (Selection) ۱۰ عددی,Ethiopia,Natural,,Capsule,,700000,,,True,کپسول قهوه; همه موارد,https://set-coffee.com/product/%da%a9%d9%be%d8%b3%d9%88%d9%84-%d9%82%d9%87%d9%88%d9%87-setpresso-%d8%b3%d8%a7%d8%b2%da%af%d8%a7%d8%b1-%d8%a8%d8%a7-%d8%af%d8%b3%d8%aa%da%af%d8%a7%d9%87-%d9%86%d8%b3%d9%be%d8%b1%d8%b3%d9%88-selectio/,"۱۰ عددی (SELECTION) SETpresso 
 NESPRESSO COMPATIBLE COFFEE CAPSULE (Selection) 
 کپسول قهوه ست مدل Selection سازگار با دستگاههای کپسولی نسپرسو می باشد. حاوی تمام رنگهای موجود ست پرسو می باشد. مناسب افرادی که قصد مقایسه و انتخاب بین 5 رنگ موچود کپسولهای SETpresso را دارند و یا رنگهای مختلف را در ساعات مختلف روز و به شیوه های متفاوت تهیه می کنند. 
 کپسولهای دیگر رده Limited Edition 
 مشکی (BLACK): "
Set Coffee,کپسول قهوه SETpresso سازگار با دستگاه نسپرسو (Green) ۱۰ عددی,Brazil,Natural,,Capsule,,685000,,,True,کپسول قهوه; همه موارد,https://set-coffee.com/product/%d9%82%d9%87%d9%88%d9%87-%da%a9%d9%be%d8%b3%d9%88%d9%84%db%8c-setpresso-%d8%b3%d8%a7%d8%b2%da%af%d8%a7%d8%b1-%d8%a8%d8%a7-%d8%af%d8%b3%d8%aa%da%af%d8%a7%d9%87-%d9%86%d8%b3%d9%be%d8%b1%d8%b3%d9%88/,"۱۰ عددی SETpresso (Green) 
 Central America and Africa (Arabica/Robusta) 
 NESPRESSO COMPATIBLE COFFEE CAPSULE (GREEN) 
 کپسول قهوه ایرانی ست مدل Green کپسول قهوه سازگار با دستگاه‌های کپسولی نسپرسو است. ترکیب این قهوه عربیکا و روبوستا بوده و با برشته‌کاری متوسط رو به پایین درجاتی از اسیدیته به همراه تن‌واری متوسط به واسطه داشتن روبوستا را داراست. در کپسول ست پرسو ترکیب دانه‌های قهوه از آمریکای مرک"
Set Coffee,کپسول قهوه SETpresso سازگار با دستگاه نسپرسو (Gold) ۱۰ عددی,Brazil,Natural,,Capsule,,740000,,,True,کپسول قهوه; همه موارد,https://set-coffee.com/product/%da%a9%d9%be%d8%b3%d9%88%d9%84-%d9%82%d9%87%d9%88%d9%87-gold-setpresso/,"10 عددی (SETpresso (GOLD 
 South and Central America and Africa (100% ARABICA) 
 NESPRESSO COMPATIBLE COFFEE CAPSULE  (GOLD) 
 کپسول نسپرسو ایرانی قهوه ست مدل Gold سازگار با دستگاه‌های کپسولی نسپرسو است. ترکیب این کپسول قهوه ایرانی 100% عربیکا بوده و با برشته‌کاری متوسط به بالا از اسیدیته متوسط و بسیار خوشایند و متوازن به همراه تلخی متوسط به پایین به همراه تن‌واری متوسط است. 
 کپسول قهوه Gold Setp"
Set Coffee,کپسول قهوه SETpresso سازگار با دستگاه نسپرسو (Black) ۱۰ عددی,Brazil,Natural,,Capsule,,665000,,,True,کپسول قهوه; همه موارد,https://set-coffee.com/product/%d9%82%d9%87%d9%88%d9%87-%da%a9%d9%be%d8%b3%d9%88%d9%84%db%8c-black-%d8%b3%d8%a7%d8%b2%da%af%d8%a7%d8%b1-%d8%a8%d8%a7-%d8%af%d8%b3%d8%aa%da%af%d8%a7%d9%87-%d9%86%d8%b3%d9%be%d8%b1%d8%b3%d9%88/,"SETpresso (BLACK) ۱۰ عددی 
 Central and South America and East Asia (Arabica/Robusta  Blend) 
 NESPRESSO COMPATIBLE COFFEE CAPSULE (BLACK) 
 کپسول قهوه ست مدل Black یک کپسول قهوه ایرانی و سازگار با دستگاه‌های کپسولی نسپرسو است. ترکیب قهوه کپسول ایرانی setpresso عربیکا و روبوستا بوده و درصد روبوستای بیشتری نسبت به کپسول ست پرسو مدل Green دارد. این محصول با برشته‌کاری متوسط  رو به بالا  از اسیدیته ک"
Set Coffee,کپسول قهوه SETpresso سازگار با دستگاه نسپرسو (Blue) ۱۰ عددی,Brazil,Natural,,Capsule,,695000,,,True,کپسول قهوه; همه موارد,https://set-coffee.com/product/%d9%82%d9%87%d9%88%d9%87-%da%a9%d9%be%d8%b3%d9%88%d9%84%db%8c-%d8%b3%d8%a7%d8%b2%da%af%d8%a7%d8%b1-blue-%d8%a8%d8%a7-%d8%af%d8%b3%d8%aa%da%af%d8%a7%d9%87-%d9%86%d8%b3%d9%be%d8%b1%d8%b3%d9%88/,"۱۰ عددی SETpresso (BLUE) 
 South America and Africa (100% ARABICA) 
 NESPRESSO COMPATIBLE COFFEE CAPSULE (BLUE) 
 کپسول نسپرسو ایرانی قهوه ست مدل Blue سازگار با دستگاه‌های کپسولی نسپرسو است. ترکیب این کپسول قهوه ایرانی 100% عربیکا بوده و با برشته‌کاری متوسط از اسیدیته متوسط به بالا به همراه تن‌واری متوسط است. کپسول قهوه setpresso ترکیب با شیر مناسبی نیز ایجاد می‌کند. اگر دستگاه کف‌ساز شیر خانگی در"
Set Coffee,دانه قهوه اتیوپی Ethiopia Sidama مقدار 250 گرم,Ethiopia,Washed,Medium,Whole bean,250.0,1500000,600000.0,,True,قهوه; قهوه پرمیوم; محصولات ویژه; همه موارد,https://set-coffee.com/product/%d8%af%d8%a7%d9%86%d9%87-%d9%82%d9%87%d9%88%d9%87-%d8%a7%d8%aa%db%8c%d9%88%d9%be%db%8c-ethiopia-sidama-%d9%85%d9%82%d8%af%d8%a7%d8%b1-250-%da%af%d8%b1%d9%85/,"قهوه اتیوپی سیداما (ETHIOPIA &#8211; SIDAMA) 
 
 Region: Sidama , SNNPR region 
 Variety: Native Heirloom Varieties 
 Processing: Washed 
 Farm: Daye bensa 
 Altitude: 1,900 metres above sea level 
 Country: Ethiopia 
 
 قهوه اتیوپی یه طور عام 
   
 خوش‌نامی قهوه اتیوپی در سپهر صنعت جهانی قهوه، حاصل دهه‌ها تلاش و تحقیقات کشاورزی روی این محصول استراتژیک است. برشته‌کاری نیست که گوشه‌چشمی به این خاست"
Set Coffee,دانه قهوه 70A-30R Leo &#8211; یک کیلوگرمی,Brazil,Natural,Medium,Whole bean,1000,4300000,430000.0,,True,فروش سازمانی; قهوه; قهوه تجاری; همه موارد,https://set-coffee.com/product/%d8%af%d8%a7%d9%86%d9%87-%d9%82%d9%87%d9%88%d9%87-70a-30r-leo-%db%8c%da%a9-%da%a9%db%8c%d9%84%d9%88%da%af%d8%b1%d9%85%db%8c/,"دانه قهوه ترکیبی LEO Blend (عربیکا ۷۰٪ &#8211; روبوستا ۳۰٪) &#8211; یک کیلوگرمی 
 دانه قهوه ترکیبی LEO Blend از ترکیب دانه های Robusta ۳۰٪ که در آفریقا و آسیا کشت شده و Arabica ۷۰٪ که در آمریکای جنوبی و آمریکای مرکزی کشت شده با درجه برشته شدن متوسط رو به تیره تهیه شده است. 
 این دانه های قهوه ویژگی های قهوه ربوستا و عربیکا را همزمان دارند که نوشیدن قهوه تهیه شده از آن را واقعا لذت بخش و به یادماند"
Set Coffee,دانه قهوه 70A-30R کلاسیک &#8211; یک کیلوگرمی,Brazil,Natural,Medium,Whole bean,1000,4750000,475000.0,,True,جدیدترین محصولات; فروش سازمانی; قهوه اسپرسو; همه موارد,https://set-coffee.com/product/%d8%af%d8%a7%d9%86%d9%87-%d9%82%d9%87%d9%88%d9%87-70a-30r-%da%a9%d9%84%d8%a7%d8%b3%db%8c%da%a9-%db%8c%da%a9-%da%a9%db%8c%d9%84%d9%88%da%af%d8%b1%d9%85%db%8c/,"دانه قهوه Caffè Crema &#8211; CLASSICO (عربیکا ۷۰٪ &#8211; روبوستا ۳۰٪) &#8211; یک کیلوگرمی 
 دانه قهوه Caffè crema CLASSICO از ترکیب دو نوع قهوه زیر طی فرایند Natural و washed  process تهیه شده است: 
 
 عربیکا از آمریکای مرکزی و آمریکای جنوبی 
 روبوستای مرغوب از آسیای جنوب شرقی و آمریکای مرکزی 
 
 نحوه ترکیب کردن دو نوع قهوه عربیکا و ربوستا و نسبت ترکیب آنها، نیاز به دانش و خلاقیت دارد. صدها گونه"
Set Coffee,دانه قهوه ترکیبی عربیکا  %۱۰۰ House Blend &#8211; یک کیلوگرمی,Brazil,Natural,Medium,Whole bean,1000,5350000,535000.0,,True,فروش سازمانی; قهوه; قهوه پرمیوم; همه موارد,https://set-coffee.com/product/%d8%af%d8%a7%d9%86%d9%87-%d9%82%d9%87%d9%88%d9%87-%d8%aa%d8%b1%da%a9%db%8c%d8%a8%db%8c-%d8%b9%d8%b1%d8%a8%db%8c%da%a9%d8%a7-%db%b1%db%b0%db%b0-house-blend-%db%8c%da%a9-%da%a9%db%8c%d9%84%d9%88%da%af/,"دانه قهوه ترکیبی عربیکا ۱۰۰ House Blend &#8211; یک کیلوگرمی 
 قهوه ترکیبی House Blendیک ترکیب اختصاصی از دانه‌های مختلف تولید شده در مزارع آمریکای مرکزی، آمریکای جنوبی، آسیای شرقی و آفریقا است. البته قهوه آمریکای جنوبی، پایه اصلی این ترکیب است و سایر قهوه ها، تکمیل کننده طعم آن می باشند. 
  این قهوه که ۱۰۰٪ از دانه های عربیکا تهیه شده ترکیبی بی نظیر است که طعم قهوه های برشته شده دهه ۶۰ و ۷۰ را به "
Set Coffee,دانه قهوه ترکیبی (Black and White (50A/50R &#8211; یک کیلوگرمی,Brazil,Natural,Medium,Whole bean,1000,4100000,410000.0,,True,فروش سازمانی; قهوه; قهوه تجاری; همه موارد,https://set-coffee.com/product/%d8%af%d8%a7%d9%86%d9%87-%d9%82%d9%87%d9%88%d9%87-%d8%aa%d8%b1%da%a9%db%8c%d8%a8%db%8c-black-and-white-50a-50r-%db%8c%da%a9-%da%a9%db%8c%d9%84%d9%88%da%af%d8%b1%d9%85%db%8c/,"دانه قهوه ترکیبی Black and White (عربیکا ۵۰٪ &#8211; روبوستا ۵۰٪) &#8211; یک کیلوگرمی 
 دانه قهوه ترکیبی Black and White از ترکیب مساوی دانه های قهوه عربیکای کشت شده در مزارع آمریکای جنوبی و روبوستای کشت شده در آفریقا و آسیا تولید شده است. 
 برای ترکیب کردن انواع قهوه و دست یابی به دانه هایی که پس از برشته شدن، دارای توازن در طعم، اسیدیته مناسب، تلخی خوشایند و افترتیست ماندگار باشند، نیاز به دانش،"
Set Coffee,دانه قهوه ترکیبی  250 گرم HOUSE Blend 100% Arabica,Brazil,Natural,Medium,Whole bean,250.0,1350000,540000.0,,True,قهوه; قهوه پرمیوم; محصولات ویژه; همه موارد,https://set-coffee.com/product/house-blend/,"قهوه ترکیبی (House Blend) 
 100% ARABICA 
 قهوه هویلا با داشتن طعمی شیرین برای قهوه دمی و اسپرسو مناسب است. علاوه بر این دم کردن قهوه هویلا در قهوه‌ساز خانگی هم توصیه می‌شود. طعم گوارای این قهوه آن را تبدیل به نوشیدنی جذابی کرده که بدون افزودن هر گونه شیرین کننده و یا حتی شیر لذت نوشیدن قهوه در هنگام صرف صبحانه و یا عصرانه را دوچندان می‌کند. 
 ترکیب دانه‌های مختلف از مزارع آمریکای مرکزی و جنوبی و "
Set Coffee,دانه قهوه ترکیبی Breakfast Blend مقدار 250 گرم,Brazil,Natural,Medium,Whole bean,250.0,1400000,560000.0,,True,قهوه; قهوه پرمیوم; محصولات ویژه; همه موارد,https://set-coffee.com/product/%d9%82%d9%87%d9%88%d9%87-%d8%aa%d8%b1%da%a9%db%8c%d8%a8%db%8c-breakfast-blend-%d9%85%d9%82%d8%af%d8%a7%d8%b1-250-%da%af%d8%b1%d9%85/,"قهوه ترکیبی صبحانه (Breakfast Blend) 
 ترکیب دانه‌های مختلف از مزارع آمریکای مرکزی و جنوبی 
 100% ARABICA 
 ترکیب کردن قهوه‌های مختلف با هم خود آمیزه‌ای است از علم و هنر. اینکه کدام یک از صدها زیرگونه قهوه عربیکا با زیرگونه‌های روبوستا می‌تواند توازن طعمی، میزان اسیدیتی مطلوب، تلخی خوشگوار، تنواری (بادی) دلپذیر و افترتیست ماندگار را به وجود بیاورد نیازمند داشتن تخصص، مهارت و تجربه بالاست. 
 اگر از"
Set Coffee,پودر قهوه ترک 250 گرمی,Brazil,Natural,Medium,Ground,250.0,925000,370000.0,,True,قهوه تجاری; محصولات ویژه; همه موارد,https://set-coffee.com/product/%d9%82%d9%87%d9%88%d9%87-%d8%aa%d8%b1%da%a9-turkish-coffee/,"پودر قهوه ترک 
  بسته 250 گرمی 
 شاید یکی از سنتی‌ترین روش مصرف قهوه در ایران استفاده از قهوه آسیاب شده به صورت کاملا پودر و ظرف قهوه جوش، جذوه، بر روی حرارت باشد که اصطلاحا به آن  قهوه ترک  گفته می‌شود. در تهیه  قهوه ترک «ست»  از دانه‌های مرغوب قهوه از مزارع  جاوه اندونزی  استفاده می‌شود و  برشته کاری متوسط  آن قهوه‌ای همه‌پسند را به ارمغان می‌آورد. برای ایجاد عطر مناسب از  دانه‌های عربیکای آمریک"
Set Coffee,دانه قهوه Caffè Crema &#8211; Classico (کلاسیک &#8211; A70/R30) 250 گرمی,Brazil,Natural,Medium,Whole bean,250.0,1200000,480000.0,,True,جدیدترین محصولات; قهوه اسپرسو; محصولات ویژه; همه موارد,https://set-coffee.com/product/%d8%af%d8%a7%d9%86%d9%87-%d9%82%d9%87%d9%88%d9%87-caffe-crema-classico-%da%a9%d9%84%d8%a7%d8%b3%db%8c%da%a9-a70-r30/,"دانه قهوه ترکیبی عربیکا 70 روبوستا 30 &#8211; 250 گرمی 
 ۲۵۰ گرمی Arabica 70% Robusta 30% 
 Achille Gaggia، مخترع ایتالیایی، یکی از اولین افرادی بود که با پیستون دستی فشار را به آب داغ وارد می‌کرد و آن را به پودر قهوه جهت عصاره‌گیری انتقال می‌داد شناخته شده است. در حقیقت می‌توان گفت آنچه که به عنوان اسپرسو شناخته می‌شود این‌گونه در دهه 40 میلادی عصاره‌گیری می‌شد. 
 در آن زمان اولین مشتریانی که معج"
Set Coffee,دانه قهوه ترکیبی (Leo Blend (70A/30R مقدار 250 گرم,Brazil,Natural,Medium,Whole bean,250.0,1090000,436000.0,,True,قهوه; قهوه تجاری; محصولات ویژه; همه موارد,https://set-coffee.com/product/%d9%82%d9%87%d9%88%d9%87-%d8%aa%d8%b1%da%a9%db%8c%d8%a8%db%8c-leo-blend/,"خرید قهوه ترکیبی LEO Blend (70A / 30R) 
 اگر قصد  خرید قهوه ترکیبی  بدانید که یکی از بهترین روشهای مخلوط کردن، ترکیب دانه‌های مختلف از عربیکای مزارع آمریکای جنوبی و مرکزی روبوستای آفریقایی و آسیایی است. 
 ترکیبی متعادل از عربیکا و روبوستا (70A / 30R) 
 ترکیب کردن قهوه‌های مختلف با هم خود آمیزه‌ای است از علم و هنر. اینکه کدام یک از صدها زیرگونه قهوه عربیکا با زیرگونه‌های روبوستا می‌تواند توازن طعمی"
Set Coffee,دانه قهوه ترکیبی (Black and White (50A/50R مقدار 250 گرم,Brazil,Natural,Medium,Whole bean,250.0,1040000,416000.0,,True,قهوه; قهوه تجاری; محصولات ویژه; همه موارد,https://set-coffee.com/product/%d9%82%d9%87%d9%88%d9%87-%d8%aa%d8%b1%da%a9%db%8c%d8%a8%db%8c-black-and-white-50-a-50-r-%d9%85%d9%82%d8%af%d8%a7%d8%b1-250-%da%af%d8%b1%d9%85/,"قهوه ترکیبی Black and White (50A/50R) 
 قهوه ترکیبی متعادل از عربیکا و روبوستا 50/50 
 ترکیب دانه‌های مختلف از عربیکای مزارع آمریکای جنوبی و روبوستای آفریقایی و آسیایی 
 ترکیب کردن قهوه‌های مختلف با هم خود آمیزه‌ای است از علم و هنر. اینکه کدام یک از صدها زیرگونه قهوه عربیکا با زیرگونه‌های روبوستا می‌تواند توازن طعمی، میزان اسیدیتی مطلوب، تلخی خوشگوار، تنواری (بادی) دلپذیر و افترتیست ماندگار را به "
Redpill Roastery,خدمات رست اختصاصی عربیکا (صالحی کافی),Brazil,,Medium,,70000.0,10500000,15000.0,,True,رست اختصاصی (صالحی کافی),https://redpillroastery.coffee/product/arabica-exclusive/,"خدمات تخصصی برشته‌کاری دان عربیکا | صالحی کافی (Salehi Coffee) 
 رست مهندسی‌شده دان‌های عربیکا با حفظ حداکثری آروما، اسیدیته شفاف، شیرینی طبیعی و تکرارپذیری طعم‌یادها — حداقل سفارش: ۱ گونی 
 ظرافت مهندسی در رست دان عربیکا 
 دان‌های عربیکا با ساختار سلولی حساس، قندهای پیچیده و ترکیبات آروماتیک آسیب‌پذیر، به کوچک‌ترین نوسان دمایی واکنش نشان می‌دهند. فرآیند نادرست رست می‌تواند اسیدیته شفاف و میوه‌ای "
Redpill Roastery,خدمات رست اختصاصی ربوستا (صالحی کافی),Brazil,,Medium,Whole bean,60000.0,12000000,20000.0,,True,رست اختصاصی (صالحی کافی),https://redpillroastery.coffee/product/robusta-exclusive/,"رست مهندسی‌شده دان سبز ربوستا با حداکثر بادی، کرمای پایدار و تلخی کنترل‌شده — حداقل سفارش: ۱ گونی 
 چرا رست ربوستا نیازمند مهندسی دقیق حرارتی است؟ 
 دان‌های ربوستا به دلیل ساختار فیزیکی فشرده‌تر (Dense)، رطوبت ساختاری و فیبر متراکم، رفتار حرارتی متفاوتی نسبت به عربیکا درام رستر دارند. یک خطای کوچک در انتقال حرارت یا تخلیه پیش از موعد می‌تواند منجر به طعم‌های سوخته، گسی (Astringency) یا ترشی نامطلو"
Redpill Roastery,قهوه اتیوپی گوجی وامنا | (فرآوری انروبیک),Ethiopia,,,Whole bean,150.0,1575000,1050000.0,,True,,https://redpillroastery.coffee/product/wamena/,"تجربه‌ی قهوه گوجی وامنا، 
فراتر از یک قهوه‌ی معمولی است؛ این یک سفر حسی به قلب اتیوپی است. قهوه‌ای که در ارتفاعات بیش از ۲۰۰۰ متری منطقه “وامنا” رشد یافته و با دقت و مهارتی مثال‌زدنی تحت فرآیند «تخمیر بی‌هوازی» (Anaerobic) به کمال رسیده است. اگر به دنبال فنجانی با پیچیدگی‌های بی‌نظیر، بدنه مخملی و نت‌های میوه‌ای انفجاری هستید، گوجی وامنا تنها انتخاب شماست. 
  ویژگی‌های بارز این محصول:  
 
  خاستگا"
Redpill Roastery,قهوه پگاسینگ اندونزی برای اسپرسو | طعم لیمو عمانی شدید,Indonesia,,,Whole bean,150.0,1500000,1000000.0,,True,,https://redpillroastery.coffee/product/espresso-pegasing/,"قهوه پگاسینگ اندونزی ردپیل | اسپرسو با طعم‌یاد لیمو عمانی شدید 
 اگر به‌دنبال یک قهوه اسپرسو خاص، پرانرژی و متفاوت هستی،  قهوه پگاسینگ اندونزی ردپیل  یکی از جذاب‌ترین انتخاب‌هاست. این قهوه عربیکای تخصصی از ارتفاعات گایو در آچه اندونزی، با فرآوری تخمیری/واین، شخصیتی پیچیده و جسور دارد و در عصاره‌گیری اسپرسو، طعمی بسیار شفاف و متمایز ارائه می‌دهد. 
 آنچه پگاسینگ را از بسیاری از قهوه‌های اسپرسو جدا م"
Redpill Roastery,قهوه عربیکا تک خاستگاه کلمبیا گایتانیا Colombia Gaitania,Colombia,,,Whole bean,250.0,2000000,800000.0,,True,عربیکا تک خاستگاه,https://redpillroastery.coffee/product/gaitania/,"قهوه کلمبیا گایتانیا| رست اسپرسو 
 قهوه کلمبیا گایتانیا با فرآوری شسته و رست اسپرسو، انتخابی مناسب برای کسانی است که به دنبال فنجانی متعادل، خوش‌عطر و شفاف هستند. این قهوه از منطقه گایتانیا در کلمبیا تهیه شده و پس از فرآوری شسته، در ردپیل رستری با پروفایل مناسب برای اسپرسو برشته شده است. 
 فرآوری شسته کمک می‌کند ویژگی‌های ذاتی دانه قهوه با وضوح بیشتری در فنجان نمایان شود. در این روش، میوه قهوه پس "
Redpill Roastery,قهوه عربیکا تک خاستگاه کلمبیا تیمانا Colombia Timana,Colombia,,,Whole bean,250.0,1875000,750000.0,,True,عربیکا تک خاستگاه,https://redpillroastery.coffee/product/timana/,"قهوه تک خاستگاه کلمبیا تیمانا | رست اسپرسو Colombia Timana 
  
 در «ردپیل»، ما به دنبال عصاره‌ی ناب هستیم. قهوه کلمبیا تیمانا (Timaná)، فراتر از یک فنجان قهوه، تجربه‌ای از شفافیت و اصالت منطقه «هویلا» (Huila) است. این دانه‌ها در ارتفاعات کلمبیا، رشد کرده و با فرآوری دقیقِ «شسته» (Washed)، تمام ناخالصی‌ها از آن زدوده شده است تا تنها ذاتِ واقعی قهوه باقی بماند. 
 ما در ردپیل، این قهوه را با «رست اسپ"
Redpill Roastery,قهوه عربیکا تک خاستگاه کلمبیا بولیوار &#8211; colombia bolivar,Colombia,,,Whole bean,250.0,1750000,700000.0,,True,عربیکا تک خاستگاه,https://redpillroastery.coffee/product/bolivar/,"قهوه کلمبیا بولیوار (Colombia Bolivar) – تک خاستگاه رستری ردپیل 
 اگر به دنبال فنجانی هستید که تعریف دقیقی از  «تعادل، شیرینی غنی کاراملی و بادی مخملی»  ارائه دهد،  قهوه کلمبیا بولیوار از رستری ردپیل (RedPill)  همان انتخابی است که جایش در فنجان شما خالی است. این قهوه ۱۰۰٪ عربیکا تخصصی، از ارتفاعات سرسبز و کوهستانی منطقه معروف آنتیوکیا (Antioquia) برداشت شده و بازتابی اصیل از کلمبیاست. 
 &nbsp; 
 ش"
Redpill Roastery,قهوه تک خاستگاه کلمبیا بلاسوم &#8211; تجربه عطری شکوفه‌ها/ colombia blossom,Colombia,,,Whole bean,250.0,1750000,700000.0,,True,عربیکا تک خاستگاه,https://redpillroastery.coffee/product/blossom/,به دنبال قهوه‌ای هستید که هم‌زمان عطری رها و بافتی شیرین داشته باشد؟ قهوه  Colombia Blossom  در رستری ردپیل، بازتعریفی از «هارمونی» است. ما در ردپیل با انتخاب هوشمندانه  رست مدیوم (Medium Roast) ، به این دانه فرصت دادیم تا در اوجِ کمال، بین اسیدیته ظریفِ مرکباتی و شیرینیِ غنیِ کاراملی، تعادلی بی‌نظیر ایجاد کند. این قهوه برای کسانی است که می‌خواهند «عطر» را در فنجانی با «بدنه و شیرینیِ استاندارد» ت
Redpill Roastery,قهوه تک خاستگاه کلمبیا ال دسارولو | فنجانی با طعم سیب و زست پرتقال El Desarrollo,Colombia,,,Whole bean,250.0,1750000,700000.0,,True,عربیکا تک خاستگاه,https://redpillroastery.coffee/product/el-desarrollo/,"قهوه کلمبیا El Desarrollo 
 قهوه  Colombia El Desarrollo  یکی از قهوه‌های اسپشیالتی باکیفیت از منطقه مشهور  Huila  در کلمبیا است. این قهوه توسط انجمن تولیدکنندگان  El Desarrollo  در شهر  Gigante  تولید می‌شود؛ گروهی از کشاورزان که با تمرکز بر کیفیت، فرآوری دقیق و توسعه پایدار، قهوه‌هایی با پروفایل طعمی شفاف و متعادل تولید می‌کنند. 
 دانه‌های این قهوه در ارتفاع  ۱۳۰۰ تا ۱۹۰۰ متر  از سطح دریا رشد می"
Redpill Roastery,قهوه کلمبیا لنگوپا | فنجانی شفاف با طعم‌یادهای لیمو، پرتقال,Colombia,,,Whole bean,250.0,1750000,700000.0,,True,عربیکا تک خاستگاه,https://redpillroastery.coffee/product/colombia-lengupa-washed-coffee/,"قهوه کلمبیا لنگوپا – Colombia Lengupá Washed 
 قهوه کلمبیا لنگوپا یکی از قهوه‌های خاص و کمتر شناخته‌شده کلمبیاست که در سال‌های اخیر توجه بسیاری از روسترهای تخصصی جهان را به خود جلب کرده است. این قهوه در دره لنگوپا (Lengupá Valley) در استان بویاکا کشت می‌شود؛ منطقه‌ای کوهستانی در دامنه‌های شرقی رشته‌کوه آند که به دلیل ارتفاع مناسب، رطوبت طبیعی و شرایط اقلیمی خاص، محیطی ایده‌آل برای تولید قهوه‌های ب"
Redpill Roastery,قهوه تخصصی اتیوپی دابایه فراوری بی هوازی طبیعی- ethiopia dabaye redpill roastery,Ethiopia,Natural,,Whole bean,150.0,,,,True,,https://redpillroastery.coffee/product/dabaye/,"معرفی قهوه اتیوپی دابایه (Dabaye) – فرآوری نچرال آناروبیک 
  تجربه‌ای فراتر از یک فنجان؛ هنر رست محمد صالحی در رستری ردپیل  
 اگر به دنبال قهوه‌ای هستید که مرزهای طعمی را جابه‌جا کند،  اتیوپی دابایه (Ethiopia Dabaye)  با فرآوری خاص  نچرال آناروبیک (Natural Anaerobic) ، همان گمشده‌ی شماست. این قهوه محصولی از ارتفاعات سرگیجه‌آور منطقه  گوجی (Guji)  است که با وسواس علمی و دقت هنری در  رستری ردپیل (Re"
Redpill Roastery,قهوه عربیکا کلمبیا دارک رستِ ردپیل- arabica colombia dark roast coffee,Colombia,,Dark,Whole bean,250.0,1500000,600000.0,,True,قهوه دارک رست,https://redpillroastery.coffee/product/colodark/,"&nbsp; 
 &nbsp; 
 # ☕ قهوه کلمبیا سوپریمو – دارک رست تخصصی با شیرینی کنترل‌شده 
 اگر تصور می‌کنید دارک رست یعنی تلخی شدید و سوختگی، وقت آن رسیده که تجربه‌تان را بازنویسی کنید. 
 ما در این پروژه، برای اولین‌بار در ایران، یک **رست تیره (Dark Roast) کاملاً کنترل‌شده و علمی** را روی عربیکا کلمبیا سوپریمو اجرا کرده‌ایم؛ رستی که نه تنها تلخ و سوخته نیست، بلکه بافتی مخملی و شیرینی عمیق و کاراملیزه ارائه "
Redpill Roastery,قهوه عربیکا تخصصی اوگاندا از کوهستان الگون با فراوری سوپر نچرال &#8211; Uganda Elgon arabica,Uganda,Natural,,Whole bean,150.0,1980000,1320000.0,,True,عربیکا تک خاستگاه,https://redpillroastery.coffee/product/elgon/,"خرید قهوه تخصصی اوگاندا الگون (UgandaSL28 زیرگونه) | Elgon 
 تجربهای متفاوت با فرآوری سوپر نچرال و رست اختصاصی ردپیل 
اگر به دنبال فنجانی هستید که مرزهای طعمی قهوههای آفریقایی را جابه جا کند، قهوه تخصصی اوگاندا از منطقه کوهستانی الگون 
دقیقا همان چیزی است که نیاز دارید. این قهوه نه تنها یک نوشیدنی، بلکه یک اثر هنری از دل مزارع مرتفع اوگانداست که با دقت وسواسی توسط تیم ردپیل برای عصاره گیری اسپرسو "
Redpill Roastery,قهوه تخصصی عربیکا السالوادور فراوری عسلی منطقه آگوستین- Elsalvador honey process,El Salvador,Honey,,Whole bean,150.0,1200000,800000.0,,True,,https://redpillroastery.coffee/product/agustin/,"قهوه السالوادور آگوستین با فرآوری عسلی (Honey Process)، یکی از خاص‌ترین و دلپذیرترین قهوه‌های تخصصی آمریکای مرکزی است که عاشقان قهوه را با شیرینی طبیعی و طعم‌های پیچیده‌اش مجذوب می‌کند.  
  چرا قهوه آگوستین السالوادور اینقدر محبوب است؟  
این قهوه از مزارع باکیفیت السالوادور (احتمالاً مرتبط با منطقه San Agustin یا فینکاهای مشابه) برداشت می‌شود و با روش فرآوری عسلی تولید می‌گردد. در این روش، پوست گی"
Redpill Roastery,قهوه ربوستا ممتاز  اوگاندا با فراوری عسلی-Redpill Robusta honey process uganda,Uganda,Honey,,Whole bean,250.0,515000,206000.0,,False,قهوه عمده ردپیل B2B,https://redpillroastery.coffee/product/%d9%82%d9%87%d9%88%d9%87-%d8%b1%d8%a8%d9%88%d8%b3%d8%aa%d8%a7-%d9%85%d9%85%d8%aa%d8%a7%d8%b2-%d8%a7%d9%88%da%af%d8%a7%d9%86%d8%af%d8%a7-%d8%a8%d8%a7-%d9%81%d8%b1%d8%a7%d9%88%d8%b1%db%8c-%d8%b9%d8%b3/,"در دنیای قهوه تخصصی امروز،  ربوستا هانی پروسس اوگاندا  یکی از جذاب‌ترین و متفاوت‌ترین گزینه‌ها برای علاقه‌مندان به قهوه قوی، شیرین و خاص شده است. 
 اوگاندا به عنوان بزرگ‌ترین صادرکننده قهوه  روبوستا  در آفریقا شناخته می‌شود و زادگاه اصلی این گونه قهوه محسوب می‌گردد. اما آنچه این قهوه را واقعاً متمایز کرده، استفاده از روش فرآوری  هانی پروسس  (Honey Process یا Pulped Natural) روی دانه‌های روبوستا اس"
Redpill Roastery,قهوه عربیکا تخصصی کلمبیا تابی منطقه لاکلودیا &#8211; Redpill specialty arabica colombia tabi laclaudia,Colombia,,,Whole bean,150.0,1200000,800000.0,,False,,https://redpillroastery.coffee/product/%d9%82%d9%87%d9%88%d9%87-%d8%b9%d8%b1%d8%a8%db%8c%da%a9%d8%a7-%d8%aa%d8%ae%d8%b5%d8%b5%db%8c-%da%a9%d9%84%d9%85%d8%a8%db%8c%d8%a7-%d8%aa%d8%a7%d8%a8%db%8c-%d9%85%d9%86%d8%b7%d9%82%d9%87-%d9%84%d8%a7/,"قهوه تابی کلمبیا از لاکلودیا | رست ردپیل — میوه‌ای، مناسب دمی و اسپرسو 
   توضیحات:  قهوه تک‌خاستگاه تابی از منطقه لاکلودیا کلمبیا، رست‌شده توسط Red Pill Roastery. نت‌های میوه‌ای روشن، بادی متوسط و تعادل عالی برای دمی و اسپرسو. 
 معرفی محصول 
 قهوه  تابی از لاکلودیا  محصولی تک‌خاستگاه و باکیفیت از ارتفاعات کلمبیا است که توسط  Red Pill Roastery  با رست مدیوم عرضه می‌شود. این قهوه ترکیبی از ژنتیک‌ها"
Redpill Roastery,قهوه تخصصی عربیکا اتیوپی هاماشو فراوری طبیعی بی هوازی -Ethiopia Hamasho,Ethiopia,Natural,,Whole bean,150.0,1350000,900000.0,,True,,https://redpillroastery.coffee/product/hamasho/,"قهوه اتیوپی هاماشو از ردپیل &#8211; بمب میوه های استوایی 
  منطقه : این قهوه در منطقه بنسا در اتیوپی، نزدیک به منطقه مشهور ییرگاچف کشت می‌شود. به طور خاص، این قهوه از منطقه هاماشو تهیه می‌شود که به دلیل محیط ایده‌آل در ارتفاعات بالا و سنت‌های غنی کشت قهوه شناخته شده است. 
  ایستگاه شستشو : قهوه در ایستگاه شستشوی هاماشو فرآوری می‌شود که متعلق به شرکت Daye Bensa Exporter است و توسط آن اداره می‌شود. "
Redpill Roastery,قهوه تخصصی ردپیل عربیکا اندونزی پانتان- Indonesia Arabica Pantan,Indonesia,,,Whole bean,250.0,1875000,750000.0,,True,عربیکا تک خاستگاه,https://redpillroastery.coffee/product/pantan/,"اسپرسویی کم نظیر، زیبا با حس دهانی مخملی با قهوه اندونزی پانتان از ردپیل 
 🧭 منشأ: منطقه پانتان، آچه، سوماترا 
 
  پانتان  در استان آچه واقع شده و بخشی از کمربند قهوه سوماتراست. 
 ارتفاعات بین 1200 تا 1600 متر، خاک آتشفشانی، و رطوبت بالا باعث رشد دانه‌هایی با پیچیدگی طعمی بالا می‌شود. 
 کشاورزان محلی اغلب از روش‌های ارگانیک و فراوری‌های نوآورانه استفاده می‌کنند. 
 
  
 🧬 زیرگونه اتنگ (Ateng) 
 
 ا"
Redpill Roastery,قهوه عربیکا تک خاستگاه کلمبیا پالاندس &#8211; Arabica single origin colombia plandas,Colombia,,,Whole bean,250.0,1750000,700000.0,,True,عربیکا تک خاستگاه,https://redpillroastery.coffee/product/plandas/,"قهوه کلمبیا پالاندس – راکافه 
  یک تجربه‌ی ردپیل برای عاشقان قهوه؛ کشف حقیقت اصالت در یک فنجان  
 قهوه  کلمبیا پالاندس  از شرکت  راکافه ، چیزی فراتر از یک نوشیدنی روزانه است؛ این قهوه همان نقطه‌ای است که شما را وارد دنیای واقعی قهوه می‌کند، درست مثل یک لحظه‌ی  ردپیل  که چشم‌ها را به حقیقت باز می‌کند. حقیقتی که در اینجا، همان اصالت و کیفیت بی‌بدیل دانه‌های کلمبیاست. 
 چرا تک‌خاستگاه بودن مهم است؟ 
"
Redpill Roastery,قهوه تخصصی ردپیل عربیکا اتیوپی گدب فراوری خیساندن کربنیک &#8211; Ethiopia Gedeb Carbonic maceration,Ethiopia,,,Whole bean,100.0,800000,800000.0,,False,,https://redpillroastery.coffee/product/gedeb/,قهوه تخصصی  اتیوپی گِدِب (Ethiopia Gedeb)  یکی از شاخص‌ترین قهوه‌های تک‌خاستگاه جهان است که در ارتفاعات  ۲۱۰۰ متری  کشت می‌شود. این قهوه با فرآوری خاص  خیساندن کربنیک (Carbonic Maceration)  آماده می‌شود و طعم‌یادهایی از  توت، مرکبات، هلو و شکر سفید  را در فنجان به نمایش می‌گذارد. ترکیب ارتفاع بالا، خاک آتشفشانی غنی و روش فرآوری نوآورانه، این قهوه را به انتخابی ممتاز برای دوستداران قهوه تخصصی تبدیل
Redpill Roastery,قهوه تخصصی ردپیل عربیکا اتیوپی بوجی ethiopia boji,Ethiopia,,,Whole bean,100.0,1300000,1300000.0,,False,,https://redpillroastery.coffee/product/boji/,"قهوه تخصصی اتیوپی بوجی از رستری ردپیل 
 قهوه تخصصی اتیوپی  بوجی ؛ گونه‌ی اتیوپیایی با فرآوری نچرال آنِروبیک (Natural Anaerobic)؛ رُستری  ردپیل  این نسخۀ محدود را رست کرده. پروفایل طعمی:  طعم‌های استوایی، هلو، هندوانه و یادهای شرابی . مناسب برای مشتریانی که دنبال قهوه‌های میوه‌ای، پیچیده و خاص هستند. 
  
 
 1. دربارهٔ بوجی (Boji) — منشا و مزرعه 
 
  منشأ : منطقه بوجی در یکی از مناطق تاریخی قهوه‌خیز"
Redpill Roastery,قهوه تخصصی کاستاریکا سانتا ماریا ردپیل costarica santa maria coffee,Costa Rica,,,Whole bean,100.0,1200000,1200000.0,,True,,https://redpillroastery.coffee/product/costarica/,"قهوه کاستاریکا سانتاماریا با فرآوری عسلی سیاه: بررسی تخصصی، تحلیلی 
  
 مقدمه 
 قهوه به عنوان یکی از کالاهای اساسی و محبوب جهان، ارتباط نزدیکی با فرهنگ و اقتصاد بسیاری از کشورها یافته است. در میان همه مناطق تولیدکننده، منطقه سانتاماریا کاستاریکا به علت داشتن شرایط اقلیمی بی‌نظیر، کشاورزی پایدار و نوآوری در فرآوری دانه‌های قهوه، شهرت جهانی پیدا کرده است. یکی از برجسته‌ترین فرآیندهای فرآوری قهوه در "
Redpill Roastery,قهوه عربیکا تخصصی اندونزی پگاسینگ فراوری تخمیری |  رست دمی &#8211; indonesia pegasing redpill coffee,Indonesia,,,Whole bean,150.0,1500000,1000000.0,,False,,https://redpillroastery.coffee/product/pegasing/,"قهوه پگاسینگ اندونزی؛ فرآوری واین 
 رست دمی | Indonesia Pegasing Wine Process 
 قهوه  پگاسینگ اندونزی  از ارتفاعات گایو در منطقه‌ی آچه، انتخابی متفاوت برای علاقه‌مندان قهوه‌های پیچیده، میوه‌ای و تخمیری است. این قهوه با فرآوری خاص  واین  تولید شده؛ فرآیندی که به دانه‌ها فرصت می‌دهد لایه‌های عمیق‌تری از عطر و طعم را در خود شکل دهند. 
 در فنجان، پگاسینگ با رایحه‌ای شرابی و میوه‌ای آغاز می‌شود و به نت"
Redpill Roastery,قهوه عربیکا تخصصی کلمبیا اینماکولادا ردپیل- inmaculada colombia,Colombia,Natural,,Whole bean,150.0,525000,350000.0,,False,,https://redpillroastery.coffee/product/inmaculada/,"قهوه عربیکا کلمبیا اینماکولادا – رُستری ردپیل 
   
 قهوه عربیکا ۱۰۰٪ کلمبیا اینماکولادا، محصول میکرولات‌های درجه‌یک Eje Cafetero در Quindío، توسط رُستری ردپیل با پروفایل رُستینگ مدیوم  برشته شده تا ویژگی‌های طبیعی دانه در ارتفاع ۱۸۰۰–۲۴۰۰ متر به‌خوبی حفظ شود. 
 منبع انگلیسی این قهوه: 
 ٰhttps://www.inmaculadacoffeefarms.com/ 
 ویدیو معرفی این قهوه اینماکولادا در اینستاگرام ردپیل را ببینید 
 https:"
Redpill Roastery,عربیکا گواتمالا آنتیگوا ردپیل- Guatemala antigua arabica,Guatemala,,,Whole bean,250.0,500000,200000.0,,False,عربیکا تک خاستگاه,https://redpillroastery.coffee/product/antigua/,"قهوه تک‌خاستگاه گواتمالا آنتیگوا؛ سفری به قلب آمریکای لاتین 
 قهوه  گواتمالا آنتیگوا  یکی از شناخته‌شده‌ترین و محبوب‌ترین قهوه‌های تک‌خاستگاه در جهان است. این قهوه در ارتفاعات آتشفشانی منطقه آنتیگوا کشت می‌شود؛ جایی که خاک غنی و آب‌وهوای خاص، شرایطی ایده‌آل برای پرورش دانه‌های قهوه فراهم کرده است. 
 ✨  ویژگی‌های طعمی برجسته:  
 
  سیب سرخ تازه ؛ طعمی شیرین و شاداب که حس تازگی می‌بخشد 
  میوه‌های خ"
Luya Coffee,قهوه اسپشیالیتی پاناما,Panama,,,Ground,250.0,1387000,554800.0,,True,قهوه اسپشیالیتی; عربیکا; قهوه رست شده,https://luyacoffee.com/product/panama-specialty-coffee/,"دانه قهوه 100% عربیکا 
 پردازش: شسته شده 
 کیفیت:  گرید بالای 80 
 خاستگاه: پاناما 
 طعم یاد: 
 درجه رست: شکلاتی 
 اسیدیته: روبه بالا"
Luya Coffee,قهوه عربیکا برزیل الگانس &#8211; گرید پرمیوم,Brazil,,,Ground,250.0,1490000,596000.0,,True,عربیکا; قهوه رست شده,https://luyacoffee.com/product/%d9%82%d9%87%d9%88%d9%87-%d8%b9%d8%b1%d8%a8%db%8c%da%a9%d8%a7-%d8%a8%d8%b1%d8%b2%db%8c%d9%84-%d8%a7%d9%84%da%af%d8%a7%d9%86%d8%b3/,"خاستگاه: کشور برزیل 
 ارتفاع رشد: 800 تا 1300 متر 
 نوع دانه: گونه عربیکا 
 زمان برداشت: می- سپتامبر 
 بادی: متوسط تا سنگین 
 طعم:  شکلات، گلی، نارگیل  
 اسیدیته: متوسط رو به پایین"
Luya Coffee,قهوه کنیا تخصصی,Kenya,,,,250.0,1556000,622400.0,,True,قهوه اسپشیالیتی; عربیکا; قهوه رست شده,https://luyacoffee.com/product/kenya-coffee-specialty/,"خاستگاه: کنیا 
 ارتفاع رشد: 1700 &#8211; 1800 متر 
 زمان برداشت: نوامبر &#8211; دسامبر 
 اسیدیته : ملایم 
 طعم: ترنج، گلی، توت، لیمو 
 نمره قهوه نوشی :  89 
 بادی: غنی"
Luya Coffee,قهوه یمن صنعا فول اسپشیالیتی,Yemen,,,,100.0,2557000,2557000.0,,True,قهوه اسپشیالیتی; عربیکا; قهوه رست شده,https://luyacoffee.com/product/yemen-coffee/,قهوه یمن در درجه اول از انواع موروثی است، به این معنی که دانه های آن برای نسل ها در یمن رشد کرده اند و از قدیمی ترین انواع قهوه در جهان محسوب می شوند. دو نوع اصلی قهوه یمن وجود دارد: یمن موکا و یمن ماتاری. قهوه موکا در منطقه کوهستانی یمن رشد می کند و طعمی عمیق و شدید با نت هایی از شکلات و ادویه ها دارد. قهوه ماتاری در منطقه جنوبی یمن رشد می کند و به خاطر اسیدی روشن و نت های گلی اش شناخته شده است. 
Luya Coffee,قهوه روبوستا لائوس ویژه,Laos,,,Ground,250.0,716000,286400.0,,True,قهوه رست شده; قهوه روبوستا,https://luyacoffee.com/product/%d9%82%d9%87%d9%88%d9%87-%d8%b1%d9%88%d8%a8%d9%88%d8%b3%d8%aa%d8%a7-%d9%84%d8%a7%d8%a6%d9%88%d8%b3/,آیا شما از طرفداران   خرید قهوه   غنی هستید؟ اگر چنین است، پس قهوه لائوس ممکن است این قهوه مناسب شما باشد. این کشور دارای فرهنگ قهوه است و به سرعت در حال رشد است و از دهه 1900 دانه های با کیفیتی برای توده ها تولید می کند. بیایید نگاهی به تاریخچه قهوه در لائوس بیندازیم و در مورد طعم‌هایی که آنها در آن تخصص دارند بیشتر بیاموزیم. ما حتی چند نکته دم کردن را به اشتراک می‌گذاریم تا مطمئن شویم که بهترین 
Luya Coffee,قهوه عربیکا اتیوپی لیمو بروکا,Ethiopia,,,Ground,250.0,1251000,500400.0,,True,قهوه پریمیوم; عربیکا; قهوه رست شده,https://luyacoffee.com/product/%d9%82%d9%87%d9%88%d9%87-%d8%b9%d8%b1%d8%a8%db%8c%da%a9%d8%a7-%d8%a7%d8%aa%db%8c%d9%88%d9%be%db%8c-%d9%84%d9%85%d9%88%d8%a8%d8%b1%d9%88%da%a9%d8%a7/,"اتیوپی که زادگاه قهوه است به خاطر دانه هایش مورد احترام است. برخی از بهترین قهوه های تک منشا را در جهان تولید می کند. امروز قصد داریم بیشتر در این منطقه کاوش کنیم و دریابیم که چه چیزی این کشور قهوه‌ساز را بسیار خاص می‌کند. ما به تاریخچه غنی قهوه و همچنین وضعیت فعلی قهوه در این کشور شرق آفریقا نگاه خواهیم کرد. 
 اتیوپی: منبع قهوه 
 تاریخ باستان اتیوپی ادعا می کند که یک گله بز اتیوپیایی به نام کالدی"
Luya Coffee,قهوه عربیکا اتیوپی لیمو واش,Ethiopia,,,Ground,250.0,1251000,500400.0,,True,قهوه پریمیوم; عربیکا; قهوه رست شده,https://luyacoffee.com/product/%d9%82%d9%87%d9%88%d9%87-%d8%b9%d8%b1%d8%a8%db%8c%da%a9%d8%a7-%d8%a7%d8%aa%db%8c%d9%88%d9%be%db%8c-%d9%84%d9%85%d9%88%d9%88%d8%a7%d8%b4/,"امروز ما به مراسم سنتی &#8220;قهوه&#8221; بونا نگاه می کنیم که در سراسر اتیوپی رایج است. این چیزی بیش از یک فنجان قهوه است. این جشن فرهنگی یکی از اصلی‌ترین غذاهای اتیوپیایی است. مراسم قهوه در اتیوپی بخشی جدایی ناپذیر از زندگی اجتماعی و فرهنگی در این کشور است. دعوت برای شرکت در مراسم قهوه نشانه دوستی یا احترام تلقی می شود و نمونه ای عالی از مهمان نوازی اتیوپیایی است. 
 قهوه فقط نوشیدنی ملی اتیوپی ن"
Luya Coffee,قهوه عربیکا اتیوپی لکمپتی,Ethiopia,,,Ground,250.0,1238000,495200.0,,True,قهوه پریمیوم; عربیکا; قهوه رست شده,https://luyacoffee.com/product/%d9%82%d9%87%d9%88%d9%87-%d8%b9%d8%b1%d8%a8%db%8c%da%a9%d8%a7-%d8%a7%d8%aa%db%8c%d9%88%d9%be%db%8c-%d9%84%da%a9%d9%85%d9%be%d8%aa%db%8c/,"خاستگاه: اتیوپی 
 نوع دانه: عربیکا 
 درجه رست: شکلاتی 
 بادی : متوسط 
 طعم: مرکباتی ٫ رایحه گلی 
 اسیدیته: بالا"
Luya Coffee,قهوه عربیکا اندونزی ماندلینگ,Indonesia,,,Ground,250.0,1314000,525600.0,,True,قهوه پریمیوم; عربیکا; قهوه رست شده,https://luyacoffee.com/product/%d9%82%d9%87%d9%88%d9%87-%d8%b9%d8%b1%d8%a8%db%8c%da%a9%d8%a7-%d8%a7%d9%86%d8%af%d9%88%d9%86%d8%b2%db%8c-%d9%85%d8%a7%d9%86%d8%af%d9%84%db%8c%d9%86%da%af/,"خاستگاه: اندونزی 
 نوع دانه: عربیکا 
 درجه رست: شکلاتی 
 بادی : کامل 
 طعم: آجیلی ٫ شکلاتی 
 اسیدیته: متوسط روبه بالا"
Luya Coffee,قهوه عربیکا کلمبیا وومن,Colombia,,,Ground,250.0,1809000,723600.0,,True,عربیکا,https://luyacoffee.com/product/%d9%82%d9%87%d9%88%d9%87-%d8%b9%d8%b1%d8%a8%db%8c%da%a9%d8%a7-%da%a9%d9%84%d9%85%d8%a8%db%8c%d8%a7-%d9%88%d9%88%d9%85%d9%86/,"خاستگاه: کلمبیا 
 نوع دانه: عربیکا 
 درجه رست: شکلاتی 
 بادی : کامل 
 طعم: آجیلی ٫ شکلاتی ٫ میوه ای 
 اسیدیته: نسبتا بالا"
Luya Coffee,قهوه عربیکا کلمبیا تولیمو,Colombia,,,Ground,250.0,1802000,720800.0,,True,عربیکا,https://luyacoffee.com/product/%d9%82%d9%87%d9%88%d9%87-%d8%b9%d8%b1%d8%a8%db%8c%da%a9%d8%a7-%da%a9%d9%84%d9%85%d8%a8%db%8c%d8%a7-%d8%aa%d9%88%d9%84%db%8c%d9%85%d9%88/,"خاستگاه: کلمبیا 
 نوع دانه: عربیکا 
 درجه رست: شکلاتی 
 بادی : کامل 
 طعم: آجیلی ٫ شکلاتی ٫ میوه ای 
 اسیدیته: نسبتا بالا"
Luya Coffee,قهوه عربیکا کلمبیا سوپریمو,Colombia,,,Ground,250.0,1645000,658000.0,,True,عربیکا,https://luyacoffee.com/product/%d9%82%d9%87%d9%88%d9%87-%d8%b9%d8%b1%d8%a8%db%8c%da%a9%d8%a7-%da%a9%d9%84%d9%85%d8%a8%db%8c%d8%a7-%d8%b3%d9%88%d9%be%d8%b1%db%8c%d9%85%d9%88/,"قهوه از کلمبیا بیش از آنچه به نظر می رسد وجود دارد. از مزارع کشاورزی گرفته تا کافه ها، این نوشیدنی قبل از اینکه به خانه شما برسد، سفری طولانی را طی می کند. کلمبیا به طور ویژه برای تولید بهترین قهوه در جهان طراحی شده است. از محیط منحصر به فرد گرفته تا فرهنگ کشاورزی، این کشور کاملاً برای تولید قهوه ساخته شده است. 
 برای کشف چگونگی راه یافتن قهوه به صحنه مرکزی کلمبیا، بخوانید. 
 چرا قهوه از کلمبیا من"
Luya Coffee,قهوه عربیکا کنیا AA,Kenya,,,Ground,250.0,1023000,409200.0,,True,عربیکا,https://luyacoffee.com/product/%d9%82%d9%87%d9%88%d9%87-%d8%b9%d8%b1%d8%a8%db%8c%da%a9%d8%a7-%da%a9%d9%86%db%8c%d8%a7-aa/,"خاستگاه: کنیا 
 نوع دانه: عربیکا 
 درجه رست: شکلاتی 
 بادی ملایم 
 طعم: میوه ای ٫ توتی 
 اسیدیته: ملایم"
Luya Coffee,قهوه عربیکا کنیا AB,Kenya,,,Ground,250.0,1377000,550800.0,,True,عربیکا,https://luyacoffee.com/product/%d9%82%d9%87%d9%88%d9%87-%d8%b9%d8%b1%d8%a8%db%8c%da%a9%d8%a7-%da%a9%d9%86%db%8c%d8%a7-ab/,"خاستگاه: کنیا 
 نوع دانه: عربیکا 
 درجه رست: شکلاتی 
 بادی ملایم 
 طعم: میوه ای ٫ توتی 
 اسیدیته: ملایم"
Luya Coffee,قهوه برزیل سرادو 100% عربیکا,Brazil,,,Ground,250.0,1490000,596000.0,,True,عربیکا; قهوه رست شده,https://luyacoffee.com/product/%d9%82%d9%87%d9%88%d9%87-%d8%a8%d8%b1%d8%b2%db%8c%d9%84-%d8%b3%d8%b1%d8%a7%d8%af%d9%88-100-%d8%b9%d8%b1%d8%a8%db%8c%da%a9%d8%a7/,"&nbsp; 
 &nbsp;   
 خاستگاه: برزیل 
 نوع دانه: 100% عربیکا 
 درجه رست: شکلاتی 
 بادی متوسط روبه بالا 
 طعم: ادویه ای ٬ گلی ٫ میوه ای 
 اسیدیته: متوسط روبه بالا"
Luya Coffee,قهوه برزیل میناس گراس 100% عربیکا,Brazil,,,Ground,250.0,1497000,598800.0,,True,عربیکا; قهوه رست شده,https://luyacoffee.com/product/%d9%82%d9%87%d9%88%d9%87-%d8%a8%d8%b1%d8%b2%db%8c%d9%84-%d9%85%db%8c%d9%86%d8%a7%d8%b3-%da%af%d8%b1%d8%a7%d8%b3-100-%d8%b9%d8%b1%d8%a8%db%8c%da%a9%d8%a7/,"&nbsp; 
 &nbsp;   
  خاستگاه:  میناس گراس 
  فرآوری:  نچرال 
  ارتفاع کشت:  900-1300 متر بالاتر از سطح دریا 
  نوع دانه:  100% عربیکا 
  درجه رست:  مدیوم 
  بادی:  متوسط روبه بالا 
  طعم:  آجیلی، شکلاتی، پرتقالی 
  اسیدیته:  کم"
Luya Coffee,قهوه برزیل سانتو فزندا 100% عربیکا,Brazil,,,Ground,250.0,1251000,500400.0,,True,عربیکا; قهوه رست شده,https://luyacoffee.com/product/%d9%82%d9%87%d9%88%d9%87-%d8%a8%d8%b1%d8%b2%db%8c%d9%84-%d8%b3%d8%a7%d9%86%d8%aa%d9%88-%d9%81%d8%b2%d9%86%d8%af%d8%a7-100-%d8%b9%d8%b1%d8%a8%db%8c%da%a9%d8%a7/,"به عنوان یکی از علاقمندان قهوه برزیل و تولیدکننده نسل سوم، من اینجا هستم تا پنج نکته ای را که باید در مورد قهوه برزیل بدانید، با شما به اشتراک بگذارم. برخی از آنها ممکن است شما را شگفت زده کنند. 
 1. قهوه برزیل٬ در کل جهان 
 ما در اینجا در مورد وسعت کشور صحبت نمی کنیم. تولید قهوه برزیل بسیار زیاد است. این کشور مسئول حدود یک سوم تولید قهوه در سطح جهان است (که آن را هم بزرگترین تولید کننده و هم صادر"
Luya Coffee,قهوه بوروندی پریمیوم 100% عربیکا,Burundi,,,Ground,250.0,1276000,510400.0,,True,قهوه پریمیوم; عربیکا,https://luyacoffee.com/product/burundi-coffee/,"دانه های قهوه بوروندی 
 مشخصات طعم: طعم شیرین و تمیز به همراه سایر ویژگی های قهوه بوروندی اغلب منجر به مقایسه این قهوه با قهوه های همسایه رواندا شده است، به ویژه در شمال منطقه کایانزا، جایی که مرز این کشور با رواندا است. 
 مناطق کشت قهوه بروندی 
 بوروندی که در قله حوضه آبخیز نیل-کنگو محصور در خشکی است، کشوری کوچک و بسیار تپه ای و کوهستانی بین شرق آفریقا و آفریقای مرکزی است و بین رواندا، تانزانیا و"
Luya Coffee,قهوه عربیکا اندونزی SW,Indonesia,,,Ground,250.0,1327000,530800.0,,True,قهوه پریمیوم; عربیکا; قهوه رست شده,https://luyacoffee.com/product/indonesia-arabica-coffee/,"خصوصیات و عطر و طعم قهوه اندونزی  
  قهوه اندونزی  یکی از قهوه های مورد علاقه ماست. این قهوه ها پیچیده، سیروپی، با اسیدیته پایین و معمولا بی نهایت غلیظ هستند که آنها را برای رست های دارک تر مناسب تر میکنه. این عمدتاً به دلیل فرآوری سنتی منحصر بفرد اندونزی است که به “Gilling Basah” معروفه. این متد نیمه-شسته معمولا به عنوان پوست کنی خیس شناخته میشه و تقریبا تمام قهوه های این منطقه به همین روش فرآروی"
Luya Coffee,قهوه عربیکا کاستاریکا,Costa Rica,,,Ground,250.0,1638000,655200.0,,True,عربیکا; قهوه رست شده,https://luyacoffee.com/product/costa-rican-coffee/,"دانه های قهوه عربیکا کاستاریکا 
 یک قهوه کاستاریکا با گرید بالا، معمولاً از نوع گیاه کاتورا و گاهی کاتوای است که بادی عالی و اغلب کامل و طعمی غنی و قوی با اسیدیته ترد دارد. 
 بهترین قهوه های کاستاریکا که در ارتفاعات بالا رشد می کنند به خاطر بادی و اسیدیته روشن و طعم میوه ای خود متمایزند. 
 به طور کلی اعتقاد بر این است که قهوه های کاستاریکا دارای برخی از بهترین پروفایل های طعم در آمریکای جنوبی و مر"
Luya Coffee,قهوه روبوستا گواتمالا ویژه,Guatemala,,,Ground,250.0,821000,328400.0,,True,قهوه روبوستا; قهوه رست شده,https://luyacoffee.com/product/robusta-guatemala/,"قهوه روبوستا در جایگاه دوم محبوب ترین قهوه در دنیا قرار دارد. با توجه به اینکه بیش از 100 گونه قهوه در جهان وجود دارد، ربوستا توانسته است پس از عربیکا، دومین قهوه محبوب در بازار جهانی شود. 
 قهوه روبوستا چیست؟ 
 قهوه روبوستا نوعی قهوه است که از دانه های گیاه کافی کانفورا تهیه می شود. منشا روبوستا در مرکز و غرب جنوب صحرای آفریقا است. این قهوه دومین قهوه پرطرفدار در جهان است که 40% از قهوه تولید شده"
Luya Coffee,قهوه تانزانیا AA عربیکا,Tanzania,,,Ground,250.0,913000,365200.0,,True,قهوه پریمیوم; عربیکا; قهوه رست شده,https://luyacoffee.com/product/tanzania-aa/,"دانه های قهوه تانزانیا AA 
 قهوه عربیکا تانزانیا که تا حدودی شبیه به  قهوه کنیا  است دارای یک اسیدیته روشن، پرطراوت و شراب مانند و حتی تیز است. معمولاً قهوه تانزانیا AA بادی متوسط تا فول دارد که خامه ای است. یک قهوه تانزانیای خوب نت های طعم توت شیرین، میوه ای و گاهی سدر دارد. 
 نت های طعم قهوه تانزانیا 
 رایحه قهوه تانزانیا می تواند نشان دهنده یک نت روستایی و گاهی شیرینی نان قهوه ای باشد. افترتیست"
Luya Coffee,قهوه گیشا ویلج اتیوپی,Ethiopia,,,Ground,250.0,1912000,764800.0,,True,قهوه اسپشیالیتی; عربیکا; قهوه رست شده,https://luyacoffee.com/product/gesha-village-ethiopia/,"درباره زمین های قهوه گیشا ویلج 
 در بخش غربی اتیوپی، در کیلومترها از مرز سودان جنوبی، جنگل های متراکم و سرسبز منطقه بنچ ماجی قرار دارد. اینجا مکانی با زیبایی های طبیعی خیره کننده است، جایی که می توان از یک فلات گسترده و مرتفع به جنگل های باستانی و سرسبز رفت. 
   
 این چشم انداز خیره کننده، محل زمین های روستای گیشا است. جایی که بهترین قهوه دنیا قهوه گیشا در آن کشت می شود. 
 پردازش قهوه گیشا به صورت"
Luya Coffee,قهوه برزیل جامبو 100% عربیکا,Brazil,,,Ground,250.0,1472000,588800.0,,True,عربیکا; قهوه رست شده,https://luyacoffee.com/product/brazil-jambu-arabica/,"برزیل بزرگ ترین تولید کننده قهوه به ویژه قهوه عربیکا در جهان است. تولید قهوه برزیل در مجموع، یک سوم تولید قهوه در جهان را تشکیل می دهد. 
 این موضوع باعث شده بود که برای مدتی مردم تصور کنند که تاکید برزیل بر کمیت، به معنای کیفیت ضعیف تر است. در واقع دنیای قهوه تمایل داشت مشخصات طعم و کیفیت کلی قهوه برزیل را دست کم بگیرد. 
 با این حال برزیل در طول سال ها با تولید قهوه های درجه اسپشیالیتی و همچنین قه"
Luya Coffee,قهوه 100% عربیکا برزیل سانتوس,Brazil,,,Ground,250.0,866000,346400.0,,True,عربیکا; قهوه رست شده,https://luyacoffee.com/product/brazil-santos-arabica/,"برزیل بزرگ ترین تولید کننده ی قهوه در جهان است. بیشتر قهوه آن در بلند های قهوه استفاده می شود اما شناخته شده ترین آنها قهوه برزیل سانتوس است که یک عطر و طعم ملایم ایجاد می کند. 
 قهوه سانتوس برزیل مسلماً یکی از فراوان ترین نوع قهوه ها در جهان است. که تقریباً 85 درصد آن توسط مزرعه داران کوچکی که معمولاً بین 100 تا 250 کیلوگرم قهوه در یک دوره برداشت می کنند، کشت می شود. 
 قهوه عربیکا برزیل سانتوس از"
Luya Coffee,قهوه کلمبیا پریمیوم 100% عربیکا,Colombia,,,Ground,250.0,1761000,704400.0,,True,قهوه پریمیوم; عربیکا; قهوه رست شده,https://luyacoffee.com/product/colombian-premium-arabica/,"ویژگی های قهوه کلمبیا پریمیوم 100% عربیکا 
 امروزه کلمبیا به عنوان یکی از پیشرو ترین تولید کنندگان قهوه های پریمیوم و تخصصی در سرتاسر جهان شناخته می شود. 
 قهوه پریمیوم به قهوه ای گفته می شود که درجه کیفیتی بالاتر از 70 داشته باشد. این رتبه بندی و امتیاز دهی توسط انجمن تخصصی قهوه  انجام می شود که به پروفایل عطر و طعم و فنجان قهوه امتیاز می دهند.  
 همچنین  قهوه های اسپشیالیتی  قهوه هایی هستند که د"
Luya Coffee,قهوه اتیوپی پریمیوم 100% عربیکا,Ethiopia,,,Ground,250.0,806000,322400.0,,True,عربیکا; قهوه پریمیوم; قهوه رست شده,https://luyacoffee.com/product/ethiopia-premium/,"صدها سال است که اتیوپی یکی از بهترین دانه های قهوه پریمیوم در جهان را ارائه می دهد. به طور کلی قهوه های اتیوپی به دلیل پیچیدگیشان، کیفیت شرابی و خاصیت اسیدیته وحشی که دارند شناخته شده هستند. 
 قهوه اتیوپی پریمیوم به قهوه های با درجه بالاتر از 70 گفته می شود که نسبت به قهوه عربیکای معمول اتیوپی کیفیت بالاتری دارد. به این صورت که کیفیت دانه ها بسیار بالاتر بوده، دیفکتی وجود ندارد و بهترین دانه های ق"
Luya Coffee,قهوه عربیکا کنیا پریمیوم,Kenya,,,Ground,250.0,1338000,535200.0,,True,قهوه پریمیوم; عربیکا; قهوه رست شده,https://luyacoffee.com/product/kenya-arabica-premium/,"خاستگاه: کنیا 
 نوع دانه: عربیکا 
 درجه رست: شکلاتی 
 بادی ملایم 
 طعم: میوه ای ٫ توتی 
 اسیدیته: ملایم"
Luya Coffee,قهوه 100% عربیکا کنیا,Kenya,,,Ground,250.0,858700,343480.0,,True,عربیکا; قهوه رست شده,https://luyacoffee.com/product/arabica-kenya/,"قهوه کنیا یکی از 5 قهوه برتر در جهان است 
 بسیاری از مردم قهوه کنیایی را در میان پنج قهوه برتر دنیا قرار می دهند. با بادی غنی،  اسیدیته بالا، طعم موثر و عطر دلپذیری که این قهوه دارد جای تعجب هم نیست. 
 قهوه کنیا به اسیدیته ی مشهود و ته نت های توتی اش معروف است. یکی از این نت ها، توت سیاه است. طعم توت سیاه در دانه های کنیایی متمایز است و همین دلیل منحصربفرد بودن قهوه کنیا است. 
 دانه های قهوه کنیا "
Luya Coffee,قهوه عربیکا هندوراس پریمیوم,Honduras,,,Ground,250.0,1514000,605600.0,,True,قهوه پریمیوم; عربیکا; قهوه رست شده,https://luyacoffee.com/product/honduras-premium/,"قهوه عربیکا هندوراس پریمیوم از مزارع معطر هندوراس می آید، جایی که قهوه نت های طعم شیرین وانیل، کاکائو و آجیل را از خود نشان می دهد. 
 ین قهوه صد درصد از دانه های عربیکا درست شده است که نسبت به روبوستا تلخی کمتری دارد و برای قهوه های فلیتری و دریپ و همچنین قهوه اسپرسو و فرنچ پرس بسیار مناسب است. 
 قهوه های پریمیوم و اسپشیالیتی موج جدیدی از قهوه ها هستند که تنها کافئین آنها مورد توجه نیست بلکه لذت ب"
Luya Coffee,قهوه روبوستا کنگو ویژه,DR Congo,,,Ground,250.0,787000,314800.0,,True,قهوه روبوستا; قهوه رست شده,https://luyacoffee.com/product/robusta-congo/,"دان قهوه روبوستا کنگو ویژه 
 جمهوری کنگو کشوری با آب و هوای استوایی، خاک حاصلخیز و منابع آبی فراوان است که شرایط مساعدی را برای کشت قهوه ایجاد می کند. 
 قهوه کنگو از نواحی بوکاوو در جنوب منطقه تا گوما و دور تر از آن تا شمال دریاچه می تواند ترکیبی از ویژگی های عطر و طعم بسیاری را با لایه های متعدد نشان دهد. 
   
 برای توصیف قهوه کنگو می توان از عبارت &#8220;متعادل&#8221; یا &#8220;ساختاریافته&#8221"
Luya Coffee,قهوه السالوادور 100% عربیکا اسپشیالیتی,El Salvador,,,Ground,250.0,1344000,537600.0,,True,قهوه اسپشیالیتی; عربیکا,https://luyacoffee.com/product/el-salvador-100-arabica/,"قهوه ال سالوادور عربیکا که با گواتمالا و هندوراس مرز مشترک دارد، بادی خوب و در عین حال اسیدیته و عطر و طعمی غیریکنواخت دارد. 
 قهوه های ال سالوادور عمدتاً قابل تشخیص نیستند و نسبت به قهوه های معمولی آمریکای مرکزی لطیف تر و دارای اسیدیته کمتری هستند. این قهوه ها متنوع بوده و برخی از آن ها اسیدیته درخشانی از خود نشان می دهند. با این حال، معمولاً اسیدیته قهوه های ال سالوادور ملایم بوده و شیرینی متعاد"
Luya Coffee,قهوه ووش ووش اتیوپی اسپشیالیتی,Ethiopia,,,Ground,250.0,1787000,714800.0,,True,قهوه اسپشیالیتی,https://luyacoffee.com/product/wushwush-coffee/,"قهوه ووش ووش که اصالت آن به اتیوپی برمی گردد، گونه ای کم یاب و کم بازده است که طی چند سال اخیر در بین قهوه های اسپشیالیتی بسیار مشهور شده است. 
 قهوه ووش ووش در مقایسه با گیشا و دیگر گونه های کمیاب معروف دارای یک پروفایل عطر و طعم بسیار منحصربفرد است که می تواند حتی کاپرهای باتجربه را سوپرایز کند. اما چرا قهوه ووش ووش انقدر معروف است؟ 
   گیلاس قهوه ووش ووش  
 چندین متخصص قهوه به این سوال پاسخ داد"
Luya Coffee,قهوه عربیکا کنگو,DR Congo,,,Ground,250.0,1095000,438000.0,,True,عربیکا,https://luyacoffee.com/product/congo/,"قهوه عربیکا کنگو که در منطقه کیوو کشت می شود دانه ای از انواع بوربون است که توسط فرآیند شستن و خشک کردن با آفتاب پردازش می شود. این قهوه دارای رایحه ای شیرین و شکلاتی و طعم مرکبات و میوه های قرمز و سیاه ست. 
 کینو واقع در شرق گنگو، یکی از معروف ترین مناطق پرورش قهوه و همچنین روغن نخل، پنبه، قلع و طلا می باشد. تولید قهوه سبز اخیراً به 960 تن رسیده است و به سرعت در حال رشد است.   
 خاستگاه: کیوو 
 ر"
Luya Coffee,قهوه سیدامو G2 اتیوپی اسپشیالیتی,Ethiopia,,,Ground,250.0,1469000,587600.0,,True,قهوه اسپشیالیتی,https://luyacoffee.com/product/g2/,"در قهوه های اتیوپی، G به معنای 4 گروه اصلی این قهوه های اسپشیالیتی است، G1 و G2 دو گرید برتر قهوه های خیس پردازش شده هستند در حالی که قهوه های G3 و G4 دو قهوه تاپ با پردازش طبیعی هستند. 
 قهوه سیدامو G2 توسط فرآیند شستن پردازش گردیده و دانه های قهوه قبل از گذراندن مرحله تخمیر 12 تا 36 ساعته، توسط شستن از گیلاس قهوه جدا شده اند. پس از اتمام این مرحله، گیلاس های قهوه را در آب تمیز شسته و سپس بر روی "
Luya Coffee,قهوه اسپشیالیتی کوچره اتیوپی,Ethiopia,,,Ground,250.0,1399000,559600.0,,True,قهوه اسپشیالیتی,https://luyacoffee.com/product/kochere-speciality/,"قهوه کوچره اتیوپی از قهوه های گرید 1 در اتیوپی است که یکی از بهترین امتیازات را در رتبه بندی جهان کسب کرده است. منطقه کوچره در چند کیلو متری جنوب شهر افسانه ای یرگاچف در منطقه گیدئو واقع شده است. قهوه های این منطقه از بهترین قهوه های روی زمین به حساب می آیند. 
   
 قهوه کوچره در منطقه ای نیمه جنگلی و زیر سایه درختان در اوج ارتفاعات رشد می کند. کشاورزان در این منطقه انواع گیاهان قهوه را بدون استفاد"
Luya Coffee,قهوه سیدامو اتیوپی سینگل اوریجین,Ethiopia,,,Ground,250.0,1638000,655200.0,,True,قهوه اسپشیالیتی,https://luyacoffee.com/product/sidamo/,"قهوه سیدامو اتیوپی یک قهوه اسپشیالیتی بسیار متعادل با نت های توت و لیمویی و اسیدیته پیچیده است. این قهوه در استارباکس نیز ارائه می شود و محبوبیت بسیار بالایی دارد. طعم های میوه ای غنی و اثراتی از گل یاس حتی در رست های دارک این قهوه هم مشخص هستند، که به نت های شکلات تلخ منتهی شده و مشخصات کلی عطر و طعم این قهوه را تکمیل می کند. 
     سیدامو یکی از پربارترین مناطق پرورش قهوه در اتیوپی است که یکی از "
Luya Coffee,قهوه یرگاچف اتیوپی اسپشیالیتی,Ethiopia,,,Ground,250.0,1712000,684800.0,,True,قهوه اسپشیالیتی,https://luyacoffee.com/product/ethiopian-yirgacheffe/,"قهوه یرگاچف اتیوپی که به خاطر طعم و رایحه شیرین با بادی سبک تا مدیومش شناخته شده است، یک قهوه ادویه ای و معطر است و دائماً به عنوان یکی از با کیفیت ترین قهوه های عربیکا در جهان رتبه بندی می شود. این شهرت اغلب به این معنیست که قیمت بالایی دارد اما باز هم نسبت به کیفیتی که دارد بسیار با ارزش است. 
 &nbsp; 
   
 پروفایل عطر و طعم قهوه یرگاچف اتیوپی 
 قهوه یرگاچف اتیوپی یک قهوه شیرین، ملایم و دقیق از "
Luya Coffee,قهوه اسپشیالیتی گوجی اتیوپی,Ethiopia,,,Ground,250.0,1387000,554800.0,,True,قهوه اسپشیالیتی,https://luyacoffee.com/product/guji-specialty/,"قهوه های اسپشیالیتی اتیوپی از محبوبیت زیادی در بین افراد برخوردار است. مناطق کشت قهوه در اتیوپی، طیف متنوع و گسترده ای از ویژگی های عطر و طعم قهوه را نسبت به دیگر کشورهای تولید کننده قهوه دارد. درخت قهوه عربیکا بومی اتیوپی است و به دلیل شرایط مناسب رشد این درخت قهوه، متوسط کیفیت قهوه های اتیوپی بالاتر از کیفیت دیگر قهوه ها در سراسر جهان است. 
   پردازش طبیعی قهوه اسپشیالیتی گوجی اتیوپی  
 خاستگاه "
Luya Coffee,قهوه اسپشیالیتی نارینو کلمبیا,Colombia,,,Ground,250.0,1297000,518800.0,,True,قهوه اسپشیالیتی,https://luyacoffee.com/product/narino-specialty/,"&nbsp; 
 قهوه اسپشیالیتی نارینو که در منطقه کوهستانی نارینو واقع در کلمبیا رشد می کند به خوبی متعادل است. از بادی فول، طعم های کاراملی، نت های میوه ای و اسیدیته مشخص لیمویی آن لذت ببرید. 
 &nbsp; 
 عطر و طعم قهوه اسپشیالیتی نارینو 
 با توجه به بادی فول و کاملی که قهوه اسپشیالیتی نارینو دارد، می توانید طعم های شیرین کاراملی، نت های میوه ای غنی انار و اسیدیته مشخص لیمویی را در آن حس کنید. این قهوه ب"
Luya Coffee,قهوه بدون کافئین پرو سوییس واتر,Peru,,,Ground,250.0,1001000,400400.0,,False,قهوه بدون کافئین,https://luyacoffee.com/product/peru-decaf-swiss-water/,"قهوه بدون کافئین پرو سوییس واتر یک قهوه دکاف ارگانیک است که با استفاده از فرآیند سوییس واتر در پرو، کافئین زدایی شده است. در روش سوییس واتر از عصاره خالص دان سبز قهوه و فناوری اختصاصی کربن برای حذف کافئین از دانه های سبز قهوه استفاده می شود. 
 قهوه بدون کافئین پرو مناسب اسپرسو، قهوه های فیلتری یا حتی کلد برو می باشد. این قهوه با شیر به خوبی ترکیب می شود و نبود کافئین آن هیچ تاثیری در عطر و طعم این"
Luya Coffee,قهوه بدون کافئین مکزیک مانتین واتر,Mexico,,,Ground,250.0,967000,386800.0,,False,قهوه بدون کافئین,https://luyacoffee.com/product/decaf-mexic/,"قهوه بدون کافئین مکزیک 
 قهوه بدون کافئین مکزیک یک قهوه ارگانیک 100% عربیکا است که با استفاده از فرآیند مانتین واتر کافئین زدایی شده است. 
 نظر داوران درباره قهوه بدون کافئین مکزیک 
 اسپرسوی عصاره گیری شده با قهوه بدون کافئین مکزیک دارای حالت خامه ای دلپذیر و طعم پایانی ادویه ای است. نت های دارک که اثراتی از شیر و شکلات دارد این قهوه را بسیار خوش عطر و طعم می کند. 
 فرآیند مانتین واتر Mountain wat"
Luya Coffee,قهوه عربیکا پرو,Peru,,,Ground,250.0,1509000,603600.0,,True,عربیکا,https://luyacoffee.com/product/peruvian-arabica/,"تصور کنید صبح یک فنجان تازه ریخته شده با چشم اندازی از جنگل های بارانی سرسبز، یک آبشار مرتفع، یا کوه های پوشیده از یخچال های طبیعی میل کنید. پرو یکی از معدود جاهایی است که می توانید این کار را با قهوه تازه بو داده و محلی انجام دهید. اکنون قهوه پرو که یکی از ده تولیدکننده برتر قهوه در جهان است، شروع به جذب بیشتر برشته‌کنندگان تخصصی در خارج از کشور کرده است. 
 در مقایسه با قهوه کلمبیایی، کاستاریکا ی"
Luya Coffee,خرید قهوه عربیکا گواتمالا,Guatemala,,,Ground,250.0,990000,396000.0,,True,عربیکا,https://luyacoffee.com/product/arabica-guatemala/,"قهوه عربیکا گواتمالا دارای پروفایل عطر و طعم شدید می باشد، این قهوه ترکیبی از قهوه قوی به همراه شیرینی ملایم است. قهوه عربیکا گواتمالا یک قهوه فوق العاده است. 
 متدهای دم آوری پیشنهادی این قهوه به صورت فیلتری، کمکس و فرنچ پرس می باشد.   خاستگاه     گواتمالا 
 رایحه          قوی، کارامل سوخته، فلفل سیاه و دارچین 
 طعم           شدید، شکلات خالص، کارامل شیرین، طعم ملایم گل 
 بادی           بالا"
Luya Coffee,قهوه عربیکا نیکاراگوئه,Nicaragua,,,Ground,250.0,1546000,618400.0,,True,عربیکا,https://luyacoffee.com/product/arabica-nicaragua/,"خاستگاه قهوه عربیکا نیکاراگوئه 
 قهوه عربیکا نیکاراگوئه با مشخصات عطر و طعم بسیار دلپذیر، قهوه ای با کیفیت بسیار بالا و پیچیده از نظر عطر و طعم می باشد. نیکاراگوئه این کشور آمریکای مرکزی با آب و هوای خوب و جغرافیای درجه یکی که دارد برای کشت قهوه بسیار مناسب است. 
 طعم قهوه عربیکا نیکاراگوئه 
 بیشتر دانه های قهوه در نیکاراگوئه دارای بادی متوسط تا ملایم بوده و اسیدیته ملایم تا سبکی را ارائه می دهند "
Luya Coffee,قهوه عربیکا کلمبیا,Colombia,,,Ground,250.0,1608000,643200.0,,True,عربیکا,https://luyacoffee.com/product/%d9%8earabica-colombia/,"دلیل معروف بودن قهوه عربیکا کلمبیا چیست؟ 
 قهوه کلمبیا به دلیل طعم یاد و رایحه ملایم منحصربفرد اما غنی که هنگام دم کردن از خود نشان میدهد در جهان معروف است. قهوه در خاک آتشفاشانی در ارتفاعات 1200 تا 1800 و بارش سالانه باران حدود 80 اینچ، بهترین رشد خود را دارد. کلمبیا تمام این ویژگی ها را دارد. 
   گیلاس قهوه عربیکا کلمبیا  
 قهوه عربیکا کلمبیا به دلیل کیفیت و طعم خوبی که دارد بسیار مورد علاقه است"
Luya Coffee,قهوه عربیکا اوگاندا,Uganda,,,Ground,250.0,1288000,515200.0,,True,عربیکا,https://luyacoffee.com/product/%d9%8earabica-uganda/,"یک قهوه متعادل با بادی فول که اسیدیته توت مانند به مدت طولانی در دهان شما باقی می ماند و نهایتاً به یک پایان شیرین و کره ای می رسد. 
 قهوه عربیکا اوگاندا در مناطق مرتفع دامه کوه الگون در شرق و کوهستان رونزوری رشد می کند. 
 قهوه اوگاندا با طعم تمیز و رایحه متمایزش تعریف می شود. یک فنجان قهوه خوب دم شده ی اوگاندا یک اسیدیته مطلوب شرابی از قهوه های آفریقای شرقی را به نمایش می گذارد. 
   دان قهوه عربی"
Luya Coffee,قهوه عربیکا اتیوپی,Ethiopia,,,Ground,250.0,1066000,426400.0,,True,عربیکا,https://luyacoffee.com/product/ethiopia-arabica/,"درواقع اتیوپی خاستگاه و منشأ اصلی گیاه قهوه عربیکا است. هم اکنون اتیوپی 3% از بازار جهانی قهوه را تشکیل می دهد. 
 عطر و طعم قهوه عربیکا اتیوپی: 
 طعم یاد قهوه عربیکا اتیوپی تکرارنشدنی ، محسوس و لطیف است. می توان از قهوه اتیوپی نت های گل یاسمن، برگاموت و بلوبری را در افترتیست احساس کرد. بادی این قهوه خیلی قوی نبوده و اسیدیته آن ملایم و دلپذیر است. به طور کلی قهوه های اتیوپی سنگین و شرابی یا گلی و چ"
Luya Coffee,قهوه عربیکا سوماترا,Indonesia,,,Ground,250.0,1237000,494800.0,,True,عربیکا,https://luyacoffee.com/product/arabica-sumatra/,"قهوه عربیکا سوماترا 
 قهوه ی سوماترا بیشتر از گونه های عربیکا تشکیل شده است. این یعنی سطح کافئین قهوه در سوماترا کاملاً استاندارد است. قهوه عربیکا نسبت به روبوستا کافئین کمتری داشته اما از طرف دیگر عطر و طعم بهتری دارد. 
 سوماترا به دلیل واقع شدن در شمال غربی ترین ناحیه اندونزی، اولین فصل برداشت را دارد. مناطق مختلفی در سوماترا وجود دارد که قهوه درجه اسپشیالیتی تولید میکند از جمله ماندلینگ، لینتون"
Luya Coffee,قهوه روبوستا تانزانیا,Tanzania,,,Ground,250.0,833000,333200.0,,True,قهوه روبوستا; قهوه های اقتصادی,https://luyacoffee.com/product/robusta-tanzania/,قهوه روبوستا   تانزانیا یک قهوه بسیار ملایم با نت هایی از شکلات، آجیل و عسل می باشد. یک قهوه با غلظت بالا و افترتیست اسپایسی. طعم و مزه قهوه های روبوستا معمولاً نسبت به عربیکا کمتر است، اما در بلند یا میکس های قهوه بسیار محبوب بوده و مورد استفاده قرار می گیرد. علت آن این است که به قهوه یک غلظت یا  همان بادی غلیظ و مهم تر از همه یک کرمای خوب می بخشد. همچنین محتوای کافئین قهوه روبوستا تقریباً 2 براب
Luya Coffee,قهوه اندونزی AP روبوستا,Indonesia,,,Ground,250.0,682000,272800.0,,True,قهوه روبوستا; قهوه های اقتصادی,https://luyacoffee.com/product/indonesia-robusta-ap/,"قهوه اندونزی AP روبوستا درجه یک از دانه های قهوه تازه با رست مدیوم تا دارک به دست آمده است. رست قهوه در لویا تنها هنگام سفارش انجام می گیرد به این ترتیب تازگی و طراوت دانه یا پودر قهوه سفارشی شما 100 درصد تضمین می گردد. 
 &nbsp;   
 خاستگاه:       اندونزی 
 منطقه:          جاوه، فلورس 
 رایحه:            گلی، میوه ای 
 بادی:             فول 
 اسیدیته:        پایین 
 طعم:             شیرین"
Luya Coffee,قهوه روبوستا اوگاندا,Uganda,,,Ground,250.0,793000,317200.0,,True,قهوه روبوستا; قهوه رست شده,https://luyacoffee.com/product/robusta-uganda/,"قهوه روبوستا اوگاندا، با جایگاهی متمایز در دنیای قهوه، نه تنها به خاطر طعم بی‌نظیرش بلکه به خاطر پیشینه فرهنگی و اقتصادی قابل توجهی که دارد، شناخته می‌شود. این نوع قهوه از گونه‌ی روبوستا است که عمدتاً در آفریقا و به ویژه در اوگاندا کشت می‌شود. اوگاندا به عنوان یکی از بزرگترین تولیدکنندگان قهوه روبوستا در جهان شناخته می‌شود، و این نوع قهوه نقش مهمی در اقتصاد کشور ایفا می‌کند.  
 
 
 
 
 
 
 
 
 ویژ"
Luya Coffee,قهوه بدون کافئین کلمبیا,Colombia,,,Ground,250.0,994000,397600.0,,False,قهوه بدون کافئین,https://luyacoffee.com/product/decaf-colombia/,عبارت قهوه دکاف یا دکف به معنای قهوه بدون کافئین است. قهوه بدون کافئین کلمبیا از دانه های قهوه درست می شود که حداقل 90 درصد کافئین آن حذف گردیده است. روش های زیادی برای حذف کافئین از دانه های قهوه وجود دارد. بیشتر این روش ها شامل فرآیند سوییس واتر، حلال های آلی و یا دی اکسید کربن می شوند. ((https://www.healthline.com/nutrition/decaf-coffee-good-or-bad#:~:text=Decaf%20is%20short%20for%20decaffeinat
Luya Coffee,قهوه عربیکا هندوراس,Honduras,,,Ground,250.0,1439000,575600.0,,True,عربیکا; قهوه رست شده,https://luyacoffee.com/product/honduras-arabica/,"قهوه عربیکا هندوراس از مزارع معطر هندوراس می آید، جایی که قهوه نت های طعم شیرین وانیل، کاکائو و آجیل را از خود نشان می دهد. 
 قهوه عربیکا هندوراس یک قهوه به دقت دستچین شده از بهترین دانه های قهوه است که به صورت کاملاً ارگانیک پردازش شده است. رشد قهوه عربیکا هندوراس در ارتفاعات بالا اجازه پردازش آهسته تر روی این قهوه را می دهد که باعث می شود مواد مغذی و معدنی جذب بالاتری داشته باشند و طعم قوی تری ن"
Luya Coffee,قهوه گوریفی کنیا AA Rwegheta اسپشیالیتی,Kenya,,,,,,,,False,قهوه های برند; قهوه اسپشیالیتی,https://luyacoffee.com/product/kenya-goriffee/,"این قهوه اسپشیالیتی اروپایی که محصولی ویژه از برند محبوب روستری اروپایی گوریفی است یک قهوه بسیار متعادل پیچیده از کنیا است. قهوه کنیا AA Rwegheta اثراتی از بلک بری، سیب و اسیدیته مرکبات در خود دارد که حس روزهای گرم تابستانی را به شما می دهد. 
 قهوه گوریفی کنیا Rwegheta قهوه ای بسیار خوش عطر و طعم است که یک فنجان قهوه دلچسب را برای شما به ارمغان می آورد. بهترین روش دم آوری این قهوه به صورت اسپرسو و"
Luya Coffee,قهوه کنیا AAA,Kenya,,,,250.0,1819000,727600.0,,True,قهوه اسپشیالیتی; عربیکا; قهوه رست شده,https://luyacoffee.com/product/%d9%82%d9%87%d9%88%d9%87-%da%a9%d9%86%db%8c%d8%a7-aaa/,"درباره این محصول: 
 
 دانه قهوه کنیا AAA با رست مدیوم بهترین انتخاب برای قهوه اسپرسو یا پور اور در صبح یا بعد از ظهر است 
 دانه قهوه کنیا AAA صد درصد تک خاستگاه از کنیا می باشد 
 رست صنعتی در مقیاس کوچک و بسته بندی دستی برای اطمینان از تازگی مطلوب دانه های قهوه 
 نوت های قابل حس: عطر فوق العاده، بادی متوسط، اسیدیته متوسط، تعادل عالی میان ویژگی ها، پیچیدگی خوب، نشانه های خاکی 
 
   
 قهوه کنیا  AAA"
Luya Coffee,قهوه عربیکا برزیل ریومیناس,Brazil,,,Ground,250.0,1123000,449200.0,,True,قهوه رست شده; عربیکا; قهوه های اقتصادی,https://luyacoffee.com/product/arabica-brazil-rio-minas/,"قهوه عربیکا برزیل ریومیناس یک دانه قهوه با کیفیت بالا است که برای تهیه قهوه ترک استفاده می شود. خاستگاه این قهوه منطقه ریومیناس است و آروما و رایحه ای شیرین دارد. طعم یاد این قهوه شکلات آجیلی می باشد و بادی یا غلظت متوسط دارد. میزان اسیدیته این قهوه متعادل است. می توان در قهوه عربیکا برزیل ریومیناس نشانه هایی از نوت های شکلاتی، شیرین، کاراملی و یک پایان تمیز احساس کرد. 
 قهوه عربیکا چیست؟ 
 در اصل"
Luya Coffee,قهوه اسپشیالیتی هویلا کلمبیا,Colombia,,,Ground,250.0,1228000,491200.0,,True,قهوه اسپشیالیتی,https://luyacoffee.com/product/huila-specialty/,"قهوه اسپشیالیتی چیست؟ 
 قهوه تخصصی که اصطلاحاً به آن قهوه اسپشیالیتی می گویند به درجه بالاترین نوع قهوه گفته می شود و معمولاً به صورت قهوه تک خاستگاه در بازار قهوه تامین می شود. 
 چرا قهوه اسپشیالیتی خاص است؟ 
 طبق انجمن تخصصی قهوه، قهوه اسپشیالیتی یا قهوه تخصصی قهوه ای است که درجه آن بالاتر از 80 باشد. درست مثل فیلمی که کیفیت آن فقط وابسته به بازی بازیگر بر روی صحنه نیست، بلکه به فیلمنامه، کارگرد"
Luya Coffee,قهوه روبوستا برزیل,Brazil,,,,250.0,715000,286000.0,,True,قهوه روبوستا; قهوه های اقتصادی,https://luyacoffee.com/product/brazil-robusta-roasted/,"برزیل در صنعت قهوه 
 قهوه برزیل قهوه ای غنی، خوش عطر و طعم و خوشمزه را به یاد می آورد. برزیل کشوری زیبا و گرمسیری مملوء از جنگل های بارانی است که آب و هوای گرم، این کشور را برای پرورش قهوه بسیار مناسب می کند. در حال حاضر برزیل حدود یک سوم از کل قهوه جهان را تولید می کند. 
 برزیل با بیش از 220000 مزرعه قهوه، هر دو نوع  قهوه عربیکا و روبوستا را تولید می کند و در صنعت قهوه نقش کلیدی پیدا کرده است. تن"
Luya Coffee,قهوه روبوستا ویتنام,Vietnam,,,,250.0,652200,260880.0,,True,قهوه رست شده; قهوه روبوستا; قهوه های اقتصادی,https://luyacoffee.com/product/vietnam-robusta/,"ویتنام دومین تولید کننده بزرگ قهوه در جهان است. قهوه اولین بار در قرن نوزدهم توسط فرانسوی ها به ویتنام که مستعمره آنها بود  معرفی شد. 
 چه چیزی قهوه ویتنام را از دیگر قهوه ها متفاوت می کند؟ 
 بیشتر قهوه ای که در ویتنام کشت می شود از گونه ها روبوستا، گیاهی مفاوم است که می تواند در ارتفاعات پایین رشد کند. قهوه روبوستا ویتنام  از نظر طعم و مزه قوی تر، آجیلی تر و دارک تر از قهوه عربیکا ویتنام است. 
 ب"
Luya Coffee,خرید قهوه فوری گلد برزیل,Brazil,,,,250.0,1235000,494000.0,,True,قهوه فوری,https://luyacoffee.com/product/instant-coffee-brazil-gold/,"خرید قهوه فوری گلد:  قهوه فوری نوعی قهوه آماده است که با رست و ترکیب دانه های قهوه و سپس عصاره گیری از آنها بدست می آید. قهوه فوری گلد با فرآیند خشک کردن با اسپری یا خشک کردن انجمادی تولید میشود و میتوان به راحتی با افزودن آب یا شیر داغ به آن، قهوه داغ و دلچسب را در کوتاه ترین زمان آماده کرد. 
   قهوه گلد برزیل   که یک قهوه لطیف و غنی است که از 100 درصد دانه  قهوه عربیکا  برزیل درست شده است. به دل"
Luya Coffee,خرید قهوه فوری ویتنام (پیشنهادی),Vietnam,,,,250.0,1031000,412400.0,,False,قهوه فوری,https://luyacoffee.com/product/instant-coffee-vietnam/,"خرید قهوه فوری ویتنام : قهوه فوری نوعی قهوه آماده است که با رست و ترکیب دانه های قهوه و سپس عصاره گیری از آنها بدست می آید. قهوه فوری با فرآیند خشک کردن با اسپری یا خشک کردن انجمادی تولید میشود و میتوان به راحتی با افزودن آب یا شیر داغ به آن، قهوه داغ و دلچسب را در کوتاه ترین زمان آماده کرد. 
  قهوه فوری ویتنام  را میتوان یک نوع قهوه اسپشیالیتی حساب کرد. دانه های این قهوه از مرغوب ترین منابع قهوه "
Luya Coffee,قهوه روبوستا اندونزی ای کی,Indonesia,,Light,Ground,250.0,759000,303600.0,,True,قهوه رست شده; قهوه روبوستا,https://luyacoffee.com/product/ek-coffee/,"این قهوه از رست مدیوم قهوه ۱۰۰ درصد دانه سبز اندونزی تشکیل شده است. 
 یکی از دانه های معطر کشور اندونزی ای کی EK است که در ایران، خرید و فروش می شود. 
 نکته مهم: قیمت پایین این قهوه به دلیل پایین بودن کیفیت قهوه نیست! مقاله  قیمت قهوه  را به دقت مطالعه نمایید. به طور خلاصه قیمت پایین تر این قهوه تولید بیشتر در مبدا، تقاضای کمتر بازار و وارادات ارزان تر ای محصول است. 
 اندونزی امروزی یکی از اولین ک"
Lamiz Coffee,گرانولا لمیز,Peru,,,,300.0,,,,,,https://lamizcoffee.com/product/granola/,گرانولا لمیز از غلات (جو پرک)، عسل، گردو و بادام روست شده تهیه می‌شود. گرانولا به عنوان یک صبحانه ویا میان وعده بسیار مغذی و ارزشمند برای تمامی افراد مورد استفاده قرار می‌گیرد که می‌توان با شیر یا ماست و یا در کنار شیرینی به عنوان دسر استفاده شود. این محصول علاوه بر فراهم کردن پروتئین مورد نیاز بدن از خواص آن‌ها می‌توان به بهبود عملکرد دستگاه گوارش، تقویت سلامت قلب، فراهم کردن ویتامین‌ها و مواد مع
Lamiz Coffee,سیروپ نارگیل مونین,Indonesia,,,,,,,,,,https://lamizcoffee.com/product/coconut-syrup/,"نارگیل میوه بومی بیش از ۸۰ کشور گرمسیری و نیمه گرمسیری مانند اندونزی ، هند و تایلند است ، که در آنجا ضروری تلقی می شود. در واقع ، در چندین زبان مختلف نام نخل نارگیل به این معنی است که تمام قسمت های درخت به نوعی مفید است. 
طعم فوق العاده همه کاره ، طعم شدید و شیرین آن به خوبی با طعم های شیرین ، تلخ و شور همراه است. نارگیل علاوه بر استفاده زیاد در آشپزی ، در محصولات زیبایی استفاده می شود زیرا روغن ن"
Lamiz Coffee,سیروپ پشن فروت مونین,Brazil,,,Whole bean,,,,,,,https://lamizcoffee.com/product/monin-passion-fruit-syrup/,این میوه‌ی گرمسیری تقریباً به اندازه‌ی یک تخم‌مرغ است که پوسته‌ی آن بنفش یا زرد شکننده است و دانه‌های ترد و گوشت نرم و آبدار آن دارای طعمی قوی و معطر میباشد. این میوه بومی برزیل، پاراگوئه و آرژانتین شمالی است، به این دلیل که گونه‌ای از گل رونده است که در آفریقای جنوبی به نام «گرانادیلای بنفش» نیز شناخته می‌شود. هم از دانه ها و هم پالپ آن در سالادها و پودینگ هایی مانند چیزکیک و پاولوا استفاده می شو
Lamiz Coffee,قهوه ترک‌ با‌هل &#8211; 1 کیلوگرم,Uganda,,,Whole bean,1000.0,,,,,,https://lamizcoffee.com/product/turkish-coffee-cardamom-1kg/,"قهوه ترک با هل لمیز از ترکیبات قدیمی و پر طرفدار است که همچنان محبوبیت خود را حفظ کرده است. این قهوه را می‌توان با شیر نیز دم کرد که طعمی خوشایند به آن می‌بخشد. 
 قهوه ترک با هل لمیز از دانه‌های با کیفیت روبوستای کشور اوگاندا تهیه شده است و همراه با هل، با ریزترین درجه‌ی آسیاب (پودری) آماده می‌شود. 
 این قهوه در قهوه جوش‌های مسی به نام جذوه دم شده و در حجم کم در فنجان‌ها سرو می‌شود. تفاوت اصلی قهو"
Lamiz Coffee,قهوه ترک‌ با‌هل &#8211; 250 گرم,Uganda,,,Whole bean,250.0,,,,,,https://lamizcoffee.com/product/turkish-coffee-cardamom-250gr/,"قهوه ترک با هل لمیز از ترکیبات قدیمی و پر طرفدار است که همچنان محبوبیت خود را حفظ کرده است. این قهوه را می‌توان با شیر نیز دم کرد که طعمی خوشایند به آن می‌بخشد. 
 قهوه ترک با هل لمیز از دانه‌های با کیفیت روبوستای کشور اوگاندا تهیه شده است و همراه با هل، با ریزترین درجه‌ی آسیاب (پودری) آماده می‌شود. 
 این قهوه در قهوه جوش‌های مسی به نام جذوه دم شده و در حجم کم در فنجان‌ها سرو می‌شود. تفاوت اصلی قهو"
Lamiz Coffee,قهوه ترک &#8211; 1 کیلوگرم,Uganda,,,Whole bean,1000.0,,,,,,https://lamizcoffee.com/product/turkish-coffee-1kg/,"قهوه ترک لمیز از دان‌های با کیفیت ربوستای کشور اوگاندا تهیه شده است که طعم آن شیرین و شکلاتی است و کرمای بالایی دارد. 
 در این نوع روش دم‌آوری دانه‌های تازه برشت شده‌ی ربوستا بادرجه‌ای بسیار ریز (پودری) آسیاب می‌شوند و در قهوه جوش‌های مسی به نام جذوه درست می‌شود و در حجم کم در فنجان‌ها سرو می‌شود. 
 تفاوت اصلی قهوه‌ی ترک با سایر روش‌هام دم آوری غلظت بالای آن است."
Lamiz Coffee,قهوه ترک &#8211; 250 گرم,Uganda,,,Whole bean,250.0,,,,,,https://lamizcoffee.com/product/turkish-coffee-250gr/,"قهوه ترک لمیز از دان‌های با کیفیت ربوستای کشور اوگاندا تهیه شده است که طعم آن شیرین و شکلاتی است و کرمای بالایی دارد. 
 در این نوع روش دم‌آوری دانه‌های تازه برشت شده‌ی ربوستا بادرجه‌ای بسیار ریز (پودری) آسیاب می‌شوند و در قهوه جوش‌های مسی به نام جذوه درست می‌شود و در حجم کم در فنجان‌ها سرو می‌شود. 
 تفاوت اصلی قهوه‌ی ترک با سایر روش‌هام دم آوری غلظت بالای آن است."
Lamiz Coffee,قهوه دیکف هندوراس &#8211; 1 کیلوگرم,Honduras,,,,1000.0,,,,,,https://lamizcoffee.com/product/swiss-water-house-blend-1kg/,"Swiss Water House Blend 100%Arabi   
 قهوه دیکف ‌اسپرسو لمیز قهوه‌ای ۱۰۰% عربیکا تک خاستگاه از کشور هندوراس می‎باشد، که برای ﻧوشیدن در شب و یا کسانی که به کافئین حساس هستند، مناسب ترین گزینه است. 
پیشنهاد ما برای دم آوری این قهوه، به روش دم آوری میباشد&#8221;"
Lamiz Coffee,قهوه دیکف هندوراس &#8211; 250 گرم,Honduras,,,,250.0,,,,,,https://lamizcoffee.com/product/swiss-water-house-blend-250gr/,"Swiss Water House Blend 100%Arabi   
 قهوه دیکف ‌اسپرسو لمیز قهوه‌ای ۱۰۰% عربیکا تک خاستگاه از کشور هندوراس می‎باشد، که برای ﻧوشیدن در شب و یا کسانی که به کافئین حساس هستند، مناسب ترین گزینه است. 
پیشنهاد ما برای دم آوری این قهوه، به روش دم آوری می‌باشد&#8221;"
Lamiz Coffee,قهوه نیرا &#8211; 1 کیلوگرم,Uganda,,,Whole bean,1000.0,,,,,,https://lamizcoffee.com/product/nira-coffee-1kg/,"قهوه‌ی نیرا لمیز از دانه‌های قهوه‌ی ربوستا‌ی مرغوب کشور اوگاندا تهیه شده است. این محصول دارای اسیدیته‌ی پایین بافتی سنگین و غلیظ است. 
 مناسب برای کسانی که به دنبال تلخی مطلوب قهوه و کافئین بالا هستند. 
 پیشنهاد ما برای دم‌آوری: اسپرسو، موکاپات"
Lamiz Coffee,قهوه نیرا &#8211; 250 گرم,Uganda,,,Whole bean,250.0,,,,,,https://lamizcoffee.com/product/nira-coffee-250gr/,"قهوه‌ی نیرا لمیز از دانه‌های قهوه‌ی ربوستا‌ی مرغوب کشور اوگاندا تهیه شده است. این محصول دارای اسیدیته‌ی پایین بافتی سنگین و غلیظ است. 
 مناسب برای کسانی که به دنبال تلخی مطلوب قهوه و کافئین بالا هستند. 
 پیشنهاد ما برای دم‌آوری: اسپرسو، موکاپات"
Lamiz Coffee,قهوه اختصاصی &#8211; 1 کیلوگرم,Brazil,,Medium,Whole bean,1000.0,,,,,,https://lamizcoffee.com/product/exclusive-blend-coffee-1kg/,"قهوه اختصاصی ترکیبی از دانه‌های باکیفیت مزارع کلمبیا و برزیل است که با بهره‌گیری از برشته‌کاری با دقت بالا، توازنی دلپذیر میان اسیدیته‌ی شفاف و طعم‌یادهای شکلاتی  ایجاد کرده است. 
 قهوه اختصاصی (هاوس بلند) انتخابی حرفه‌ای برای علاقه‌مندان به اسپرسو با وضوح طعمی بالا و اسیدیته‌ی شفاف و دلپذیر محسوب می‌شود. 
 پیشنهاد ما برای دم‌آوری این قهوه: اسپرسو و موکاپات"
Lamiz Coffee,قهوه اختصاصی &#8211; 250 گرم,Brazil,,Medium,Whole bean,250.0,,,,,,https://lamizcoffee.com/product/exclusive-blend-coffee-250gr/,"قهوه اختصاصی ترکیبی از دانه‌های باکیفیت مزارع کلمبیا و برزیل است که با بهره‌گیری از برشته‌کاری با دقت بالا، توازنی دلپذیر میان اسیدیته‌ی شفاف و طعم‌یادهای شکلاتی  ایجاد کرده است. 
 قهوه اختصاصی (هاوس بلند) انتخابی حرفه‌ای برای علاقه‌مندان به اسپرسو با وضوح طعمی بالا و اسیدیته‌ی شفاف و دلپذیر محسوب می‌شود. 
 پیشنهاد ما برای دم‌آوری این قهوه: اسپرسو و موکاپات"
Lamiz Coffee,قهوه دیکف‌ اسپرسو &#8211; 250 گرم,Colombia,Natural,,Whole bean,250.0,,,,,,https://lamizcoffee.com/product/swiss-water-espresso-blend-250gr/,"کافئین زدایی به روش سوئیس واتر یک فرآیند کاملا طبیعی و بدون استفاده از مواد شیمیایی است که به ویژه به دلیل حفظ طعم و عطر دانه های قهوه معروف است.قهوه دیکف لمیز از دانه های عربیکا کشور کلمبیا تهیه شده است. برای نوشیدن در شب و یا کسانی که به کافئین حساس هستند،مناسب ترین گزینه است. 
  پیشنهاد ما برای دم آوری این قهوه :تمامی روش های عصاره گیری"
Lamiz Coffee,قهوه تک خاستگاه گوجی &#8211; 250 گرم,Peru,Honey,,,250.0,,,,,,https://lamizcoffee.com/product/ethiopian-goji-coffee-beans/,قهوه گوجی به دلیل روش‌های کشت و فرآوری ویژه، دارای پروفایل طعمی بسیار غنی و متنوعی است. این قهوه با طعم یادهایی از میوه‌های مرکباتی مثل لیمو و پرتقال شناخته می‌شود. علاوه بر این، نت‌های گلی نیز در این قهوه محسوس است که ترکیبی منحصر به فرد از شیرینی و اسیدیته متعادل را ارائه می‌دهد، همچنین این قهوه با اسیدیته‌ای ملایم و احساس دهانی سنگین و پس مزه‌ی شیرین مناسب استفاده برای تمامی روش های عصاره گیری 
Lamiz Coffee,قهوه تک خاستگاه کوچره &#8211; 250 گرم,Ethiopia,Washed,,Whole bean,250.0,,,,,,https://lamizcoffee.com/product/kochere-single-origin/,"کوچره، از مناطق شناخته‌شده‌ی جنوب اتیوپی، با آب‌ و هوایی معتدل و بارانی و خاکی حاصل‌خیز، بخشی از حوزه‌ی قهوه‌های یرگاچف است و شرایط ایده‌آلی برای کشت قهوه دارد. 
 قهوه‌های این منطقه به‌ واسطه‌ی فرآوری شسته‌شده‌شان شهرت دارند. در این روش، دانه‌ها پس از جداسازی دقیق لایه‌های بیرونی، در آب قرار می‌گیرند تا موسیلاژ باقی‌مانده کاملاً پاک شود. این فرآوری کنترل‌شده، از تخمیر ناخواسته جلوگیری کرده و طعمی "
Lamiz Coffee,قهوه اتیوپی گوته &#8211; 250 گرم,Ethiopia,Honey,,,250.0,,,,,,https://lamizcoffee.com/product/gute-ethiopia-250-gr/,"منطقه‌ی اورومیا در اتیوپی، به‌واسطه‌ی شرایط آب‌وهوایی خاص و خاک حاصل‌خیز، یکی از مهم‌ترین نواحی تولید قهوه در این کشور به‌شمار می‌رود. قهوه‌های این منطقه به دلیل کیفیت بالا و طعم‌یادهای پیچیده، شهرت جهانی دارند. 
 این قهوه با طعم‌یادهای گلی، شیرینی دل‌نشین، رگه‌هایی از میوه‌های هسته دار، و بافتی روان و آبمیوه‌ای، انتخابی ایده‌آل برای مصرف روزانه است؛ به‌ویژه برای کسانی که در فنجان قهوه، به‌دنبال ت"
Lamiz Coffee,قهوه کلمبیا لاویا &#8211; 250 گرم,Colombia,Washed,,,250.0,,,,,,https://lamizcoffee.com/product/colombia-la-villa-250g/,"قهوه جدید ما از کلمبیا، منطقه‌ی هویلا، زیرگونه گشا و از مزرعه لاویا، در ارتفاع ۱۷۲۰ تا ۱۸۲۰ متری کشت شده و با فرآوری شسته بی‌هوازی آماده شده است. در این روش، گیلاس‌ها به مدت ۲۴ ساعت در مخازن بسته و بدون حضور هوا تخمیر می‌شوند تا لایه‌ای عمیق از پیچیدگی‌های عطری ایجاد شود. 
 این قهوه نمایانگر مهارت کشاورز و دقت در فرآوری است؛ جایی که کنترل تخمیر با حساسیت بالا، رایحه و ساختار فنجان را به سطحی فراتر"
Lamiz Coffee,کپسول لمیزپرسو نیرا,Uganda,,Medium,Whole bean,,,,,,,https://lamizcoffee.com/product/lamizpersso-nira/,"لمیزپرسو ها مناسب دستگاه‌های قهوه کپسولی هستند. کپسول‌های لمیزپرسو نسبت به نمونه‌های خارجی تازه برشته شده تر هستند و به همین دلیل، ویژگی‌ها و عطر و طعم قهوه را بهتر حفظ می‌کنند.همچنین بیشتر لاین های فروش دانه های قهوه لمیز به صورت کپسول موجود هستند تا افرادی که از دستگاه های قهوه کپسولی برای آماده کردن قهوه‌ی روزانه ی خود استفاده میکنند هم بتوانند از قهوه های لمیز استفاده کنند. 
 قهوه ی نیرا لمیز "
Lamiz Coffee,کپسول لمیزپرسو اختصاصی,Brazil,,Medium,Whole bean,,,,,,,https://lamizcoffee.com/product/lamizpresso-house-blend/,"لمیزپرسو ها مناسب دستگاه‌های قهوه کپسولی هستند. کپسول‌های لمیزپرسو نسبت به نمونه‌های خارجی تازه برشته شده تر هستندو به همین دلیل، ویژگی‌ها و عطر و طعم قهوه را بهتر حفظ می‌کنند.همچنین بیشتر لاین های فروش دانه های قهوه لمیز به صورت کپسول موجود هستند تا افرادی که از دستگاه های قهوه کپسولی برای آماده کردن قهوه ی روزانه ی خود استفاده میکنند هم بتوانند از قهوه های لمیز استفاده کنند. 
 این محصول ترکیبی ا"
Lamiz Coffee,کپسول لمیزپرسو دیکف,Colombia,Natural,,Whole bean,,,,,,,https://lamizcoffee.com/product/lamizpresso-decaf/,"لمیزپرسو ها مناسب دستگاه‌های قهوه کپسولی هستند. کپسول‌های لمیزپرسو نسبت به نمونه‌های خارجی تازه برشته شده تر هستند و به همین دلیل، ویژگی‌ها و عطر و طعم قهوه را بهتر حفظ می‌کنند.همچنین بیشتر لاین های فروش دانه های قهوه لمیز به صورت کپسول موجود هستند تا افرادی که از دستگاه های قهوه کپسولی برای آماده کردن قهوه ی روزانه‌ی خود استفاده میکنند هم بتوانند از قهوه های لمیز استفاده کنند. 
 کافئین زدایی به ر"
Lemm Coffee,قهوه اتیوپی هامبلا / رست دمی (۲۵۰ گرمی),Ethiopia,,,,250.0,1158000,463200.0,,,,https://lemm.coffee/shop/قهوه/P199-قهوه-اتیوپی-یرگاشف-یک-کیلوگرمی.html,
Lemm Coffee,قهوه اتیوپی هامبلا / رست اسپرسو (۲۵۰ گرمی),Ethiopia,,,,250.0,,,,,,https://lemm.coffee/shop/قهوه/P200-قهوه-اتیوپی-یرگاشف-یک-کیلوگرمی.html,
Lemm Coffee,قهوه اتیوپی / هامبلا اسپرسو (یک کیلوگرمی),Ethiopia,,,,1000,4600000,460000.0,,,,https://lemm.coffee/shop/قهوه/P201-قهوه-اتیوپی-یرگاشف-یک-کیلوگرمی.html,
Lemm Coffee,قهوه اتیوپی / هامبلا دمی (یک کیلوگرمی),Ethiopia,,,,1000,,,,,,https://lemm.coffee/shop/قهوه/P202-قهوه-اتیوپی-یرگاشف-یک-کیلوگرمی.html,
Lemm Coffee,پک ده عددی قهوه دریپ (کیسه‌ای) اتیوپی,Ethiopia,,,,,950000,,,,,https://lemm.coffee/shop/محصولات/P268-قهوه-دریپ-کیسه-ای-100-عربیکا-اتیوپی.html,
Lemm Coffee,قهوه کاستاریکا نچرال - لوس سانتوس (۸۰ گرمی),Costa Rica,Natural,,,80.0,535000,668750.0,,,,https://lemm.coffee/shop/قهوه/P301-قهوه-تخصصی-اتیوپی-چلچله-۸۰-گرمی.html,
Lemm Coffee,قهوه رواندا (۸۰ گرمی),Rwanda,,,,80.0,525000,656250.0,,,,https://lemm.coffee/shop/قهوه/P303-قهوه-تخصصی-اتیوپی-چلچله-۸۰-گرمی.html,
Lemm Coffee,قهوه کلمبیا - ویلا رزیتا (۸۰ گرمی),Colombia,,,,80.0,725000,906250.0,,,,https://lemm.coffee/shop/قهوه/P350-قهوه-تخصصی-اتیوپی-چلچله-۸۰-گرمی.html,
Sam Coffee Roasters,قهوه کلمبیا هانی لیچی,Colombia,Honey,,,,1700000,,88.0,False,,https://www.samcoffeeroasters.com/products/colombia-castillo-honey-lychee-jairo-arcila-la-pradera,"شناسنامه قهوه   
  قهوه  Colombia Castillo Honey Lychee  از پروژه  &zwnj;  های نوآورانه جایرو آرسیلا در مرکز فرآوری  La Pradera ، نمونه  &zwnj;  ای جذاب از قهوه  &zwnj;  های کوفرمنت با میوه است. در این فرآوری، واریته کستیلو با استفاده از فرآیند  Honey  و تخمیر بی  &zwnj;  هوازی همراه با لیچی، پروفایلی بسیار آروماتیک و متفاوت پیدا کرده است. نتیجه نهایی فنجانی شیرین، گلی و میوه  &zwnj;  ای است که با"
Sam Coffee Roasters,قهوه کلمبیا رد فروت,Colombia,Washed,,,,1500000,,88.0,True,,https://www.samcoffeeroasters.com/products/colombia-castillo-washed-red-fruits-jairo-arcila-la-pradera,"شناسنامه قهوه   
  قهوه  Colombia Castillo Washed Red Fruits  از مرکز فرآوری  La Pradera  و پروژه  &zwnj;  های تجربی جایرو آرسیلا، نمونه  &zwnj;  ای برجسته از قهوه  &zwnj;  های کوفرمنت است. در این فرآوری، دانه  &zwnj;  های واریته کستیلو با میوه  &zwnj;  های قرمز و مخمر شرابی تحت تخمیر کنترل  &zwnj;  شده قرار گرفته  &zwnj;  اند تا فنجانی با پیچیدگی آروماتیک بالا، شیرینی برجسته و شخصیت میوه  &zwnj; "
Sam Coffee Roasters,قهوه کلمبیا گشا,Colombia,Natural,,,,2500000,,90.0,True,,https://www.samcoffeeroasters.com/products/colombia-gesha-natural-sebastian-gomez-la-divisa,"شناسنامه قهوه   
  قهوه  Colombia Gesha Natural  از مزرعه  La Divisa  و تولیدکننده شناخته  &zwnj;  شده، سباستین گومز، نمایانگر ظرافت و پیچیدگی واریته گشا در ارتفاعات بالای کلمبیاست. این قهوه با فرآوری نچرال و تخمیر کنترل  &zwnj;  شده، فنجانی بسیار معطر، شفاف و چندلایه ارائه می  &zwnj;  دهد. ویژگی  &zwnj;  های گلی، ساختار چای  &zwnj;  مانند و اسیدیته زنده، از شاخص  &zwnj;  ترین خصوصیات این قهوه هست"
Sam Coffee Roasters,قهوه کلمبیا ماراگشا,Colombia,Natural,,,,6500000,,90.0,True,,https://www.samcoffeeroasters.com/products/colombia-maragesha-natural-jardines-del-encanto,"شناسنامه قهوه   
  قهوه  Colombia Maragesha Natural  از مجموعه  Jardines del Encanto  یکی از کمیاب  &zwnj;  ترین و جذاب  &zwnj;  ترین هیبریدهای دنیای قهوه تخصصی است. این واریته حاصل تلاقی  Gesha  و  Maragogype  بوده و ویژگی  &zwnj;  های برجسته هر دو را در خود جای داده است؛ ظرافت آروماتیک و پیچیدگی گشا در کنار بدنه غنی و ساختار قدرتمند ماراگوگیپه. کشت این قهوه در ارتفاع بسیار بالا و فرآوری نچرال هم"
Sam Coffee Roasters,قهوه کلمبیا پینک بوربون,Colombia,Natural,,,,,,,False,,https://www.samcoffeeroasters.com/products/colombia-pink-bourbon-natural-jairo-arcila-santa-monica,شناسنامه قهوه  قهوه Colombia Pink Bourbon Natural از مزرعه Santa Monica و پروژه&zwnj;های تخصصی جایرو آرسیلا، نمونه&zwnj;ای درخشان از واریته ارزشمند Pink Bourbon است که در ارتفاعات کلمبیا کشت شده است. این قهوه با فرآوری نچرال و تخمیر کنترل&zwnj;شده، فنجانی میوه&zwnj;ای، شفاف و بسیار متعادل ارائه می&zwnj;دهد. شیرینی طبیعی، اسیدیته زنده و بافتی ابریشمی، شخصیت اصلی این قهوه را شکل می&zwnj;دهند و در کن
Sam Coffee Roasters,قهوه ال‌سالوادور,El Salvador,Natural,,,,1950000,,,True,,https://www.samcoffeeroasters.com/products/el-salvador-el-cipres-natural-reposado,ال&zwnj;سالوادور ال سیپرس نچرال رپوسادو  قهوه El Salvador El Cipres Natural Reposado به&zwnj;عنوان جایگزین اتیوپی اوراگا در لاین اسپرسو اسپشالتی انتخاب شده و پروفایلی شیرین، شفاف و بسیار بالانس دارد. این قهوه با وجود شیرینی بالایی که از نُت&zwnj;های عسل، وانیل، شکلات و میوه&zwnj;های خشک می&zwnj;گیرد، بیشتر از هر چیز با اسیدیتی براق و زنده خود شناخته می&zwnj;شود؛ اسیدیتی&zwnj;ای که حس juicy و شفاف 
Sam Coffee Roasters,قهوه اتیوپی شاکیسو,Ethiopia,,,,830.0,1815000,218675.0,,False,,https://www.samcoffeeroasters.com/products/ethiopia-guji-shakiso-mesele,اتیوپی گوچی شاکیسو مسله  قهوه Ethiopia Guji Shakiso Mesele از منطقه گوچی شاکیسو در اتیوپی، نمونه&zwnj;ای مدرن از قهوه&zwnj;های فرآوری&zwnj;شده با تخمیر کنترل&zwnj;شده است که با هدف ایجاد شفافیت طعمی، پیچیدگی آروماتیک و اسیدیتی درخشان تولید شده است. این قهوه از واریته&zwnj;های بومی Heirloom و در ارتفاع بالا کشت شده و با پروسس Aerobic Fermentation چهار روزه، فنجانی میوه&zwnj;ای، juicy و چندلایه ارائ
Sam Coffee Roasters,قهوه اتیوپی کنگا,Ethiopia,,,,,1100000,,,False,,https://www.samcoffeeroasters.com/products/ethiopia-konga,"قهوه یرگاچف با پردازش شسته شده از ایستگاه شستشوی کنگا، نمونه&zwnj;ای بارز از مهارت پردازش سنتی اتیوپی است. ارتفاع بالا، خاک رس قرمز و کشت هیریلوم باعث ایجاد پروفایلی پیچیده و متوازن می&zwnj;شود. تخمیر کنترل&zwnj;شده در آب و خشک&zwnj;کردن دقیق روی تخت&zwnj;های مخصوص خشک کردن، طعمی شفاف با نت&zwnj;های انجیر، هل، شکلات و کارامل به ارمغان می&zwnj;آورد. 
 
 خاستگاه: کنگا، یرگاچف، اتیوپی ارتفاع: ۱۷۰۰ تا"
Sam Coffee Roasters,قهوه اتیوپی لالسا,Ethiopia,Honey,,,,1490000,,,False,,https://www.samcoffeeroasters.com/products/ethiopia-lalesa,قهوه بلک هانی لالسا از منطقه گدب اتیوپی، جلوه&zwnj;ای خاص از دقت در فرآوری و شرایط منحصر به&zwnj;فرد کشت است. این قهوه در ارتفاعات بالا و خاک رس قرمز پرورش یافته و با گونه&zwnj;های هیریلوم طعمی شفاف و پیچیده ارائه می&zwnj;دهد. ترکیب شیرینی میوه&zwnj;های استوایی، عطر گلی یاس و ته&zwnj;مزه&zwnj;ای شبیه رام، فنجانی متعادل و با عمق ایجاد می&zwnj;کند. فرآوری دقیق و خشک&zwnj;کردن طولانی&zwnj;مدت به وضوح
Sam Coffee Roasters,قهوه اتیوپی یرگاچف,Ethiopia,,,,,699000,,,False,,https://www.samcoffeeroasters.com/products/ethiopia-yirgacheffe-coffee,قهوه&zwnj;ی اتیوپی یرگاشف یکی از شاخص&zwnj;ترین و شناخته&zwnj;شده&zwnj;ترین قهوه&zwnj;های آفریقایی است که با رایحه&zwnj;ی خیره&zwnj;کننده&zwnj;ی یاس، برگاموت و پیچ امین&zwnj;الدوله آغاز می&zwnj;شود. در طعم، لایه&zwnj;هایی از پوست لیمو، هلو، زردآلو و پشن&zwnj;فروت به زیبایی خود را نشان می&zwnj;دهند و با شیرینی عسل&zwnj;مانند و شکر نیشکر متعادل می&zwnj;شوندن قهوه دارای بدنه&zwnj;ای سبک تا متوسط با ب
Sam Coffee Roasters,قهوه کنیا کگوآ,Kenya,,,,,,,,False,,https://www.samcoffeeroasters.com/products/kenya-kagwa,طعم&zwnj;یادها: چای ترش، آلو و ریواس روش پردازش: شسته
Sam Coffee Roasters,قهوه کنیا مرو,Kenya,,,,,,,,False,,https://www.samcoffeeroasters.com/products/kenya-meru,طعم&zwnj;یادهای چای سیاه، لیمو&zwnj;شیرین و تافی | اسیدیته&zwnj;ی شفاف | بادی متوسط روش پردازش:شسته
