Roaster,Product Name,Origin,Process,Roast Level,Format,Weight (g),Price (Toman),Price / 100g,Specialty Score,In Stock?,Categories,Product URL,Description
Cafe Raees,موکاپات بیالتی رین بو یک نفره,,,,,,4760000,,,True,ابزار دم آوری; فروشگاه آنلاین; موکاپات,https://raeescoffee.com/product/%d9%85%d9%88%da%a9%d8%a7%d9%be%d8%a7%d8%aa-%d8%a8%db%8c%d8%a7%d9%84%d8%aa%db%8c-%d8%b1%db%8c%d9%86-%d8%a8%d9%88-%db%8c%da%a9-%d9%86%d9%81%d8%b1%d9%87/,موكاپات   وسيله‌ای است كه به كمك شعله گاز، حرارت و يا به صورت الكتريكی، برای دم كردن قهوه استفاده می‌شود. مكانيزم آن به اين صورت است كه آب داغ با فشاری نسبی و به كمك بخار آب، از سطح قهوه می‌گذرد. اين دستگاه توسط مخترعی ايتاليايی با نام آلفونسو بيالتی Alfonso Bialetti در سال ١٩٣٣ ساخته شد و به سرعت تبديل به يكی از اجزای اصلی فرهنگ ايتاليايی شد. كمپانی بيالتی به توليد اين محصول با نام &#8220;موكا اك
Cafe Raees,فوم شیرساز بیالتی,,,,,,3500000,,,True,ابزار دم آوری; فروشگاه آنلاین; فوم ساز,https://raeescoffee.com/product/%d9%81%d9%88%d9%85-%d8%b4%db%8c%d8%b1%d8%b3%d8%a7%d8%b2-%d8%a8%db%8c%d8%a7%d9%84%d8%aa%db%8c/,"اگر طرفدار کاپوچینو و کافه لاته هستید، به سادگی توسط این ابزار می‌توانید در سفر، منزل و محل کار یک فنجان قهوه جذاب داشته باشید. 
عملکرد فوم شیر ساز دستی بیالتی نقره‌ای 
ابتدا درپوش را کنار گذاشته شیر سرد را داخل ظرف بریزید سپس آن را روی گاز قرار دهید به محض گرم شدن شیر آن را از روی شعله برداشته و با گذاشتن درپوش اهرم آن را چندین بار به سمت بالا و پایین هدایت کنید و در آخر فوم شیر را به &#8220;خرید"
Cafe Raees,آسیاب دستی قهوه,,,,Ground,,1500000,,,True,آسیاب; ابزار دم آوری; فروشگاه آنلاین,https://raeescoffee.com/product/%d8%a2%d8%b3%db%8c%d8%a7%d8%a8-%d8%af%d8%b3%d8%aa%db%8c-%d9%82%d9%87%d9%88%d9%87/,"آسیاب دستی قهوه انتخابی عالی برای قهوه‌دوستانی است که به طعم، تازگی و کنترل کامل فرآیند آسیاب اهمیت می‌دهند. این آسیاب قهوه دستی امکان تنظیم درجه آسیاب را فراهم می‌کند تا بتوانید قهوه مناسب روش‌های مختلف دم‌آوری مانند فرنچ پرس، موکاپات، پوراور و کمکس را به‌راحتی آماده کنید. 
 به‌دلیل آسیاب شدن دانه‌ها درست قبل از دم‌آوری، عطر و طعم قهوه به‌طور کامل حفظ می‌شود. طراحی جمع‌وجور و بدون نیاز به برق، آس"
Cafe Raees,جاگ شیر موتا,,,,,,6700000,,,True,ابزار دم آوری; فروشگاه آنلاین,https://raeescoffee.com/product/%d8%ac%d8%a7%da%af-%d8%b4%db%8c%d8%b1-%d9%85%d9%88%d8%aa%d8%a7/,کمپانی بیالتی از کشور ایتالیا یکی از معتبرترین سازندگان ابزارآلات دم آوری قهوهاست، کیفیت و کاربردی بودن آن‌ها باعث وفاداری دوستداران قهوه شده است. اگر طرفدار کافه لاته یا کاپوچینو هستید، جاگ (پارچ) شیر استیل برای آماده‌سازی یک فوم شیر استاندارد قابل ارائه است. همچنین اگر کافه‌دار هستید این ابزار بدلیل کیفیت بالا در بین دیگر پارچ‌هایی که دارید، مفید خواهد بود. توجه داشته باشید شیر را بیش از حد گرم 
Cafe Raees,تراول ماگ كانتيگو 151-CT,,,,,,3500000,,,True,تراول ماگ کانتیگو; فروشگاه آنلاین; فلاسک / ماگ / ساک پارچه ای,https://raeescoffee.com/product/%d8%aa%d8%b1%d8%a7%d9%88%d9%84-%d9%85%d8%a7%da%af-%d9%83%d8%a7%d9%86%d8%aa%d9%8a%da%af%d9%88-151-ct/,ماگ بدون دسته 590 میلی لیتر کانتیگو دارای یک سیستم عایق حرارتی قدرتمند است. این ماگ سرد و گرم نوشیدنی های گرم را تا 9 ساعت و نوشیدنی های سرد را تا 21 ساعت نگهداری می کند. دیواره دوجداره فولاد ضد زنگ و عایق خلاء به همراه درپوش با کیفیت بدون نشتی و قفل اتوماتیک از ویژگی های دیگر این ماگ مسافرتی به شمار می رود.
Cafe Raees,تراول ماگ بودوم,,,,,,2550000,,,True,فروشگاه آنلاین; فلاسک / ماگ / ساک پارچه ای,https://raeescoffee.com/product/%d8%aa%d8%b1%d8%a7%d9%88%d9%84-%d9%85%d8%a7%da%af-%d8%a8%d9%88%d8%af%d9%88%d9%85/,"تراول ماگ بودوم انتخابی ایده‌آل برای افرادی است که دوست دارند قهوه یا نوشیدنی موردعلاقه‌شان را همیشه و همه‌جا همراه داشته باشند. این ماگ سفری عایق با طراحی کاربردی، دمای نوشیدنی‌های گرم و سرد را برای مدت طولانی حفظ می‌کند و گزینه‌ای عالی برای استفاده روزمره، محل کار، سفر و خودرو است. 
تراول ماگ Bodum با بدنه مقاوم و درب ضدنشت طراحی شده تا حمل آن کاملاً ایمن و راحت باشد. طراحی ارگونومیک و ظاهر مینی"
Cafe Raees,آسیاب برقی بودوم,,,,Ground,,4760000,,,True,آسیاب; ابزار دم آوری; فروشگاه آنلاین,https://raeescoffee.com/product/%d8%a2%d8%b3%db%8c%d8%a7%d8%a8-%d8%a8%d8%b1%d9%82%db%8c-%d8%a8%d9%88%d8%af%d9%88%d9%85/,"آسیاب برقی بودوم یک ابزار حرفه‌ای و کاربردی برای آسیاب دانه‌های قهوه با دقت بالا است. 
این آسیاب با طراحی مینیمال و کیفیت ساخت بالای برند Bodum، گزینه‌ای ایده‌آل برای خانه، محل کار و کافی‌بارهای کوچک است. عملکرد یکنواخت دستگاه باعث می‌شود اندازه ذرات قهوه یکدست باقی بماند و در نتیجه طعم و عطر قهوه بهتر استخراج شود. 
اگر به دنبال خرید یک آسیاب قهوه برقی باکیفیت و کاربری آسان هستید که دوام بالا و طر"
Cafe Raees,فرنچ پرس بودوم,,,,,,6200000,,,True,ابزار دم آوری; فرنچ پرس; فروشگاه آنلاین,https://raeescoffee.com/product/%d9%81%d8%b1%d9%86%da%86-%d9%be%d8%b1%d8%b3-%d8%a8%d9%88%d8%af%d9%88%d9%85/,"فرنچ پرس بودوم یکی از محبوب‌ترین و ساده‌ترین روش‌ها برای تهیه قهوه تازه با طعمی عمیق و طبیعی است. این قهوه‌ساز نوشیدنی‌ای خوش‌عطر با بادی بالا ارائه می‌دهد که انتخاب اول بسیاری از قهوه‌دوستان حرفه‌ای است. 
فرنچ پرس Bodum با طراحی مینیمال و کیفیت ساخت بالا، برای استفاده در خانه، محل کار و سفر ایده‌آل است. فیلتر فلزی دقیق آن نیاز به فیلتر کاغذی را از بین می‌برد و امکان تهیه قهوه، دمنوش و حتی قهوه سر"
Cafe Raees,ست اسپرسوخوری بیالتی,,,,,,7800000,,,True,ابزار دم آوری; بیالتی; فروشگاه آنلاین,https://raeescoffee.com/product/%d8%b3%d8%aa-%d8%a7%d8%b3%d9%be%d8%b1%d8%b3%d9%88%d8%ae%d9%88%d8%b1%db%8c-%d8%a8%db%8c%d8%a7%d9%84%d8%aa%db%8c/,"ست اسپرسوخوری بیالتی انتخابی شیک و کاربردی برای سرو اسپرسوی اصیل است. این ست با طراحی کلاسیک و کیفیت ساخت بالا، تجربه‌ی نوشیدن اسپرسو را حرفه‌ای‌تر و لذت‌بخش‌تر می‌کند و گزینه‌ای ایده‌آل برای خانه، محل کار و کافی‌بار محسوب می‌شود. 
 فنجان‌های اسپرسوخوری بیالتی به‌گونه‌ای طراحی شده‌اند که دمای اسپرسو را بهتر حفظ کرده و کرمای قهوه را تا آخرین لحظه نگه می‌دارند. 
 این محصول علاوه بر کاربری روزمره، ان"
Cafe Raees,کاپ وارمر بیالتی,,,,,,5950000,,,True,ابزار دم آوری; ابزار یدک; فروشگاه آنلاین,https://raeescoffee.com/product/%da%a9%d8%a7%d9%be-%d9%88%d8%a7%d8%b1%d9%85%d8%b1-%d8%a8%db%8c%d8%a7%d9%84%d8%aa%db%8c/,"کاپ وارمر بیالتی یک ابزار کاربردی و ضروری برای تمام عاشقان قهوه است که دوست دارند نوشیدنی‌شان همیشه در دمای ایده‌آل باقی بماند. این گرم‌کن فنجان قهوه با حفظ حرارت، مانع از سرد شدن سریع قهوه یا اسپرسو می‌شود و به شما اجازه می‌دهد طعم واقعی قهوه را تا آخرین جرعه تجربه کنید. 
 طراحی ساده و مینیمال کاپ وارمر بیالتی، آن را به انتخابی مناسب برای خانه، محل کار، کافی‌بار و محیط‌های حرفه‌ای تبدیل کرده است."
Cafe Raees,فوم ساز بیالتی,,,,,,7990000,,,True,ابزار دم آوری; فروشگاه آنلاین; فوم ساز,https://raeescoffee.com/product/%d9%81%d9%88%d9%85-%d8%b3%d8%a7%d8%b2-%d8%a8%db%8c%d8%a7%d9%84%d8%aa%db%8c/,"اگر طرفدار کاپوچینو و کافه لاته هستید، به سادگی توسط این ابزار می‌توانید در سفر، منزل و محل کار یک فنجان قهوه جذاب داشته باشید. 
  عملکرد فوم ساز بیالتی Cappuccinatore 330 میلی لیتر  
ابتدا درپوش را کنار گذاشته شیر سرد را داخل ظرف بریزید سپس آن را روی گاز قرار دهید به محض گرم شدن شیر آن را از روی شعله برداشته و با گذاشتن درپوش اهرم آن را چندین بار به سمت بالا و پایین هدایت کنید و در آخر فوم شیر را"
Cafe Raees,موكاپات بيالتي مینی اکسپرس,,,,,,7480000,,,True,ابزار دم آوری; فروشگاه آنلاین; موکاپات,https://raeescoffee.com/product/%d9%85%d9%88%d9%83%d8%a7%d9%be%d8%a7%d8%aa-%d8%a8%d9%8a%d8%a7%d9%84%d8%aa%d9%8a-%d9%85%db%8c%d9%86%db%8c-%d8%a7%da%a9%d8%b3%d9%be%d8%b1%d8%b3-2/,موکاپات وسيله‌ای است كه به كمك شعله گاز، حرارت و يا به صورت الكتريكی، برای دم كردن قهوه استفاده می‌شود. مكانيزم آن به اين صورت است كه آب داغ با فشاری نسبی و به كمك بخار آب، از سطح قهوه می‌گذرد. اين دستگاه توسط مخترعی ايتاليايی با نام آلفونسو بيالتی Alfonso Bialetti در سال ١٩٣٣ ساخته شد و به سرعت تبديل به يكی از اجزای اصلی فرهنگ ايتاليايی شد. كمپانی بيالتی به توليد اين محصول با نام &#8220;موكا اكسپ
Cafe Raees,موكاپات بيالتی موکا اکسپرس 1 کاپ,,,,,,5600000,,,True,ابزار دم آوری; فروشگاه آنلاین; موکاپات,https://raeescoffee.com/product/%d9%85%d9%88%d9%83%d8%a7%d9%be%d8%a7%d8%aa-%d8%a8%d9%8a%d8%a7%d9%84%d8%aa%db%8c-%d9%85%d9%88%da%a9%d8%a7-%d8%a7%da%a9%d8%b3%d9%be%d8%b1%d8%b3-1-%da%a9%d8%a7%d9%be/,موکاپات وسيله‌ای است كه به كمك شعله گاز، حرارت و يا به صورت الكتريكی، برای دم كردن قهوه استفاده می‌شود. مكانيزم آن به اين صورت است كه آب داغ با فشاری نسبی و به كمك بخار آب، از سطح قهوه می‌گذرد. اين دستگاه توسط مخترعی ايتاليايی با نام آلفونسو بيالتی Alfonso Bialetti در سال ١٩٣٣ ساخته شد و به سرعت تبديل به يكی از اجزای اصلی فرهنگ ايتاليايی شد. كمپانی بيالتی به توليد اين محصول با نام &#8220;موكا اكسپ
Cafe Raees,فوم شیرساز بیالتی توتوکریم,,,,,,6970000,,,True,ابزار دم آوری; فروشگاه آنلاین; فوم ساز,https://raeescoffee.com/product/%d9%81%d9%88%d9%85-%d8%b4%db%8c%d8%b1%d8%b3%d8%a7%d8%b2-%d8%a8%db%8c%d8%a7%d9%84%d8%aa%db%8c-%d8%aa%d9%88%d8%aa%d9%88%da%a9%d8%b1%db%8c%d9%85/,"اگر طرفدار کاپوچینو و کافه لاته هستید، به سادگی توسط این ابزار می‌توانید در سفر، منزل و محل کار یک فنجان قهوه جذاب داشته باشید. 
عملکرد فوم شیر ساز بیالتی توتوکریم 
ابتدا درپوش را کنار گذاشته شیر سرد را داخل ظرف بریزید سپس آن را روی گاز قرار دهید به محض گرم شدن شیر آن را از روی شعله برداشته و با گذاشتن درپوش اهرم آن را چندین بار به سمت بالا و پایین هدایت کنید و در آخر فوم شیر را به&#8221;خرید قهوه"
Cafe Raees,فوم شیرساز دستی بیالتی مشکی 6 کاپ,,,,,,5950000,,,True,ابزار دم آوری; فروشگاه آنلاین; فوم ساز,https://raeescoffee.com/product/%d9%81%d9%88%d9%85-%d8%b4%db%8c%d8%b1%d8%b3%d8%a7%d8%b2-%d8%af%d8%b3%d8%aa%db%8c-%d8%a8%db%8c%d8%a7%d9%84%d8%aa%db%8c-%d9%85%d8%b4%da%a9%db%8c-6-%da%a9%d8%a7%d9%be/,"اگر طرفدار کاپوچینو و کافه لاته هستید، به سادگی توسط این ابزار می‌توانید در سفر، منزل و محل کار یک فنجان قهوه جذاب داشته باشید. 
عملکرد فوم شیر ساز دستی بیالتی مشکی 
ابتدا درپوش را کنار گذاشته شیر سرد را داخل ظرف بریزید سپس آن را روی گاز قرار دهید به محض گرم شدن شیر آن را از روی شعله برداشته و با گذاشتن درپوش اهرم آن را چندین بار به سمت بالا و پایین هدایت کنید و در آخر فوم شیر را به&#8221;خرید قهو"
Cafe Raees,موكاپات بيالتي داما 3 نفره,,,,,,6300000,,,True,ابزار دم آوری; فروشگاه آنلاین; موکاپات,https://raeescoffee.com/product/%d9%85%d9%88%d9%83%d8%a7%d9%be%d8%a7%d8%aa-%d8%a8%d9%8a%d8%a7%d9%84%d8%aa%d9%8a-%d8%af%d8%a7%d9%85%d8%a7-3%d9%86%d9%81%d8%b1%d9%87/,"موکاپات بیالتی داما یک اسپرسوساز روگازی شیک و کاربردی است که قهوه‌ای غلیظ و خوش‌عطر را به روش سنتی ایتالیایی آماده می‌کند. این موکاپات با بدنه‌ی استیل ضدزنگ و طراحی مدرن، انتخابی ایده‌آل برای کسانی است که هم به طعم قهوه اهمیت می‌دهند و هم به ظاهر لوازم آشپزخانه. 
 موکاپات بیالتی داما از استیل باکیفیت ساخته شده و مقاومت بالایی در برابر حرارت دارد. این محصول برای استفاده روی انواع اجاق گاز مناسب است"
Cafe Raees,موكاپات بيالتي  برقی 3 کاپ,,,,,,22100000,,,True,ابزار دم آوری; فروشگاه آنلاین; موکاپات,https://raeescoffee.com/product/%d9%85%d9%88%d9%83%d8%a7%d9%be%d8%a7%d8%aa-%d8%a8%d9%8a%d8%a7%d9%84%d8%aa%d9%8a-%d8%a8%d8%b1%d9%82%db%8c-3-%da%a9%d8%a7%d9%be/,"موکاپات وسيله‌ای است كه به كمك شعله گاز، حرارت و يا به صورت الكتريكی، برای دم كردن قهوه استفاده می‌شود. مكانيزم آن به اين صورت است كه آب داغ با فشاری نسبی و به كمك بخار آب، از سطح قهوه می‌گذرد. اين دستگاه توسط مخترعی ايتاليايی با نام آلفونسو بيالتی Alfonso Bialetti در سال ١٩٣٣ ساخته شد و به سرعت تبديل به يكی از اجزای اصلی فرهنگ ايتاليايی شد. 
اين وسيله هم اكنون به عنوان يكی از مرسوم‌ترين و متداول‌"
Cafe Raees,موكاپات بيالتي رینبو 6 کاپ,,,,,,8160000,,,True,ابزار دم آوری; فروشگاه آنلاین; موکاپات,https://raeescoffee.com/product/%d9%85%d9%88%d9%83%d8%a7%d9%be%d8%a7%d8%aa-%d8%a8%d9%8a%d8%a7%d9%84%d8%aa%d9%8a-%d8%b1%db%8c%d9%86%d8%a8%d9%88-6-%da%a9%d8%a7%d9%be/,"موکاپات وسيله‌ای است كه به كمك شعله گاز، حرارت و يا به صورت الكتريكی، برای دم كردن قهوه استفاده می‌شود. مكانيزم آن به اين صورت است كه آب داغ با فشاری نسبی و به كمك بخار آب، از سطح قهوه می‌گذرد. اين دستگاه توسط مخترعی ايتاليايی با نام آلفونسو بيالتی Alfonso Bialetti در سال ١٩٣٣ ساخته شد و به سرعت تبديل به يكی از اجزای اصلی فرهنگ ايتاليايی شد. 
اين وسيله هم اكنون به عنوان يكی از مرسوم‌ترين و متداول‌"
Cafe Raees,ساک پارچه ای جیب دار,,,,,,680000,,,True,ساک پارچه ای; فروشگاه آنلاین; فلاسک / ماگ / ساک پارچه ای,https://raeescoffee.com/product/%d8%b3%d8%a7%da%a9-%d9%be%d8%a7%d8%b1%da%86%d9%87-%d8%a7%db%8c-%d8%ac%db%8c%d8%a8-%d8%af%d8%a7%d8%b1/,"با استفاده از این محصول اقدامی کاربردی برای مقابله با حجم زباله های پلاستیکی در طبیعت انجام می دهیم. ساکهای پارچه ای رییس محصولی اجتماعی هستند که در راستای حمایت و اشتغال زایی، توسط زنان و مادران سرپرست خانوار دوخته می شوند. 
یار سبز زمین باشیم.   
 جنس: الیاف طبیعی سه لا برزنت 
 
 
 طول:  ۳۱ سانتی متر  
 
 
 ارتفاع:  ۵۰ سانتی متر  
 
 
 شستشو:  برای حفظ کیفیت پشت و رو کنید و با آب سرد بشویید"
Cafe Raees,ساک پارچه ای اریگامی,,,,,,580000,,,True,ساک پارچه ای; فروشگاه آنلاین; فلاسک / ماگ / ساک پارچه ای,https://raeescoffee.com/product/%d8%b3%d8%a7%da%a9-%d9%be%d8%a7%d8%b1%da%86%d9%87-%d8%a7%db%8c-%d8%a7%d8%b1%db%8c%da%af%d8%a7%d9%85%db%8c/,"با استفاده از این محصول اقدامی کاربردی برای مقابله با حجم زباله های پلاستیکی در طبیعت انجام می دهیم. ساکهای پارچه ای رییس محصولی اجتماعی هستند که در راستای حمایت و اشتغال زایی، توسط زنان و مادران سرپرست خانوار دوخته می شوند. 
یار سبز زمین باشیم.   
 جنس: الیاف طبیعی سه لا برزنت 
 
 
 طول:  ۳۵ سانتی متر  
 
 
 ارتفاع :  ۶۲ سانتی متر  
 
 
 شستشو:  برای حفظ کیفیت پشت و رو کنید و با آب سرد بشویید"
Cafe Raees,قهوه مدیوم پریمیوم ۵۰۰ گرمی(۱۰۰٪ آرابیکا),Colombia,,Medium,Whole bean,500.0,2300000,460000.0,,False,خرید آنلاین قهوه; فروشگاه آنلاین; هورکا (سین),https://raeescoffee.com/product/%d9%82%d9%87%d9%88%d9%87-%d9%85%d8%af%db%8c%d9%88%d9%85-%d9%be%d8%b1%db%8c%d9%85%db%8c%d9%88%d9%85-%db%b5%db%b0%db%b0-%da%af%d8%b1%d9%85%db%8c%db%b8%db%b0%d9%aa-%d8%a7%d8%b1%d8%a7%d8%a8%db%8c%da%a9/,"مدیوم پریمیوم،ترکیبی از ۱۰۰٪ دانه های ارابیکاست که طعمی دلنشین و اسیدیته ی متعادل را ارائه می دهد. 
 این قهوه با طعم لطیف و رایحه ای خوشایند،مناسب برای کسانی است که به دنبال یک تجربه ملایم و با کیفیت از قهوه هستند.مدیوم پریمیوم انتخابی ایده آل برای لذت بردن در هر لحظه از روز است و در بسته بندی های مطمئن و با کیفیت قابل ارائه میباشد."
Cafe Raees,قهوه های-کافئین ۵۰۰ گرمی(۱۰۰٪ روبوستا),Vietnam,,,Whole bean,500.0,1150000,230000.0,,False,خرید آنلاین قهوه; فروشگاه آنلاین; هورکا (سین),https://raeescoffee.com/product/%d9%82%d9%87%d9%88%d9%87-%d9%87%d8%a7%db%8c-%da%a9%d8%a7%d9%81%d8%a6%db%8c%d9%86-%db%b5%db%b0%db%b0-%da%af%d8%b1%d9%85%db%8c%db%b1%db%b0%db%b0%d9%aa-%d8%b1%d9%88%d8%a8%d9%88%d8%b3%d8%aa%d8%a7/,"های-کافئین  از ۱۰۰٪ دانه های ربوستا تهیه شده و با کافئین بالا،طعم قوی و انرژی مضاعفی را به همراه دارد. 
 این قهوه گزینه ای مناسب برای آمیختن دانه های قهوه با ذائقه مورد نظرتان است.بسته بندی حرفه ای،تازگی و کیفیت دانه ها را حفظ کرده و آن را برای استفاده مناسب میسازد."
Cafe Raees,قهوه اسپرسو بلِند ۲۵۰ گرمی(۸۰٪ آرابیکا،۲۰٪ ربوستا ),,,,Whole bean,250.0,1350000,540000.0,,False,خرید آنلاین قهوه; فروشگاه آنلاین; قهوه اسپرسو بلِند (۸۰٪ آرابیکا/۲۰٪ ربوستا),https://raeescoffee.com/product/%d9%82%d9%87%d9%88%d9%87-%d8%a7%d8%b3%d9%be%d8%b1%d8%b3%d9%88-%d8%a8%d9%84%d9%90%d9%86%d8%af-%db%b2%db%b5%db%b0-%da%af%d8%b1%d9%85%db%8c/,"اسپرسو بلِند Espresso Blend  
 اساس تئوری آمیختگی (blending)، ایجاد لایه‌ھایی از طعم‌ھاست که به خوبی در دم کردن قهوه اسپرسو احساس می‌شوند. این لایه‌بندی اجازه می‌دھد تا رُستِر بتواند تعادل حسی را در اسیدتی، شیرینی و تلخی یک قھوه کنترل کند. این محصول آمیخته‌ای (blend) از دانه‌ھای مرغوب کشت شده از آفریقا و آمریکای جنوبی است. اگر علاقه به کاپوچینو یا کافه لاته دارید،   قهوه اسپرسو بلند   گزینه من"
Cafe Raees,پيمانه چوبى دست ساز رنگ تیره,,,Dark,,,,,,True,ابزار دم آوری; پيمانه چوبى دست ساز; فروشگاه آنلاین,https://raeescoffee.com/product/%d9%be%d9%8a%d9%85%d8%a7%d9%86%d9%87-%da%86%d9%88%d8%a8%d9%89-%d8%af%d8%b3%d8%aa-%d8%b3%d8%a7%d8%b2-%d8%b1%d9%86%da%af-%d8%aa%db%8c%d8%b1%d9%87/,"پیمانه چوبی قهوه   
   پيمانه چوبى  ، توسط مجموعه رئيس به تعداد محدود، دست ساز و از چوپ راش تهيه شده است. پيمانه طورى طراحى شده، كه مى‌توانيد از آن به عنوان گيره درب پاكت قهوه نيز استفاده كنيد كه اين امر باعث جلوگيرى از خارج شدن عطر قهوه خواهد شد.   
 گوناگونی:  رئیس  
 
 
 شستشو:  براي ماشين ظرفشويی مناسب نيست  
 
 
 جنس:  چوب  
 
 
 ظرفیت:  ٥ گرم سر تخت/١٠ گرم سر پر قهوه آسياب  
 
 
 قابلیت و عم"
Cafe Raees,قهوه رئیس بلند ۱ کیلو گرمی(۱۰۰٪ آرابیکا),,,,Whole bean,1000.0,8900000,890000.0,,False,خرید آنلاین قهوه; فروشگاه آنلاین; قهوه رئیس بلِند (۱۰۰٪ آرابیکا),https://raeescoffee.com/product/%d9%82%d9%87%d9%88%d9%87-%d8%b1%d8%a6%db%8c%d8%b3-%d8%a8%d9%84%d9%86%d8%af-%db%b1-%da%a9%db%8c%d9%84%d9%88-%da%af%d8%b1%d9%85%db%8c/,"رئیس   بلند  Raees Blend  
 آمیختن قهوه (Blending) هنری است زیبا که دانه‌های قهوه را از مناطق مختلف با هم پیوند می‌دهد تا کیفیت هر یک را ارتقا بخشد. رسترها قهوه‌هایی را انتخاب می‌کنند که از جهات مختلف مکمل یکدیگر هستند.   قهوه رئیس بلند   حاصل آمیختن دانه‌های مرغوب آمریکای لاتین است. 
    دانلود کاتالوگ قهوه     
 ‫‪Sweetness‬‬:  Medium  
 
 
 درجه رُست:  مدیوم  
 
 
 Bitterness:  Medium  
 
 
 Cu"
Cafe Raees,قهوه هاوس ‌بلند ۱ کیلوگرمی(۱۰۰٪ آرابیکا),,,,Whole bean,1000.0,5850000,585000.0,,False,خرید آنلاین قهوه; فروشگاه آنلاین; قهوه هاوس بلِند (۱۰۰٪ آرابیکا),https://raeescoffee.com/product/%d9%82%d9%87%d9%88%d9%87-%d9%87%d8%a7%d9%88%d8%b3-%d8%a8%d9%84%d9%86%d8%af-%db%b1-%da%a9%db%8c%d9%84%d9%88%da%af%d8%b1%d9%85%db%8c/,"ھاوس بلند House Blend  
 این محصول قهوه‌ای آمیخته (blend) است که از لحاظ طعم، غلظت و رایحه، توانایی و تخصص رُستر را نشان می‌دهد. این قهوه ترکیبی از دانه‌های مرغوب آمریکای لاتین است که پس از رُست شدن به رنگ شاه‌ بلوط تیره و درخشان در می‌آید. اگر علاقه به کاپوچینو یا کافه لاته دارید،   قهوه هاوس بلند   گزینه مناسبی است. 
    دانلود کاتالوگ قهوه     
 ‫‪Sweetness‬‬:  Medium  
 
 
 درجه رُست:  مدیوم  "
Cafe Raees,قهوه هاوس ‌بلند۳ کیلوگرمی(۱۰۰٪ آرابیکا),,,,Whole bean,3000.0,17400000,580000.0,,False,خرید آنلاین قهوه; فروشگاه آنلاین; قهوه هاوس بلِند (۱۰۰٪ آرابیکا),https://raeescoffee.com/product/%d9%82%d9%87%d9%88%d9%87-%d9%87%d8%a7%d9%88%d8%b3-%d8%a8%d9%84%d9%86%d8%af%db%b3-%da%a9%db%8c%d9%84%d9%88%da%af%d8%b1%d9%85%db%8c/,"ھاوس بلند House Blend  
 قهوه هاوس ‌بلند۳ کیلوگرمی، قهوه‌ای آمیخته (blend) است که از لحاظ طعم، غلظت و رایحه، توانایی و تخصص رُستر را نشان می‌دهد. این قهوه ترکیبی از دانه‌های مرغوب آمریکای لاتین است که پس از رُست شدن به رنگ شاه‌ بلوط تیره و درخشان در می‌آید. اگر علاقه به کاپوچینو یا کافه لاته دارید،   قهوه هاوس بلند   گزینه مناسبی است. 
    دانلود کاتالوگ قهوه     
 ‫‪Sweetness‬‬:  Medium  
 
 
 در"
Cafe Raees,پيمانه چوبى دست ساز رنگ روشن,,,Light,,,,,,True,ابزار دم آوری; پيمانه چوبى دست ساز; فروشگاه آنلاین,https://raeescoffee.com/product/%d9%be%d9%8a%d9%85%d8%a7%d9%86%d9%87-%da%86%d9%88%d8%a8%d9%89-%d8%af%d8%b3%d8%aa-%d8%b3%d8%a7%d8%b2-%d8%b1%d9%86%da%af-%d8%b1%d9%88%d8%b4%d9%86/,"پیمانه چوبی قهوه   
   پيمانه چوبى  ، توسط مجموعه رئيس به تعداد محدود، دست ساز و از چوپ راش تهيه شده است. پيمانه طورى طراحى شده، كه مى‌توانيد از آن به عنوان گيره درب پاكت قهوه نيز استفاده كنيد كه اين امر باعث جلوگيرى از خارج شدن عطر  قهوه  خواهد شد.   ظرفیت: ٥ گرم سر تخت/١٠ گرم سر پر قهوه آسياب"
Cafe Raees,قهوه رئیس بلند ۳ کیلو گرمی(۱۰۰٪ آرابیکا),,,,Whole bean,3000.0,26600000,886667.0,,False,خرید آنلاین قهوه; فروشگاه آنلاین; قهوه رئیس بلِند (۱۰۰٪ آرابیکا),https://raeescoffee.com/product/%d9%82%d9%87%d9%88%d9%87-%d8%b1%d8%a6%db%8c%d8%b3-%d8%a8%d9%84%d9%86%d8%af-%db%b3-%da%a9%db%8c%d9%84%d9%88-%da%af%d8%b1%d9%85%db%8c/,"رئیس  بلند  Raees Blend  
 آمیختن قهوه (Blending) هنری است زیبا که دانه‌های قهوه را از مناطق مختلف با هم پیوند می‌دهد تا کیفیت هر یک را ارتقا بخشد. رسترها قهوه‌هایی را انتخاب می‌کنند که از جهات مختلف مکمل یکدیگر هستند.   قهوه رئیس بلند   حاصل آمیختن دانه‌های مرغوب آمریکای لاتین است. 
    دانلود کاتالوگ قهوه     
 ‫‪Sweetness‬‬:  Medium  
 
 
 درجه رُست:  مدیوم  
 
 
 Bitterness:  Medium  
 
 
 Cup"
Cafe Raees,قهوه اسپرسو بلِند ۳ کیلوگرمی(۸۰٪ آرابیکا،۲۰٪ ربوستا ),,,,Whole bean,3000.0,15400000,513333.0,,False,خرید آنلاین قهوه; فروشگاه آنلاین; قهوه اسپرسو بلِند (۸۰٪ آرابیکا/۲۰٪ ربوستا),https://raeescoffee.com/product/%d9%82%d9%87%d9%88%d9%87-%d8%a7%d8%b3%d9%be%d8%b1%d8%b3%d9%88-%d8%a8%d9%84%d9%90%d9%86%d8%af-%db%b3-%da%a9%db%8c%d9%84%d9%88%da%af%d8%b1%d9%85%db%8c/,"اسپرسو بلِند Espresso Blend  
 اساس تئوری آمیختگی (blending)، ایجاد لایه‌ھایی از طعم‌ھاست که به خوبی در دم کردن قهوه اسپرسو احساس می‌شوند. این لایه‌بندی اجازه می‌دھد تا رُستِر بتواند تعادل حسی را در اسیدتی، شیرینی و تلخی یک قھوه کنترل کند. این محصول آمیخته‌ای (blend) از دانه‌ھای مرغوب کشت شده از آفریقا و آمریکای جنوبی است. اگر علاقه به کاپوچینو یا کافه لاته دارید،   قهوه اسپرسو بلند   گزینه من"
Cafe Raees,قهوه کلمبیا مدیوم ۳ کیلوگرمی(۱۰۰٪ آرابیکا),Colombia,,Medium,Whole bean,3000.0,17550000,585000.0,,False,خرید آنلاین قهوه; فروشگاه آنلاین; قهوه کلمبیا (۱۰۰٪ آرابیکا),https://raeescoffee.com/product/%d9%82%d9%87%d9%88%d9%87-%da%a9%d9%84%d9%85%d8%a8%db%8c%d8%a7-%d9%85%d8%af%db%8c%d9%88%d9%85-%db%b3-%da%a9%db%8c%d9%84%d9%88%da%af%d8%b1%d9%85%db%8c/,"قهوه کلمبیا سوپریمو Colombia Supremo  
 در بررسی‌های   قهوه کلمبیا  ، آن را به عنوان قهوه‌ای با غلظت متوسط همراه با طعم غنی و اسیدیتی یاد می‌کنند. همچنین، این قهوه به دلیل گوارا بودن شناخته شده است که باعث می‌شود آن را به عنوان طعم پرطرفدار و غالب در برخی از کشورهای دیگر ایده‌آل سازد. 
    دانلود کاتالوگ قهوه     
 درجه رُست:  مدیوم  
 پیشنهاد دم آوری:  اسپرسو،موکاپات،فیلترکافی،فرنچ پرس  
 
 
 ابع"
Cafe Raees,قهوه کلمبیا مدیوم ۱ کیلوگرمی(۱۰۰٪ آرابیکا),Colombia,,Medium,Whole bean,1000.0,5900000,590000.0,,False,خرید آنلاین قهوه; فروشگاه آنلاین; قهوه کلمبیا (۱۰۰٪ آرابیکا),https://raeescoffee.com/product/%d9%82%d9%87%d9%88%d9%87-%da%a9%d9%84%d9%85%d8%a8%db%8c%d8%a7-%d9%85%d8%af%db%8c%d9%88%d9%85-%db%b1-%da%a9%db%8c%d9%84%d9%88%da%af%d8%b1%d9%85%db%8c/,"قهوه کلمبیا سوپریمو Colombia Supremo  
 در بررسی‌های   قهوه کلمبیا  ، آن را به عنوان قهوه‌ای با غلظت متوسط همراه با طعم غنی و اسیدیتی یاد می‌کنند. همچنین، این قهوه به دلیل گوارا بودن شناخته شده است که باعث می‌شود آن را به عنوان طعم پرطرفدار و غالب در برخی از کشورهای دیگر ایده‌آل سازد. 
    دانلود کاتالوگ قهوه     
 Growing Altitude:  1200 m.a.s.l  
 
 
 Process:  Washed  
 
 
 درجه رُست:  مدیوم  
"
Cafe Raees,قهوه کلمبیا مدیوم ۲۵۰ گرمی(۱۰۰٪ آرابیکا),Colombia,,Medium,Whole bean,250.0,1500000,600000.0,,False,خرید آنلاین قهوه; فروشگاه آنلاین; قهوه کلمبیا (۱۰۰٪ آرابیکا),https://raeescoffee.com/product/%d9%82%d9%87%d9%88%d9%87-%da%a9%d9%84%d9%85%d8%a8%db%8c%d8%a7-%d9%85%d8%af%db%8c%d9%88%d9%85-%db%b2%db%b5%db%b0-%da%af%d8%b1%d9%85%db%8c/,"قهوه کلمبیا سوپریمو Colombia Supremo  
 در بررسی‌های   قهوه کلمبیا  ، آن را به عنوان قهوه‌ای با غلظت متوسط همراه با طعم غنی و اسیدیتی یاد می‌کنند. همچنین، این قهوه به دلیل گوارا بودن شناخته شده است که باعث می‌شود آن را به عنوان طعم پرطرفدار و غالب در برخی از کشورهای دیگر ایده‌آل سازد. 
    دانلود کاتالوگ قهوه   
  
    
 Growing Altitude:  1200 m.a.s.l  
 
 
 Process:  Washed  
 
 
 درجه رُست:  مد"
Cafe Raees,قهوه رئیس بلند ۲۵۰ گرمی(۱۰۰٪ آرابیکا),,,,Whole bean,250.0,2250000,900000.0,,False,خرید آنلاین قهوه; فروشگاه آنلاین; قهوه رئیس بلِند (۱۰۰٪ آرابیکا),https://raeescoffee.com/product/%d9%82%d9%87%d9%88%d9%87-%d8%b1%d8%a6%db%8c%d8%b3-%d8%a8%d9%84%d9%86%d8%af-%db%b2%db%b5%db%b0-%da%af%d8%b1%d9%85%db%8c/,"رئیس   بلند  Raees Blend  
 آمیختن قهوه (Blending) هنری است زیبا که دانه‌های قهوه را از مناطق مختلف با هم پیوند می‌دهد تا کیفیت هر یک را ارتقا بخشد. رسترها قهوه‌هایی را انتخاب می‌کنند که از جهات مختلف مکمل یکدیگر هستند.   قهوه رئیس بلند   حاصل آمیختن دانه‌های مرغوب آمریکای لاتین است. 
    دانلود کاتالوگ قهوه     
 ‫‪Sweetness‬‬:  Medium  
 
 
 درجه رُست:  مدیوم  
 
 
 Bitterness:  Medium  
 
 
 Cu"
Cafe Raees,قهوه هاوس ‌بلند ۲۵۰ گرمی(۱۰۰٪ آرابیکا),,,,Whole bean,250.0,,,,True,خرید آنلاین قهوه; فروشگاه آنلاین; قهوه هاوس بلِند (۱۰۰٪ آرابیکا),https://raeescoffee.com/product/%d9%82%d9%87%d9%88%d9%87-%d9%87%d8%a7%d9%88%d8%b3-%d8%a8%d9%84%d9%86%d8%af-%db%b2%db%b5%db%b0-%da%af%d8%b1%d9%85%db%8c/,"ھاوس بلند House Blend  
 این محصول قهوه‌ای آمیخته (blend) است که از لحاظ طعم، غلظت و رایحه، توانایی و تخصص رُستر را نشان می‌دهد. این قهوه ترکیبی از دانه‌های مرغوب آمریکای لاتین است که پس از رُست شدن به رنگ شاه‌ بلوط تیره و درخشان در می‌آید. اگر علاقه به کاپوچینو یا کافه لاته دارید،   قهوه هاوس بلند   گزینه مناسبی است. 
    دانلود کاتالوگ قهوه     
 ‫‪Sweetness‬‬:  Medium  
 
 
 درجه رُست:  مدیوم  "
Cafe Raees,قهوه ترک ۲۵۰ گرمی(۱۰۰٪ آرابیکا),Brazil,,,,250.0,700000,280000.0,,False,خرید آنلاین قهوه; فروشگاه آنلاین; قهوه ترک (۱۰۰٪ آرابیکا),https://raeescoffee.com/product/%d9%82%d9%87%d9%88%d9%87-%d8%aa%d8%b1%da%a9/,"قهوه ترک  
 قهوه ترک به روش دم آوری قهوه آسیاب شده خیلی ریز اشاره دارد. هر نوعی از دانه قهوه، مانند عربیکا (آرابیکا)، روبوستا و یا قهوه آمیخته را برای دم کردن   قهوه ترک   می‌توان استفاده کرد، ولی دانه قهوه عربیکا (آرابیکا) بهترین گزینه محسوب می‌شود. دانه قهوه را باید به اندازه پودر قند و به صورت خیلی ریز آسیاب کرد تا هنگام سرو قهوه، پودر به طور کامل در انتهای فنجان ته نشین شود. پودر قهوه ترک رئیس"
Cafe Raees,قهوه گواتمالا ۲۵۰گرمی(۱۰۰٪ آرابیکا),Guatemala,,,Whole bean,250.0,,,,True,خرید آنلاین قهوه; فروشگاه آنلاین; قهوه گواتمالا (۱۰۰٪ آرابیکا),https://raeescoffee.com/product/%d9%82%d9%87%d9%88%d9%87-%da%af%d9%88%d8%a7%d8%aa%d9%85%d8%a7%d9%84%d8%a7-%db%b2%db%b5%db%b0%da%af%d8%b1%d9%85%db%8c/,"گواتمالا سن آنتونیو Guatemala San Antonio  
 طیف گسترده‌ای از طعم‌ها در قهوه گواتمالا وجود دارند. این قهوه با غلظت متوسط تا زیاد، دارای عمق و پیچیدگی در طعم است.   قهوه گواتمالا  ، معنای واقعی قهوه آمریکای مرکزی هستند. 
    دانلود کاتالوگ قهوه     
 ‫‪Growing‬ Altitude‬‬:  ‫‪900-1650‬‬ ‫‪m.a.s.l‬‬  
 
 
 process:  Semi Washed  
 
 
 درجه رُست:  مدیوم  
 
 
 ‫‪Sweetness‬‬:  Medium  
 
 
 Cupping no"
Cafe Raees,باریستا و بروئینگ,,,,,,,,,False,دوره آکادمی; فروشگاه آنلاین,https://raeescoffee.com/product/%d8%a8%d8%a7%d8%b1%db%8c%d8%b3%d8%aa%d8%a7-%d9%88-%d8%a8%d8%b1%d9%88%d8%a6%db%8c%d9%86%da%af/,"مدت دوره :  
 ۵ جلسه ( جلسه اول ۲ ساعت تئوری، جلسه دوم ۲ ساعت عملی باریستایی، جلسه سوم ۲ ساعت ادامه مباحث عملی باریستایی، جلسه چهارم ۲ ساعت عملی بروئینگ، جلسه پنجم ۲ ساعت ادامه مباحث عملی بروئینگ ) 
  سرفصل مطالب :  
 تاریخچه قهوه، مروری بر مزرعه تا فنجان، آشنایی با گونه های قهوه، آشنایی با انواع رست، اهمیت سایز آسیاب، قواعد عصاره گیری، اصول فوم گیری و پورینگ، آشنایی با اسپرسو ماشین و گرایندر و اج"
Cafe Raees,تراول ماگ کانتیگو CT-015,,,,,,2856000,,,False,تراول ماگ کانتیگو; فروشگاه آنلاین; فلاسک / ماگ / ساک پارچه ای,https://raeescoffee.com/product/%d8%aa%d8%b1%d8%a7%d9%88%d9%84-%d9%85%d8%a7%da%af-%da%a9%d8%a7%d9%86%d8%aa%db%8c%da%af%d9%88-ct-015/,ماگ بدون دسته 590 میلی لیتر کانتیگو دارای یک سیستم عایق حرارتی قدرتمند است. این ماگ سرد و گرم نوشیدنی های گرم را تا 9 ساعت و نوشیدنی های سرد را تا 21 ساعت نگهداری می کند. دیواره دوجداره فولاد ضد زنگ و عایق خلاء به همراه درپوش با کیفیت بدون نشتی و قفل اتوماتیک از ویژگی های دیگر این ماگ مسافرتی به شمار می رود.
Cafe Raees,تراول ماگ کانتیگو CT-045,,,,,,9500000,,,True,تراول ماگ کانتیگو; فروشگاه آنلاین; فلاسک / ماگ / ساک پارچه ای,https://raeescoffee.com/product/%d8%aa%d8%b1%d8%a7%d9%88%d9%84-%d9%85%d8%a7%da%af-%da%a9%d8%a7%d9%86%d8%aa%db%8c%da%af%d9%88-ct-045/,ماگ بدون دسته 740 میلی لیتر کانتیگو دارای یک سیستم عایق حرارتی قدرتمند است. این ماگ سرد و گرم نوشیدنی های گرم را تا 9 ساعت و نوشیدنی های سرد را تا 21 ساعت نگهداری می کند. دیواره دوجداره فولاد ضد زنگ و عایق خلاء به همراه درپوش با کیفیت بدون نشتی و قفل اتوماتیک از ویژگی های دیگر این ماگ مسافرتی به شمار می رود.
Cafe Raees,دوره باریستا,,,,,,,,,False,دوره آکادمی; فروشگاه آنلاین,https://raeescoffee.com/product/%d8%af%d9%88%d8%b1%d9%87-%d8%a8%d8%a7%d8%b1%db%8c%d8%b3%d8%aa%d8%a7/,"مدت دوره : 
 ۳ جلسه ( جلسه اول ۲ ساعت تئوری، جلسه دوم ۲ ساعت عملی، جلسه سوم ۲ ساعت ادامه مباحث عملی ) 
 سرفصل مطالب : 
 تاریخچه قهوه، مروری بر مزرعه تا فنجان، آشنایی با گونه های قهوه، آشنایی با انواع رست، اهمیت سایز آسیاب، قواعد عصاره گیری، اصول فوم گیری و پورینگ، آشنایی با اسپرسو ماشین و گرایندر و اجزاء آنها، نحوه کالیبره کردن دستگاه آسیاب، آشنایی با نوشیدنی های استاندارد، نظافت و ایمنی   
 روز ه"
Cafe Raees,دوره بروئینگ ( دم آوری ),,,,,,,,,False,دوره آکادمی; فروشگاه آنلاین,https://raeescoffee.com/product/%d8%af%d9%88%d8%b1%d9%87-%d8%a8%d8%b1%d9%88%d8%a6%db%8c%d9%86%da%af-%d8%af%d9%85-%d8%a2%d9%88%d8%b1%db%8c/,"مدت دوره : 
 ۳ جلسه ( جلسه اول ۲ ساعت تئوری، جلسه دوم ۲ ساعت عملی، جلسه سوم ۲ ساعت ادامه مباحث عملی ) 
 سرفصل مطالب : 
 تاریخچه قهوه، مروری بر مزرعه تا فنجان، آشنایی با گونه های قهوه، آشنایی با انواع رست، اهمیت سایز آسیاب، نسبت آب و قهوه، تاثیر دما، آشنایی با ابزار مختلف دم آوری قهوه ( ایروپرس، کمکس، وی سیکستی، سایفون، کلور، فرنچ پرس، موکاپات، جَزوه )   
 روز های زوج:  ۳ جلسه، ساعت ۱۳-۱۵"
Cafe Raees,زیپ کاپ کلمبیا ۵۰ عددی,Colombia,,,,,3870000,,,False,زیپ کاپ / زیپ بگ; فروشگاه آنلاین,https://raeescoffee.com/product/%d8%b2%db%8c%d9%be-%da%a9%d8%a7%d9%be-%db%b5%db%b0-%d8%b9%d8%af%d8%af%db%8c/,"توضیحات تکمیلی زیپ کاپ  
 
   قهوه‌ ی زیپ کاپ محصولی جدید از کارخانه‌ی رئیس است، این قهوه فاقد هرگونه شکر و نگهدارنده می‌باشد و هدف تولید این محصول وجود قهوه‌ای فوری ولی حرفه‌ای برای علاقه مندان به قهوه می‌باشد.زیپ کاپ به مصرف کنندگان قهوه کمک می‌کند تا قهوه دمی با کیفیت را در هر مکان، موقعیت در سریع‌ترین زمان تجربه کنند.قهوه‌ی مورد استفاده در زیپ‌کاپ، کلمبیای سوپریمو می‌باشد، سوپریمو اشاره به اند"
Cafe Raees,زیپ کاپ تهران رست ۵۰ عددی,,,,,,3150000,,,False,زیپ کاپ / زیپ بگ; فروشگاه آنلاین,https://raeescoffee.com/product/%d8%b2%db%8c%d9%be-%da%a9%d8%a7%d9%be-%d8%aa%d9%87%d8%b1%d8%a7%d9%86-%d8%b1%d8%b3%d8%aa-%db%b5%db%b0-%d8%b9%d8%af%d8%af%db%8c/,"تهران رست: 
قهوه زیپ کاپ، قهوه آسیاب‌شده‌ای است که درون ساشه‌های یک‌بارمصرف قرار دارد. هر ساشه حاوی ۱۰ گرم قهوه است که مناسب دم‌آوری یک فنجان کامل قهوه می‌باشد. این قهوه فاقد شکر و نگهدارنده است و طعمی طبیعی و باکیفیت را ارائه می‌دهد. فیلتر زیپ کاپ از جنس الیاف مخصوص ساخته شده که در برابر آب با دمای بالا مقاوم بوده و تجربه‌ای ساده و سریع از دم‌آوری قهوه را برای شما فراهم می‌کند. 
 قهوه تهران رست ر"
Cafe Raees,زیپ کاپ تهران رست ۲۵ عددی,,,,,,1650000,,,False,زیپ کاپ / زیپ بگ; فروشگاه آنلاین,https://raeescoffee.com/product/%d8%b2%db%8c%d9%be-%da%a9%d8%a7%d9%be-%d8%aa%d9%87%d8%b1%d8%a7%d9%86-%d8%b1%d8%b3%d8%aa-%db%b2%db%b5-%d8%b9%d8%af%d8%af%db%8c/,"تهران رست: 
قهوه زیپ کاپ، قهوه آسیاب‌شده‌ای است که درون ساشه‌های یک‌بارمصرف قرار دارد. هر ساشه حاوی ۱۰ گرم قهوه است که مناسب دم‌آوری یک فنجان کامل قهوه می‌باشد. این قهوه فاقد شکر و نگهدارنده است و طعمی طبیعی و باکیفیت را ارائه می‌دهد. فیلتر زیپ کاپ از جنس الیاف مخصوص ساخته شده که در برابر آب با دمای بالا مقاوم بوده و تجربه‌ای ساده و سریع از دم‌آوری قهوه را برای شما فراهم می‌کند. 
 قهوه تهران رست ر"
Cafe Raees,زیپ کاپ فرنچ بلند ۵۰ عددی,,,,,,1500000,,,False,زیپ کاپ / زیپ بگ; فروشگاه آنلاین,https://raeescoffee.com/product/%d8%b2%db%8c%d9%be-%da%a9%d8%a7%d9%be-%d9%81%d8%b1%d9%86%da%86-%d8%a8%d9%84%d9%86%d8%af-%db%b5%db%b0-%d8%b9%d8%af%d8%af%db%8c/,"فرنچ بلند: 
قهوه زیپ کاپ، قهوه آسیاب‌شده‌ای است که درون ساشه‌های یک‌بارمصرف قرار دارد. هر ساشه حاوی ۱۰ گرم قهوه است که مناسب دم‌آوری یک فنجان کامل قهوه می‌باشد. این قهوه فاقد شکر و نگهدارنده است و طعمی طبیعی و باکیفیت را ارائه می‌دهد. فیلتر زیپ کاپ از جنس الیاف مخصوص ساخته شده که در برابر آب با دمای بالا مقاوم بوده و تجربه‌ای ساده و سریع از دم‌آوری قهوه را برای شما فراهم می‌کند. 
 این محصول آمیخته"
Cafe Raees,زیپ کاپ فرنچ بلند ۲۵ عددی,,,,,,800000,,,False,زیپ کاپ / زیپ بگ; فروشگاه آنلاین,https://raeescoffee.com/product/%d8%b2%db%8c%d9%be-%da%a9%d8%a7%d9%be-%d9%81%d8%b1%d9%86%da%86-%d8%a8%d9%84%d9%86%d8%af-%db%b2%db%b5-%d8%b9%d8%af%d8%af%db%8c/,"فرنچ بلند: 
قهوه زیپ کاپ، قهوه آسیاب‌شده‌ای است که درون ساشه‌های یک‌بارمصرف قرار دارد. هر ساشه حاوی ۱۰ گرم قهوه است که مناسب دم‌آوری یک فنجان کامل قهوه می‌باشد. این قهوه فاقد شکر و نگهدارنده است و طعمی طبیعی و باکیفیت را ارائه می‌دهد. فیلتر زیپ کاپ از جنس الیاف مخصوص ساخته شده که در برابر آب با دمای بالا مقاوم بوده و تجربه‌ای ساده و سریع از دم‌آوری قهوه را برای شما فراهم می‌کند. 
 این محصول آمیخته"
Cafe Raees,زیپ کاپ هاوس بلند ۲۵ عددی,,,,,,1200000,,,False,زیپ کاپ / زیپ بگ; فروشگاه آنلاین,https://raeescoffee.com/product/%d8%b2%db%8c%d9%be-%da%a9%d8%a7%d9%be-%d9%87%d8%a7%d9%88%d8%b3-%d8%a8%d9%84%d9%86%d8%af-%db%b2%db%b5-%d8%b9%d8%af%d8%af%db%8c/,"هاوس بلند: 
قهوه زیپ کاپ، قهوه آسیاب‌شده‌ای است که درون ساشه‌های یک‌بارمصرف قرار دارد. هر ساشه حاوی ۱۰ گرم قهوه است که مناسب دم‌آوری یک فنجان کامل قهوه می‌باشد. این قهوه فاقد شکر و نگهدارنده است و طعمی طبیعی و باکیفیت را ارائه می‌دهد. فیلتر زیپ کاپ از جنس الیاف مخصوص ساخته شده که در برابر آب با دمای بالا مقاوم بوده و تجربه‌ای ساده و سریع از دم‌آوری قهوه را برای شما فراهم می‌کند. 
 این محصول قهوه‌ا"
Cafe Raees,زیپ بگ فرنچ بلند ۱ لیتری,,,,,,,,,True,زیپ کاپ / زیپ بگ; فروشگاه آنلاین,https://raeescoffee.com/product/%d8%b2%db%8c%d9%be-%d8%a8%da%af-%d9%81%d8%b1%d9%86%da%86-%d8%a8%d9%84%d9%86%d8%af-%db%b1-%d9%84%db%8c%d8%aa%d8%b1%db%8c/,"زیپ بگ چیست؟ این محصول قهوه دمی است و به شما این امکان را می دهد که تنها با استفاده از آب داغ، قهوه استاندارد را در ساده‌ترین و سریع‌ترین زمان دم آوری و نوش جان کنید. مناسب برای استفاده در منزل ،سفر و محل کار. 
 این محصول آمیخته‌ای (blend) از دانه‌های مرغوب آفـــریقـــا و آمـــریکای لاتیــــن اســـت. اساس تئوری آمیختگی (blending) ایجاد لایه‌هایی از طعم‌هاست کـه بـه خوبی در دم کردن یک فنجان قهوه مم"
Cafe Raees,زیپ کاپ هاوس بلند ۵۰ عددی,,,,,,2300000,,,False,زیپ کاپ / زیپ بگ; فروشگاه آنلاین,https://raeescoffee.com/product/%d8%b2%db%8c%d9%be-%da%a9%d8%a7%d9%be-%d9%87%d8%a7%d9%88%d8%b3-%d8%a8%d9%84%d9%86%d8%af-%db%b5%db%b0-%d8%b9%d8%af%d8%af%db%8c/,"هاوس بلند: 
قهوه زیپ کاپ، قهوه آسیاب‌شده‌ای است که درون ساشه‌های یک‌بارمصرف قرار دارد. هر ساشه حاوی ۱۰ گرم قهوه است که مناسب دم‌آوری یک فنجان کامل قهوه می‌باشد. این قهوه فاقد شکر و نگهدارنده است و طعمی طبیعی و باکیفیت را ارائه می‌دهد. فیلتر زیپ کاپ از جنس الیاف مخصوص ساخته شده که در برابر آب با دمای بالا مقاوم بوده و تجربه‌ای ساده و سریع از دم‌آوری قهوه را برای شما فراهم می‌کند. 
 این محصول قهوه‌ا"
Cafe Raees,زیپ بگ فرنچ بلند ۴۰۰ سی سی,,,,,,,,,True,زیپ کاپ / زیپ بگ; فروشگاه آنلاین,https://raeescoffee.com/product/%d8%b2%db%8c%d9%be-%d8%a8%da%af-%d9%81%d8%b1%d9%86%da%86-%d8%a8%d9%84%d9%86%d8%af-%db%b4%db%b0%db%b0-%d8%b3%db%8c-%d8%b3%db%8c/,"زیپ بگ چیست؟ این محصول قهوه دمی است و به شما این امکان را می دهد که تنها با استفاده از آب داغ، قهوه استاندارد را در ساده‌ترین و سریع‌ترین زمان دم آوری و نوش جان کنید. مناسب برای استفاده در منزل ،سفر و محل کار. 
 این محصول آمیخته‌ای (blend) از دانه‌های مرغوب آفـــریقـــا و آمـــریکای لاتیــــن اســـت. اساس تئوری آمیختگی (blending) ایجاد لایه‌هایی از طعم‌هاست کـه بـه خوبی در دم کردن یک فنجان قهوه مم"
Cafe Raees,زیپ بگ فرنچ بلند ۲۵۰ سی سی,,,,,,,,,True,زیپ کاپ / زیپ بگ; فروشگاه آنلاین,https://raeescoffee.com/product/%d8%b2%db%8c%d9%be-%d8%a8%da%af-%d9%81%d8%b1%d9%86%da%86-%d8%a8%d9%84%d9%86%d8%af-%db%b2%db%b5%db%b0-%d8%b3%db%8c-%d8%b3%db%8c/,"زیپ بگ چیست؟ این محصول قهوه دمی است و به شما این امکان را می دهد که تنها با استفاده از آب داغ، قهوه استاندارد را در ساده‌ترین و سریع‌ترین زمان دم آوری و نوش جان کنید. مناسب برای استفاده در منزل ،سفر و محل کار. 
 این محصول آمیخته‌ای (blend) از دانه‌های مرغوب آفـــریقـــا و آمـــریکای لاتیــــن اســـت. اساس تئوری آمیختگی (blending) ایجاد لایه‌هایی از طعم‌هاست کـه بـه خوبی در دم کردن یک فنجان قهوه مم"
Cafe Raees,زیپ بگ تهران رست ۱ لیتری,,,,,,,,,True,زیپ کاپ / زیپ بگ; فروشگاه آنلاین,https://raeescoffee.com/product/%d8%b2%db%8c%d9%be-%d8%a8%da%af-%d8%aa%d9%87%d8%b1%d8%a7%d9%86-%d8%b1%d8%b3%d8%aa-%db%b1-%d9%84%db%8c%d8%aa%d8%b1%db%8c/,"زیپ بگ چیست؟ این محصول قهوه دمی است و به شما این امکان را می دهد که تنها با استفاده از آب داغ، قهوه استاندارد را در ساده‌ترین و سریع‌ترین زمان دم آوری و نوش جان کنید. مناسب برای استفاده در منزل ،سفر و محل کار. 
 قهوه تهران رست رئیــس آمیخته (blend) از دانــــه‌های مرغــوب آمریــکای جنــوبی و آســـیا است که با رســت شــدن, اسـیدتی ملایـــم آن برجســـته مــی‌شــود. 
  روش دم آوری :  
 ۱.بسته را از م"
Cafe Raees,زیپ بگ تهران رست ۴۰۰ سی سی,,,,,,,,,True,زیپ کاپ / زیپ بگ; فروشگاه آنلاین,https://raeescoffee.com/product/%d8%b2%db%8c%d9%be-%d8%a8%da%af-%d8%aa%d9%87%d8%b1%d8%a7%d9%86-%d8%b1%d8%b3%d8%aa-%db%b4%db%b0%db%b0-%d8%b3%db%8c-%d8%b3%db%8c/,"زیپ بگ چیست؟ این محصول قهوه دمی است و به شما این امکان را می دهد که تنها با استفاده از آب داغ، قهوه استاندارد را در ساده‌ترین و سریع‌ترین زمان دم آوری و نوش جان کنید. مناسب برای استفاده در منزل ،سفر و محل کار. 
 قهوه تهران رست رئیــس آمیخته (blend) از دانــــه‌های مرغــوب آمریــکای جنــوبی و آســـیا است که با رســت شــدن, اسـیدتی ملایـــم آن برجســـته مــی‌شــود. 
  روش دم آوری :   
 ۱.بسته را از "
Cafe Raees,زیپ بگ تهران رست ۲۵۰ سی سی,,,,,,,,,True,زیپ کاپ / زیپ بگ; فروشگاه آنلاین,https://raeescoffee.com/product/%d8%b2%db%8c%d9%be-%d8%a8%da%af-%d8%aa%d9%87%d8%b1%d8%a7%d9%86-%d8%b1%d8%b3%d8%aa-%db%b2%db%b5%db%b0-%d8%b3%db%8c-%d8%b3%db%8c/,"زیپ بگ چیست؟ این محصول قهوه دمی است و به شما این امکان را می دهد که تنها با استفاده از آب داغ، قهوه استاندارد را در ساده‌ترین و سریع‌ترین زمان دم آوری و نوش جان کنید. مناسب برای استفاده در منزل ،سفر و محل کار. 
 قهوه تهران رست رئیــس آمیخته (blend) از دانــــه‌های مرغــوب آمریــکای جنــوبی و آســـیا است که با رســت شــدن, اسـیدتی ملایـــم آن برجســـته مــی‌شــود. 
  نحوه‌ی دم آوری:  
 ۱.بسته را از"
Cafe Raees,زیپ بگ هاوس بلند ۱ لیتری,,,,,,,,,True,زیپ کاپ / زیپ بگ; فروشگاه آنلاین,https://raeescoffee.com/product/%d8%b2%db%8c%d9%be-%d8%a8%da%af-%d9%87%d8%a7%d9%88%d8%b3-%d8%a8%d9%84%d9%86%d8%af-%db%b1-%d9%84%db%8c%d8%aa%d8%b1%db%8c/,"زیپ بگ چیست؟ این محصول قهوه دمی است و به شما این امکان را می دهد که تنها با استفاده از آب داغ، قهوه استاندارد را در ساده‌ترین و سریع‌ترین زمان دم آوری و نوش جان کنید. مناسب برای استفاده در منزل ،سفر و محل کار. 
 این محصول قهوه‌ای آمیخته (blend) است که از لحاظ طعم، غلظت و رایحه، توانایی و تخصص رُستر را نشان می‌دهد. هاوس بلِند رئیس ترکیبی از دانه‌های مرغوب آمریکای لاتین است که پس از رُست شدن به رنگ "
Cafe Raees,زیپ بگ هاوس بلند ۴۰۰ سی سی,,,,,,,,,True,زیپ کاپ / زیپ بگ; فروشگاه آنلاین,https://raeescoffee.com/product/%d8%b2%db%8c%d9%be-%d8%a8%da%af-%d9%87%d8%a7%d9%88%d8%b3-%d8%a8%d9%84%d9%86%d8%af-%db%b4%db%b0%db%b0-%d8%b3%db%8c-%d8%b3%db%8c/,"زیپ بگ چیست؟ این محصول قهوه دمی است و به شما این امکان را می دهد که تنها با استفاده از آب داغ، قهوه استاندارد را در ساده‌ترین و سریع‌ترین زمان دم آوری و نوش جان کنید. مناسب برای استفاده در منزل ،سفر و محل کار. 
 این محصول قهوه‌ای آمیخته (blend) است که از لحاظ طعم، غلظت و رایحه، توانایی و تخصص رُستر را نشان می‌دهد. هاوس بلِند رئیس ترکیبی از دانه‌های مرغوب آمریکای لاتین است که پس از رُست شدن به رنگ "
Cafe Raees,زیپ بگ هاوس بلند ۲۵۰ سی سی,,,,,,,,,True,زیپ کاپ / زیپ بگ; فروشگاه آنلاین,https://raeescoffee.com/product/%d8%b2%db%8c%d9%be-%d8%a8%da%af-%d9%87%d8%a7%d9%88%d8%b3-%d8%a8%d9%84%d9%86%d8%af-%db%b2%db%b5%db%b0-%d8%b3%db%8c-%d8%b3%db%8c/,"زیپ بگ چیست؟ این محصول قهوه دمی است و به شما این امکان را می دهد که تنها با استفاده از آب داغ، قهوه استاندارد را در ساده‌ترین و سریع‌ترین زمان دم آوری و نوش جان کنید. مناسب برای استفاده در منزل ،سفر و محل کار. 
 این محصول قهوه‌ای آمیخته (blend) است که از لحاظ طعم، غلظت و رایحه، توانایی و تخصص رُستر را نشان می‌دهد. هاوس بلِند رئیس ترکیبی از دانه‌های مرغوب آمریکای لاتین است که پس از رُست شدن به رنگ "
Cafe Raees,زیپ کاپ هاوس بلند,,,,,,240000,,,False,زیپ کاپ / زیپ بگ,https://raeescoffee.com/product/%d8%b2%db%8c%d9%be-%da%a9%d8%a7%d9%be-%d9%87%d8%a7%d9%88%d8%b3-%d8%a8%d9%84%d9%86%d8%af/,"قهوه زیپ کاپ، قهوه آسیاب‌شده‌ای است که درون ساشه‌های یک‌بارمصرف قرار دارد. هر ساشه حاوی ۱۰ گرم قهوه است که مناسب دم‌آوری یک فنجان کامل قهوه می‌باشد. این قهوه فاقد شکر و نگهدارنده است و طعمی طبیعی و باکیفیت را ارائه می‌دهد. فیلتر زیپ کاپ از جنس الیاف مخصوص ساخته شده که در برابر آب با دمای بالا مقاوم بوده و تجربه‌ای ساده و سریع از دم‌آوری قهوه را برای شما فراهم می‌کند. 
 این محصول قهوه‌ای آمیخته (bl"
Cafe Raees,زیپ کاپ فرنچ بلند,,,,,,180000,,,False,زیپ کاپ / زیپ بگ,https://raeescoffee.com/product/%d8%b2%db%8c%d9%be-%da%a9%d8%a7%d9%be-%d9%81%d8%b1%d9%86%da%86-%d8%a8%d9%84%d9%86%d8%af/,"قهوه زیپ کاپ، قهوه آسیاب‌شده‌ای است که درون ساشه‌های یک‌بارمصرف قرار دارد. هر ساشه حاوی ۱۰ گرم قهوه است که مناسب دم‌آوری یک فنجان کامل قهوه می‌باشد. این قهوه فاقد شکر و نگهدارنده است و طعمی طبیعی و باکیفیت را ارائه می‌دهد. فیلتر زیپ کاپ از جنس الیاف مخصوص ساخته شده که در برابر آب با دمای بالا مقاوم بوده و تجربه‌ای ساده و سریع از دم‌آوری قهوه را برای شما فراهم می‌کند. 
 این محصول آمیخته‌ای (blend) "
Cafe Raees,زیپ کاپ تهران رست,,,,,,310000,,,False,زیپ کاپ / زیپ بگ,https://raeescoffee.com/product/%d8%b2%db%8c%d9%be-%da%a9%d8%a7%d9%be-%d8%aa%d9%87%d8%b1%d8%a7%d9%86-%d8%b1%d8%b3%d8%aa/,"قهوه زیپ کاپ، قهوه آسیاب‌شده‌ای است که درون ساشه‌های یک‌بارمصرف قرار دارد. هر ساشه حاوی ۱۰ گرم قهوه است که مناسب دم‌آوری یک فنجان کامل قهوه می‌باشد. این قهوه فاقد شکر و نگهدارنده است و طعمی طبیعی و باکیفیت را ارائه می‌دهد. فیلتر زیپ کاپ از جنس الیاف مخصوص ساخته شده که در برابر آب با دمای بالا مقاوم بوده و تجربه‌ای ساده و سریع از دم‌آوری قهوه را برای شما فراهم می‌کند. 
 قهوه تهران رست رئیــس آمیخته"
Cafe Raees,زیپ کاپ کلمبیا,Colombia,,,,,430000,,,False,زیپ کاپ / زیپ بگ; فروشگاه آنلاین,https://raeescoffee.com/product/%d8%b2%db%8c%d9%be-%da%a9%d8%a7%d9%be/,"قهوه زیپ کاپ، قهوه آسیاب‌شده‌ای است که درون ساشه‌های یک‌بارمصرف قرار دارد. هر ساشه حاوی ۱۰ گرم قهوه است که مناسب دم‌آوری یک فنجان کامل قهوه می‌باشد. این قهوه فاقد شکر و نگهدارنده است و طعمی طبیعی و باکیفیت را ارائه می‌دهد. فیلتر زیپ کاپ از جنس الیاف مخصوص ساخته شده که در برابر آب با دمای بالا مقاوم بوده و تجربه‌ای ساده و سریع از دم‌آوری قهوه را برای شما فراهم می‌کند. 
 از قهوه‌ی کلمبیا به عنوان قه"
Cafe Raees,دمنوش گل گاوزبان مهرگیاه,,,,,,,,,False,چای/دمنوش; دمنوش; فروشگاه آنلاین,https://raeescoffee.com/product/%d8%af%d9%85%d9%86%d9%88%d8%b4-%da%af%d9%84-%da%af%d8%a7%d9%88%d8%b2%d8%a8%d8%a7%d9%86-%d9%85%d9%87%d8%b1%da%af%db%8c%d8%a7%d9%87/,"بررسی خواص دمنوش گل گاوزبان تی بگ 
 گیاه گل گاو زبان در سلامت روحی و جسمی بسیار موثر است. در ادامه به خاصیت های شگفت انگیز این گیاه اشاره می‌کنیم: 
 خاصیت گل گاوزبان در کاهش استرس و اضطراب 
 با توجه به سبک زندگی جدید که همراه با استرس و تنش‌های عصبی زیاد است، اگر دچار تنش‌های عصبی و اضطراب شدید حتما برای خودتان یک فنجان دمنوش گل گاوزبان تی بگ درست کنید، زیرا این دمنوش علاوه بر داشتن گل گاو زبان که"
Cafe Raees,دمنوش لیمو مهرگیاه,,,,,,,,,False,چای/دمنوش; دمنوش; فروشگاه آنلاین,https://raeescoffee.com/product/%d8%af%d9%85%d9%86%d9%88%d8%b4-%d9%84%db%8c%d9%85%d9%88-%d9%85%d9%87%d8%b1%da%af%db%8c%d8%a7%d9%87/,"خواص دمنوش مخلوط لیمو و به لیمو تی بگ 
 ترپنوئیدها و فنولیک ها موادی هستند که دارای خواص ضد التهابی و آنتی اوکسیدانی هستند و در به لیمو به وفور یافت می شوند. طبق تحقیقات ماده ورباسکوزید موجود در به لیمو با خواص آنتی اوکسیدانی که دارد از آسیب به سلول های بدن پیشگیری می کند. این گیاه برای ورزشکاران هم مفید است. مطالعات نشان داده که مصرف به لیمو سبب کاهش آسیب وارد شده به عضلات در هنگام ورزش و  کاهش ز"
Cafe Raees,زیپ بگ کلمبیا ۱ لیتری,Colombia,,,,,,,,True,زیپ کاپ / زیپ بگ,https://raeescoffee.com/product/%d8%b2%db%8c%d9%be-%d8%a8%da%af-%db%b1-%d9%84%db%8c%d8%aa%d8%b1%db%8c/,"زیپ بگ چیست؟ این محصول قهوه دمی است و به شما این امکان را می دهد که تنها با استفاده از آب داغ، قهوه استاندارد را در ساده ترین و سریع ترین زمان دم آوری و نوش جان کنید. مناسب برای استفاده درمنزل، سفر و محل کار. 
 از قهوه ی کلمبیا به عنوان قهوه ای با غلظت متوسط همراه با طعم غنی و اسیدیتی متعادل یاد می کنند. همچنین قهوه کلمبیا به دلیل گوارا بودن شناخته شده است، شاخصه ای که آن را در بسیاری از کشورهای ج"
Cafe Raees,زیپ بگ کلمبیا ۴۰۰ سی سی,Colombia,,,,,,,,True,زیپ کاپ / زیپ بگ,https://raeescoffee.com/product/%d8%b2%db%8c%d9%be-%d8%a8%da%af-%db%b4%db%b0%db%b0-%da%af%d8%b1%d9%85%db%8c/,"زیپ بگ چیست؟ این محصول قهوه دمی است و به شما این امکان را می دهد که تنها با استفاده از آب داغ، قهوه استاندارد را در ساده ترین و سریع ترین زمان دم آوری و نوش جان کنید. مناسب برای استفاده درمنزل، سفر و محل کار. 
 از قهوه ی کلمبیا به عنوان قهوه ای با غلظت متوسط همراه با طعم غنی و اسیدیتی متعادل یاد می کنند. همچنین قهوه کلمبیا به دلیل گوارا بودن شناخته شده است، شاخصه ای که آن را در بسیاری از کشورهای ج"
Cafe Raees,زیپ بگ کلمبیا ۲۵۰ سی سی,Colombia,,,,,,,,True,زیپ کاپ / زیپ بگ,https://raeescoffee.com/product/%d8%b2%db%8c%d9%be-%d8%a8%da%af-%db%b2%db%b5%db%b0-%da%af%d8%b1%d9%85%db%8c/,"زیپ بگ چیست؟ این محصول قهوه دمی است و به شما این امکان را می دهد که تنها با استفاده از آب داغ، قهوه استاندارد را در ساده ترین و سریع ترین زمان دم آوری و نوش جان کنید. مناسب برای استفاده درمنزل، سفر و محل کار. 
 از قهوه ی کلمبیا به عنوان قهوه ای با غلظت متوسط همراه با طعم غنی و اسیدیتی متعادل یاد می کنند. همچنین قهوه کلمبیا به دلیل گوارا بودن شناخته شده است، شاخصه ای که آن را در بسیاری از کشورهای ج"
Cafe Raees,تراول ماگ کانتیگو CT-020,,,,,,5100000,,,True,تراول ماگ کانتیگو; فروشگاه آنلاین; فلاسک / ماگ / ساک پارچه ای,https://raeescoffee.com/product/%d8%aa%d8%b1%d8%a7%d9%88%d9%84-%d9%85%d8%a7%da%af-%da%a9%d8%a7%d9%86%d8%aa%db%8c%da%af%d9%88-ct-020/,ماگ بدون دسته 590 میلی لیتر کانتیگو دارای یک سیستم عایق حرارتی قدرتمند است. این ماگ سرد و گرم نوشیدنی های گرم را تا 9 ساعت و نوشیدنی های سرد را تا 21 ساعت نگهداری می کند. دیواره دوجداره فولاد ضد زنگ و عایق خلاء به همراه درپوش با کیفیت بدون نشتی و قفل اتوماتیک از ویژگی های دیگر این ماگ مسافرتی به شمار می رود.
Cafe Raees,تراول ماگ کانتیگو CT-016,,,,,,3570000,,,True,تراول ماگ کانتیگو; فروشگاه آنلاین; فلاسک / ماگ / ساک پارچه ای,https://raeescoffee.com/product/%d8%aa%d8%b1%d8%a7%d9%88%d9%84-%d9%85%d8%a7%da%af-%da%a9%d8%a7%d9%86%d8%aa%db%8c%da%af%d9%88-ct-016/,ماگ بدون دسته 590 میلی لیتر کانتیگو دارای یک سیستم عایق حرارتی قدرتمند است. این ماگ سرد و گرم نوشیدنی های گرم را تا 9 ساعت و نوشیدنی های سرد را تا 21 ساعت نگهداری می کند. دیواره دوجداره فولاد ضد زنگ و عایق خلاء به همراه درپوش با کیفیت بدون نشتی و قفل اتوماتیک از ویژگی های دیگر این ماگ مسافرتی به شمار می رود.
Cafe Raees,قهوه تهران رُست ۲۵۰ گرمی,,,,Whole bean,250.0,1050000,420000.0,,True,تهران رُست; خرید آنلاین قهوه; فروشگاه آنلاین,https://raeescoffee.com/product/%d9%82%d9%87%d9%88%d9%87-%d8%aa%d9%87%d8%b1%d8%a7%d9%86-%d8%b1%d9%8f%d8%b3%d8%aa-%db%b2%db%b5%db%b0-%da%af%d8%b1%d9%85%db%8c-%db%b5%db%b0%d9%aa-%d8%a2%d8%b1%d8%a7%d8%a8%db%8c%da%a9%d8%a7%d8%8c-%db%b5/,"تهران رست 
 تهران رُست قهوه ای است که برای تهیه یک فنجان قهوه‌ی ممتاز قابل دسترس خواهد بود و پایه مناسبی جهت تهیه لاته یا کاپوچینو نیز می باشد. 
 قهوه تهران رُست رئیس آمیخته ای (blend) از دانه های مرغوب آمریکای جنوبی و آسیا است که با رُست شدن، اسیدیتی ملایم آن برجسته می شود. 
   دانلود کاتالوگ قهوه"
Cafe Raees,قهوه تهران رُست ۱کیلوگرمی,,,,Whole bean,1000.0,,,,True,تهران رُست; خرید آنلاین قهوه; فروشگاه آنلاین,https://raeescoffee.com/product/%d9%82%d9%87%d9%88%d9%87-%d8%aa%d9%87%d8%b1%d8%a7%d9%86-%d8%b1%d9%8f%d8%b3%d8%aa-%db%b1%da%a9%db%8c%d9%84%d9%88%da%af%d8%b1%d9%85%db%8c-%db%b5%db%b0%d9%aa-%d8%a2%d8%b1%d8%a7%d8%a8%db%8c%da%a9%d8%a7/,"تهران رست 
 تهران رُست قهوه ای است که برای تهیه یک فنجان قهوه‌ی ممتاز قابل دسترس خواهد بود و پایه مناسبی جهت تهیه لاته یا کاپوچینو نیز می باشد. 
 قهوه تهران رُست رئیس آمیخته ای (blend) از دانه های مرغوب آمریکای جنوبی و آسیا است که با رُست شدن، اسیدیتی ملایم آن برجسته می شود. 
   دانلود کاتالوگ قهوه"
Cafe Raees,قهوه تهران رُست ۳ کیلوگرمی,,,,Whole bean,3000.0,,,,True,تهران رُست; خرید آنلاین قهوه; فروشگاه آنلاین,https://raeescoffee.com/product/%d9%82%d9%87%d9%88%d9%87-%d8%aa%d9%87%d8%b1%d8%a7%d9%86-%d8%b1%d9%8f%d8%b3%d8%aa-%db%b3-%da%a9%db%8c%d9%84%d9%88%da%af%d8%b1%d9%85%db%8c-%db%b5%db%b0%d9%aa-%d8%a2%d8%b1%d8%a7%d8%a8%db%8c%da%a9%d8%a7/,"تهران رست 
 تهران رُست قهوه ای است که برای تهیه یک فنجان قهوه‌ی ممتاز قابل دسترس خواهد بود و پایه مناسبی جهت تهیه لاته یا کاپوچینو نیز می باشد. 
 قهوه تهران رُست رئیس آمیخته ای (blend) از دانه های مرغوب آمریکای جنوبی و آسیا است که با رُست شدن، اسیدیتی ملایم آن برجسته می شود. 
   دانلود کاتالوگ قهوه"
Cafe Raees,زیپ کاپ کلمبیا ۲۵ عددی,Colombia,,,,,2300000,,,False,زیپ کاپ / زیپ بگ; فروشگاه آنلاین,https://raeescoffee.com/product/%d8%b2%db%8c%d9%be-%da%a9%d8%a7%d9%be-%db%b2%db%b5-%d8%b9%d8%af%d8%af%db%8c/,"توضیحات تکمیلی زیپ کاپ  
 
   قهوه‌ ی زیپ کاپ محصولی جدید از کارخانه‌ی رئیس است، این قهوه فاقد هرگونه شکر و نگهدارنده می‌باشد و هدف تولید این محصول وجود قهوه‌ای فوری ولی حرفه‌ای برای علاقه مندان به قهوه می‌باشد.زیپ کاپ به مصرف کنندگان قهوه کمک می‌کند تا قهوه دمی با کیفیت را در هر مکان، موقعیت در سریع‌ترین زمان تجربه کنند.قهوه‌ی مورد استفاده در زیپ‌کاپ، کلمبیای سوپریمو می‌باشد، سوپریمو اشاره به اند"
Cafe Raees,ساک پارچه ای دسته مشکی رئیس,,,,,,,,,True,ساک پارچه ای; فروشگاه آنلاین; فلاسک / ماگ / ساک پارچه ای,https://raeescoffee.com/product/%d8%b3%d8%a7%da%a9-%d9%be%d8%a7%d8%b1%da%86%d9%87-%d8%a7%db%8c-%d8%af%d8%b3%d8%aa%d9%87-%d9%82%d8%b1%d9%85%d8%b2-%d8%b1%d8%a6%db%8c%d8%b3/,"با استفاده از این محصول اقدامی کاربردی برای مقابله با حجم زباله های پلاستیکی در طبیعت انجام می دهیم. ساکهای پارچه ای رییس محصولی اجتماعی هستند که در راستای حمایت و اشتغال زایی، توسط زنان و مادران سرپرست خانوار دوخته می شوند. 
یار سبز زمین باشیم.   
 جنس:  متقال  
 
 
 طول:  ۳۹ سانتی متر  
 
 
 عرض:  ۳۴ سانتی متر  
 
 
 طول دسته:  ۳۴سانتی متر  
 
 
 شیوه تولید:  دوخته‌شده با چرخ صنعتی توسط زنان سرپ"
Cafe Raees,زیرلیوانی کوچک,,,,,,,,,True,زیر لیوانی; فروشگاه آنلاین; فلاسک / ماگ / ساک پارچه ای,https://raeescoffee.com/product/%d8%b2%db%8c%d8%b1%d9%84%db%8c%d9%88%d8%a7%d9%86%db%8c-%da%a9%d9%88%da%86%da%a9/,"زیرلیوانی چوبی یک محصول زیبا و کاربردی است که  برای قرار دادن لیوان، فنجان یا ظروف دیگری 
 استفاده می شود. زیرلیوانی چوبی دست ساز به دلیل زیبایی، سبک و عملکرد خوبی که دارد، همواره محبوب بوده است.   
 ابعاد:  ۶×۶  
 
 
 شستشو:  برای ماشین ظرفشویی مناسب نیست  
 
 
 نوع چوب:  ترمو"
Cafe Raees,قهوه اسپرسو رُست ۳ کیلوگرمی (۷۰٪ آرابیکا،۳۰٪ ربوستا ),,,,Whole bean,3000.0,13200000,440000.0,,False,خرید آنلاین قهوه; فروشگاه آنلاین; قهوه اسپرسو رُست (۷۰٪ آرابیکا/۳۰٪ ربوستا),https://raeescoffee.com/product/3-kg-roasted-espresso-coffee-70-30/,"اسپرسو رُست Espresso Roast  
 قهوه اسپرسو رُست ۳ کیلوگرمی، قهوه‌ای که برای تهیه یک فنجان اسپرسو ممتاز قابل دسترس خواهد بود و پایه مناسبی جهت تهیه لاته یا کاپوچینو است.  قهوه اسپرسو رُست رئیس  آمیخته‌ای (Blend) از دانه‌های مرغوب آمریکای جنوبی و آسیا است که با رست شدن، اسیدیتی ملایم آن برجسته می‌شود. اگر علاقه به کاپوچینو یا کافه لاته دارید، این قھوه گزینه مناسبی است. 
    دانلود کاتالوگ قهوه     
 "
Cafe Raees,قهوه اسپرسو رُست ۱ کیلوگرمی (۷۰٪ آرابیکا،۳۰٪ ربوستا ),,,,Whole bean,1000.0,,,,True,خرید آنلاین قهوه; فروشگاه آنلاین; قهوه اسپرسو رُست (۷۰٪ آرابیکا/۳۰٪ ربوستا),https://raeescoffee.com/product/%d9%82%d9%87%d9%88%d9%87-%d8%a7%d8%b3%d9%be%d8%b1%d8%b3%d9%88-%d8%b1%d9%8f%d8%b3%d8%aa-%db%b1-%da%a9%db%8c%d9%84%d9%88%da%af%d8%b1%d9%85%db%8c/,"اسپرسو رُست Espresso Roast  
 قهوه اسپرسو رُست ۱ کیلوگرمی، قهوه‌ای که برای تهیه یک فنجان اسپرسو ممتاز قابل دسترس خواهد بود و پایه مناسبی جهت تهیه لاته یا کاپوچینو است.  قهوه اسپرسو رُست رئیس  آمیخته‌ای (Blend) از دانه‌های مرغوب آمریکای جنوبی و آسیا است که با رست شدن، اسیدیتی ملایم آن برجسته می‌شود. اگر علاقه به کاپوچینو یا کافه لاته دارید، این قھوه گزینه مناسبی است. 
    دانلود کاتالوگ قهوه     
 "
Cafe Raees,قهوه اسپرسو رُست ۲۵۰ گرمی (۷۰٪ آرابیکا،۳۰٪ ربوستا ),,,,Whole bean,250.0,,,,True,خرید آنلاین قهوه; فروشگاه آنلاین; قهوه اسپرسو رُست (۷۰٪ آرابیکا/۳۰٪ ربوستا),https://raeescoffee.com/product/%d9%82%d9%87%d9%88%d9%87-%d8%a7%d8%b3%d9%be%d8%b1%d8%b3%d9%88-%d8%b1%d9%8f%d8%b3%d8%aa-%db%b2%db%b5%db%b0-%da%af%d8%b1%d9%85%db%8c/,"اسپرسو رُست Espresso Roast  
 قهوه اسپرسو رُست ۲۵۰ گرمی، قهوه‌ای که برای تهیه یک فنجان اسپرسو ممتاز قابل دسترس خواهد بود و پایه مناسبی جهت تهیه لاته یا کاپوچینو است.  قهوه اسپرسو رُست رئیس  آمیخته‌ای (Blend) از دانه‌های مرغوب آمریکای جنوبی و آسیا است که با رست شدن، اسیدیتی ملایم آن برجسته می‌شود. اگر علاقه به کاپوچینو یا کافه لاته دارید، این قھوه گزینه مناسبی است. 
    دانلود کاتالوگ قهوه     
 Sw"
Cafe Raees,قهوه ایتالین رُست ۳ کیلو گرمی (۷۰٪ آرابیکا،۳۰٪ ربوستا ),,,,Whole bean,3000.0,,,,True,خرید آنلاین قهوه; فروشگاه آنلاین; قهوه ایتالین رُست (۷۰٪ آرابیکا/ ۳۰٪ ربوستا),https://raeescoffee.com/product/%d9%82%d9%87%d9%88%d9%87-%d8%a7%db%8c%d8%aa%d8%a7%d9%84%db%8c%d9%86-%d8%b1%d9%8f%d8%b3%d8%aa-%db%b3-%da%a9%db%8c%d9%84%d9%88-%da%af%d8%b1%d9%85%db%8c/,"ایتالین رست italian Roast  
 ایتالین رُست قهوه‌ای که برای تهیه یک فنجان اسپرسو ممتاز قابل دسترس خواهد بود و پایه مناسبی جهت تهیه لاته یا کاپوچینو نیز می‌باشد.   قهوه ایتالین رست رئیس   آمیخته‌ای (Blend) از دانه‌های مرغوب آمریکای جنوبی و آسیا است که با رست شدن، اسیدیتی ملایم آن برجسته می‌شود. 
 اگر علاقه به کاپوچینو یا کافه لاته دارید، این قھوه گزینه مناسبی‌ست. 
    دانلود کاتالوگ قهوه     
 ‫‪Swee"
Cafe Raees,قهوه ایتالین رُست ۱ کیلو گرمی (۷۰٪ آرابیکا،۳۰٪ ربوستا ),,,,Whole bean,1000.0,,,,True,خرید آنلاین قهوه; فروشگاه آنلاین; قهوه ایتالین رُست (۷۰٪ آرابیکا/ ۳۰٪ ربوستا),https://raeescoffee.com/product/%d9%82%d9%87%d9%88%d9%87-%d8%a7%db%8c%d8%aa%d8%a7%d9%84%db%8c%d9%86-%d8%b1%d9%8f%d8%b3%d8%aa-%db%b1-%da%a9%db%8c%d9%84%d9%88-%da%af%d8%b1%d9%85%db%8c/,"ایتالین رست italian Roast  
 قهوه ایتالین رُست ۱ کیلو گرمی، قهوه‌ای که برای تهیه یک فنجان اسپرسو ممتاز قابل دسترس خواهد بود و پایه مناسبی جهت تهیه لاته یا کاپوچینو نیز می‌باشد.   قهوه ایتالین رست رئیس   آمیخته‌ای (Blend) از دانه‌های مرغوب آمریکای جنوبی و آسیا است که با رست شدن، اسیدیتی ملایم آن برجسته می‌شود. اگر علاقه به کاپوچینو یا کافه لاته دارید، این قھوه گزینه مناسبی‌ست. 
    دانلود کاتالوگ ق"
Cafe Raees,استند وی سیکستی,,,,,,,,,False,ابزار دم آوری; استند وی سیکستی; فروشگاه آنلاین,https://raeescoffee.com/product/%d8%a7%d8%b3%d8%aa%d9%86%d8%af-%d9%88%db%8c-%d8%b3%db%8c%da%a9%d8%b3%d8%aa%db%8c/,"این پایه‌های دست ساز توسط مجموعه رئیس از چوب تهیه شده و به صورت محدود موجود است. همانطور که در تصویر مشاهده می‌کنید، پایه جهت دم آوری وی سیکستی و یا پور اُورهای مشابه مانند کالیتاست. 
 *توجه فرمایید تصویر پایه به همراه لیوان و وی سیکستی صرفاً جهت نمایش است*   
 جنس:  چوب  
 
 
 ابعاد:  ۱۷.۵x ۱۷.۷ x۱۵ سانتی متر  
 
 
 وزن:  ۴۶۰ گرم"
Cafe Raees,قهوه ایتالین رُست ۲۵۰ گرمی (۷۰٪ آرابیکا،۳۰٪ ربوستا ),,,,Whole bean,250.0,,,,True,خرید آنلاین قهوه; فروشگاه آنلاین; قهوه ایتالین رُست (۷۰٪ آرابیکا/ ۳۰٪ ربوستا),https://raeescoffee.com/product/%d9%82%d9%87%d9%88%d9%87-%d8%a7%db%8c%d8%aa%d8%a7%d9%84%db%8c%d9%86-%d8%b1%d9%8f%d8%b3%d8%aa-%db%b2%db%b5%db%b0-%da%af%d8%b1%d9%85%db%8c/,"ایتالین رست italian Roast  
 قهوه ایتالین رُست ۲۵۰ گرمی، قهوه‌ای که برای تهیه یک فنجان اسپرسو ممتاز قابل دسترس خواهد بود و پایه مناسبی جهت تهیه لاته یا کاپوچینو نیز می‌باشد.   قهوه ایتالین رست رئیس   آمیخته‌ای (Blend) از دانه‌های مرغوب آمریکای جنوبی و آسیا است که با رست شدن، اسیدیتی ملایم آن برجسته می‌شود. اگر علاقه به کاپوچینو یا کافه لاته دارید، این قھوه گزینه مناسبی‌ست. 
    دانلود کاتالوگ قهوه"
Cafe Raees,قهوه اسپرسو بلِند ۱ کیلوگرمی (۸۰٪ آرابیکا،۲۰٪ ربوستا ),,,,Whole bean,1000.0,,,,True,خرید آنلاین قهوه; فروشگاه آنلاین; قهوه اسپرسو بلِند (۸۰٪ آرابیکا/۲۰٪ ربوستا),https://raeescoffee.com/product/%d9%82%d9%87%d9%88%d9%87-%d8%a7%d8%b3%d9%be%d8%b1%d8%b3%d9%88-%d8%a8%d9%84%d9%90%d9%86%d8%af-%db%b1-%da%a9%db%8c%d9%84%d9%88%da%af%d8%b1%d9%85%db%8c-2/,"اسپرسو بلِند Espresso Blend  
 اساس تئوری آمیختگی (blending)، ایجاد لایه‌ھایی از طعم‌ھاست که به خوبی در دم کردن قهوه اسپرسو احساس می‌شوند. این لایه‌بندی اجازه می‌دھد تا رُستِر بتواند تعادل حسی را در اسیدتی، شیرینی و تلخی یک قھوه کنترل کند. این محصول آمیخته‌ای (blend) از دانه‌ھای مرغوب کشت شده از آفریقا و آمریکای جنوبی است. اگر علاقه به کاپوچینو یا کافه لاته دارید،   قهوه  اسپرسو بلند  گزینه من"
Cafe Raees,دانه قهوه اسپشیالتی گیشا,Ethiopia,,,Whole bean,80.0,,,,True,اسپشیالتی; جعبه هدیه; رئیس; فروشگاه آنلاین,https://raeescoffee.com/product/%d8%af%d8%a7%d9%86%d9%87-%d9%82%d9%87%d9%88%d9%87-%d8%a7%d8%b3%d9%be%d8%b4%db%8c%d8%a7%d9%84%d8%aa%db%8c-%da%af%db%8c%d8%b4%d8%a7/,روستای گیشا به یک منطقه‌ای در اتیوپی اشاره دارد که به دلیل پرورش دانه‌های با کیفیت بسیار بالا و نژاد خاص قهوه‌ای که در آنجا رشد میکند شهرت جهانی پیدا کرده است. گیشا ویلیج در نزدیکی مرز غربی اتیوپی با سودان قرار دارد و به دلیل ارتفاع بالا و شرایط آب و هوایی منحصربه فرد محیط مناسبی برای کشت قهوه فراهم کرده است. این نژاد در دهه ۱۹۳۰ کشف شد و بعدا به سایر مناطق به ویژه پاناما منتقل شد. دانه‌های گِیشا 
Cafe Raees,دانه قهوه اسپشیالتی تامارا,Colombia,,,Whole bean,80.0,,,,True,اسپشیالتی; جعبه هدیه; خرید آنلاین قهوه; رئیس; فروشگاه آنلاین,https://raeescoffee.com/product/%d8%af%d8%a7%d9%86%d9%87-%d9%82%d9%87%d9%88%d9%87-%d8%a7%d8%b3%d9%be%d8%b4%db%8c%d8%a7%d9%84%d8%aa%db%8c-%d8%aa%d8%a7%d9%85%d8%a7%d8%b1%d8%a7/,در دل کوهستان‌های مه‌آلود کلمبیا، در منطقه‌ای از کلمبیا به نام تامارا، داستانی درباره قهوه‌های خاص و منحصربه‌فرد روایت می‌شود که با عشق و تلاش کشاورزان محلی به دنیا می‌آید. تامارا یکی از مناطق زیبای کلمبیا، با تپه‌های سرسبز و خاک حاصلخیزش، مکان ایده‌آلی برای پرورش دانه‌های قهوه با کیفیت است. این منطقه که در ارتفاعات قرار دارد. دارای شرایط آب و هوایی مناسب و خاک غنی از مواد معدنی است که به پرورش دا
Cafe Raees,ماگ سرامیکی رئیس,,,Light,,,,,,False,فروشگاه آنلاین; فلاسک / ماگ / ساک پارچه ای,https://raeescoffee.com/product/%d9%85%d8%a7%da%af-%d8%b3%d8%b1%d8%a7%d9%85%db%8c%da%a9%db%8c-%d8%b1%d8%a6%db%8c%d8%b3-2/,
Cafe Raees,ماگ سرامیکی رئیس,,,,,,,,,False,,https://raeescoffee.com/product/%d9%85%d8%a7%da%af-%d8%b3%d8%b1%d8%a7%d9%85%db%8c%da%a9%db%8c-%d8%b1%d8%a6%db%8c%d8%b3-3/,
Cafe Raees,زیپ کاپ میکس 20 عددی,,,,,,,,,False,زیپ کاپ / زیپ بگ,https://raeescoffee.com/product/%d8%b2%db%8c%d9%be-%da%a9%d8%a7%d9%be-%d9%85%db%8c%da%a9%d8%b3-%da%a9%d9%84%d9%85%d8%a8%db%8c%d8%a7-%d9%87%d8%a7%d9%88%d8%b3-%d8%a8%d9%84%d9%86%d8%af-%d8%aa%d9%87%d8%b1%d8%a7%d9%86-%d8%b1%d8%b3%d8%aa/,"زیپ کاپ میکس  :  
قهوه زیپ کاپ، قهوه آسیاب‌شده‌ای است که درون ساشه‌های یک‌بارمصرف قرار دارد. هر ساشه حاوی ۱۰ گرم قهوه است که مناسب دم‌آوری یک فنجان کامل قهوه می‌باشد. این قهوه فاقد شکر و نگهدارنده است و طعمی طبیعی و باکیفیت را ارائه می‌دهد. فیلتر زیپ کاپ از جنس الیاف مخصوص ساخته شده که در برابر آب با دمای بالا مقاوم بوده و تجربه‌ای ساده و سریع از دم‌آوری قهوه را برای شما فراهم می‌کند. 
 بسته بندی "
Cafe Raees,زیپ کاپ میکس 40 عددی,,,,,,,,,False,زیپ کاپ / زیپ بگ,https://raeescoffee.com/product/%d8%b2%db%8c%d9%be-%da%a9%d8%a7%d9%be-%d9%85%db%8c%da%a9%d8%b3-%da%a9%d9%84%d9%85%d8%a8%db%8c%d8%a7-%d9%87%d8%a7%d9%88%d8%b3-%d8%a8%d9%84%d9%86%d8%af-%d8%aa%d9%87%d8%b1%d8%a7%d9%86-%d8%b1%d8%b3-2/,"زیپ کاپ میکس: 
قهوه زیپ کاپ، قهوه آسیاب‌شده‌ای است که درون ساشه‌های یک‌بارمصرف قرار دارد. هر ساشه حاوی ۱۰ گرم قهوه است که مناسب دم‌آوری یک فنجان کامل قهوه می‌باشد. این قهوه فاقد شکر و نگهدارنده است و طعمی طبیعی و باکیفیت را ارائه می‌دهد. فیلتر زیپ کاپ از جنس الیاف مخصوص ساخته شده که در برابر آب با دمای بالا مقاوم بوده و تجربه‌ای ساده و سریع از دم‌آوری قهوه را برای شما فراهم می‌کند. 
 بسته بندی زیپ"
Cafe Raees,گواتمالا ۱کیلوگرمی(۱۰۰% آرابیکا),Guatemala,,,Whole bean,1000.0,,,,True,خرید آنلاین قهوه; قهوه گواتمالا (۱۰۰٪ آرابیکا),https://raeescoffee.com/product/%da%af%d9%88%d8%a7%d8%aa%d9%85%d8%a7%d9%84%d8%a7/,"طیف گسترده‌ای از طعم‌ها در قهوه گواتمالا وجود دارند. این قهوه با غلظت متوسط تا زیاد، دارای عمق و پیچیدگی در طعم است. قهوه گواتمالا، معنای واقعی قهوه آمریکای مرکزی هستند.    ویژگی ها  
 ‫‪Growing Altitude: ‫‪900-1650 ‫‪m.a.s.l 
 process: Semi Washed 
 درجه رُست: مدیوم 
 ‫‪Sweetness: Medium 
 Cupping note: Date , Chocolate , Caramel 
 ‫‪Bitterness: Medium 
 ‫‪Acidity: Medium 
 ابعاد: 35x15x9 cm 
 وز"
Cafe Raees,قهوه اکو ۱۰/۹۰ ۵۰۰ گرمی(۹۰٪روبوستا،۱۰٪ارابیکا),Vietnam,,,Whole bean,500.0,,,,True,خرید آنلاین قهوه; فروشگاه آنلاین; هورکا (سین),https://raeescoffee.com/product/%d9%82%d9%87%d9%88%d9%87-%d8%a7%da%a9%d9%88-%db%b5%db%b0%db%b0-%da%af%d8%b1%d9%85%db%8c%db%b9%db%b0%d9%aa%d8%b1%d9%88%d8%a8%d9%88%d8%b3%d8%aa%d8%a7%d8%8c%db%b1%db%b0%d9%aa/,"در این ترکیب، ۹۰٪ ربوستا و ۱۰٪ ارابیکا کنار هم قرار گرفته‌اند تا قهوه‌ای قدرتمند اما متعادل خلق کنند. بادی بالا و کرمای خامه ای با ته‌طعمی لطیف همراه است و فنجانی پرعطر و انرژی‌بخش به شما می‌دهد. مناسب برای اسپرسوهای روزانه در کافه یا خانه.   خاستگاه:آرابیکا کلمبیا ربوستا ویتنام 
 روست:مدیوم 
 طعم:شکلات تلخ مرکباتی لیمو"
Cafe Raees,هورکا اندونزی ۵۰۰ گرمی(۱۰۰٪ روبوستا),Indonesia,,,Whole bean,500.0,,,,True,خرید آنلاین قهوه; فروشگاه آنلاین; هورکا (سین),https://raeescoffee.com/product/%d9%87%d9%88%d8%b1%da%a9%d8%a7-%d8%a7%d9%86%d8%af%d9%88%d9%86%d8%b2%db%8c-%db%b5%db%b0%db%b0-%da%af%d8%b1%d9%85%db%8c%db%b1%db%b0%db%b0%d9%aa-%d8%b1%d9%88%d8%a8%d9%88%d8%b3%d8%aa%d8%a7/,"قهوه‌ای از دانه‌های ۱۰۰٪ ربوستای اصیل اندونزی، با  طعمی قوی و ماندگار. کرمایی غلیظ و بافتی سنگین دارد و برای اسپرسوهایی که باید پرانرژی و ثابت‌کیفیت باشند، انتخابی مطمئن است. مناسب برای مصرف حرفه‌ای در کافه‌ها و رستوران‌ها.   خاستگاه:اندونزی 
 روست:مدیوم 
 طعم:آجیلی ادویه ای"
Cafe Raees,باریستا بلند ۵۰۰ گرمی(۷۰٪ آرابیکا،۳۰٪روبوستا),Colombia,,,Whole bean,500.0,1950000,390000.0,,False,خرید آنلاین قهوه; فروشگاه آنلاین; هورکا (سین),https://raeescoffee.com/product/%d8%a8%d8%a7%d8%b1%db%8c%d8%b3%d8%aa%d8%a7-%d8%a8%d9%84%d9%86%d8%af-%db%b5%db%b0%db%b0-%da%af%d8%b1%d9%85%db%8c%db%b7%db%b0%d9%aa-%d8%a2%d8%b1%d8%a7%d8%a8%db%8c%da%a9%d8%a7%d8%8c%db%b3%db%b0%d9%aa/,"قهوه باریستا بلند،ترکیبی منحصر به فرد از ۳۰٪ ربوستا و ۷۰٪ ارابیکاست که تعادل ایده آلی از عطر و طعم را ارائه می دهد.این ترکیب با رایحه ای دلنشین،مناسب برای تهیه انواع نوشیدنی ها بر پایه اسپرسو است.باریستا بلند،انتخابی ایده آل برای کسانی است که به دنبال یک تجربه قهوه حرفه ای و با کیفیت هستند.   خاستگاه:آرابیکا کلمبیا ربوستا اندونزی 
 روست:مدیوم 
 طعم:شکلات تلخ آجیلی 
 &nbsp;"
Cafe Raees,هورکا اوگاندا ۵۰۰گرمی(۱۰۰٪ روبوستا),Uganda,,,Whole bean,500.0,,,,True,خرید آنلاین قهوه; فروشگاه آنلاین; هورکا (سین),https://raeescoffee.com/product/%d9%87%d9%88%d8%b1%da%a9%d8%a7-%d8%a7%d9%88%da%af%d8%a7%d9%86%d8%af%d8%a7-%db%b5%db%b0%db%b0%da%af%d8%b1%d9%85%db%8c%db%b1%db%b0%db%b0%d9%aa-%d8%b1%d9%88%d8%a8%d9%88%d8%b3%d8%aa%d8%a7/,"قهوه ای از ۱۰۰٪ دانه های روبوستای با کیفیت کشور اوگاندا،با کافئین بالا،طعمی غنی و بافتی قوی ارائه می دهد.این ترکیب،با عطر دل انگیز و انرژی مضاعف ،انتخابی ایده آل برای افرادی است که به دنبال قهوه ای پرقدرت و نشاط آور هستند.بسته بندی حرفه ای،تازگی و کیفیت دانه ها را حفظ کرده و استفاده از آن را در خانه،محل کار یا سفر کاملا ممکن و لذت بخش می سازد.   خاستگاه:ربوستا اوگاندا سینگل اوریجین 
 روست:مدیوم 
 "
Cafe Raees,قهوه اکستریما بلند ۵۰۰ گرمی(۱۰٪ آرابیکا،۹۰٪روبوستا),Colombia,,,Whole bean,500.0,1250000,250000.0,,False,خرید آنلاین قهوه; فروشگاه آنلاین; هورکا (سین),https://raeescoffee.com/product/%d9%82%d9%87%d9%88%d9%87-%d8%a7%da%a9%d8%b3%d8%aa%d8%b1%db%8c%d9%85%d8%a7-%d8%a8%d9%84%d9%86%d8%af-%db%b5%db%b0%db%b0-%da%af%d8%b1%d9%85%db%8c%db%b1%db%b0%d9%aa-%d8%a2%d8%b1%d8%a7%d8%a8%db%8c%da%a9/,"قهوه اکستریما بلند ترکیبی قوی از ۹۰٪ روبوستا و ۱۰٪ ارابیکاست که طعم شکلات تلخ و کافئین بالایی دارد.این قهوه انتخابی عالی برای کسانی است که به یک نوشیدنی پر انرژی نیاز دارند.قهوه اکستریما بلند،در بسته بندی های استاندارد و با کیفیت و با عطری قوی و طعمی ماندگار،همراه خوبی برای شروع روز یا زمان هایی است که به تمرکز بیشتری نیاز دارید.   خاستگاه:آرابیکا کلمبیا ربوستا اندونزی 
 روست:مدیوم 
 طعم:بادام شکل"
Emkan Roastery,دان قهوه امکان برزیل موگیانا یک کیلویی – بسته 6 عددی,Brazil,Natural,Medium,Whole bean,1000,34629000,3462900.0,,True,قهوه اسپرسو; قهوه برزیل; قهوه تک خاستگاه,https://emkan-coffee.com/product/emkan-brazil-mogiana-6x1kg/,"از منطقه   
   قهوه برزیل موگیانا از یکی از نواحی شناخته‌شده‌ قهوه‌خیز جنوب‌شرقی برزیل می‌آید؛ منطقه‌ای که نام آن با سابقهٔ طولانی تولید قهوه در برزیل گره خورده است. این قهوه در بخش میناس گرایسِ این محدوده و در ارتفاع ۱۰۰۰ تا ۱۱۰۰ متر از سطح دریا کشت شده است. موگیانا در صنعت قهوه‌ برزیل نامی شناخته‌شده دارد و تولید قهوه در این پهنه، مانند بسیاری از مناطق جنوب‌شرقی کشور، بر پایه‌ کشت گسترده‌ گونه‌ "
Emkan Roastery,قهوه تک‌خاستگاه مکزیک چیاپاس – Mexico Chiapas,Mexico,Natural,Medium,Whole bean,250.0,2490000,996000.0,,True,84-89; قهوه تک خاستگاه; قهوه مکزیک,https://emkan-coffee.com/product/mexico-chiapas/,"از منطقه   
  قهوه مکزیک چیاپاس  از ایالت چیاپاس (Chiapas) در جنوب مکزیک، یکی از مهم‌ترین مناطق قهوه‌خیز این کشور، می‌آید. این قهوه در مزرعه  La Reserva ، در نزدیکی  Tapachula  و در ارتفاع ۱۰۰۰ متر از سطح دریا کشت شده و از گونه    Coffea arabica   ، زیرگونه  Obata  و با فرآوری  طبیعی (Natural)  تولید شده است.   
   قهوه در اواخر قرن هجدهم وارد کشور مکزیک شد. منابع رسمی مکزیک سال  ۱۷۹۵  و شهر  Córd"
Emkan Roastery,قهوه تک‌خاستگاه اوگاندا ال‌گن – Uganda Elgon,Uganda,Natural,Medium,Whole bean,250.0,1890000,756000.0,,True,81-84; قهوه اوگاندا; قهوه تک خاستگاه,https://emkan-coffee.com/product/uganda-elgon/,"از منطقه   
  در شرق اوگاندا و در امتداد مرز این کشور با کنیا، کوه اِل‌گُن یکی از مهم‌ترین مناطق کشت قهوه عربیکا در این کشور است. قهوه اوگاندا ال‌گن از دامنه‌های Mount Elgon به دست می‌آید؛ یک آتشفشان خاموش با دامنه‌هایی مرتفع و گسترده که شرایط مناسبی برای کشت قهوه فراهم می‌کند. ارتفاع زیاد، دمای نسبتاً پایین‌تر در نواحی کوهستانی و خاک‌های حاصلخیز با منشأ آتشفشانی، از مهم‌ترین ویژگی‌های طبیعی این م"
Emkan Roastery,قهوه تک‌خاستگاه اتیوپی یرگاچف – Ethiopia Yirgacheffe,Ethiopia,Natural,Medium,Whole bean,250.0,,,,False,قهوه اتیوپی; قهوه تک خاستگاه; قهوه دمی,https://emkan-coffee.com/product/ethiopia-yirgacheffe/,"از منطقه   
  سرزمین اتیوپی خاستگاه قهوه عربیکاست و تنوع اقلیمی و فرهنگی آن باعث شده هر منطقه، شخصیت و هویت طعمی خاص خود را داشته باشد. در میان مناطق مختلف تولید قهوه در اتیوپی، نام  یرگاچف  همواره با کیفیت، اصالت و شهرت جهانی همراه بوده است. منطقه‌ای که سال‌هاست یکی از مهم‌ترین منابع تولید قهوه‌های تخصصی محسوب می‌شود و سهم قابل توجهی در معرفی ظرفیت‌های واقعی قهوه اتیوپی به جهان داشته است. یرگاچف "
Emkan Roastery,قهوه تک‌خاستگاه اتیوپی شکیسو – Ethiopia Shakiso,Ethiopia,Natural,Light,,80.0,1500000,1875000.0,,True,90+; قهوه اتیوپی; قهوه تک خاستگاه; قهوه دمی,https://emkan-coffee.com/product/ethiopia-shakiso/,"از منطقه   
  شَکیسو، در جنوب منطقه گوجی و در استان اورومیای اتیوپی قرار گرفته؛ منطقه‌ای که طی سال‌های اخیر، به یکی از مهم‌ترین خاستگاه‌های قهوه‌ تخصصی و یکی از قطب‌های توسعه فرآوری‌های مدرن در این کشور تبدیل شده است. اما آنچه شَکیسو را از بسیاری از مناطق دیگر اتیوپی متمایز می‌کند، تنها  ارتفاع بالا یا شهرت آن نیست. اهمیت واقعی این منطقه، در ترکیب کم‌تکرار اقلیم، ژنتیک بومی و توانایی حفظ هویت خاست"
Emkan Roastery,قهوه تک‌خاستگاه تانزانیا آروشا – Tanzania Arusha,Tanzania,Natural,Medium,Whole bean,250.0,2400000,960000.0,,True,84-89; قهوه تانزانیا; قهوه تک خاستگاه; قهوه دمی; قهوه عربیکا,https://emkan-coffee.com/product/tanzania-arusha/,"از خاستگاه   
  قهوه تخصصی تانزانیا آروشا از منطقه Arusha در شمال این کشور تأمین شده است. این منطقه‌ به‌دلیل موقعیت جغرافیایی، ارتفاعات بالا و خاک‌های آتشفشانی حاصلخیز، یکی از نواحی مهم تولید قهوه باکیفیت در شرق آفریقا محسوب می‌شود.  
  کشت قهوه در تانزانیا به اواخر قرن نوزدهم بازمی‌گردد و امروزه همچنان بخش عمده‌ای از تولید آن توسط کشاورزان خرد انجام می‌شود. این ساختار تولید، باعث شده هر محصول، با"
Emkan Roastery,قهوه تک‌خاستگاه اتیوپی سیدامو – Ethiopia Sidamo,Ethiopia,Washed,Medium,Whole bean,250.0,,,,False,81-84; قهوه اتیوپی; قهوه تک خاستگاه; قهوه دمی,https://emkan-coffee.com/product/ethiopia-sidamo/,"از منطقه   
  قهوه اتیوپی سیدامو از خاستگاه شناخته‌شده و مورد توجه قهوه‌دوستان، یعنی Sidamo (که امروزه بیشتر با نام رسمی Sidama شناخته می‌شود) در جنوب اتیوپی به‌دست می‌آید؛ منطقه‌ای که به‌عنوان بخشی از زادگاه گونه عربیکا شناخته می‌شود. کشاورزی در این ناحیه عمدتاً توسط مالکان خُرد انجام می‌شود که در ارتفاعات بالا و تحت تأثیر بارش‌های سالانه قابل‌توجه، از شرایط اقلیمی مطلوب برای پرورش قهوه بهره می‌ب"
Emkan Roastery,دان قهوه امکان کلمبیا هویلا یک کیلویی – بسته 6 عددی,Colombia,Washed,Medium,Whole bean,1000,31428000,3142800.0,,True,قهوه اسپرسو; قهوه تک خاستگاه; قهوه کلمبیا,https://emkan-coffee.com/product/emkan-colombia-huila-6x1kg/,"قهوه کلمبیا هویلا   
  این    قهوه تک‌خاستگاه    از منطقه‌ هویلا در جنوب کلمبیا تهیه شده، یکی از پایدارترین و معتبرترین خاستگاه‌ها برای تولید قهوه‌های متعادل. کشت این قهوه در ارتفاع ۱۵۰۰ متر از سطح دریا انجام شده و شرایط اقلیمی آن باعث رشد تدریجی و متوازن گیلاس‌های قهوه می‌شود. زیرگونه‌های قهوه کلمبیا هویلا شامل تیپیکا و کاتورا هستند؛ ترکیبی کلاسیک با بیان طعمی شفاف، شیرینی ذاتی مناسب و سازگاری با"
Emkan Roastery,دان قهوه امکان اتیوپی هامبلا یک کیلویی – بسته 6 عددی,Ethiopia,Natural,Medium,Whole bean,1000,36375000,3637500.0,,True,قهوه اتیوپی; قهوه اسپرسو; قهوه تک خاستگاه,https://emkan-coffee.com/product/emkan-ethiopia-hambela-6x1kg/,قهوه اتیوپی هامبلا از منطقه گوجی در اتیوپی به‌ دست آمده. منطقه‌ای که سال‌هاست به‌ عنوان یکی از خاستگاه‌های اصلی قهوه تخصصی شناخته می‌شود. این قهوه از اوراگا، در نزدیکی روستای سوکه کودِنسا انتخاب شده است. ارتفاع ۲۲۰۰ تا ۲۳۵۰ متر از سطح دریا، خاک آتشفشانی غنی و آب‌ و هوای کوهستانی شرایطی فراهم می‌کنند که گیلاس‌های قهوه به‌ آرامی برسند، قندهای طبیعی بهتر شکل بگیرند و فنجان نهایی قهوه پیچیده‌تر شود. ا
Emkan Roastery,دان قهوه امکان 101 یک کیلویی – بسته 6 عددی,,,Medium,Whole bean,1000,30264000,3026400.0,,True,قهوه اسپرسو,https://emkan-coffee.com/product/emkan101-6x1kg/,"امکان ۱۰۱ – ورود به دنیای ۱۰۰٪ عربیکا   
  امکان ۱۰۱ گامی‌ جدی در مسیر ترکیب‌های ۱۰۰ ٪ عربیکاست. این ترکیب برای تهیه اسپرسویی شفاف، متعادل و دقیق طراحی شده تا اسیدیته بالاتر و شیرینی طبیعی عربیکا را در فنجان تجربه کنید، بدون آنکه تلخی ربوستا حس شود. این ترکیب، برای اسپرسوسازهای دقیق خانگی و کافه‌های حرفه‌ای مناسب است.    
   پروفایل طعمی   
 
            تلخی: متوسط رو به کم  
            اسیدیته:"
Emkan Roastery,دان قهوه امکان 102 یک کیلویی – بسته 6 عددی,,,Medium,Whole bean,1000,30846000,3084600.0,,True,قهوه اسپرسو,https://emkan-coffee.com/product/emkan102-6x1kg/,"امکان ۱۰۲ – تعادل، تن‌واری غنی و پیچیدگی کنترل‌شده   
  امکان ۱۰۲ گامی تخصصی در مسیر اسپرسوهای ۱۰۰٪ عربیکاست که اسیدیته‌ای شفاف، شیرینی طبیعی و تن‌واری غنی را در فنجان ارائه می‌دهد. این ترکیب برای کسانی طراحی شده که به دنبال پیچیدگی طعمی متعادل و تجربه اسپرسویی حرفه‌ای هستند، بدون آنکه تلخی اضافه‌ای احساس شود. این ترکیب، برای اسپرسوسازهای دقیق خانگی و کافه‌های حرفه‌ای مناسب است و پایداری عصاره‌گیر"
Emkan Roastery,دان قهوه امکان 80 یک کیلویی – بسته 6 عددی,,,Medium,Whole bean,1000,27645000,2764500.0,,True,قهوه اسپرسو,https://emkan-coffee.com/product/emkan80-6x1kg/,"امکان ۸۰ – برای دوستداران  شفافیت طعمی و توازن    
  امکان ۸۰ نقطه‌‌ای میانی در ترکیب‌های ربوستادار کلاسیک و عربیکامحور حرفه‌ای است. با ترکیب ۸۰ ٪ عربیکا و ۲۰ ٪ ربوستا، این اسپرسو متعادل، ماندگار با تجربه‌ای متمایز است. امکان ۸۰ برای مصرف‌کنندگان خانگی و کافه‌هایی با تجهیزات حرفه‌ای، ترکیب مناسب و قابل اعتمادی را ارائه می‌دهد.   
   پروفایل طعمی   
 
            تلخی: متوسط  
            اسیدیته: "
Emkan Roastery,دان قهوه امکان 60 یک کیلویی – بسته 6 عددی,,,Dark,Whole bean,1000,24153000,2415300.0,,True,قهوه اسپرسو,https://emkan-coffee.com/product/emkan60-6x1kg/,"امکان ۶۰ – تعادل میان ربوستا و عربیکا   
  امکان ۶۰، ترکیبی‌ست برای کسانی است که هنوز به اثربخشی کافئین وفادارند، اما خواهان طعمی متعادل‌تر هستند. ترکیب ۶۰٪عربیکا و ۴۰٪ ربوستا، تلخی قابل کنترل، تن‌واری بالا و کرمایی پایدار ارائه می‌دهد. این ترکیب، امکان ۶۰ را برای مصرف روزانه و کافه‌های متوسط تا شلوغ قابل اعتماد می‌کند، بدون اینکه عملکرد پیچیدگی طعمی را به چالش بکشد.   
   پروفایل طعمی   
 
      "
Emkan Roastery,دان قهوه امکان 50 یک کیلویی – بسته 6 عددی,,,Dark,Whole bean,1000,22989000,2298900.0,,True,قهوه اسپرسو,https://emkan-coffee.com/product/emkan50-6x1kg/,"امکان ۵۰ – انتخابی برای دوستداران اسپرسوی کافئین‌محور   
  امکان ۵۰ نماینده‌ کلاسیک قهوه‌های ترکیبی ربوستادار است. این ترکیب برای کسانی طراحی شده که از اسپرسو، تلخی و کافئین بالا انتظار دارند. ترکیب ۵۰٪ عربیکا و ۵۰٪ ربوستا، در کنار تلخی غالب، تن‌واری بالا و کرمای پایدار، ثبات بالایی در عصاره‌گیری نیز فراهم می‌کند. این ترکیب، امکان ۵۰ را به گزینه‌ای قابل اعتماد برای مصرف روزانه و کافه‌های شلوغ تبدی"
Emkan Roastery,قهوه امکان 100 تخصصی کلمبیا هویلا – Colombia Huila,Colombia,Washed,Medium,Whole bean,250.0,1365000,546000.0,,True,قهوه اسپرسو; قهوه تک خاستگاه; قهوه کلمبیا,https://emkan-coffee.com/product/colombia-huila-espresso-roast/,"قهوه کلمبیا هویلا   
  این    قهوه تک‌خاستگاه    از منطقه‌ هویلا در جنوب کلمبیا تهیه شده، یکی از پایدارترین و معتبرترین خاستگاه‌ها برای تولید قهوه‌های متعادل. کشت این قهوه در ارتفاع ۱۵۰۰ متر از سطح دریا انجام شده و شرایط اقلیمی آن باعث رشد تدریجی و متوازن گیلاس‌های قهوه می‌شود. زیرگونه‌های قهوه کلمبیا هویلا شامل تیپیکا و کاتورا هستند؛ ترکیبی کلاسیک با بیان طعمی شفاف، شیرینی ذاتی مناسب و سازگاری با"
Emkan Roastery,قهوه تک‌خاستگاه کلمبیا ماکارنا – Colombia Macarena,Colombia,Washed,Light,,80.0,,,,False,90+; قهوه تک خاستگاه; قهوه دمی; قهوه کلمبیا,https://emkan-coffee.com/product/colombia-macarena/,"در ارتفاعات جنوبی کلمبیا، منطقه‌ کائوکا  (Cauca) ، مزرعه‌ای قرار دارد که نامش بیش از هر چیز با نوآوری در فرآوری قهوه گره خورده است؛ لا ماکارِنا ( La Macarena) ، یکی از مزارع مجموعه‌ بزرگ‌تر گرانجا پارایسو ۹۲ ( Granja Paraíso-92)  به مدیریت ویلتون بنیتز (Wilton Benítez).  
  این مجموعه رویکرد یک مزرعه‌ سنتی را در پی نگرفت چرا که ویلتون بنیتز، تولیدکننده و بنیان‌گذار مجموعه‌ی Granja Paraíso-92، نگاه"
Emkan Roastery,قهوه امکان 100 تخصصی برزیل موگیانا – Brazil Mogiana,Brazil,Natural,Medium,Whole bean,250.0,1503000,601200.0,,True,قهوه اسپرسو; قهوه برزیل; قهوه تک خاستگاه,https://emkan-coffee.com/product/brazil-mogiana/,"از منطقه   
   قهوه برزیل موگیانا از یکی از نواحی شناخته‌شده‌ قهوه‌خیز جنوب‌شرقی برزیل می‌آید؛ منطقه‌ای که نام آن با سابقهٔ طولانی تولید قهوه در برزیل گره خورده است. این قهوه در بخش میناس گرایسِ این محدوده و در ارتفاع ۱۰۰۰ تا ۱۱۰۰ متر از سطح دریا کشت شده است. موگیانا در صنعت قهوه‌ برزیل نامی شناخته‌شده دارد و تولید قهوه در این پهنه، مانند بسیاری از مناطق جنوب‌شرقی کشور، بر پایه‌ کشت گسترده‌ گونه‌ "
Emkan Roastery,قهوه تک‌خاستگاه کلمبیا پالمرا – Colombia Palmera,Colombia,Natural,Light,Whole bean,250.0,,,,False,81-84; قهوه تک خاستگاه; قهوه کلمبیا,https://emkan-coffee.com/product/colombia-palmera/,قهوه‌ پالمِرا از منطقه‌ هویلا در جنوب غربی کلمبیاست؛ یکی از پایدارترین نواحی تولید قهوه تخصصی در این کشور. هویلا با ارتفاعات بالاتر، خاک آتشفشانی غنی و تنوع زیستی بالا، بستر تولید میکرولات‌هایی‌ست که در سال‌های اخیر در بازار جهانی توجه زیادی جلب کرده‌اند. اقلیم این منطقه نیمه‌گرمسیری با رطوبت بالا و اختلاف دمای شب و روز محسوسی‌ست؛ ترکیبی که روند رسیدن میوه را کند کرده و به تمرکز بالاتر قندها در گی
Emkan Roastery,قهوه امکان 102,,,Medium,Whole bean,250.0,1340000,536000.0,,True,قهوه اسپرسو,https://emkan-coffee.com/product/emkan102/,"امکان ۱۰۲ – تعادل، تن‌واری غنی و پیچیدگی کنترل‌شده   
   امکان ۱۰۲ گامی تخصصی در مسیر اسپرسوهای ۱۰۰٪ عربیکاست که اسیدیته‌ای شفاف، شیرینی طبیعی و تن‌واری غنی را در فنجان ارائه می‌دهد. این ترکیب برای کسانی طراحی شده که به دنبال پیچیدگی طعمی متعادل و تجربه اسپرسویی حرفه‌ای هستند، بدون آنکه تلخی اضافه‌ای احساس شود.   این ترکیب، برای اسپرسوسازهای دقیق خانگی و کافه‌های حرفه‌ای مناسب است و پایداری عصاره‌"
Emkan Roastery,قهوه امکان 101,,,Medium,Whole bean,250.0,1315000,526000.0,,True,قهوه اسپرسو,https://emkan-coffee.com/product/emkan101/,"امکان ۱۰۱ – ورود به دنیای ۱۰۰٪ عربیکا   
   امکان ۱۰۱ گامی‌ جدی در مسیر ترکیب‌های ۱۰۰ ٪ عربیکاست. این ترکیب برای تهیه اسپرسویی شفاف، متعادل و دقیق طراحی شده تا اسیدیته بالاتر و شیرینی طبیعی عربیکا را در فنجان تجربه کنید، بدون آنکه تلخی ربوستا حس شود.   این ترکیب، برای اسپرسوسازهای دقیق خانگی و کافه‌های حرفه‌ای مناسب است.     
   پروفایل طعمی   
 
             تلخی: متوسط رو به کم  
             اس"
Emkan Roastery,قهوه امکان 100 تخصصی اتیوپی هامبلا – Ethiopia Hambela,Ethiopia,Natural,Medium,Whole bean,250.0,1578000,631200.0,,True,قهوه اتیوپی; قهوه اسپرسو; قهوه تک خاستگاه,https://emkan-coffee.com/product/ethiopia-hambela-espresso-roast/,قهوه اتیوپی هامبلا از منطقه گوجی در اتیوپی به‌ دست آمده. منطقه‌ای که سال‌هاست به‌ عنوان یکی از خاستگاه‌های اصلی قهوه تخصصی شناخته می‌شود. این قهوه از اوراگا، در نزدیکی روستای سوکه کودِنسا انتخاب شده است. ارتفاع ۲۲۰۰ تا ۲۳۵۰ متر از سطح دریا، خاک آتشفشانی غنی و آب‌ و هوای کوهستانی شرایطی فراهم می‌کنند که گیلاس‌های قهوه به‌ آرامی برسند، قندهای طبیعی بهتر شکل بگیرند و فنجان نهایی قهوه پیچیده‌تر شود. ا
Emkan Roastery,دمنوش میوه‌ قهوه کاسکارا,Yemen,Natural,,,100.0,1200000,1200000.0,,True,دیگر قهوه ها,https://emkan-coffee.com/product/cascara/,"کاسکارا  در اسپانیایی به معنی پوست، غلاف یا پوسته است. در این‌جا منظور پوسته‌ی خشک شده‌ی میوه گیلاسی قهوه است. بعد از جدا کردن دانه‌ی قهوه از میوه‌ی گیلاسی پوسته‌ها را جمع و زیر نور آفتاب خشک می‌کنند. تکه‌های خشک کاسکارا نسبتا بزرگ‌ هستند و ظاهری شبیه کشمش یا پوست آجیل دارند و بعضی‌ها می‌گویند شبیه تکه‌های چرم یا چوب هستند.  
  یکی از مهم‌ترین نکاتی که طرفداران کاسکارا به آن اشاره می‌کنند این است "
Emkan Roastery,قهوه امکان 50,,,Dark,Whole bean,250.0,1003000,401200.0,,True,قهوه اسپرسو,https://emkan-coffee.com/product/emkan50/,"امکان ۵۰ – انتخابی برای دوستداران اسپرسوی کافئین‌محور   
   امکان ۵۰ نماینده‌ کلاسیک قهوه‌های ترکیبی ربوستادار است. این ترکیب برای کسانی طراحی شده که از اسپرسو، تلخی و کافئین بالا انتظار دارند. ترکیب ۵۰٪ عربیکا و ۵۰٪ ربوستا، در کنار تلخی غالب، تن‌واری بالا و کرمای پایدار، ثبات بالایی در عصاره‌گیری نیز فراهم می‌کند.   این ترکیب، امکان ۵۰ را به گزینه‌ای قابل اعتماد برای مصرف روزانه و کافه‌های شلوغ ت"
Emkan Roastery,قهوه تک خاستگاه کلمبیا هویلا &#8211; Colombia Huila,Colombia,Washed,Medium,Whole bean,250.0,1365000,546000.0,,True,-80; قهوه تک خاستگاه; قهوه دمی; قهوه کلمبیا,https://emkan-coffee.com/product/colombia-huila/,"کلمبیا  سومین تولید کننده قهوه در دنیا می‌باشد که با قهوه‌هایی باکیفیت و متنوع در دنیا شناخته می‌شود. قهوه‌هایی که فرقی نمی‌کند کاراکتری شکلاتی با تن‌واری سنگین یا   اسیدیته‌ی   سرزنده‌ی میوه‌ای داشته باشند؛ به‌دلیل شرایط مناسب جغرافیایی کیفیت قهوه‌های کلمبیا معمولا شما را شگفت‌زده می‌کند.   
     قهوه تک خاستگاه کلمبیا هویلا   در ارتفاع ۱۵۰۰ متری از سطح دریا در منطقه‌ی هویلا در کلمبیا واقع شده اس"
Emkan Roastery,قهوه امکان 80,,,Medium,Whole bean,250.0,1203000,481200.0,,True,قهوه اسپرسو,https://emkan-coffee.com/product/emkan80/,"امکان ۸۰ – برای دوستداران  شفافیت طعمی و توازن      
  امکان ۸۰ نقطه‌‌ای میانی در ترکیب‌های ربوستادار کلاسیک و عربیکامحور حرفه‌ای است. با ترکیب ۸۰ ٪ عربیکا و ۲۰ ٪ ربوستا، این اسپرسو متعادل، ماندگار با تجربه‌ای متمایز است.   امکان ۸۰ برای مصرف‌کنندگان خانگی و کافه‌هایی با تجهیزات حرفه‌ای، ترکیب مناسب و قابل اعتمادی را ارائه می‌دهد.   
   پروفایل طعمی   
 
             تلخی: متوسط  
             اسی"
Emkan Roastery,قهوه امکان ۶۰,,,Dark,Whole bean,250.0,1053000,421200.0,,True,قهوه اسپرسو,https://emkan-coffee.com/product/emkan60/,"امکان ۶۰ – تعادل میان ربوستا و عربیکا   
   امکان ۶۰، ترکیبی‌ست برای کسانی است که هنوز به اثربخشی کافئین وفادارند، اما خواهان طعمی متعادل‌تر هستند. ترکیب ۶۰٪عربیکا و ۴۰٪ ربوستا، تلخی قابل کنترل، تن‌واری بالا و کرمایی پایدار ارائه می‌دهد.   این ترکیب، امکان ۶۰ را برای مصرف روزانه و کافه‌های متوسط تا شلوغ قابل اعتماد می‌کند، بدون اینکه عملکرد پیچیدگی طعمی را به چالش بکشد.      
   پروفایل طعمی   
 
"
Emkan Roastery,قهوه صبحانه امکان,,,Medium,Whole bean,250.0,1340000,536000.0,,True,قهوه اسپرسو; قهوه دمی,https://emkan-coffee.com/product/emkan-breakfast/,بسیاری از قهوه‌نوش‌ها طعم قهوه‌ی   عربیکا   را به   روبوستا   ترجیح می‌دهند اما دوست‌ دارند قهوه‌شان   اسیدیته   (ترشی) کم‌تری داشته باشد. به‌همین‌منظور  ترکیب صبحانه  را به سبد محصولات‌مان اضافه کردیم.   قهوه صبحانه امکان  ، قهوه‌ای از آمریکای جنوبی که بهترین طعمش را در روش‌های دم‌آوری دریافت خواهید کرد. این قهوه را می‌توان قهوه‌ای ملایم با تن‌واری متوسط،   اسیدیته‌ی   کم، تلخی متوسط و   طعم‌یاد‌
Emkan Roastery,قهوه ترک امکان,,,Light,,250.0,815000,326000.0,,True,قهوه ترک,https://emkan-coffee.com/product/emkan-turkish/,"قهوه‌ ایبریک یا همان   قهوه ترک   خودمان که درون ظرفی به نام   جذوه   دم می‌شود، احتمالا قدمتی به بلندای تاریخ قهوه‌نوشی دارد. بر سر خاستگاهش همیشه بحث و جدل بوده است؛   اتیوپی  ، مصر، ترکیه یا جایی دیگر در همین حوالی. قهوه‌ ایبریک در قرن ۱۵ میلادی در امپراتوری عثمانی رواج داشت و در قرن ۱۶ به اروپا راه یافت.    
  قهوه ترک به‌طور ساده با آب دم‌آوری می‌شود اما استفاده از شکر، انواع ادویه‌ها و شیر ب"
Emkan Roastery,قهوه بدون کافئین,Colombia,,Medium,Whole bean,,,,,False,قهوه بدون کافئین,https://emkan-coffee.com/product/emkan-decaf/,"قهوه‌ی بدون کافئین    شاید برای خیلی‌ها شوخی باشد اما میل شدید به قهوه نوشی برای آن دسته از قهوه‌نوشانی که به‌دلایل مختلف باید از ورود کافئین به بدن‌شان اجتناب کنند، اصلا شوخی نیست.   
  اما جالب است بدانید برخلاف نامی که یدک می‌کشد، این قهوه هرچند جزئی اما حاوی میزانی  کافئین  است؛ برای این‌که یک قهوه‌ بدون کافئین به‌حساب بیاید بخش اعظم کافئینش باید زدوده شود و این میزان طبق استاندارد‌های مختلف، "
Vaka Coffee,دان قهوه عربیکا اندونزی,Indonesia,,Medium,Whole bean,250.0,1300000,520000.0,,True,قهوه اسپرسو; قهوه دمی; قهوه عربیکا; قهوه فرانسه,https://vakacoffee.com/product/indonesia-arabica/,"آشنایی با قهوه عربیکا اندونزی 
 قهوه عربیکا اندونزی یکی از خاص‌ترین و محبوب‌ترین قهوه‌های جهان است که به دلیل شرایط اقلیمی منحصربه‌فرد، خاک آتشفشانی حاصلخیز و روش‌های فرآوری ویژه، شخصیت طعمی متفاوتی نسبت به بسیاری از قهوه‌های عربیکا دارد. اگر به دنبال فنجانی با بادی مناسب، اسیدیته متعادل، عطر دلنشین و طعمی ماندگار هستید، قهوه عربیکا اندونزی می‌تواند انتخابی ایده‌آل برای شما باشد. 
دانه‌های قهوه ان"
Vaka Coffee,دان قهو روبوستا ویتنام,Vietnam,,Medium,Whole bean,250.0,701250,280500.0,,False,قهوه اسپرسو; قهوه دمی; قهوه روبوستا; قهوه فرانسه,https://vakacoffee.com/product/%d8%af%d8%a7%d9%86-%d9%82%d9%87%d9%88-%d8%b1%d9%88%d8%a8%d9%88%d8%b3%d8%aa%d8%a7-%d9%88%db%8c%d8%aa%d9%86%d8%a7%d9%85/,
Vaka Coffee,دان قهوه روبوستا اندونزی,Indonesia,,Medium,Whole bean,250.0,775000,310000.0,,False,قهوه اسپرسو; قهوه دمی; قهوه روبوستا; قهوه فرانسه,https://vakacoffee.com/product/%d8%af%d8%a7%d9%86-%d9%82%d9%87%d9%88%d9%87-%d8%b1%d9%88%d8%a8%d9%88%d8%b3%d8%aa%d8%a7-%d8%a7%d9%86%d8%af%d9%88%d9%86%d8%b2%db%8c/,
Vaka Coffee,قهوه ویژه باشگاه,,,Medium,Whole bean,250.0,1136750,454700.0,,True,قهوه سبک زندگی,https://vakacoffee.com/product/%d9%82%d9%87%d9%88%d9%87-%d9%88%db%8c%da%98%d9%87-%d8%a8%d8%a7%d8%b4%da%af%d8%a7%d9%87/,"قهوه ویژه باشگاه رو طوری در نظر گرفتیم که مناسب تمرین‌های سخت و طاقت فرسا باشه.😵‍💫💪🏼 
 پس پیشنهاد ما اینه که میزان کافیین بالا رو انتخاب کنید. 
 لاین عربیکا و روبوستا این قهوه‌ها از بهترین و پرطرفدارترین لاین‌های قهوه واکا انتخاب میشن. پس خیالتون از نظر عطر و طعم راحت باشه. 
 امیدواریم با نوشیدن این قهوه سختی تمزین‌ها به راحتی آب خوردن بشه براتون.🔥✌️"
Vaka Coffee,قهوه ویژه گیمرها,,,Medium,Whole bean,250.0,1136750,454700.0,,True,قهوه سبک زندگی,https://vakacoffee.com/product/%d9%82%d9%87%d9%88%d9%87-%d9%88%db%8c%da%98%d9%87-%da%af%db%8c%d9%85%d8%b1%d9%87%d8%a7/,"قهوه ویژه گیمرها رو طوری در نظر گرفتیم که مناسب شبهایی که تا صبح بیدار می‌مونین باشه.😵‍💫🎮 
 پس پیشنهاد ما اینه که میزان کافیین بالا رو انتخاب کنید. 
 لاین عربیکا و روبوستا این قهوه‌ها از بهترین و پرطرفدارترین لاین‌های قهوه واکا انتخاب میشن. 
 پس خیالتون از نظر عطر و طعم راحت باشه. امیدواریم با نوشیدن این قهوه حریفو رنده کنین.🔥✌️"
Vaka Coffee,قهوه ویژه رانندگان,,,Medium,Whole bean,250.0,1136750,454700.0,,True,قهوه سبک زندگی,https://vakacoffee.com/product/%d9%82%d9%87%d9%88%d9%87-%d9%88%db%8c%da%98%d9%87-%d8%b1%d8%a7%d9%86%d9%86%d8%af%da%af%d8%a7%d9%86/,"قهوه ویژه رانندگان رو طوری در نظر گرفتیم که مناسب شبهایی که تا صبح رانندگی می‌کنین باشه.😵‍💫🚗 
 پس پیشنهاد ما اینه که میزان کافیین بالا رو انتخاب کنید. 
 لاین عربیکا و روبوستا این قهوه‌ها از بهترین و پرطرفدارترین لاین‌های قهوه واکا انتخاب میشن. 
 پس خیالتون از نظر عطر و طعم راحت باشه. امیدواریم با نوشیدن این قهوه رانندگی امنی داشته باشید.🔥✌️"
Vaka Coffee,قهوه ویژه طراحان,,,Medium,Whole bean,250.0,1136750,454700.0,,True,قهوه سبک زندگی,https://vakacoffee.com/product/%d9%82%d9%87%d9%88%d9%87-%d9%88%db%8c%da%98%d9%87-%d8%b7%d8%b1%d8%a7%d8%ad%d8%a7%d9%86/,"قهوه ویژه طراحان‌رو طوری در نظر گرفتیم که مناسب شبهایی که تا صبح طراحی می‌کنید باشه.😵‍💫💻 
 پس پیشنهاد ما اینه که میزان کافیین بالا رو انتخاب کنید. 
 لاین عربیکا و روبوستا این قهوه‌ها از بهترین و پرطرفدارترین لاین‌های قهوه واکا انتخاب میشن. پس خیالتون از نظر عطر و طعم راحت باشه. 
 امیدواریم با نوشیدن این قهوه طراحی‌های خفنی انجام بدید.🔥✌️"
Vaka Coffee,قهوه ویژه کادر پرواز,Peru,,Medium,Whole bean,250.0,1136750,454700.0,,True,قهوه سبک زندگی,https://vakacoffee.com/product/%d9%82%d9%87%d9%88%d9%87-%d9%88%db%8c%da%98%d9%87-%da%a9%d8%a7%d8%af%d8%b1-%d9%be%d8%b1%d9%88%d8%a7%d8%b2/,"قهوه ویژه کادر پرواز رو طوری در نظر گرفتیم که مناسب زمان‌های طولانی که در پرواز هستید باشه.😵‍💫✈️ 
 پس پیشنهاد ما اینه که میزان کافیین بالا رو انتخاب کنید. 
 لاین عربیکا و روبوستا این قهوه‌ها از بهترین و پرطرفدارترین لاین‌های قهوه واکا انتخاب میشن. پس خیالتون از نظر عطر و طعم راحت باشه. 
 امیدواریم با نوشیدن این قهوه پرواز امنی داشته باشید.🔥✌️"
Vaka Coffee,قهوه ویژه کادر درمان,,,Medium,Whole bean,250.0,1136750,454700.0,,True,قهوه سبک زندگی,https://vakacoffee.com/product/%d9%82%d9%87%d9%88%d9%87-%d9%88%db%8c%da%98%d9%87-%da%a9%d8%a7%d8%af%d8%b1-%d8%af%d8%b1%d9%85%d8%a7%d9%86/,"قهوه ویژه کادر درمان رو طوری در نظر گرفتیم که مناسب شیفت‌های طولانی شما باشه.😵‍💫🏥 
 پس پیشنهاد ما اینه که میزان کافیین بالا رو انتخاب کنید. 
 لاین عربیکا و روبوستا این قهوه‌ها از بهترین و پرطرفدارترین لاین‌های قهوه واکا انتخاب میشن. پس خیالتون از نظر عطر و طعم راحت باشه. 
 امیدواریم با نوشیدن این قهوه پر قدرت کارتون رو پیش ببرید.🔥✌️"
Vaka Coffee,قهوه ویژه فیلم بازها,,,Medium,Whole bean,250.0,1136750,454700.0,,True,قهوه سبک زندگی,https://vakacoffee.com/product/%d9%82%d9%87%d9%88%d9%87-%d9%88%db%8c%da%98%d9%87-%d9%81%db%8c%d9%84%d9%85-%d8%a8%d8%a7%d8%b2%d9%87%d8%a7/,"قهوه ویژه فیلم‌بازها رو طوری در نظر گرفتیم که مناسب شبهایی که تا صبح بیدار می‌مونین باشه.😵‍💫🎬 
 پس پیشنهاد ما اینه که میزان کافیین بالا رو انتخاب کنید. 
 لاین عربیکا و روبوستا این قهوه‌ها از بهترین و پرطرفدارترین لاین‌های قهوه واکا انتخاب میشن.پس خیالتون از نظر عطر و طعم راحت باشه. 
 امیدواریم با نوشیدن این قهوه زمان خوشی رو با دیدن فیلم و سریال‌های موردعلاقتون سپری کنید.🔥✌️"
Vaka Coffee,قهوه ویژه برنامه نویسان,,,Medium,Whole bean,250.0,1136750,454700.0,,True,قهوه سبک زندگی,https://vakacoffee.com/product/%d9%82%d9%87%d9%88%d9%87-%d9%88%db%8c%da%98%d9%87-%d8%a8%d8%b1%d9%86%d8%a7%d9%85%d9%87-%d9%86%d9%88%db%8c%d8%b3%d8%a7%d9%86/,"قهوه ویژه برنامه نویسان رو طوری در نظر گرفتیم که مناسب شبهایی که تا صبح کد میزنین باشه.😵‍💫👨🏻‍💻 
 پس پیشنهاد ما اینه که میزان کافیین بالا رو انتخاب کنید. 
 لاین عربیکا و روبوستا این قهوه‌ها از بهترین و پرطرفدارترین لاین‌های قهوه واکا انتخاب میشن. پس خیالتون از نظر عطر و طعم راحت باشه. 
 امیدواریم با نوشیدن این قهوه حسابی بترکونید.🔥✌️"
Vaka Coffee,قهوه ویژه شب,,,Medium,Whole bean,250.0,1136750,454700.0,,True,قهوه سبک زندگی,https://vakacoffee.com/product/%d9%82%d9%87%d9%88%d9%87-%d9%88%db%8c%da%98%d9%87-%d8%b4%d8%a8/,"قهوه ویژه شب رو طوری در نظر گرفتیم که شب‌ها هم بتونید از لذت خوردن قهوه بهرمند بشید.😵‍💫😴 
 پس پیشنهاد ما اینه که میزان کافیین پایین رو انتخاب کنید. 
 لاین عربیکا و روبوستا این قهوه‌ها از بهترین و پرطرفدارترین لاین‌های قهوه واکا انتخاب میشن. پس خیالتون از نظر عطر و طعم راحت باشه. 
 امیدواریم با نوشیدن این قهوه شب آرومی داشته باشید.🔥✌️"
Vaka Coffee,قهوه ویژه صبح,,,Medium,Whole bean,250.0,1042000,416800.0,,True,قهوه سبک زندگی,https://vakacoffee.com/product/%d9%82%d9%87%d9%88%d9%87-%d9%88%db%8c%da%98%d9%87-%d8%b5%d8%a8%d8%ad/,"قهوه ویژه صبح رو طوری در نظر گرفتیم که روزهاتون رو پر انرژی شروع کنید.😵‍💫☀️ 
 پس پیشنهاد ما اینه که میزان کافیین بالا رو انتخاب کنید. 
 لاین عربیکا و روبوستا این قهوه‌ها از بهترین و پرطرفدارترین لاین‌های قهوه واکا انتخاب میشن. پس خیالتون از نظر عطر و طعم راحت باشه. 
 امیدواریم با نوشیدن این قهوه روز پر قدرتی داشته باشید.🔥✌️"
Vaka Coffee,قهوه ویژه آتش نشانان,,,Medium,Whole bean,250.0,1136750,454700.0,,True,قهوه سبک زندگی,https://vakacoffee.com/product/%d9%82%d9%87%d9%88%d9%87-%d9%88%db%8c%da%98%d9%87-%d8%a2%d8%aa%d8%b4-%d9%86%d8%b4%d8%a7%d9%86%d8%a7%d9%86/,"قهوه ویژه آتش نشان‌ها رو طوری در نظر گرفتیم که مناسب شیفت‌های سنگین و سختتون باشه.😵‍💫👨🏼‍🚒 
 پس پیشنهاد ما اینه که میزان کافیین بالا رو انتخاب کنید. 
 لاین عربیکا و روبوستا این قهوه‌ها از بهترین و پرطرفدارترین لاین‌های قهوه واکا انتخاب میشن. پس خیالتون از نظر عطر و طعم راحت باشه. 
 امیدواریم با نوشیدن این قهوه همه خطرها رو پشت سر بذارید.🔥✌️"
Vaka Coffee,قهوه ویژه سفر,,,Medium,Whole bean,250.0,1136750,454700.0,,True,قهوه سبک زندگی,https://vakacoffee.com/product/%d9%82%d9%87%d9%88%d9%87-%d9%88%db%8c%da%98%d9%87-%d8%b3%d9%81%d8%b1/,"قهوه ویژه سفر رو طوری در نظر گرفتیم که مناسب سفرهای طولانی مدت باشه.😵‍💫🧳 
 پس پیشنهاد ما اینه که میزان کافیین بالا رو انتخاب کنید. 
 لاین عربیکا و روبوستا این قهوه‌ها از بهترین و پرطرفدارترین لاین‌های قهوه واکا انتخاب میشن. پس خیالتون از نظر عطر و طعم راحت باشه. 
 امیدواریم با نوشیدن این قهوه هیجان سفر براتون چند برابر بشه.🔥✌️"
Vaka Coffee,قهوه ویژه نگهبانان,,,Medium,Whole bean,250.0,1042000,416800.0,,True,قهوه سبک زندگی,https://vakacoffee.com/product/%d9%82%d9%87%d9%88%d9%87-%d9%88%db%8c%da%98%d9%87-%d9%86%da%af%d9%87%d8%a8%d8%a7%d9%86%d8%a7%d9%86/,"قهوه ویژه نگهابانان رو طوری در نظر گرفتیم که مناسب شبهایی که تا صبح بیدار می‌مونین باشه.😵‍💫👮🏻 
 پس پیشنهاد ما اینه که میزان کافیین بالا رو انتخاب کنید. 
 لاین عربیکا و روبوستا این قهوه‌ها از بهترین و پرطرفدارترین لاین‌های قهوه واکا انتخاب میشن. پس خیالتون از نظر عطر و طعم راحت باشه. 
 امیدواریم با نوشیدن این قهوه انرژیتون برای انجام کار حسابی بالا بره.🔥✌️"
Vaka Coffee,قهوه ویژه کارمندان,,,Medium,Whole bean,250.0,1042000,416800.0,,True,قهوه سبک زندگی,https://vakacoffee.com/product/%d9%82%d9%87%d9%88%d9%87-%d9%88%db%8c%da%98%d9%87-%da%a9%d8%a7%d8%b1%d9%85%d9%86%d8%af%d8%a7%d9%86/,"قهوه ویژه کارمندان رو طوری در نظر گرفتیم که مناسب روزهایی که حجم کاری سنگینی دارید باشه.😵‍💫🧑🏻‍💼 
 پس پیشنهاد ما اینه که میزان کافیین بالا رو انتخاب کنید. 
 لاین عربیکا و روبوستا این قهوه‌ها از بهترین و پرطرفدارترین لاین‌های قهوه واکا انتخاب میشن. پس خیالتون از نظر عطر و طعم راحت باشه. 
 امیدواریم با نوشیدن این قهوه خستگی کار از تنتون در بره.🔥✌️"
Vaka Coffee,قهوه ویژه شب امتحان,,,Medium,Whole bean,250.0,1136750,454700.0,,True,قهوه سبک زندگی,https://vakacoffee.com/product/%d9%82%d9%87%d9%88%d9%87-%d9%88%db%8c%da%98%d9%87-%d8%b4%d8%a8-%d8%a7%d9%85%d8%aa%d8%ad%d8%a7%d9%86/,"قهوه ویژه شب امتحان رو طوری در نظر گرفتیم که مناسب شبهایی که تا صبح بیدار می‌مونین باشه.😵‍💫📚 
 پس پیشنهاد ما اینه که میزان کافیین بالا رو انتخاب کنید. 
 لاین عربیکا و روبوستا این قهوه‌ها از بهترین و پرطرفدارترین لاین‌های قهوه واکا انتخاب میشن. پس خیالتون از نظر عطر و طعم راحت باشه. 
 امیدواریم با نوشیدن این قهوه هیچ امتحانی براتون سخت نباشه.🔥✌️"
Vaka Coffee,قهوه ویژه ورزشکاران,,,Medium,Whole bean,250.0,1136750,454700.0,,True,قهوه سبک زندگی,https://vakacoffee.com/product/%d9%82%d9%87%d9%88%d9%87-%d9%88%db%8c%da%98%d9%87-%d9%88%d8%b1%d8%b2%d8%b4%da%a9%d8%a7%d8%b1%d8%a7%d9%86/,"قهوه ویژه ورزشکارها رو طوری در نظر گرفتیم که مناسب تمرین‌های سخت و طاقت فرسا باشه.😵‍💫💪🏼 
 پس پیشنهاد ما اینه که میزان کافیین بالا رو انتخاب کنید. 
 لاین عربیکا و روبوستا این قهوه‌ها از بهترین و پرطرفدارترین لاین‌های قهوه واکا انتخاب میشن. پس خیالتون از نظر عطر و طعم راحت باشه. 
 امیدواریم با نوشیدن این قهوه حریفو بترکونید.🔥✌️"
Vaka Coffee,قهوه ویژه خانواده,,,Medium,Whole bean,250.0,1136750,454700.0,,True,قهوه سبک زندگی,https://vakacoffee.com/product/%d9%82%d9%87%d9%88%d9%87-%d9%88%db%8c%da%98%d9%87-%d8%ae%d8%a7%d9%86%d9%88%d8%a7%d8%af%d9%87/,"قهوه ویژه خانواده رو طوری در نظر گرفتیم که مناسب جمع‌های خانوادگی شما باشه.😵‍💫👪🏻 
 پس پیشنهاد ما اینه که میزان کافیین پایین رو انتخاب کنید. 
 لاین عربیکا و روبوستا این قهوه‌ها از بهترین و پرطرفدارترین لاین‌های قهوه واکا انتخاب میشن. پس خیالتون از نظر عطر و طعم راحت باشه. 
 امیدواریم با نوشیدن این قهوه لذت بودن در کنار خانواده براتون چند برابر بشه.🔥✌️"
Vaka Coffee,قهوه ویژه عشاق,,,Medium,Whole bean,250.0,1136750,454700.0,,True,قهوه سبک زندگی,https://vakacoffee.com/product/%d9%82%d9%87%d9%88%d9%87-%d9%88%db%8c%da%98%d9%87-%d8%b9%d8%b4%d8%a7%d9%82/,"قهوه ویژه عشاق مناسب‌ترین هدیه برای ابراز عشق.😵‍💫💝 
 پس پیشنهاد ما اینه که میزان کافیین پایین رو انتخاب کنید. 
 لاین عربیکا و روبوستا این قهوه‌ها از بهترین و پرطرفدارترین لاین‌های قهوه واکا انتخاب میشن. پس خیالتون از نظر عطر و طعم راحت باشه. 
 امیدواریم با نوشیدن این قهوه زندگیتون سرشار از عشق باشه.🔥✌️"
Vaka Coffee,قهوه ویژه دانشجویان,,,Medium,Whole bean,250.0,1136750,454700.0,,True,قهوه سبک زندگی,https://vakacoffee.com/product/%d9%82%d9%87%d9%88%d9%87-%d9%88%db%8c%da%98%d9%87-%d8%af%d8%a7%d9%86%d8%b4%d8%ac%d9%88%db%8c%d8%a7%d9%86/,"قهوه ویژه دانشجویان رو طوری در نظر گرفتیم که مناسب شبهایی که تا صبح بیدار می‌مونین باشه.😵‍💫👩🏽‍🎓 
 پس پیشنهاد ما اینه که میزان کافیین بالا رو انتخاب کنید. 
 لاین عربیکا و روبوستا این قهوه‌ها از بهترین و پرطرفدارترین لاین‌های قهوه واکا انتخاب میشن. پس خیالتون از نظر عطر و طعم راحت باشه. 
 امیدواریم با نوشیدن این قهوه پروژه های دانشگاهی رو پرقدرت انجام بدید.🔥✌️"
Vaka Coffee,قهوه ویژه بازاریان,,,Medium,Whole bean,250.0,1136750,454700.0,,True,قهوه سبک زندگی,https://vakacoffee.com/product/%d9%82%d9%87%d9%88%d9%87-%d9%88%db%8c%da%98%d9%87-%d8%a8%d8%a7%d8%b2%d8%a7%d8%b1%db%8c%d8%a7%d9%86/,"قهوه ویژه بازاری‌ها رو طوری در نظر گرفتیم که بتونید با ذهن بازتر کسب و کارتون رو پیش ببرید.😵‍💫💸 
 پس پیشنهاد ما اینه که میزان کافیین متوسط رو انتخاب کنید. 
 لاین عربیکا و روبوستا این قهوه‌ها از بهترین و پرطرفدارترین لاین‌های قهوه واکا انتخاب میشن. پس خیالتون از نظر عطر و طعم راحت باشه. 
 امیدواریم با نوشیدن این قهوه کسب وکارتون پر رونق باشه.🔥✌️"
Vaka Coffee,قهوه ویژه دودی‌ها,,,Medium,Whole bean,250.0,1136750,454700.0,,True,قهوه سبک زندگی,https://vakacoffee.com/product/%d9%82%d9%87%d9%88%d9%87-%d9%88%db%8c%da%98%d9%87-%d8%af%d9%88%d8%af%db%8c%d9%87%d8%a7/,"قهوه ویژه دودی‌ها رو طوری در نظر گرفتیم که مناسب شبهایی که تا صبح بیدار می‌مونین باشه.😵‍💫🚬 
 پس پیشنهاد ما اینه که میزان کافیین بالا رو انتخاب کنید. 
 لاین عربیکا و روبوستا این قهوه‌ها از بهترین و پرطرفدارترین لاین‌های قهوه واکا انتخاب میشن. پس خیالتون از نظر عطر و طعم راحت باشه. 
 امیدواریم با نوشیدن این قهوه لحظات لذت بخشی رو تجربه کنید.🔥✌️"
Vaka Coffee,قهوه ویژه هنرمندان,,,Medium,Whole bean,250.0,1136750,454700.0,,True,قهوه سبک زندگی,https://vakacoffee.com/product/%d9%82%d9%87%d9%88%d9%87-%d9%88%db%8c%da%98%d9%87-%d9%87%d9%86%d8%b1%d9%85%d9%86%d8%af%d8%a7%d9%86/,"قهوه ویژه هنرمندان رو طوری در نظر گرفتیم که مناسب شبهایی که تا صبح بیدار می‌مونین باشه.😵‍💫👩🏻‍🎨 
 پس پیشنهاد ما اینه که میزان کافیین بالا رو انتخاب کنید. 
 لاین عربیکا و روبوستا این قهوه‌ها از بهترین و پرطرفدارترین لاین‌های قهوه واکا انتخاب میشن. پس خیالتون از نظر عطر و طعم راحت باشه. 
 امیدواریم با نوشیدن این قهوه هنر ماندگاری رو رقم بزنید.🔥✌️"
Vaka Coffee,قهوه ویژه رئیس‌ها,,,Medium,Whole bean,250.0,1136750,454700.0,,True,قهوه سبک زندگی,https://vakacoffee.com/product/%d9%82%d9%87%d9%88%d9%87-%d9%88%db%8c%da%98%d9%87-%d8%b1%d8%a6%db%8c%d8%b3%d9%87%d8%a7/,"قهوه ویژه رئیس‌ها رو طوری در نظر گرفتیم که مناسب زمان‌هایی که حجم کاری بالایی دارید باشه.😵‍💫🧑🏻‍💼 
 پس پیشنهاد ما اینه که میزان کافیین بالا رو انتخاب کنید. 
 لاین عربیکا و روبوستا این قهوه‌ها از بهترین و پرطرفدارترین لاین‌های قهوه واکا انتخاب میشن. پس خیالتون از نظر عطر و طعم راحت باشه. 
 امیدواریم با نوشیدن این قهوه کسب و کارتون رو پر قدرت اداره کنید.🔥✌️ 
 &nbsp;"
Vaka Coffee,کارت هدیه نیم میلیونی واکا,,,,,,450000,,,False,واکا کارت,https://vakacoffee.com/product/%da%a9%d8%a7%d8%b1%d8%aa-%d9%87%d8%af%db%8c%d9%87-%d9%86%db%8c%d9%85-%d9%85%db%8c%d9%84%db%8c%d9%88%d9%86%db%8c-%d9%88%d8%a7%da%a9%d8%a7/,"واکا کارت نیم میلیون تومانی! 
 
  500.000 تومان اعتبار خرید فقط از سایت قهوه واکا  
  بدون محدودیت تاریخ و تعداد دفعات استفاده  
  بهترین هدیه برای عاشقان قهوه  
  ارسال رایگان به ایران  
  امکان خرید قسطی بدون کارمزد با انتخاب درگاه اسنپ‌پی  
  قابل استفاده برای تمامی محصولات سایت  
 
 کارت به صورت فیزیکی و با بسته‌بندی زیبا برای شما ارسال می‌شود. هم‌چنین کد اعتبار در حساب کاربری شما و در سفارش م"
Vaka Coffee,کارت هدیه 1 میلیونی واکا,,,,,,930000,,,False,واکا کارت,https://vakacoffee.com/product/%da%a9%d8%a7%d8%b1%d8%aa-%d9%87%d8%af%db%8c%d9%87-1-%d9%85%db%8c%d9%84%db%8c%d9%88%d9%86%db%8c-%d9%88%d8%a7%da%a9%d8%a7/,"واکا کارت 1 میلیون تومانی! 
 
  1.000.000 تومان اعتبار خرید فقط از سایت قهوه واکا  
  بدون محدودیت تاریخ و تعداد دفعات استفاده  
  بهترین هدیه برای عاشقان قهوه  
  ارسال رایگان به ایران  
  امکان خرید قسطی بدون کارمزد با انتخاب درگاه اسنپ‌پی  
  قابل استفاده برای تمامی محصولات سایت  
 
 کارت به صورت فیزیکی و با بسته‌بندی زیبا برای شما ارسال می‌شود. هم‌چنین کد اعتبار در حساب کاربری شما و در سفارش م"
Vaka Coffee,کارت هدیه 3 میلیونی واکا,,,,,,2600000,,,False,واکا کارت,https://vakacoffee.com/product/%da%a9%d8%a7%d8%b1%d8%aa-%d9%87%d8%af%db%8c%d9%87-3-%d9%85%db%8c%d9%84%db%8c%d9%88%d9%86%db%8c-%d9%88%d8%a7%da%a9%d8%a7/,"واکا کارت 3 میلیون تومانی! 
 
  3.000.000 تومان اعتبار خرید فقط از سایت قهوه واکا  
  بدون محدودیت تاریخ و تعداد دفعات استفاده  
  بهترین هدیه برای عاشقان قهوه  
  ارسال رایگان به ایران  
  امکان خرید قسطی بدون کارمزد با انتخاب درگاه اسنپ‌پی  
  قابل استفاده برای تمامی محصولات سایت  
 
 کارت به صورت فیزیکی و با بسته‌بندی زیبا برای شما ارسال می‌شود. هم‌چنین کد اعتبار در حساب کاربری شما و در سفارش م"
Vaka Coffee,کارت هدیه 5 میلیونی واکا,,,,,,4500000,,,False,واکا کارت,https://vakacoffee.com/product/%da%a9%d8%a7%d8%b1%d8%aa-%d9%87%d8%af%db%8c%d9%87-5-%d9%85%db%8c%d9%84%db%8c%d9%88%d9%86%db%8c-%d9%88%d8%a7%da%a9%d8%a7/,"واکا کارت 5 میلیون تومانی! 
 
  5.000.000 تومان اعتبار خرید فقط از سایت قهوه واکا  
  بدون محدودیت تاریخ و تعداد دفعات استفاده  
  بهترین هدیه برای عاشقان قهوه  
  ارسال رایگان به ایران  
  امکان خرید قسطی بدون کارمزد با انتخاب درگاه اسنپ‌پی  
  قابل استفاده برای تمامی محصولات سایت  
 
 کارت به صورت فیزیکی و با بسته‌بندی زیبا برای شما ارسال می‌شود. هم‌چنین کد اعتبار در حساب کاربری شما و در سفارش م"
Vaka Coffee,پودر قهوه ترک 5 کیلوگرم,,,Medium,Ground,5000.0,14850000,297000.0,,True,قهوه ترک,https://vakacoffee.com/product/%d9%be%d9%88%d8%af%d8%b1-%d9%82%d9%87%d9%88%d9%87-%d8%aa%d8%b1%da%a9-5-%da%a9%db%8c%d9%84%d9%88%da%af%d8%b1%d9%85/,"قهوه ترک 5 کیلوگرمی  
  قهوه ترک  واکا در بسته بندی 5 کیلوگرمی با ترکیب 100درصد روبوستا آماده شده است. 
 میزان کافئین این قهوه بسیار زیاد است و رست آن نیز مدیوم می‌باشد."
Vaka Coffee,پودر قهوه ترک 1 کیلوگرم,,,Medium,Ground,1000.0,2970000,297000.0,,True,قهوه ترک,https://vakacoffee.com/product/%d9%be%d9%88%d8%af%d8%b1-%d9%82%d9%87%d9%88%d9%87-%d8%aa%d8%b1%da%a9-1-%da%a9%db%8c%d9%84%d9%88%da%af%d8%b1%d9%85/,"قهوه ترک 1 کیلوگرمی  
  قهوه ترک  واکا در بسته بندی 1 کیلوگرمی با ترکیب 100درصد روبوستا آماده شده است. 
 میزان کافئین این قهوه بسیار زیاد است و رست آن نیز مدیوم می‌باشد."
Vaka Coffee,پودر قهوه ترک 500 گرم,,,Medium,Ground,500.0,1485000,297000.0,,True,قهوه ترک,https://vakacoffee.com/product/%d9%be%d9%88%d8%af%d8%b1-%d9%82%d9%87%d9%88%d9%87-%d8%aa%d8%b1%da%a9-500-%da%af%d8%b1%d9%85/,"قهوه ترک 500 گرمی  
  قهوه ترک  واکا در بسته بندی 500 گرمی با ترکیب 100درصد روبوستا آماده شده است. 
 میزان کافئین این قهوه بسیار زیاد است و رست آن نیز مدیوم می‌باشد."
Vaka Coffee,دان قهوه عربیکا گواتمالا,Guatemala,,Medium,Whole bean,250.0,1725000,690000.0,,True,قهوه اسپرسو; قهوه دمی; قهوه عربیکا; قهوه فرانسه,https://vakacoffee.com/product/%d8%af%d8%a7%d9%86-%d9%82%d9%87%d9%88%d9%87-%d8%b9%d8%b1%d8%a8%db%8c%da%a9%d8%a7-%da%af%d9%88%d8%a7%d8%aa%d9%85%d8%a7%d9%84%d8%a7/,"آشنایی با قهوه عربیکا گواتمالا 
 قهوه عربیکا گواتمالا با طعم و عطری منحصر به فرد، از جمله قهوه‌های محبوب و برجسته جهانی است. رشته‌کوه‌ها و ارتفاعات این منطقه، به همراه شرایط آب و هوایی مناسب، محیطی ایده‌آل برای کاشت  قهوه عربیکا  فراهم کرده‌اند. این قهوه با تنوع در روش‌های فرآوری، از خشک کردن به نور آفتاب تا شستشوی مخلوط، طعم‌ها و عطرهای متنوعی از جمله میوه‌های تازه و توت فرنگی به ارمغان می‌آورد. "
Vaka Coffee,قهوه ترکیبی %40 عربیکا %60 روبوستا,,,Medium,Whole bean,250.0,1201750,480700.0,,True,قهوه اسپرسو,https://vakacoffee.com/product/%d9%82%d9%87%d9%88%d9%87-%d8%aa%d8%b1%da%a9%db%8c%d8%a8%db%8c-%d8%b9%d8%b1%d8%a8%db%8c%da%a9%d8%a7-%d8%b1%d9%88%d8%a8%d9%88%d8%b3%d8%aa%d8%a7-2/,"قهوه ترکیبی 40-60 عربیکا &#8211; روبوستا 
 قهوه میکس شده قهوه واکا که از ترکیب 40 درصد قهوه عربیکا و 60 درصد قهوه روبوستا آماده شده است. ترکیبات این قهوه پیشنهاد شده قهوه واکا می‌باشد. 
 &nbsp; 
 &nbsp; 
 &nbsp; 
 برای مشاهده سایر ترکیب‌های پیشنهاد شده قهوه واکا می‌توانید وارد دسته بندی  قهوه های ترکیبی  شوید.   قهوه میکس ترکیب 40 درصد قهوه عربیکا و 60 درصد قهوه روبوستا"
Vaka Coffee,قهوه ترکیبی %30 عربیکا %70 روبوستا,,,Medium,Whole bean,250.0,1085775,434310.0,,True,قهوه اسپرسو,https://vakacoffee.com/product/%d9%82%d9%87%d9%88%d9%87-%d8%aa%d8%b1%da%a9%db%8c%d8%a8%db%8c-0-%d8%b9%d8%b1%d8%a8%db%8c%da%a9%d8%a7-p-%d8%b1%d9%88%d8%a8%d9%88%d8%b3%d8%aa%d8%a7/,"قهوه ترکیبی 30-70 عربیکا &#8211; روبوستا 
 قهوه میکس شده قهوه واکا که از ترکیب 30 درصد قهوه عربیکا و 70 درصد قهوه روبوستا آماده شده است. ترکیبات این قهوه پیشنهاد شده قهوه واکا می‌باشد. 
 &nbsp; 
 &nbsp; 
 &nbsp; 
 برای مشاهده سایر ترکیب‌های پیشنهاد شده قهوه واکا می‌توانید وارد دسته بندی  قهوه های ترکیبی  شوید.   قهوه میکس ترکیب 30 درصد قهوه عربیکا و 70 درصد قهوه روبوستا"
Vaka Coffee,قهوه ترکیبی %20 عربیکا %80 روبوستا,,,Medium,Whole bean,250.0,1070000,428000.0,,True,قهوه اسپرسو,https://vakacoffee.com/product/%d9%82%d9%87%d9%88%d9%87-%d8%aa%d8%b1%da%a9%db%8c%d8%a8%db%8c-%20-%d8%b9%d8%b1%d8%a8%db%8c%da%a9%d8%a7-%80-%d8%b1%d9%88%d8%a8%d9%88%d8%b3%d8%aa%d8%a7/,"قهوه ترکیبی 20-80 عربیکا &#8211; روبوستا 
 قهوه میکس شده قهوه واکا که از ترکیب 20 درصد قهوه عربیکا و 80 درصد قهوه روبوستا آماده شده است. ترکیبات این قهوه پیشنهاد شده قهوه واکا می‌باشد. 
 &nbsp; 
 &nbsp; 
 &nbsp; 
 برای مشاهده سایر ترکیب‌های پیشنهاد شده قهوه واکا می‌توانید وارد دسته بندی  قهوه های ترکیبی  شوید.   قهوه میکس ترکیب 20 درصد قهوه عربیکا و 80 درصد قهوه روبوستا"
Vaka Coffee,قهوه ترکیبی %10 عربیکا %90 روبوستا,,,Medium,Whole bean,250.0,923875,369550.0,,True,قهوه اسپرسو,https://vakacoffee.com/product/%d9%82%d9%87%d9%88%d9%87-%d8%aa%d8%b1%da%a9%db%8c%d8%a8%db%8c-%10-%d8%b9%d8%b1%d8%a8%db%8c%da%a9%d8%a7-%90-%d8%b1%d9%88%d8%a8%d9%88%d8%b3%d8%aa%d8%a7/,"قهوه ترکیبی 10-90 عربیکا &#8211; روبوستا 
 قهوه میکس شده قهوه واکا که از ترکیب 10 درصد قهوه عربیکا و 90 درصد قهوه روبوستا آماده شده است. ترکیبات این قهوه پیشنهاد شده قهوه واکا می‌باشد. 
 &nbsp; 
 &nbsp; 
 &nbsp; 
 برای مشاهده سایر ترکیب‌های پیشنهاد شده قهوه واکا می‌توانید وارد دسته بندی  قهوه های ترکیبی  شوید.   قهوه میکس ترکیب 10 درصد قهوه عربیکا و 90 درصد قهوه روبوستا"
Vaka Coffee,قهوه ترکیبی %90 عربیکا %10 روبوستا,,,Medium,Whole bean,250.0,1752500,701000.0,,True,قهوه اسپرسو,https://vakacoffee.com/product/%d9%82%d9%87%d9%88%d9%87-%d8%aa%d8%b1%da%a9%db%8c%d8%a8%db%8c-%90-%d8%b9%d8%b1%d8%a8%db%8c%da%a9%d8%a7-%10-%d8%b1%d9%88%d8%a8%d9%88%d8%b3%d8%aa%d8%a7/,"قهوه ترکیبی 90-10 عربیکا &#8211; روبوستا 
 قهوه میکس شده قهوه واکا که از ترکیب 90 درصد قهوه عربیکا و 10 درصد قهوه روبوستا آماده شده است. ترکیبات این قهوه پیشنهاد شده قهوه واکا می‌باشد. 
 &nbsp; 
 &nbsp; 
 &nbsp; 
 برای مشاهده سایر ترکیب‌های پیشنهاد شده قهوه واکا می‌توانید وارد دسته بندی  قهوه های ترکیبی  شوید.   قهوه میکس ترکیب 90 درصد قهوه عربیکا و 10 درصد قهوه روبوستا"
Vaka Coffee,قهوه ترکیبی %80 عربیکا %20 روبوستا,,,Medium,Whole bean,250.0,1655000,662000.0,,True,قهوه اسپرسو; قهوه دمی; قهوه فرانسه,https://vakacoffee.com/product/%d9%82%d9%87%d9%88%d9%87-%d8%aa%d8%b1%da%a9%db%8c%d8%a8%db%8c-%80-%d8%b9%d8%b1%d8%a8%db%8c%da%a9%d8%a7-%20-%d8%b1%d9%88%d8%a8%d9%88%d8%b3%d8%aa%d8%a7/,"قهوه ترکیبی 80-20 عربیکا &#8211; روبوستا 
 قهوه میکس شده قهوه واکا که از ترکیب 80 درصد قهوه عربیکا و 20 درصد قهوه روبوستا آماده شده است. ترکیبات این قهوه پیشنهاد شده قهوه واکا می‌باشد. 
 &nbsp; 
 &nbsp; 
 &nbsp; 
 برای مشاهده سایر ترکیب‌های پیشنهاد شده قهوه واکا می‌توانید وارد دسته بندی  قهوه های ترکیبی  شوید.   قهوه میکس ترکیب 80 درصد قهوه عربیکا و 20 درصد قهوه روبوستا 
 &gt; عطر و طعم بالا 
 &gt"
Vaka Coffee,دان قهوه روبوستا چری هند,,,Medium,Whole bean,250.0,875000,350000.0,,True,قهوه اسپرسو; قهوه دمی; قهوه روبوستا; قهوه فرانسه,https://vakacoffee.com/product/%d8%af%d8%a7%d9%86-%d9%82%d9%87%d9%88%d9%87-%d8%b1%d9%88%d8%a8%d9%88%d8%b3%d8%aa%d8%a7-%da%86%d8%b1%db%8c-%d9%87%d9%86%d8%af/,"درباره قهوه روبوستا چری هند 
 قهوه روبوستا چری هند یک نوع قهوه‌ی اصیل و معروف است که از گیاه روبوستا تهیه می‌شود. این نوع قهوه روبوستا، طعم و مزه‌ی متمایزی دارد که طرفداران زیادی در سراسر جهان به خود جلب می‌کند. چری هند، به عنوان نام این قهوه، به منطقه‌ی تولید آن اشاره دارد. هند یکی از کشورهای مهم تولیدکننده‌ی قهوه در جهان است و مناطق مختلفی در این کشور برای کاشت قهوه مناسب هستند. یکی از این مناطق"
Vaka Coffee,دان قهوه روبوستا اوگاندا,Uganda,,Medium,Whole bean,250.0,850000,340000.0,,False,قهوه اسپرسو; قهوه دمی; قهوه روبوستا; قهوه فرانسه,https://vakacoffee.com/product/%d8%af%d8%a7%d9%86-%d9%82%d9%87%d9%88%d9%87-%d8%b1%d9%88%d8%a8%d9%88%d8%b3%d8%aa%d8%a7-%d8%a7%d9%88%da%af%d8%a7%d9%86%d8%af%d8%a7/,"آشنایی با قهوه روبوستا اوگاندا 
 قهوه روبوستا اوگاندا یکی از انواع قهوه‌های محبوب روبوستا است که در منطقه‌ی اوگاندا در آفریقای شرقی تولید می‌شود. اوگاندا یکی از کشورهای مهم تولیدکننده قهوه در آفریقا است و قهوه‌هایی با طعم و مزه‌ی خاص و منحصر به فرد  در این منطقه تولید می‌شوند. این منطقه با برخورداری از اقلیم مطلوب و خاک حاصلخیز دارای شرایط مناسبی برای کاشت قهوه می‌باشد. قهوه‌ی اوگاندا با داشتن دان"
Vaka Coffee,دان قهوه روبوستا پی بی هند,,,Medium,Whole bean,250.0,701250,280500.0,,False,قهوه اسپرسو; قهوه دمی; قهوه روبوستا; قهوه فرانسه,https://vakacoffee.com/product/%d8%af%d8%a7%d9%86-%d9%82%d9%87%d9%88%d9%87-%d8%b1%d9%88%d8%a8%d9%88%d8%b3%d8%aa%d8%a7-%d9%be%db%8c-%d8%a8%db%8c-%d9%87%d9%86%d8%af/,"معرفی قهوه روبوستا پی بی هند 
 قهوه روبوستا پی بی هند یکی از نمونه‌های ممتاز قهوه روبوستا است که در کشور هند پرورش می‌یابد. این نوع قهوه با ویژگی‌های منحصر به فرد خود، در دل‌ها و ذائقه‌های علاقه‌مندان به قهوه جایگاه خاصی پیدا کرده است. از ویژگی‌های برجسته این قهوه می‌توان به مزه‌ی قوی و تلخ و کافئین بالای آن اشاره کرد. بنابراین این قهوه علاقه‌مندان به طعم‌های شدید قهوه را مجذوب خود می‌کند. اگرچه ب"
Vaka Coffee,دان قهوه عربیکا کاستاریکا,Costa Rica,,Medium,Whole bean,250.0,1567500,627000.0,,False,قهوه اسپرسو; قهوه دمی; قهوه عربیکا; قهوه فرانسه,https://vakacoffee.com/product/%d8%af%d8%a7%d9%86-%d9%82%d9%87%d9%88%d9%87-%d8%b9%d8%b1%d8%a8%db%8c%da%a9%d8%a7-%da%a9%d8%a7%d8%b3%d8%aa%d8%a7%d8%b1%db%8c%da%a9%d8%a7/,"قهوه عربیکا کاستاریکا چیست؟ 
 قهوه عربیکا کاستاریکا یکی از انواع محبوب قهوه عربیکا است که به دلیل ویژگی‌های منحصر به فرد خود، توجه علاقه‌مندان به قهوه را به خود جلب کرده است. این قهوه با طعمی شیرین، عطری متنوع و کیفیت بالا، تجربه‌ای لذت‌بخش را برای دوستداران قهوه ارایه می‌دهد. تاریخچه قهوه کاستاریکا به قرون وسطی بازمی‌گردد، زمانی که قهوه در خاورمیانه کشف شد و به سرعت به عنوان یک نوشیدنی محبوب و قد"
Vaka Coffee,دان قهوه عربیکا هندوراس,Honduras,,Medium,Whole bean,250.0,1800000,720000.0,,False,قهوه اسپرسو; قهوه دمی; قهوه عربیکا; قهوه فرانسه,https://vakacoffee.com/product/%d8%af%d8%a7%d9%86-%d9%82%d9%87%d9%88%d9%87-%d8%b9%d8%b1%d8%a8%db%8c%da%a9%d8%a7-%d9%87%d9%86%d8%af%d9%88%d8%b1%d8%a7%d8%b3/,"معرفی قهوه عربیکا هندوراس 
 قهوه عربیکا هندوراس یکی از جذاب‌ترین نمونه‌های قهوه‌های خاص و باکیفیت جهان است که از مزارع مرتفع و زیبای کشور هندوراس به بازار عرضه می‌شود. این نوع قهوه از جنس گیاه قهوه‌ عربیکا بوده و به دلیل شرایط آب و هوایی و زمین‌های حاصلخیز هندوراس، طعم و عطر خاصی دارد که توانسته است محبوبیتی جهانی کسب کند. عطر این قهوه همچنان که از فنجان عبور می‌کند، حسی متعادل و رویایی به تمامی ح"
Vaka Coffee,دان قهوه عربیکا پرو,Peru,,Medium,Whole bean,250.0,1575000,630000.0,,False,قهوه اسپرسو; قهوه دمی; قهوه عربیکا; قهوه فرانسه,https://vakacoffee.com/product/%d8%af%d8%a7%d9%86-%d9%82%d9%87%d9%88%d9%87-%d8%b9%d8%b1%d8%a8%db%8c%da%a9%d8%a7-%d9%be%d8%b1%d9%88/,"درباره قهوه عربیکا پرو 
 قهوه عربیکا پرو، نوعی قهوه معروف است که از دانه‌های قهوه عربیکا به دست می‌آید. تاریخچه‌ی این نوع قهوه به قدمتی بیش از چند قرن برمی‌گردد. قهوه پرو از کشور پرو، کشوری در آمریکای جنوبی، به دست می‌آید. این قهوه به دلیل شرایط آب و هوایی و خاک حاکم بر منطقه پرو، طعم و عطری متمایز دارد که علاقه‌مندان به قهوه را مجذوب خود می‌کند. طعم و عطر متمایز این قهوه، یک تجربه لذت‌بخش برای دو"
Vaka Coffee,دان قهوه عربیکا کلمبیا,Colombia,,Medium,Whole bean,250.0,1800000,720000.0,,True,قهوه اسپرسو,https://vakacoffee.com/product/%d8%af%d8%a7%d9%86-%d9%82%d9%87%d9%88%d9%87-%d8%b9%d8%b1%d8%a8%db%8c%da%a9%d8%a7-%da%a9%d9%84%d9%85%d8%a8%db%8c%d8%a7/,"معرفی قهوه عربیکا کلمبیا 
 قهوه عربیکا کلمبیا یکی از محبوب‌ترین انواع قهوه عربیکا می‌باشد که در کشور کلمبیا در آمریکای لاتین کشت می‌شود. این نوع قهوه به دلیل ویژگی‌ها و عطر و طعم خاص خود، توانسته است جایگاه ویژه‌ای در دنیای قهوه به دست آورد. قهوه کلمبیا دارای طعمی شیرین و تلخ است که با ترکیبی از توت، شکلات و میوه‌های خشک، طعم و مزه‌ای منحصر به فرد به قهوه می‌بخشد و آن را از انواع دیگر قهوه‌ها متما"
Vaka Coffee,آیس موکا,,,,Ground,,232000,,,True,نوشیدنی‌ها,https://vakacoffee.com/product/%d8%a2%db%8c%d8%b3-%d9%85%d9%88%da%a9%d8%a7/,"این نوشیدنی  به صورت فوری و بلافاصله بعد از ثبت سفارش ارسال می‌گردد.    
    این محصول فقط در بازه زمانی 9 تا 20  قابل سفارش است."
Vaka Coffee,آیس لته وانیل,,,,,,232000,,,True,نوشیدنی‌ها,https://vakacoffee.com/product/%d8%a2%db%8c%d8%b3-%d9%84%d8%aa%d9%87-%d9%88%d8%a7%d9%86%db%8c%d9%84/,"این نوشیدنی  به صورت فوری و بلافاصله بعد از ثبت سفارش ارسال می‌گردد.    
    این محصول فقط در بازه زمانی 9 تا 20  قابل سفارش است."
Vaka Coffee,قهوه ترکیبی %70 عربیکا %30 روبوستا,,,Medium,Whole bean,250.0,1557500,623000.0,,True,قهوه اسپرسو,https://vakacoffee.com/product/%d9%82%d9%87%d9%88%d9%87-%d8%aa%d8%b1%da%a9%db%8c%d8%a8%db%8c-p-%d8%b9%d8%b1%d8%a8%db%8c%da%a9%d8%a7-0-%d8%b1%d9%88%d8%a8%d9%88%d8%b3%d8%aa%d8%a7/,"قهوه ترکیبی 70-30 عربیکا &#8211; روبوستا 
 قهوه میکس شده قهوه واکا که از ترکیب 70 درصد قهوه عربیکا و 30 درصد قهوه روبوستا آماده شده است. این قهوه ترکیبی 70-30 عربیکا &#8211; روبوستا به دلیل میزان قهوه عربیکا بالا بسیار عطر و طعم بالایی دارد و میزان کافئین آن ملایم است. 
 &nbsp; 
 &nbsp; 
 &nbsp; 
 &nbsp; 
 برای مشاهده سایر ترکیب‌های پیشنهاد شده قهوه واکا می‌توانید وارد دسته بندی  قهوه های ترکیبی  "
Vaka Coffee,قهوه ترکیبی %60 عربیکا %40 روبوستا,,,Medium,Whole bean,250.0,1460000,584000.0,,True,قهوه اسپرسو,https://vakacoffee.com/product/%d9%82%d9%87%d9%88%d9%87-%d8%aa%d8%b1%da%a9%db%8c%d8%a8%db%8c-%d8%b9%d8%b1%d8%a8%db%8c%da%a9%d8%a7-%d8%b1%d9%88%d8%a8%d9%88%d8%b3%d8%aa%d8%a7/,"قهوه ترکیبی 60-40 عربیکا &#8211; روبوستا 
 قهوه میکس شده قهوه واکا که از ترکیب 60 درصد قهوه عربیکا و 40 درصد قهوه روبوستا آماده شده است. این قهوه ترکیبی 60-40 عربیکا &#8211; روبوستا بسیار عطر و طعم بالایی دارد و میزان کافئن آن ملایم است. 
 &nbsp; 
 &nbsp; 
 &nbsp; 
 &nbsp; 
 برای مشاهده سایر ترکیب‌های پیشنهاد شده قهوه واکا می‌توانید وارد دسته بندی  قهوه های ترکیبی  شوید.   
 قهوه ترکیبی 60 &#8211;"
Vaka Coffee,قهوه ترکیبی %50 عربیکا %50 روبوستا,,,Medium,Whole bean,250.0,1267125,506850.0,,True,قهوه اسپرسو,https://vakacoffee.com/product/%d9%82%d9%87%d9%88%d9%87-%d8%aa%d8%b1%da%a9%db%8c%d8%a8%db%8c-p-%d8%b9%d8%b1%d8%a8%db%8c%da%a9%d8%a7-p-%d8%b1%d9%88%d8%a8%d9%88%d8%b3%d8%aa%d8%a7/,"قهوه ترکیبی 50-50 عربیکا &#8211; روبوستا 
 قهوه میکس شده قهوه واکا که از ترکیب 50 درصد قهوه عربیکا و 50 درصد قهوه روبوستا آماده شده است. این قهوه ترکیبی 50-50 عربیکا &#8211; روبوستا بسیار عطر و طعم خوبی دارد و میزان کافئین آن نسبتا بالا است. 
 &nbsp; 
 &nbsp; 
 &nbsp; 
 &nbsp; 
 برای مشاهده سایر ترکیب‌های پیشنهاد شده قهوه واکا می‌توانید وارد دسته بندی قهوه های ترکیبی شوید.   
 قهوه ترکیبی 50 &#821"
Vaka Coffee,پودر قهوه ترک 250 گرم,,,Medium,Ground,250.0,742500,297000.0,,True,قهوه ترک,https://vakacoffee.com/product/%d9%be%d9%88%d8%af%d8%b1-%d9%82%d9%87%d9%88%d9%87-%d8%aa%d8%b1%da%a9-250-%da%af%d8%b1%d9%85/,"قهوه ترک 250 گرمی  
  قهوه ترک  واکا در بسته بندی 250 گرمی با ترکیب 100درصد روبوستا آماده شده است. 
 میزان کافئین این قهوه بسیار زیاد است و رست آن نیز مدیوم می‌باشد."
Farda Roastery,قهوه برزیل سرادو (عربیکا),Brazil,Washed,,Whole bean,10000.0,15000000,150000.0,,False,تجاری; تک خاستگاه; عربیکا,https://fardaroastery.ir/product/%d9%82%d9%87%d9%88%d9%87-%d8%a8%d8%b1%d8%b2%db%8c%d9%84-%d8%b3%d8%b1%d8%a7%d8%af%d9%88-%d8%b9%d8%b1%d8%a8%db%8c%da%a9%d8%a7/,قهوه برزیل سرادو یکی از پرطرفدارترین قهوه‌های دنیا است که با طعم یادهای آجیلی، شکلاتی، و اسیدیته ملایم شناخته می‌شود. این قهوه بدنه‌ای متوسط دارد که آن را برای تهیه اسپرسو و قهوه‌های دمی مانند کمکس و وی۶۰ مناسب می‌کند. ویژگی اصلی این قهوه، پایان نرم و متعادل آن است که تجربه‌ای دلپذیر برای مصرف‌کنندگان فراهم می‌آورد. ایده‌آل برای افرادی که به دنبال یک قهوه همه‌پسند با طعم‌های کلاسیک هستند.   قهوه ب
Farda Roastery,قهوه پلنتیشن (عربیکا),,Washed,Medium,Whole bean,10000.0,15000000,150000.0,,True,تجاری; تک خاستگاه; عربیکا,https://fardaroastery.ir/product/%d9%82%d9%87%d9%88%d9%87-%d9%be%d9%84%d9%86%d8%aa%db%8c%d8%b4%d9%86-%d8%b9%d8%b1%d8%a8%db%8c%da%a9%d8%a7/,قهوه پلنتیشن یکی از قهوه‌های مرغوب جهان با طعم یادهای کاراملی، شکلاتی، و اندکی میوه‌ای است. این قهوه با اسیدیته ملایم و بدنه متعادل، گزینه‌ای همه‌کاره برای تهیه انواع روش‌های دم‌آوری از فرنچ پرس و اسپرسو تا قهوه‌های دمی است. دانه‌های پلنتیشن با اندازه درشت (اسکرین ۱۸) تضمین‌کننده کیفیت بالا و طعم متعادل این محصول هستند. مناسب برای افرادی که به دنبال یک قهوه با طعم‌های کلاسیک اما متنوع هستند.   قهو
Farda Roastery,قهوه اندونزی (روبوستا),Indonesia,Natural,,Whole bean,10000.0,6900000,69000.0,,False,تجاری; تک خاستگاه; روبوستا,https://fardaroastery.ir/product/%d9%82%d9%87%d9%88%d9%87-%d8%a7%d9%86%d8%af%d9%88%d9%86%d8%b2%db%8c-%d8%b1%d9%88%d8%a8%d9%88%d8%b3%d8%aa%d8%a7/,قهوه ربوستا اندونزی یکی از انتخاب‌های محبوب برای ایجاد بدنه قوی و کافئین بالا در ترکیبات اسپرسو است. این قهوه با طعم یادهای زمینی، تلخ و چوبی شناخته می‌شود و حسی عمیق و ماندگار به نوشیدنی شما می‌بخشد. مناسب برای افرادی که قهوه‌های قوی و غنی را ترجیح می‌دهند. این قهوه همچنین برای تهیه قهوه‌های ترکیبی ایده‌آل است و به دلیل اسیدیته پایین، یک پایه محکم برای اسپرسوهای قوی و قهوه‌های شیرین‌شده محسوب می‌
Farda Roastery,قهوه ویتنام (روبوستا),Vietnam,Washed,,Whole bean,10000.0,8100000,81000.0,,True,تجاری; تک خاستگاه; روبوستا,https://fardaroastery.ir/product/%d9%82%d9%87%d9%88%d9%87-%d9%88%db%8c%d8%aa%d9%86%d8%a7%d9%85-%d8%b1%d9%88%d8%a8%d9%88%d8%b3%d8%aa%d8%a7/,قهوه ربوستا ویتنام یک انتخاب قدرتمند برای قهوه‌های سنگین و با کافئین بسیار بالا است. این قهوه با طعم یادهای زمینی، ادویه‌ای و تلخِ قوی، حسی قوی و تاثیرگذار به نوشیدنی شما می‌دهد. دانه‌های ویتنام با اندازه بزرگ‌تر، کیفیتی بهتر و طعمی متمرکزتر ارائه می‌کنند. مناسب برای ترکیبات اسپرسو یا قهوه‌های مناسب برای بیدار ماندن و افزایش انرژی.   قهوه ربوستا ویتنام با بدنه سنگین و طعم‌یادهای چوبی و ادویه‌ای، ت
Farda Roastery,قهوه R100-Pre (100٪ روبوستا),,Washed,,Whole bean,200.0,715000,357500.0,,True,100 % روبوستا; تجاری(ترکیبی),https://fardaroastery.ir/product/%d9%82%d9%87%d9%88%d9%87-r100-pre-100%d9%aa-%d8%b1%d9%88%d8%a8%d9%88%d8%b3%d8%aa%d8%a7/,لاین R100-Pre برای ذائقه‌ای است که فنجان کم‌جان را قهوه نمی‌داند. وزن نوشیدنی از جرعه اول محسوس است و تا انتها افت نمی‌کند. افترتیست طولانی و خشک است و روی کاکائو و چوب خشک می‌نشیند. لایه‌ای از ادویه گرم، عمق فنجان را بیشتر می‌کند. اسیدیته در پایین‌ترین سطح ممکن تنظیم شده تا تعادل به سمت قدرت بچربد. تلخی حاضر است اما با رست مدیوم و کنترل مرحله توسعه، از سوختگی فاصله گرفته. کرما متوسط تا غلیظ و پای
Farda Roastery,پودر هات‌چاکلت (Hot Chocolate),,,,Ground,300.0,465000,155000.0,,True,پودر های مصرفی; هات چاکلت,https://fardaroastery.ir/product/%d9%be%d9%88%d8%af%d8%b1-%d9%87%d8%a7%d8%aa%da%86%d8%a7%da%a9%d9%84%d8%aa-hot-chocolate-2/,پودر هات چاکلت فردا با یک هدف مشخص تدوین شده: رسیدن به فنجانی که طعم شکلات واقعی بدهد، نه صرفاً نوشیدنی شیرینِ رنگ‌گرفته. برای همین، نسبت کاکائو در ترکیب بالا نگه داشته شده و شیرینی در نقشی متعادل‌کننده باقی مانده است. پروفایل طعمی با کاکائوی تیره آغاز می‌شود، در میانه به شیرینی نرم و کرمی می‌رسد و با پس‌مزه‌ای طولانی و شکلاتی بسته می‌شود. تلخی محصول عامدانه در سطحی نگه داشته شده که برای مخاطب عام
Farda Roastery,قهوه ترک (Turkish Coffee),,,Medium,Ground,250.0,750000,300000.0,,True,پودر های مصرفی; قهوه ترک,https://fardaroastery.ir/product/%d9%82%d9%87%d9%88%d9%87-%d8%aa%d8%b1%da%a9-turkish-coffee-2/,قهوه ترک فردا برای کسانی تدوین شده که دم‌آوری را یک آیین می‌دانند، نه صرفاً یک نوشیدنی سریع. این ترکیب در رده رست مدیوم کالیبره شده تا شیرینی طبیعی دانه حفظ شود و در عین حال تلخی گرم و کنترل‌شده‌ای که لازمه قهوه ترک است، در فنجان بنشیند. آسیاب این محصول در ریزترین درجه ممکن انجام می‌شود؛ بافتی پودری و یکدست که اجازه می‌دهد ذرات در جذوه به‌آرامی باز شوند و عصاره‌گیری کامل اتفاق بیفتد. نتیجه، فنجانی
Farda Roastery,کافی‌میکس (Coffee Mix),,,,Ground,250.0,475000,190000.0,,False,پودر های مصرفی; کافی میکس,https://fardaroastery.ir/product/%da%a9%d8%a7%d9%81%db%8c%d9%85%db%8c%da%a9%d8%b3-coffee-mix/,کافی میکس مخلوط یکی از محبوب‌ترین نوشیدنی‌های فوری است که ترکیبی از قهوه، شکر و شیر پودری را در بر می‌گیرد. این محصول به دلیل طعم دلپذیر و سهولت در تهیه، طرفداران زیادی دارد. کافی میکس به عنوان یک گزینه سریع و آسان برای لذت بردن از طعم قهوه شناخته شده است.
Farda Roastery,پودر وایت‌چاکلت (White Chocolate),,,,Ground,300.0,465000,155000.0,,True,پودر های مصرفی; وایت چاکلت,https://fardaroastery.ir/product/%d9%be%d9%88%d8%af%d8%b1-%d9%88%d8%a7%db%8c%d8%aa%da%86%d8%a7%da%a9%d9%84%d8%aa-white-chocolate/,پودر وایت چاکلت فردا روستری برای دسته‌ای از مشتریان طراحی شده که به دنبال نوشیدنی گرم، ملایم و بدون تلخی هستند اما نمی‌خواهند کیفیت را فدای سادگی کنند. برخلاف بسیاری از نمونه‌های بازار که صرفاً روی شکر تکیه می‌کنند، ستون این ترکیب کره کاکائو است؛ همان جزئی که شخصیت واقعی شکلات سفید و بافت مخملی آن را می‌سازد. پروفایل طعمی با نت شیر پخته و وانیل آغاز می‌شود، در میانه به شیرینی نرم و کرمی می‌رسد و ب
Farda Roastery,قهوه سرددم (Cold Brew),,,,,,250000,,,True,کلد برو; محصولات آبی,https://fardaroastery.ir/product/%d9%82%d9%87%d9%88%d9%87-%d8%b3%d8%b1%d8%af%d8%af%d9%85-cold-brew/,قهوه کلد برو، یک روش دم‌آوری سرد و آهسته است که قهوه‌ای با طعمی ملایم، عطر ماندگار و اسیدیته کم ارائه می‌دهد. این محصول با استفاده از دانه‌های قهوه باکیفیت و دم‌آوری ۱۲ تا ۲۴ ساعته در دمای پایین تهیه می‌شود. نتیجه نهایی، نوشیدنی‌ای خالص و خنک است که به‌صورت مستقیم یا با افزودنی‌هایی مانند یخ، شیر، یا شربت‌ها قابل مصرف است. کلد برو گزینه‌ای ایده‌آل برای روزهای گرم و علاقه‌مندان به قهوه با طعمی صاف 
Farda Roastery,آب (مخصوص دم‌آوری قهوه),,,,,,150000,,,False,آب دم آوری; محصولات آبی,https://fardaroastery.ir/product/%d8%a2%d8%a8-%d9%85%d8%ae%d8%b5%d9%88%d8%b5-%d8%af%d9%85%d8%a2%d9%88%d8%b1%db%8c-%d9%82%d9%87%d9%88%d9%87/,کیفیت آب، نقشی کلیدی در طعم نهایی قهوه شما دارد. آب مخصوص دم‌آوری قهوه با ترکیبات معدنی متعادل و کنترل‌شده طراحی شده است تا بهترین طعم و عطر را از دانه‌های قهوه استخراج کند. این محصول، با حفظ استانداردهای بالای خلوص و تعادل سختی، مناسب برای استفاده در تمامی روش‌های دم‌آوری از جمله اسپرسو، کمکس، وی۶۰، و فرنچ پرس است. با استفاده از این آب، تجربه‌ای حرفه‌ای و دقیق در تهیه قهوه را به خانه یا کسب‌وکار 
Farda Roastery,قهوه برزیل فاین کاپ (عربیکا),Brazil,Washed,,Whole bean,10000.0,15000000,150000.0,,False,تجاری; تک خاستگاه; عربیکا,https://fardaroastery.ir/product/%d9%82%d9%87%d9%88%d9%87-%d8%a8%d8%b1%d8%b2%db%8c%d9%84-%d9%81%d8%a7%db%8c%d9%86-%da%a9%d8%a7%d9%be-%d8%b9%d8%b1%d8%a8%db%8c%da%a9%d8%a7/,قهوه برزیل فاین کاپ یکی از پرطرفدارترین قهوه‌های دنیا است که با طعم یادهای آجیلی، شکلاتی، و اسیدیته ملایم شناخته می‌شود. این قهوه بدنه‌ای متوسط دارد که آن را برای تهیه اسپرسو و قهوه‌های دمی مانند کمکس و وی۶۰ مناسب می‌کند. ویژگی اصلی این قهوه، پایان نرم و متعادل آن است که تجربه‌ای دلپذیر برای مصرف‌کنندگان فراهم می‌آورد. ایده‌آل برای افرادی که به دنبال یک قهوه همه‌پسند با طعم‌های کلاسیک هستند.   قهو
Farda Roastery,قهوه برزیل ریو‌ (عربیکا),Brazil,Washed,Medium,Whole bean,10000.0,11100000,111000.0,,False,تجاری; تک خاستگاه; عربیکا,https://fardaroastery.ir/product/%d9%82%d9%87%d9%88%d9%87-%d8%a8%d8%b1%d8%b2%db%8c%d9%84-%d8%b1%db%8c%d9%88-%d8%b9%d8%b1%d8%a8%db%8c%da%a9%d8%a7/,قهوه برزیل ریو با طعم یادهای آجیلی، زمینی، و اندکی تلخ، گزینه‌ای مناسب برای طرفداران قهوه‌های با بدنه سنگین و طعم‌های عمیق است. این قهوه عمدتاً در ترکیب با قهوه‌های دیگر استفاده می‌شود تا پروفایل قوی‌تری ایجاد کند. مناسب برای تهیه اسپرسوهای قوی، و قهوه‌های شیرین‌شده با شیر یا شکر. این قهوه حس غنی و قوی از طعم را به شما هدیه می‌دهد.   قهوه برزیل ریو با طعم‌یادهای خاکی و ادویه‌ای، بدنه قوی و تلخی پا
Farda Roastery,قهوه اتیوپی گوجی (عربیکا),Ethiopia,Natural,Medium,Whole bean,200.0,1600000,800000.0,,True,100 % عربیکا; اسپشیالیتی(امتیاز ۸۰+); تک خاستگاه,https://fardaroastery.ir/product/%d9%82%d9%87%d9%88%d9%87-%d8%a7%d8%aa%db%8c%d9%88%d9%be%db%8c-%da%af%d9%88%d8%ac%db%8c-%d8%b9%d8%b1%d8%a8%db%8c%da%a9%d8%a7/,قهوه اتیوپی گوجی یکی از قهوه‌های تخصصی باکیفیت و دست‌چین شده است که به خاطر طعم یادهای گلی، میوه‌ای، و مرکباتی مشهور است. این قهوه با اسیدیته بالا و بدنه‌ای سبک تا متوسط، بهترین انتخاب برای تهیه قهوه‌های دمی مانند ایروپرس، کمکس، و وی۶۰ است. ایده‌آل برای عاشقان قهوه‌های با طعم‌های روشن و پیچیده که به دنبال یک تجربه طعمی منحصر به فرد هستند.   اتیوپی گوجی قهوه اتیوپی گوجی، شاهکار طعم‌یادهای گلی و میو
Farda Roastery,قهوه کلمبیا سوپریمو (عربیکا),Colombia,Washed,Medium,Whole bean,10000.0,18700000,187000.0,,True,تجاری; تک خاستگاه; عربیکا,https://fardaroastery.ir/product/%d9%82%d9%87%d9%88%d9%87-%da%a9%d9%84%d9%85%d8%a8%db%8c%d8%a7-%d8%b3%d9%88%d9%be%d8%b1%db%8c%d9%85%d9%88-%d8%b9%d8%b1%d8%a8%db%8c%da%a9%d8%a7/,قهوه کلمبیا سوپریمو اسکرین 18 یکی از قهوه‌های مرغوب جهان با طعم یادهای کاراملی، شکلاتی، و اندکی میوه‌ای است. این قهوه با اسیدیته ملایم و بدنه متعادل، گزینه‌ای همه‌کاره برای تهیه انواع روش‌های دم‌آوری از فرنچ پرس و اسپرسو تا قهوه‌های دمی است. دانه‌های سوپریمو با اندازه درشت (اسکرین ۱۸) تضمین‌کننده کیفیت بالا و طعم متعادل این محصول هستند. مناسب برای افرادی که به دنبال یک قهوه با طعم‌های کلاسیک اما م
Farda Roastery,قهوه A100-House (100% عربیکا),,Washed,,Whole bean,200.0,1510000,755000.0,,True,100 % عربیکا; تجاری(ترکیبی),https://fardaroastery.ir/product/%d9%82%d9%87%d9%88%d9%87-a100-house-100-%d8%b9%d8%b1%d8%a8%db%8c%da%a9%d8%a7/,لاین A100-House، مدرن‌ترین چهره فردا در فنجان است. عطر پیش از نوشیدن، انتظار را می‌سازد و فنجان به آن پاسخ می‌دهد. نت‌های میوه‌ای شفاف — از میوه‌های هسته‌دار تا مرکبات ملایم — لایه اول را می‌سازند. اسیدیته زنده و ساختارمند است و به تیزی نمی‌افتد. بادی سبک تا متوسط و کاملاً تمیز است. شیرینی طبیعی در افترتیست باقی می‌ماند و فنجان را خوش‌خاطره می‌کند. رست مدیوم روشن با کنترل دقیق حرارت، آروما را حفظ 
Farda Roastery,قهوه A100-Classic (100% عربیکا),,Natural,,Whole bean,200.0,1510000,755000.0,,True,100 % عربیکا; تجاری(ترکیبی),https://fardaroastery.ir/product/%d9%82%d9%87%d9%88%d9%87-a100-classic-100-%d8%b9%d8%b1%d8%a8%db%8c%da%a9%d8%a7/,لاین A100-Classic برای کسی است که به فنجان زمان می‌دهد. در دمای بالا، میوه و عطر جلوتر می‌ایستند. با کاهش دما، کارامل و سپس کاکائو وارد می‌شوند. این تغییر تدریجی، امضای اصلی این لاین است. اسیدیته ساختارمند و دقیق است و ستون فقرات طعم را می‌سازد. بادی متوسط و مخملی، همه لایه‌ها را به هم وصل می‌کند. شیرینی طبیعی، انتقال بین لایه‌ها را نرم می‌کند. افترتیست بلند است و چند دقیقه در دهان باقی می‌ماند. ر
Farda Roastery,قهوه A100-Signature (100% عربیکا),,Natural,,Whole bean,200.0,1510000,755000.0,,True,100 % عربیکا; تجاری(ترکیبی),https://fardaroastery.ir/product/%d9%82%d9%87%d9%88%d9%87-a100-signature-100-%d8%b9%d8%b1%d8%a8%db%8c%da%a9%d8%a7/,قهوه A100-Signature از ترکیب دانه‌های عربیکای باکیفیت و شفافیت طعمی فوق‌العاده تهیه شده است. طعم‌یادهای میوه‌ای شفاف و رایحه‌ای مرکباتی همراه با لطافت در حس کام، تجربه‌ای منحصر‌به‌فرد ارائه می‌دهد. بهترین گزینه برای اسپرسوی تخصصی و تهیه قهوه‌های دمی مانند کمکس، وی۶۰، و ایروپرس است. با A100-Signature، هر فنجان شما یک تجربه منحصربه‌فرد خواهد بود.   A100-Signature، بالاترین سطح کالیبراسیون فردا است. 
Farda Roastery,قهوه اوگاندا (روبوستا),Uganda,Natural,,Whole bean,10000.0,7500000,75000.0,,False,تجاری; تک خاستگاه; روبوستا,https://fardaroastery.ir/product/%d9%82%d9%87%d9%88%d9%87-%d8%a7%d9%88%da%af%d8%a7%d9%86%d8%af%d8%a7-%d8%b1%d9%88%d8%a8%d9%88%d8%b3%d8%aa%d8%a7/,قهوه ربوستا اوگاندا یکی از انتخاب‌های محبوب برای ایجاد بدنه قوی و کافئین بالا در ترکیبات اسپرسو است. این قهوه با طعم یادهای زمینی، تلخ و چوبی شناخته می‌شود و حسی عمیق و ماندگار به نوشیدنی شما می‌بخشد. مناسب برای افرادی که قهوه‌های قوی و غنی را ترجیح می‌دهند. این قهوه همچنین برای تهیه قهوه‌های ترکیبی ایده‌آل است و به دلیل اسیدیته پایین، یک پایه محکم برای اسپرسوهای قوی و قهوه‌های شیرین‌شده محسوب می‌
Farda Roastery,قهوه چری آآ (روبوستا),,Washed,,Whole bean,10000.0,9900000,99000.0,,True,تجاری; تک خاستگاه; روبوستا,https://fardaroastery.ir/product/%d9%82%d9%87%d9%88%d9%87-%da%86%d8%b1%db%8c-%d8%a2%d8%a2-%d8%b1%d9%88%d8%a8%d9%88%d8%b3%d8%aa%d8%a7/,قهوه ربوستا چری آآ یک انتخاب قدرتمند برای قهوه‌های سنگین و با کافئین بسیار بالا است. این قهوه با طعم یادهای زمینی، ادویه‌ای و تلخِ قوی، حسی قوی و تاثیرگذار به نوشیدنی شما می‌دهد. دانه‌های چری آآ با اندازه بزرگ‌تر، کیفیتی بهتر و طعمی متمرکزتر ارائه می‌کنند. مناسب برای ترکیبات اسپرسو یا قهوه‌های مناسب برای بیدار ماندن و افزایش انرژی.   قهوه ربوستا چری با بدنه سنگین و طعم‌یادهای چوبی و ادویه‌ای، تلخی
Farda Roastery,قهوه R100-Eco (100٪ روبوستا),,Washed,,Whole bean,200.0,665000,332500.0,,True,100 % روبوستا; تجاری(ترکیبی),https://fardaroastery.ir/product/%d9%82%d9%87%d9%88%d9%87-r100-eco-100%d9%aa-%d8%b1%d9%88%d8%a8%d9%88%d8%b3%d8%aa%d8%a7/,R100-Eco برای شرایط واقعی بار طراحی شده، نه برای شرایط آزمایشگاهی. کرما در همان ثانیه‌های اول غلیظ و یکدست شکل می‌گیرد و دیرتر از حد معمول می‌شکند. بادی سنگین و دهان‌پرکن است و لایه چربی محسوسی روی زبان باقی می‌گذارد. پروفایل طعمی حول کاکائوی تلخ، مغز برشته و ته‌مایه‌ای از ادویه خشک می‌چرخد. اسیدیته عامدانه پایین نگه داشته شده تا فنجان در طول روز خسته‌کننده نشود. رست مدیوم و پروفایل حرارتی تدریجی،
Farda Roastery,قهوه A70-Pre (70٪ عربیکا),,Washed,,Whole bean,200.0,1180000,590000.0,,True,70 % عربیکا; تجاری(ترکیبی),https://fardaroastery.ir/product/%d9%82%d9%87%d9%88%d9%87-a%db%b7%db%b0-pre-%db%b7%db%b0%d9%aa-%d8%b9%d8%b1%d8%a8%db%8c%da%a9%d8%a7/,قهوه A70-Pre، پل بین قهوه کلاسیک و قهوه تخصصی است. اسیدیته حاضر است اما هرگز به ترشی تیز نمی‌رسد. جرعه اول با میوه شیرین باز می‌شود و بعد به کارامل روشن می‌رسد. لایه‌ای از شکلات روشن، فنجان را زمین‌گیر و آشنا نگه می‌دارد. بادی سبک‌تر و شفاف است و حس تمیزی می‌دهد. افترتیست کوتاه و پاک است و روی زبان اثر خشک نمی‌گذارد. رست مدیوم با توسعه دقیق، اسیدیته را رام کرده بدون از دست دادن شیرینی. در V60 و کم
Farda Roastery,قهوه A30-Eco (۳۰٪ عربیکا),,Washed,,Whole bean,200.0,840000,420000.0,,True,30 % عربیکا; تجاری(ترکیبی),https://fardaroastery.ir/product/farda-coffee-nile-30-arabica/,کرمای ماندگار حاصل کالیبراسیون دقیق روی مرحله توسعه رست است، نه یک اتفاق. لایه کرما یکدست، مخملی و دیرشکن شکل می‌گیرد. بادی متوسط به بالا، فنجان را پر می‌کند بدون آنکه سنگین شود. در پروفایل طعمی، کارامل نرم و کاکائوی شیری خط اصلی را می‌سازند. ته‌مایه‌ای از مغز برشته در افترتیست باقی می‌ماند. اسیدیته گرد و کوتاه است و فنجان را روشن‌تر می‌کند بدون تیزی. رست مدیوم با استراحت استاندارد، ثبات استخراج ر
Farda Roastery,قهوه A30-Pre (۳۰٪ عربیکا),,Washed,,Whole bean,200.0,890000,445000.0,,True,30 % عربیکا; تجاری(ترکیبی),https://fardaroastery.ir/product/%d9%82%d9%87%d9%88%d9%87-a30-pre-%db%b3%db%b0%d9%aa-%d8%b9%d8%b1%d8%a8%db%8c%da%a9%d8%a7/,لاین A30-Pre برای نقطه‌ای طراحی شده که مشتری قهوه قوی می‌خواهد ولی تلخی را پس می‌زند. جرعه اول با شیرینی کاراملی باز می‌شود و بعد به شکلات شیری می‌رسد. بادی متعادل است؛ به‌اندازه پر، به‌اندازه سبک. اسیدیته ملایم و میوه‌ای در پس‌زمینه، فنجان را زنده نگه می‌دارد. افترتیست شیرین و تمیز است و خشکی آزاردهنده ندارد. کرما غلیظ و یکدست شکل می‌گیرد و ظاهر شات را حرفه‌ای می‌کند. رست مدیوم با پروفایل آرام، ق
Farda Roastery,قهوه A50-Eco (50٪ عربیکا),,Washed,,Whole bean,200.0,970000,485000.0,,True,50 % عربیکا; تجاری(ترکیبی),https://fardaroastery.ir/product/%d9%82%d9%87%d9%88%d9%87-a50-eco-50%d9%aa-%d8%b9%d8%b1%d8%a8%db%8c%da%a9%d8%a7/,تعادل کامل، پرچم‌دار فلسفه فردا در کالیبراسیون است. سه ضلع اصلی فنجان با دقت روی یک نقطه تنظیم شده‌اند تا هیچ‌کدام دیگری را نپوشاند. جرعه اول شکلاتی است، میانه فنجان کاراملی می‌شود و پایان با ته‌مایه آجیلی بسته می‌شود. بادی متوسط و گرد است و روی زبان صاف می‌نشیند. اسیدیته روشن و کوتاه، حس تازگی می‌سازد بدون آنکه ترش شود. کرما متعادل، یکدست و پایدار است. رست مدیوم با پروفایل حرارتی متقارن، شیرینی و
Farda Roastery,قهوه A50-Pre (50٪ عربیکا),,Washed,,Whole bean,200.0,1040000,520000.0,,True,50 % عربیکا; تجاری(ترکیبی),https://fardaroastery.ir/product/%d9%82%d9%87%d9%88%d9%87-a50-pre-50%d9%aa-%d8%b9%d8%b1%d8%a8%db%8c%da%a9%d8%a7/,لاین A50-Pre برای پرکردن جای خالی منو ساخته شده: قهوه‌ای که همه دوستش دارند. نت شکلات شیری خط اصلی طعم است و از جرعه اول تا آخر ثابت می‌ماند. شیرینی گرد و طبیعی است، نه ساختگی و نه سنگین. بادی متوسط و مخملی است و دهان را خشک نمی‌کند. اسیدیته ملایم فقط به اندازه‌ای حاضر است که فنجان صاف نشود. تلخی عامدانه پایین نگه داشته شده تا برای طیف عمومی مشتری قابل نوشیدن باشد. رست مدیوم با توسعه کنترل‌شده، نت
Farda Roastery,قهوه A70-House (70٪ عربیکا),,Washed,,Whole bean,200.0,1230000,615000.0,,True,70 % عربیکا; تجاری(ترکیبی),https://fardaroastery.ir/product/%d9%82%d9%87%d9%88%d9%87-a70-house-70%d9%aa-%d8%b9%d8%b1%d8%a8%db%8c%da%a9%d8%a7/,لاین A70-House برای ذائقه‌ای است که به دنبال عمق است، نه شیرینی صریح. نت بادام و فندق برشته در جرعه اول باز می‌شود. در میانه فنجان، میوه خشک و ته‌مایه‌ای از انجیر یا خرما ظاهر می‌شود. شیرینی خشک و کنترل‌شده است و روی زبان سنگین نمی‌ماند. بادی متوسط با بافتی تمیز و بی‌ابهام است. اسیدیته متعادل، ساختار طعم را باز و خوانا می‌کند. افترتیست بلند و خشک، فنجان را با وقار می‌بندد. رست مدیوم با کنترل دقیق 
Farda Roastery,ماسالا (Masala),,,,Ground,300.0,465000,155000.0,,True,پودر های مصرفی; ماسالا,https://fardaroastery.ir/product/masala/,پودر ماسالا فردا برای کافه‌هایی طراحی شده که می‌خواهند یک نوشیدنی گرم غیرقهوه‌ای با کیفیت ثابت و قابل تکرار در منو داشته باشند. ادویه‌های این ترکیب به‌صورت جداگانه انتخاب و پیش از آسیاب کالیبره می‌شوند تا نسبت عطر به تندی در هر بچ یکسان بماند. ستون اصلی پروفایل، هل سبز است که لایه‌ای روشن و معطر می‌سازد؛ دارچین شیرینی گرم را اضافه می‌کند و زنجکبیل انتهای دهان را با گرمایی ملایم می‌بندد. میخک و فلف
Erido Coffee,فانل سایز ۵۱ و ۵۸,,,,,,185000,,,False,لوازم جانبی قهوه,https://eridocoffee.com/shop/equipments/coffee-accessories/funnel/,"فانل سایز ۵۱ و ۵۸ شامل دو سایز استاندارد فانل، ۵۱ و ۵۸ میلی‌متر است که برای انتقال دقیق مایعات و مواد خشک در محیط‌های صنعتی، آزمایشگاهی و خانگی طراحی شده است. ساختار این فانل‌ها به گونه‌ای است که جریان مواد به‌طور یکنواخت و بدون ریخت‌وپاش انجام شود، بنابراین مناسب برای استفاده در ظروف با دهانه‌های مختلف است. 
 جنس به‌کار رفته در این فانل‌ها مقاوم در برابر فشار و دما است و طول عمر بالایی دارد. طراح"
Erido Coffee,فلاسک Vacuum Cup,,,,,,485000,,,True,ماگ، تراول ماگ و فلاسک,https://eridocoffee.com/shop/equipments/mug/vacuum-cup-flask/,"فلاسک Vacuum Cup با حجم ۶۸۰ میلی‌لیتر، طراحی شده تا همراهی همیشگی شما در طول روز باشد. فرقی نمی‌کند نوشیدنی شما داغ باشد یا سرد؛ این فلاسک قادر است تا ۱۲ ساعت دمای مایعات داغ و ۱۲ ساعت دمای مایعات سرد را حفظ کند. این ویژگی، آن را به انتخابی ایده‌آل برای محیط کار، سفر یا فعالیت‌های روزمره تبدیل می‌کند. 
 وجود لیوان همراه داخل فلاسک، امکان نوشیدن راحت و بدون نیاز به وسایل اضافه را فراهم می‌کند و تجر"
Erido Coffee,تراول ماگ درجه دار کافی,,,,,,340000,,,True,ماگ، تراول ماگ و فلاسک,https://eridocoffee.com/shop/equipments/mug/coffee-travel-mug/,"تراول ماگ درجه دار کافی با طراحی کاربردی و کیفیت بالا، برای کسانی ساخته شده که نوشیدنی گرم یا سرد خود را همیشه همراه دارند. این محصول ترکیبی از ماگ، تراول ماگ و فلاسک است و امکان اندازه‌گیری دقیق حجم مایعات را با درجه‌بندی داخلی فراهم می‌کند. حجم ۳۵۰ میلی‌لیتری آن، مناسب برای قهوه، چای و سایر نوشیدنی‌های شما در طول روز است. 
 جنس مقاوم و سبک این تراول ماگ، جابجایی راحت و استفاده روزمره آسان را تضم"
Erido Coffee,فلاسک ۱۵۰۱۱۸,,,,,,475000,,,True,ماگ، تراول ماگ و فلاسک,https://eridocoffee.com/shop/equipments/mug/flask-150118/,"فلاسک ۱۵۰۱۱۸ یک انتخاب کامل برای هر روز است. این محصول در قالب ماگ، تراول ماگ و فلاسک طراحی شده تا شما بتوانید نوشیدنی‌های خود را همیشه همراه داشته باشید. فلاسک ۱۵۰۱۱۸ با قابلیت نگهداری آب داغ و سرد تا ۱۲ ساعت، امکان لذت بردن از نوشیدنی‌ها را در هر زمان و مکان فراهم می‌کند. این فلاسک در رنگ قرمز و آبی ارائه شده و در سه حجم متفاوت در دسترس است: ۶۲۰ میلی‌لیتر، ۸۰۰ میلی‌لیتر. 
 طراحی دقیق در عین سادگ"
Erido Coffee,قهوه ساز دمی کمکس,,,,,,550000,,,False,ابزار تهیه قهوه,https://eridocoffee.com/shop/equipments/coffee-maker/chemex-coffee-maker/,"قهوه ساز دمی کمکس، یک  ابزار تهیه قهوه  و انتخابی حرفه‌ای برای کسانی که تجربه‌ای تازه و با کیفیت از قهوه می‌خواهند. طراحی شفاف و شیک این محصول اجازه می‌دهد هر مرحله دم‌آوری را ببینید و کنترل کامل روی غلظت و عطر قهوه داشته باشید. با ظرفیت ۳ کاپ (۶۰۰ میلی‌لیتر) و ۴ کاپ (۸۰۰ میلی‌لیتر)، امکان دم‌آوری دقیق برای هر جمعیتی فراهم است، چه برای یک فنجان آرام صبحگاهی و چه برای سرو چند نفر. 
 این قهوه‌ساز با"
Erido Coffee,قمقمه Sports,,,,,,275000,,,True,ماگ، تراول ماگ و فلاسک,https://eridocoffee.com/shop/equipments/mug/sports-water-bottle/,قمقمه Sports با ظرفیت ۶۰۰ میلی‌لیتر، یک انتخاب ایده‌آل برای استفاده در باشگاه و فعالیت‌های ورزشی روزانه است. طراحی آن به گونه‌ای است که به راحتی در دست جای می‌گیرد و حمل مایعات را بدون نشت امکان‌پذیر می‌سازد. این محصول در دو رنگ جذاب قرمز و آبی ارائه می‌شود و از هر رنگ یک عدد موجود است. این قمقمه، ترکیبی از کارایی و دوام است و به شما امکان می‌دهد آب، نوشیدنی‌های ورزشی یا هر مایع دیگری را با خود هم
Erido Coffee,فلاسک درجه دار ۵۱۴۸,,,,,,445000,,,True,ماگ، تراول ماگ و فلاسک,https://eridocoffee.com/shop/equipments/mug/graduated-flask-5148/,"فلاسک درجه دار ۵۱۴۸، یک محصول با کیفیت و کاربردی است که برای کسانی طراحی شده است که همیشه به داشتن نوشیدنی گرم یا خنک در دسترس اهمیت می‌دهند. این فلاسک با طراحی دقیق و مقاوم خود، جایگاه ویژه‌ای در میان وسایل روزمره شما پیدا می‌کند و تجربه‌ای راحت و مطمئن از نگهداری نوشیدنی ارائه می‌دهد. 
 ویژگی منحصر به فرد این فلاسک، نمایشگر دمایی آن است که به شما اجازه می‌دهد دمای دقیق آب داخل فلاسک را مشاهده کن"
Erido Coffee,فلاسک JK,,,,,,730000,,,True,ماگ، تراول ماگ و فلاسک,https://eridocoffee.com/shop/equipments/mug/jk-flask/,"فلاسک JK طراحی شده تا نوشیدنی‌های شما را در دمای مناسب برای مدت طولانی نگه دارد و استفاده روزمره را راحت کند. این محصول علاوه بر اینکه یک فلاسک است، می‌تواند به عنوان  ماگ، تراول ماگ و فلاسک  هم استفاده شود و امکان همراه داشتن نوشیدنی گرم یا سرد را در هر شرایطی فراهم کند. این فلاسک در دو اندازه و رنگ عرضه می‌شود: 
 
 
  حجم ۸۵۰ میلی‌لیتر، رنگ مشکی : نگهداری آب داغ تا ۱۲ ساعت و آب سرد تا ۱۵ ساعت. 
"
Erido Coffee,تراول ماگ ۲۱۳۰,,,,,,350000,,,True,ماگ، تراول ماگ و فلاسک,https://eridocoffee.com/shop/equipments/mug/travel-mug-2130/,"تراول ماگ ۲۱۳۰ با حجم ۴۰۰ میلی‌لیتر، انتخابی مناسب برای نگهداری طولانی نوشیدنی‌های داغ و سرد است. این محصول با طراحی ویژه و کاربردی، جایگاه ویژه‌ای در میان محصولات مشابه مانند  ماگ، تراول ماگ و فلاسک  دارد و تجربه‌ای مطمئن از مصرف روزانه ارائه می‌دهد. 
 رنگ مشکی تراول ماگ ۲۱۳۰ به سادگی با هر سبک و محیطی هماهنگ می‌شود و ظاهری مدرن و شیک دارد. با این تراول ماگ، نوشیدنی‌های داغ شما تا ۶ ساعت دمای منا"
Erido Coffee,فلاسک Jingbang,,,,,,435000,,,False,ماگ، تراول ماگ و فلاسک,https://eridocoffee.com/shop/equipments/mug/jingbang-flask/,"فلاسک Jingbang برای نگهداری نوشیدنی‌ها در دمای مناسب طراحی شده است. این فلاسک‌ها در دو حجم ۶۰۰ و ۸۰۰ میلی‌لیتری عرضه می‌شوند و می‌توانند آب جوش یا نوشیدنی‌های خنک را تا ۱۲ ساعت حفظ کنند. بدنه مقاوم و عایق‌بندی کامل، باعث می‌شود دما بدون تغییر باقی بماند و مایعات نشت نکنند. این محصول بخشی از مجموعه  ماگ، تراول ماگ و فلاسک  است و برای استفاده روزانه، سفر یا محیط کار مناسب است. 
 فلاسک ۶۰۰ میلی‌لیتری"
Erido Coffee,قهوه ترکیبی %30 عربیکا 100 گرمی (ویگو),,,,Whole bean,100.0,151050,151050.0,,False,خرید قهوه 100 گرمی; خرید قهوه ترکیبی,https://eridocoffee.com/shop/coffee/blended-coffee/vigo-100gr/,"قهوه ترکیبی %30 عربیکا 100 گرمی (ویگو) با ۷۰ درصد روبوستا، ترکیبی متعادل برای کسانی است که طعم قهوه را جدی می‌گیرند. تلخی آن نسبتاً زیاد و ترشی آن کم است و شیرینی کمی دارد، در حالی که تنواری بالا و میزان کافئین زیاد، انرژی لازم برای روز شما را فراهم می‌کند. طعم یادهای این قهوه شامل آجیل برشته شده و شکلات تلخ است که هر فنجان را جذاب و خوش‌عطر می‌کند. 
 شما می‌توانید نوع آسیاب قهوه ترکیبی %30 عربیکا"
Erido Coffee,قهوه %70 عربیکا 100 گرمی (میلانو),,,Medium,Whole bean,100.0,177270,177270.0,,False,خرید قهوه 100 گرمی; خرید قهوه ترکیبی,https://eridocoffee.com/shop/coffee/blended-coffee/milano-100gr/,"قهوه %70 عربیکا 100 گرمی (میلانو) از دانه‌های عربیکا درست شده و طعمی متعادل و خوشایند دارد. این قهوه تلخی متوسط، شیرینی و تنواری نسبتاً زیاد و ترشی کم دارد. یادهای شکلات و بادام تلخ در آن باعث می‌شود هر جرعه لذت‌بخش و خاص باشد. 
 قهوه %70 عربیکا 100 گرمی (میلانو) را می‌توانید به صورت دان یا آسیاب شده تهیه کنید و با انواع روش‌های دم‌آوری مثل اسپرسوساز خانگی و صنعتی، فرنچ پرس، کمکس/پوراور، موکاپات و"
Erido Coffee,قهوه %80 عربیکا 100 گرمی (رم),,,Medium,Whole bean,100.0,179550,179550.0,,False,خرید قهوه 100 گرمی; خرید قهوه ترکیبی,https://eridocoffee.com/shop/coffee/blended-coffee/rome-100gr/,"قهوه %80 عربیکا 100 گرمی (رم) طعمی متعادل و دلنشین دارد. هر فنجان این قهوه با طعم‌های فندق، شکلات شیری و کارامل همراه است و تجربه‌ای نرم و خوشایند ایجاد می‌کند. تلخی آن نسبتاً کم، شیرینی و ترشی متوسط است و کافئین آن نیز برای استفاده روزانه مناسب است. این محصول برای انواع روش‌های دم‌آوری مناسب است. 
 می‌توانید با اسپرسوساز خانگی یا صنعتی، فرنچ پرس، قهوه‌ساز خانگی، کمکس یا موکاپات قهوه %80 عربیکا 10"
Erido Coffee,قهوه %100 روبوستا 100 گرمی (دوپینگ),,,,Whole bean,100.0,130150,130150.0,,False,خرید قهوه 100 گرمی; خرید قهوه ترکیبی; خرید قهوه کافئین بالا (قهوه فول کافئین),https://eridocoffee.com/shop/coffee/high-caffeine-coffee/doping-100gr/,اگر دنبال یک تجربه قهوه با کافئین بسیار بالا هستید، قهوه %100 روبوستا 100 گرمی (دوپینگ) انتخابی بی‌نظیر است. این قهوه 100% روبوستا بدون هیچ میزان عربیکا، برای دوستداران طعم‌های قوی و تلخ طراحی شده است. با تلخی زیاد و ترشی بسیار کم، هر فنجان شما را با طعم‌های آجیلی و ادویه‌ای سرشار می‌کند. با توجه به تنواری بالا و شیرینی نسبتا کم، این قهوه برای هر سلیقه‌ای که دنبال انرژی و تمرکز بالاست، ایده‌آل است
Erido Coffee,قهوه ترکیبی %50 عربیکا 100 گرمی (پائو),,,Medium,Whole bean,100.0,164350,164350.0,,False,خرید قهوه 100 گرمی; خرید قهوه ترکیبی,https://eridocoffee.com/shop/coffee/blended-coffee/pao-100gr/,"قهوه ترکیبی %50 عربیکا 100 گرمی (پائو) از ترکیب دانه‌های عربیکا و روبوستا درست شده است. وجود 50 درصد عربیکا باعث می‌شود قهوه رایحه‌ای خوشایند و نرم داشته باشد و روبوستا هم به آن قدرت و کافئین بیشتری اضافه کند. به همین دلیل این قهوه هم عطر خوبی دارد و هم انرژی کافی برای شروع روز یا ساعات پرکار را فراهم می‌کند. 
 مزه‌ی قهوه ترکیبی %50 عربیکا 100 گرمی (پائو) متعادل است. ترشی آن کم است، تلخی در حد متو"
Erido Coffee,قهوه %100 عربیکا 100 گرمی (پارنو),,,Medium,Whole bean,100.0,196650,196650.0,,False,خرید قهوه 100 گرمی,https://eridocoffee.com/shop/coffee/100gr-coffee/parnu-100gr/,"قهوه %100 عربیکا 100 گرمی (پارنو) یک انتخاب مناسب برای کسانی است که طعم قهوه خالص را دوست دارند. این قهوه با عطر مرکباتی و شکلاتی شناخته می‌شود و طعمی ملایم و دلنشین دارد. ترشی آن کمی زیاد است، اما تلخی کمتر و شیرینی متوسط باعث می‌شود طعم متعادل‌تری احساس کنید. 
 این قهوه ترکیبی به دلیل کافئین کم، برای مصرف روزانه گزینه خوبی است. شما می‌توانید قهوه %100 عربیکا 100 گرمی (پارنو) را با روش‌های مختلف "
Erido Coffee,قهوه تخصصی %100 عربیکا (اتیوپی-سیدامو) 250 گرمی,Ethiopia,,Medium,Whole bean,250.0,504000,201600.0,,False,خرید قهوه 250 گرمی; خرید قهوه تخصصی (قهوه اسپشیالیتی); قهوه عمده,https://eridocoffee.com/shop/coffee/250gr-coffee/%d8%b9%d8%b1%d8%a8%db%8c%da%a9%d8%a7-%d8%a7%d8%aa%db%8c%d9%88%d9%be%db%8c-%d8%b3%db%8c%d8%af%d8%a7%d9%85%d9%88/,قهوه تخصصی %100 عربیکا (اتیوپی-سیدامو) 250 گرمی، با طعم‌های منحصر به فرد و ترکیب بی‌نظیری از ویژگی‌های مختلف، یک تجربه قهوه‌ای خاص را برای شما فراهم می‌آورد.  خرید قهوه تخصصی  از دانه‌های عربیکا با کیفیت بالا که از مناطق مختلف اتیوپی تهیه شده، به شما این امکان را می‌دهد تا از طعمی دلپذیر و متمایز لذت ببرید. این دانه‌ها به دلیل شرایط خاص آب و هوایی و خاک‌های حاصلخیز این مناطق، طعم و ویژگی‌های بی‌نظ
Erido Coffee,دوره مدیریت کافه ویژه مدیران,,,,,,2000,,,True,دوره های آموزشی,https://eridocoffee.com/shop/%d8%af%d9%88%d8%b1%d9%87-%d9%87%d8%a7%db%8c-%d8%a2%d9%85%d9%88%d8%b2%d8%b4%db%8c/%d8%af%d9%88%d8%b1%d9%87-%d9%85%d8%af%db%8c%d8%b1%db%8c%d8%aa-%da%a9%d8%a7%d9%81%d9%87-%d9%88%db%8c%da%98%d9%87-%d9%85%d8%af%db%8c%d8%b1%d8%a7%d9%86/,"برای اینکه فروش کافی شاپت بالا بره 
نکات مهمی رو باید بدونی 
از چگونگی تهیه مواد اولیه و قهوه با کیفیت، تا راهکار های تکرار خرید و جذب مشتری 
تو این دوره فشرده و کاربردی نکات مهمی ارائه شده که مناسب شما مدیر عزیز هست."
Erido Coffee,قهوه تخصصی %100 عربیکا (کنیا) 250 گرمی,Kenya,,Medium,Whole bean,250.0,409500,163800.0,,False,خرید قهوه 250 گرمی; خرید قهوه تخصصی (قهوه اسپشیالیتی),https://eridocoffee.com/shop/coffee/250gr-coffee/kenya-250gr-specialty-coffee/,قهوه تخصصی %100 عربیکا (کنیا) 250 گرمی تجربه‌ای متفاوت از طعم و عطر قهوه تخصصی را برای شما به ارمغان می‌آورد. با  خرید قهوه تخصصی  از دانه‌های عربیکا خالص، طعم‌های خاص و پیچیده‌ای از آلوبخارا و شکلات را تجربه خواهید کرد. ترشی این قهوه نسبتاً زیاد است، در حالی که تلخی آن کم بوده و شیرینی دلپذیری در هر جرعه احساس خواهید کرد. این قهوه با دقت و تجربه فراوان در فرآیند برشته‌کاری تهیه شده است تا تمام وی
Erido Coffee,قهوه تخصصی %100 عربیکا (اتیوپی-یرگاشف) 250 گرمی,Ethiopia,,Medium,Whole bean,250.0,700000,280000.0,,False,خرید قهوه 250 گرمی; خرید قهوه تخصصی (قهوه اسپشیالیتی),https://eridocoffee.com/shop/coffee/250gr-coffee/ethiopia-250gr-specialty-coffee/,قهوه تخصصی %100 عربیکا (اتیوپی-یرگاشف) 250 گرمی، با طعم‌های منحصر به فرد و ترکیب بی‌نظیری از ویژگی‌های مختلف، یک تجربه قهوه‌ای خاص را برای شما فراهم می‌آورد.  خرید قهوه تخصصی  از دانه‌های عربیکا با کیفیت بالا که از مناطق مختلف اتیوپی تهیه شده، به شما این امکان را می‌دهد تا از طعمی دلپذیر و متمایز لذت ببرید. این دانه‌ها به دلیل شرایط خاص آب و هوایی و خاک‌های حاصلخیز این مناطق، طعم و ویژگی‌های بی‌نظ
Erido Coffee,پیچر 550ml رنگی,,,,,,500000,,,False,تجهیزات قهوه; لوازم جانبی قهوه,https://eridocoffee.com/shop/equipments/coffee-accessories/550ml-colored-pitcher/,پیچر شیر 550 میلی‌لیتری یک ظرف مخصوص بخار دادن شیر و تهیه فوم شیر است که در کنار دستگاه اسپرسو برای آماده‌سازی نوشیدنی‌هایی مانند لاته، کاپوچینو و فلت وایت استفاده می‌شود. این پیچر با طراحی کاربردی و رنگ‌بندی متنوع، گزینه‌ای مناسب برای محیط‌های حرفه‌ای و خانگی به شمار می‌آید. با استفاده از پیچر 550ml رنگی می توانید به راحتی شیر خود را فوم داده و از آن در تهیه انواع نوشیدنی حاوی فوم شیر استفاده کنی
Erido Coffee,تراول ماگ دور سیلیکونی Starbucks,,,,,,495000,,,False,تجهیزات قهوه; ماگ، تراول ماگ و فلاسک,https://eridocoffee.com/shop/equipments/mug/starbucks-round-silicone-travel-mug/,"تراول ماگ دور سیلیکونی Starbucks یک انتخاب مناسب برای کسانی است که می‌خواهند نوشیدنی گرم یا سرد خود را همیشه همراه داشته باشند. طراحی این ماگ به گونه‌ای است که هم ظاهر زیبا دارد و هم در استفاده‌ی روزمره بسیار کاربردی است. رنگ‌های سفید و آجری این ماگ، ظاهر آن را خاص و جذاب کرده‌اند. 
 ویژگی تراول ماگ Starbucks 
 
 
  دور سیلیکونی مقاوم:  سیلیکون دور بدنه کمک می‌کند که در زمان استفاده، دست شما از حر"
Erido Coffee,فلاسک کمپینگ 2 لیوان 520ml,,,,,,,,,False,تجهیزات قهوه; ماگ، تراول ماگ و فلاسک,https://eridocoffee.com/shop/equipments/mug/camping-flask-2-glasses-520ml/,"فلاسک کمپینگ 2 لیوان 520ml در رنگ‌های مشکی، زرد، قرمز و نقره‌ای عرضه می‌شود و با ظرفیت 520 میلی‌لیتر، گزینه‌ای مناسب برای افرادی است که به‌دنبال یک فلاسک کاربردی و مقاوم هستند. این فلاسک علاوه بر ظاهر جذاب و رنگ‌بندی متنوع، با طراحی دو لیوان همراه خود، راحتی استفاده را در هر شرایطی فراهم می‌کند. 
 ویژگی های فلاسک کمپینگ 
 
 
  ظرفیت مناسب : این فلاسک با ظرفیت 520 میلی‌لیتر، اندازه‌ای مناسب برای اس"
Erido Coffee,نانو پرسو لواک (Luwak),,,,,,2500000,,,False,ابزار تهیه قهوه; تجهیزات قهوه,https://eridocoffee.com/shop/equipments/coffee-maker/luwak-nano-press/,"نانو پرسو لواک یک دستگاه اسپرسو ساز قابل حمل و بدون نیاز به برق یا باتری است. این دستگاه برای کسانی که عاشق قهوه هستند و دوست دارند در سفر یا هر مکانی، یک فنجان اسپرسو با کیفیت درست کنند، بسیار مناسب است. نانوپرسو لواک به صورت دستی و با فشار دادن پمپ تعبیه شده روی بدنه دستگاه، قهوه را عصاره‌گیری می‌کند. 
 اگر به دنبال یک اسپرسوساز فوری، سریع و قابل حمل هستید، نانو پرس برند Luwak جزء یکی از بهترین "
Erido Coffee,تراول ماگ دو قفله,,,,,,375000,,,False,تجهیزات قهوه; ماگ، تراول ماگ و فلاسک,https://eridocoffee.com/shop/equipments/mug/travel-mug-with-two-locks/,تراول ماگ دو قفله جزء تراول ماگ های بسیار خوش دست با سایزی مناسب می باشد که با وجود دری قفل دار، به راحتی می توانید همه جا آن را حمل کنید و نهایت لذت را از نوشیدنی خود ببرید.
Erido Coffee,پیچر 350ml رنگی,,,,,,410000,,,False,تجهیزات قهوه; لوازم جانبی قهوه,https://eridocoffee.com/shop/equipments/coffee-accessories/350ml-colored-pitcher/,"پیچر 350ml رنگی، یک ابزار حرفه‌ای و با کیفیت برای تهیه فوم شیر است که مناسب استفاده در کافی‌شاپ‌ها، رستوران‌ها و منازل می‌باشد. این پیچر از جنس استیل ضد زنگ ساخته شده و طراحی ارگونومیک آن کار با محصول را آسان و دقیق می‌کند. حجم این پیچر برای بخار دادن ۲۰۰ تا ۲۳۰ میلی‌لیتر شیر مناسب است و به شما امکان تهیه فوم شیر یکنواخت و با کیفیت را می‌دهد. 
 ویژگی‌های پیچر 350ml رنگی 
 
 
 بدنه از استیل ضد زنگ "
Erido Coffee,تمپر دسته چوبی گیتر سایز 51,,,,,,250000,,,False,تجهیزات قهوه; لوازم جانبی قهوه,https://eridocoffee.com/shop/equipments/coffee-accessories/size-51-gater-wooden-handle-tamper/,"تمپر دسته چوبی گیتر سایز 51 یکی از ابزارهای ضروری برای تهیه اسپرسوی حرفه‌ای در خانه است. این تمپر با طراحی دقیق و بدنه‌ای باکیفیت، امکان فشرده‌سازی یکنواخت قهوه آسیاب‌شده را فراهم می‌کند و به بهبود روند عصاره‌گیری در اسپرسوساز کمک می‌نماید. سایز ۵۱ میلی‌متر این تمپر، آن را برای پرتافیلترهای استاندارد خانگی کاملاً مناسب کرده است. 
 
 
 
 مشخصات فنی 
 توضیحات 
 
 
 
 
  نام محصول  
 تمپر دسته چوبی گ"
Erido Coffee,تمپر فانتزی سایز 51,,,,,,245000,,,False,تجهیزات قهوه; لوازم جانبی قهوه,https://eridocoffee.com/shop/equipments/coffee-accessories/temper-fantasy-size-51/,تمپر فانتزی سایز 51 مناسب اسپرسوساز های خانگی می باشد و با توجه به کیفیت خارق‌العاده‌ای که دارد به  راحتی و با بهترین کیفیت ممکن می تواند قهوه شما را تمپ و فشرده کند.
Erido Coffee,تمپر فانتزی سایز 58,,,,,,345000,,,False,تجهیزات قهوه; لوازم جانبی قهوه,https://eridocoffee.com/shop/equipments/coffee-accessories/temper-fantasy-size-58/,"تمپر فانتزی سایز 58 یک ابزار حرفه‌ای و با کیفیت است که مخصوص تمپ و فشرده کردن پودر قهوه در پورتافیلترهای 58 میلی‌متری طراحی شده است. این محصول ترکیبی از جنس استیل و چوب است که علاوه بر کارایی بالا، ظاهر زیبا و خاصی نیز دارد. این تمپر برای استفاده در اسپرسوسازهای صنعتی و نیمه‌صنعتی بسیار مناسب است و به شما کمک می‌کند قهوه‌ای با طعم و کیفیت عالی دم کنید. 
 ویژگی تمپر فانتزی سایز 58 
 
 
  قطر تمپر: "
Erido Coffee,تمپر دسته چوبی سایز 51,,,,,,124000,,,False,تجهیزات قهوه; لوازم جانبی قهوه,https://eridocoffee.com/shop/equipments/coffee-accessories/tamper-wooden-handle-size-51/,تمپر دسته چوبی سایز 51 مناسب اسپرسوساز های خانگی می باشد و به راحتی و با بهترین کیفیت ممکن می تواند قهوه شما را تمپ و فشرده کند.
Erido Coffee,تراول ماگ دور سیلیکونی,,,,,,412000,,,False,تجهیزات قهوه; ماگ، تراول ماگ و فلاسک,https://eridocoffee.com/shop/equipments/mug/silicone-travel-mug/,تراول ماگ دور سیلیکونی دارای جنسی فلزی و استیل است که با قرار گرفتن پیوندی سیلیکونی به دور آن، به دست گرفتن آن را برای مواقعی که نوشیدنیتان داغ هست، راحت تر می کند.
Erido Coffee,مت تمپر دوبل,,,,,,210000,,,False,تجهیزات قهوه; لوازم جانبی قهوه,https://eridocoffee.com/shop/equipments/coffee-accessories/matt-temper-double/,"مت تمپر دوبل یک ابزار کاربردی و ضروری برای کسانی است که قهوه اسپرسو درست می‌کنند. این زیرتمپر از جنس سیلیکون نرم و با کیفیت ساخته شده که کمک می‌کند در زمان تمپ کردن قهوه، تمپر و سطح زیر آن در امنیت باشند. 
 مهم‌ترین ویژگی این محصول داشتن دو جایگاه مخصوص است که به شما اجازه می‌دهد دو پورتافیلتر را همزمان یا لولر و تمپر را کنار هم بدون نیاز به فضای اضافی روی مت قرار دهید. این وسیله برای استفاده در ک"
Erido Coffee,نیدل لوکس دسته چوبی,,,,,,235000,,,False,تجهیزات قهوه; لوازم جانبی قهوه,https://eridocoffee.com/shop/equipments/coffee-accessories/luxury-needle-with-wooden-handle/,نیدل لوکس دسته چوبی از بهترین ابزار ها برای از بین بردن هر گونه ناهمواری در بسکت قهوه شما عزیزان می باشد و با کمک آن می توانید قهوه ای با سطح هموار، بدون حفره و تکه های چسبیده‌  داشته باشید.
Erido Coffee,تراول ماگ درجه دار,,,,,,490000,,,False,تجهیزات قهوه; ماگ، تراول ماگ و فلاسک,https://eridocoffee.com/shop/equipments/mug/classy-travel-mug/,تراول ماگ درجه دار یکی از شیک ترین ماگ های اریدو کافی می باشد که نشان دهنده دمای مایع درون آن به شما عزیزان می باشد.
Erido Coffee,فرنچ پرس سیلیکونی 350ml,,,,,,320000,,,False,ابزار تهیه قهوه; تجهیزات قهوه,https://eridocoffee.com/shop/equipments/coffee-maker/silicone-french-press-350ml/,"فرنچ پرس سیلیکونی 350ml جزء جذاب ترین تجهیزات و ابزارآلات تهیه قهوه اریدو کافی می باشد. اگر شما عزیزان با روش دمی تمایل به نوشیدن قهوه خود هستید؛ بدون شک فرنچ پرس سیلیکونی 350ml بهترین گزینه برای شما عزیزان می باشد. 
 همینطور برای تهیه فوم شیر نیز می توانید از این فرنچ پرس استفاده کنید."
Erido Coffee,تراول ماگ استار باکس 510ml,,,,,,375000,,,True,تجهیزات قهوه; ماگ، تراول ماگ و فلاسک,https://eridocoffee.com/shop/equipments/mug/starbucks-travel-mug-510ml/,تراول ماگ استار باکس 510ml دارای جنسی بسیار قوی و محکم می باشد و با حجم نیم لیتری‌ای که دارد ی توانید نیاز ها و مایحتاجات شما از یک تراول ماگ را برآورده کند.
Erido Coffee,تراول ماگ 2 طرفه,,,,,,375000,,,True,تجهیزات قهوه; ماگ، تراول ماگ و فلاسک,https://eridocoffee.com/shop/equipments/mug/two-way-travel-mug/,تراول ماگ 2 طرفه با سایزی نسبتا کوچک و مناسب به راحتی در دست یا در کوله‌پشتی قرار می گیرد و می توانید در هر زمان از آن استفاده بکنید.
Erido Coffee,فلاسک فشن کوچک Diwangxin,,,,,,510000,,,False,تجهیزات قهوه; ماگ، تراول ماگ و فلاسک,https://eridocoffee.com/shop/equipments/mug/diwangxin-small-fashion-flask/,"فلاسک فشن کوچک Diwangxin با طراحی منحصر به فرد و جنس استیل مرغوب، یکی از بهترین انتخاب‌ها برای افرادی است که به نگهداری دمای مایعات اهمیت می‌دهند. این فلاسک با ظرفیت مناسب و طراحی زیبا، به راحتی می‌تواند همراه شما در طول روز باشد و دمای نوشیدنی‌های شما را برای مدت طولانی حفظ کند. 
 این فلاسک در دو رنگ مشکی و آبی عرضه می‌شود که می‌تواند به راحتی با سلیقه‌های مختلف هماهنگ شود. طراحی کوچک و فشرده آن،"
Erido Coffee,تراول ماگ دو قفله درجه دار,,,,,,371000,,,False,تجهیزات قهوه; ماگ، تراول ماگ و فلاسک,https://eridocoffee.com/shop/equipments/mug/travel-mug-with-two-graded-locks/,تراول ماگ دو قفله درجه دار جزء تراول ماگ های بسیار خوش دست با سایزی مناسب می باشد که با وجود دری قفل دار، به راحتی می توانید همه جا آن را حمل کنید و نهایت لذت را از نوشیدنی خود ببرید.
Erido Coffee,فلاسک فشن بزرگ Diwangxin,,,,,,565000,,,False,تجهیزات قهوه; ماگ، تراول ماگ و فلاسک,https://eridocoffee.com/shop/equipments/mug/large-fashion-flask/,"فلاسک فشن بزرگ Diwangxin با طراحی زیبا و جنس استیل مقاوم، انتخابی ایده‌آل برای کسانی است که به نگهداری دمای مایعات اهمیت می‌دهند. این فلاسک در رنگ آبی جذاب عرضه می‌شود و به راحتی دمای نوشیدنی‌ها را حفظ می‌کند. 
 اگر شما به دنبال یک فلاسک با کیفیت و با دوام هستید که بتوانید به راحتی از آن در طول روز استفاده کنید، فلاسک فشن بزرگ Diwangxin بهترین گزینه خواهد بود. این فلاسک با توجه به ظرفیت بالا و طرا"
Erido Coffee,فلاسک Diwangxin کوچک,,,,,,410000,,,False,تجهیزات قهوه; ماگ، تراول ماگ و فلاسک,https://eridocoffee.com/shop/equipments/mug/small-dewangxin-flask/,"فلاسک Diwangxin کوچک یک انتخاب عالی برای کسانی است که به دنبال ترکیب زیبایی و کارایی هستند. این فلاسک با طراحی خاص و منحصر به‌فرد خود، نه تنها از نظر ظاهری جذاب است، بلکه به‌خوبی می‌تواند دمای مایعات داخل خود را حفظ کند. 
 مناسب برای افرادی که علاقه‌مند به داشتن فلاسک‌های کوچک و کاربردی هستند که حمل آن‌ها آسان و راحت باشد. رنگ‌های آبی و سبز این فلاسک به شما امکان انتخاب متناسب با سلیقه‌تان را می‌د"
Erido Coffee,پیچر استیل ساده 900ml,,,,,,495000,,,False,تجهیزات قهوه; لوازم جانبی قهوه,https://eridocoffee.com/shop/equipments/coffee-accessories/simple-steel-pitcher-900ml/,"پیچر استیل ساده 900ml ابزاری حرفه‌ای و ضروری برای تهیه فوم شیر با کیفیت بالا در نوشیدنی‌های اسپرسو است. ساختار این پیچر از استیل ضد زنگ مرغوب تشکیل شده که علاوه بر دوام و مقاومت بالا، به حفظ طعم و کیفیت شیر کمک می‌کند. طراحی دقیق و مدرج بودن بدنه آن، اندازه‌گیری شیر را بسیار آسان و دقیق می‌کند و این امر در تهیه نوشیدنی‌های با کیفیت بالا نقش مهمی دارد. 
 حجم ۹۰۰ میلی‌لیتری این پیچر، امکان تهیه فوم "
Erido Coffee,تراول ماگ سیلیکونی بزرگ,,,,,,495000,,,True,تجهیزات قهوه; ماگ، تراول ماگ و فلاسک,https://eridocoffee.com/shop/equipments/mug/big-silicone-travel-mug/,تراول ماگ سیلیکونی بزرگ جزء محصولات بسیار زیبا و خوش دست اریدو کافی می باشد که گرما و سرما را با بهترین حالت ممکن درون خود نگه می دارد.
Erido Coffee,تراول ماگ سیلیکونی کوچک,,,,,,475000,,,True,تجهیزات قهوه; ماگ، تراول ماگ و فلاسک,https://eridocoffee.com/shop/equipments/mug/small-silicone-travel-mug/,"تراول ماگ سیلیکونی کوچک با طراحی دو رنگ، یک انتخاب عالی برای افرادی است که می‌خواهند در هر شرایطی قهوه یا نوشیدنی‌های گرم خود را همراه داشته باشند. رنگ کرم بدن ماگ و لبه صورتی آن، ظاهری جذاب و دلنشین ایجاد می‌کند که به راحتی می‌توانید آن را با سایر وسایل خود ست کنید. 
 این ماگ کوچک و قابل حمل به دلیل ساختار سیلیکونی‌اش، از دوام بالایی برخوردار است و به راحتی می‌توان آن را در کیف یا جیب جای داد. تر"
Erido Coffee,فرنچ پرس 350 میل برند YITIAN,,,,,,295000,,,True,ابزار تهیه قهوه; تجهیزات قهوه,https://eridocoffee.com/shop/equipments/coffee-maker/%d9%81%d8%b1%d9%86%da%86-%d9%be%d8%b1%d8%b3-350-%d9%85%db%8c%d9%84-%d8%a8%d8%b1%d9%86%d8%af-yitian/,"معرفی فرنچ پرس 350 میل برند YITIAN 
 فرنچ پرس 350 میل برند YITIAN یک وسیله بسیار کارآمد برای تهیه قهوه‌ای با کیفیت بالا در منزل یا محل کار است. این دستگاه به دلیل طراحی ساده، کاربردی و دوام بالای خود، انتخابی محبوب در میان کسانی است که به قهوه علاقه دارند و می‌خواهند تجربه‌ای لذت‌بخش از دم کردن آن داشته باشند. از مزایای این فرنچ پرس می‌توان به اندازه مناسب، طراحی شیک و قابلیت استفاده آسان اشاره کر"
Erido Coffee,تراول ماگ درجه دار کافی 350 میل,,,,,,450000,,,False,تجهیزات قهوه; ماگ، تراول ماگ و فلاسک,https://eridocoffee.com/shop/equipments/mug/%d8%aa%d8%b1%d8%a7%d9%88%d9%84-%d9%85%d8%a7%da%af-%d8%af%d8%b1%d8%ac%d9%87-%d8%af%d8%a7%d8%b1-%da%a9%d8%a7%d9%81%db%8c-350-%d9%85%db%8c%d9%84/,"معرفی تراول ماگ درجه دار کافی 350 میل 
 تراول ماگ درجه دار کافی 350 میل یکی از لوازم کاربردی است که می‌تواند برای افرادی که در طول روز نیاز به نوشیدنی‌های گرم یا سرد دارند، بسیار مفید باشد. این ماگ با ویژگی‌های منحصر به فرد خود، به یک گزینه مناسب برای سفرها، کارهای روزانه و حتی زمان‌هایی که در حال حرکت هستید، تبدیل شده است. در این مطلب به بررسی ویژگی‌ها و مزایای این محصول پرداخته‌ایم. 
 طراحی ارگو"
Erido Coffee,تراول ماگ کافی [مدرج با گنجایش 500 میل],,,,,,495000,,,True,تجهیزات قهوه; ماگ، تراول ماگ و فلاسک,https://eridocoffee.com/shop/equipments/mug/%d8%aa%d8%b1%d8%a7%d9%88%d9%84-%d9%85%d8%a7%da%af-%d8%af%d8%b1%d8%ac%d9%87-%d8%af%d8%a7%d8%b1-%da%a9%d8%a7%d9%81%db%8c-500-%d9%85%db%8c%d9%84/,تراول ماگ کافی با گنجایش 500 میلی‌لیتر و دارای درجه بندی، یک گزینه فوق‌العاده برای کسانی است که دوست دارند نوشیدنی‌های خود را در هر شرایطی و همیشه در دسترس داشته باشند. این ماگ تراول با طراحی ارگونومیک و بدنه‌ای مقاوم، علاوه بر اینکه راحت در دست قرار می‌گیرد، به راحتی در کیف، کوله‌پشتی یا جا نوشیدنی ماشین جای می‌گیرد و همراه بسیار مناسبی برای سفرها، گردش‌ها یا رفت و آمد‌های روزانه به محل کار می‌با
Erido Coffee,فیلتر قهوه 100 عددی برند جدن تگ,,,,,,220000,,,False,تجهیزات قهوه; لوازم جانبی قهوه,https://eridocoffee.com/shop/equipments/coffee-accessories/%d9%81%db%8c%d9%84%d8%aa%d8%b1-%d9%82%d9%87%d9%88%d9%87-100-%d8%b9%d8%af%d8%af%db%8c-%d8%a8%d8%b1%d9%86%d8%af-%d8%ac%d8%af%d9%86-%d8%aa%da%af/,"فیلتر قهوه 100 عددی برند “جدن تگ” یک محصول ایده‌آل برای عاشقان قهوه است که به دنبال تهیه‌ای راحت و سریع قهوه بدون دردسر تمیز کردن هستند. این فیلترهای یک‌بار مصرف از کاغذ درجه یک و محیط‌زیستی تهیه شده‌اند و به گونه‌ای طراحی شده‌اند که هیچ طعم اضافی به قهوه نمی‌دهند و تنها عطر و طعم خالص قهوه‌ای که به دقت آماده کرده‌اید را منتقل می‌کنند. 
 در بسته‌بندی این محصول که شامل 100 عدد فیلتر است، قهوه‌دوستا"
Erido Coffee,تراول ماگ دسته سیلیکونی کوچک,,,,,,465000,,,True,تجهیزات قهوه; ماگ، تراول ماگ و فلاسک,https://eridocoffee.com/shop/equipments/mug/%d8%aa%d8%b1%d8%a7%d9%88%d9%84-%d9%85%d8%a7%da%af-%d8%af%d8%b3%d8%aa%d9%87-%d8%b3%db%8c%d9%84%db%8c%da%a9%d9%88%d9%86%db%8c-%da%a9%d9%88%da%86%da%a9/,"تراول ماگ دسته سیلیکونی کوچک محصولی ایده آل برای افرادی است که همیشه در حرکت هستند و دوست دارند نوشیدنی خود را در دمای دلخواه شان همراه داشته باشند. این ماگ با داشتن دسته‌ای بزرگ و انعطاف‌پذیر که از جنس سیلیکون ساخته شده، کاربردی می‌باشد چرا که باعث می‌شود در دست گرفتن ماگ آسان‌تر شود و از لغزندگی یا سوزش دست به دلیل دمای نوشیدنی جلوگیری کند. 
 علاوه‌بر این، دسته سیلیکونی نه تنها راحتی را به هنگام"
Erido Coffee,چای ماسالا 1.5 کیلوگرمی,,,,Ground,1500.0,2735000,182333.0,,True,چای ماسالا; محصولات پودری; محصولات پودری 1.5 کیلوگرمی,https://eridocoffee.com/shop/powder-products/1kg-powder-products/masala-chai-1-5kg/,چای ماسالا نوشیدنی‌ای است که از چای سیاه و ادویه‌های خوش‌عطر مثل دارچین، هل، زنجبیل و میخک درست می‌شود. این ترکیب طعمی گرم و دلپذیر دارد و خواص مفیدی مثل تقویت بدن و بهبود هضم غذا دارد. چای ماسالا 1.5 کیلوگرمی مناسب برای استفاده روزانه در خانه یا کافی‌شاپ است و به‌خاطر حجم مناسب، برای مصرف چند نفر یا استفاده طولانی‌مدت عالی است. کیفیت بالا و ترکیبات طبیعی، این چای را به انتخابی خوب برای دوستداران 
Erido Coffee,چای ماسالا 500 گرمی,,,,Ground,500.0,930000,186000.0,,True,چای ماسالا; محصولات پودری; محصولات پودری 500 گرمی,https://eridocoffee.com/shop/powder-products/500gr-powder-products/masala-chai-500-gr/,
Erido Coffee,هات چاکلت 1.5 کیلوگرمی,,,,Ground,1500.0,2540000,169333.0,,True,خرید هات چاکلت; محصولات پودری; محصولات پودری 1.5 کیلوگرمی,https://eridocoffee.com/shop/powder-products/1kg-powder-products/hot-chocolate-1-5kg/,"هات چاکلت 1.5 کیلوگرمی با ترکیب کاکائو خالص و مواد شیرین‌کننده متعادل، طعمی کرمی و شکلاتی ایجاد می‌کند که هر فنجان آن یک تجربه لذت‌بخش خواهد بود. با  خرید هات چاکلت  از اریدو کافی، می‌توانید در هر زمان و مکانی از یک نوشیدنی غنی و دلپذیر لذت ببرید. بسته‌بندی 1.5 کیلوگرمی آن به شما این امکان را می‌دهد که به‌راحتی در هر زمان و با سرعت یک نوشیدنی گرم و خوشمزه تهیه کنید. 
 پودر هات چاکلت 1.5 کیلوگرمی ب"
Erido Coffee,هات چاکلت 500 گرمی,,,,Ground,500.0,865000,173000.0,,True,خرید هات چاکلت; محصولات پودری; محصولات پودری 500 گرمی,https://eridocoffee.com/shop/powder-products/500gr-powder-products/hot-chocolate-500gr/,"پودر هات چاکلت 500 گرمی اریدو کافی، یک انتخاب عالی برای کسانی است که به دنبال نوشیدنی شکلاتی با طعم غنی و لذیذ هستند. با  خرید هات چاکلت  500 گرمی از اریدو کافی، می‌توانید هر فنجان هات چاکلت را به یک تجربه بی‌نظیر تبدیل کنید. ترکیب کاکائو خالص و شیرین‌کننده‌های متعادل، طعمی خوشمزه و خامه‌ای به نوشیدنی شما می‌بخشد که در هر زمانی از روز می‌توانید از آن لذت ببرید. 
 این بسته 500 گرمی برای کسانی که به"
Erido Coffee,قهوه فوری گلد 500 گرمی,,,,,500.0,2440000,488000.0,,True,خرید قهوه فوری گلد,https://eridocoffee.com/shop/coffee/instant-gold-coffee/gold-instant-coffee-500gr/,"اگر به‌دنبال قهوه‌ای با طعمی ملایم، عطر خوب و آماده‌سازی سریع هستید،  خرید قهوه فوری گلد  می‌تواند انتخاب مناسبی برای شما باشد. قهوه فوری گلد 500 گرمی از دانه‌های باکیفیت تهیه شده و با روش خشک‌کردن انجمادی فرآوری شده است تا طعم و رایحه‌ی طبیعی قهوه حفظ شود. 
 قهوه فوری گلد طعمی متعادل دارد و برای کسانی مناسب است که نوشیدنی گرم خود را بدون تلخی زیاد و با طعمی لطیف دوست دارند. این محصول در بسته‌بندی"
Erido Coffee,قهوه فوری گلد 150 گرمی,,,,,150.0,753000,502000.0,,True,خرید قهوه فوری گلد,https://eridocoffee.com/shop/coffee/instant-gold-coffee/gold-instant-coffee-150gr/,قهوه فوری گلد 150 گرمی یک انتخاب ساده و خوش‌مزه برای کسانی است که می‌خواهند هر روز با یک فنجان قهوه گرم و خوش‌عطر روزشان را شروع کنند یا لحظه‌ای آرامش داشته باشند. این محصول از دانه‌های باکیفیت قهوه تهیه شده که پس از تفت دادن و عصاره‌گیری، با روش خشک‌کردن ویژه‌ای به صورت پودر در‌آمده تا طعم طبیعی قهوه حفظ شود.  خرید قهوه فوری گلد  برای کسانی مناسب است که زمان زیادی برای درست‌کردن قهوه ندارند، اما 
Erido Coffee,قهوه ترک 1 کیلوگرمی (استانبول کافی),,,,Whole bean,1000.0,3550000,355000.0,,True,خرید قهوه ترک; خرید قهوه کیلویی تازه,https://eridocoffee.com/shop/coffee/1kg-coffee/istanbul-coffee-1kg/,"قهوه ترک 1 کیلوگرمی استانبول کافی، ترکیبی خوش‌عطر و خوش‌طعم از دانه‌های باکیفیت قهوه است که برای دوست‌داران واقعی قهوه ترک تهیه شده است. این محصول با ترکیب 20٪ دانه عربیکا و 80٪ دانه روبوستا، طعمی متعادل و قوی دارد. طعم و بوی این قهوه، یادآور قهوه‌خانه‌های سنتی استانبول است که با هر فنجان، حس اصالت و آرامش را منتقل می‌کند. 
 ویژگی قهوه ترک 1 کیلوگرمی (استانبول کافی) 
 
 
  وزن بسته‌بندی:  1 کیلوگر"
Erido Coffee,قهوه ترک 250 گرمی (استانبول کافی),,,,Whole bean,250.0,907000,362800.0,,True,خرید قهوه 250 گرمی; خرید قهوه ترک,https://eridocoffee.com/shop/coffee/250gr-coffee/istanbul-coffee-250gr/,"قهوه ترک ۲۵۰ گرمی استانبول کافی، انتخابی مناسب برای کسانی است که دنبال طعم اصیل و با کیفیت قهوه ترک می‌گردند. این محصول ترکیبی از ۲۰ درصد عربیکا و ۸۰ درصد ربوستا دارد که باعث شده طعم و عطر آن خاص و دلنشین باشد. اگر به دنبال  خرید قهوه ترک  با کیفیت بالا و طعمی واقعی هستید، این بسته‌بندی ۲۵۰ گرمی بهترین گزینه برای شما خواهد بود. 
 ویژگی قهوه ترک 250 گرمی 
 
 
  وزن:  ۲۵۰ گرم 
 
 
  درصد عربیکا:  ۲۰"
Erido Coffee,قهوه %30 عربیکا 1 کیلوگرمی (ویگو),,,,Whole bean,1000.0,3675000,367500.0,,True,خرید قهوه ترکیبی; خرید قهوه کیلویی تازه,https://eridocoffee.com/shop/coffee/1kg-coffee/vigo-1kg/,"قهوه %30 عربیکا 1 کیلوگرمی (ویگو) با ترکیب ۳۰٪ عربیکا و ۷۰٪ روبوستا، گزینه‌ای مناسب برای افرادی است که طعم قوی و تلخ قهوه را دوست دارند. این مدل  قهوه ترکیبی  کافئین بالایی دارد که انرژی زیادی به شما می‌بخشد. 
 ویژگی قهوه %30 عربیکا 
 
 
  ترکیب دانه‌ها:  30٪ عربیکا و 70٪ روبوستا 
 
 
  وزن بسته:  1 کیلوگرم 
 
 
  میزان کافئین:  زیاد 
 
 
  تلخی:  نسبتاً زیاد 
 
 
  ترشی:  کم 
 
 
  شیرینی:  کم 
 "
Erido Coffee,قهوه ترکیبی %30 عربیکا 250 گرمی (ویگو),,,,Whole bean,250.0,939000,375600.0,,True,خرید قهوه 250 گرمی; خرید قهوه ترکیبی,https://eridocoffee.com/shop/coffee/250gr-coffee/vigo-250gr/,"قهوه ترکیبی %30 عربیکا 250 گرمی (ویگو) یک انتخاب عالی برای علاقه‌مندان به طعم‌های پیچیده و غنی است. این قهوه از ترکیب 30% دانه عربیکا و سایر دانه‌های با کیفیت ساخته شده که باعث ایجاد تعادل خوبی میان طعم تلخ و تلخ‌کمی می‌شود.  خرید قهوه ترکیبی  عربیکا ویگو به شما این امکان را می‌دهد تا از ترکیب توازن طعم تلخی، ترشی نسبی کم و تنوای خوشایند بهره‌مند شوید. 
 طعم قهوه ویگو 
 قهوه ترکیبی ویگو طعمی متعاد"
Erido Coffee,قهوه %50 عربیکا 1 کیلوگرمی (پائو),,,Medium,Whole bean,1000.0,4030000,403000.0,,True,خرید قهوه ترکیبی; خرید قهوه کیلویی تازه,https://eridocoffee.com/shop/coffee/1kg-coffee/pao-1kg/,"قهوه %50 عربیکا 1 کیلوگرمی (پائو)، ترکیبی خاص و متعادل از دانه‌های عربیکا و روبوستا است که برای کسانی طراحی شده که هم طعم ملایم و هم انرژی بالای قهوه را می‌خواهند. این محصول با نسبت مساوی از دانه‌های عربیکا و روبوستا، تعادل مناسبی بین طعم و میزان کافئین ایجاد می‌کند. دانه‌های عربیکا لطافت و شیرینی ملایمی به قهوه می‌دهند، در حالی که روبوستا باعث افزایش کافئین و قدرت قهوه می‌شود. 
 ویژگی قهوه %50 عر"
Erido Coffee,قهوه ترکیبی %50 عربیکا 250 گرمی (پائو),,,Medium,Whole bean,250.0,1030000,412000.0,,True,خرید قهوه 250 گرمی; خرید قهوه ترکیبی,https://eridocoffee.com/shop/coffee/250gr-coffee/pao-250gr/,قهوه ترکیبی %50 عربیکا 250 گرمی (پائو) انتخابی مناسب برای کسانی است که به دنبال طعمی متعادل و لذت‌بخش هستند. این قهوه ترکیب کاملی از دانه‌های عربیکای باکیفیت است که با توجه به نسبت 50%، طعمی خوش‌تعادل از تلخی و ترشی ایجاد کرده و برای افرادی که به دنبال طعم‌های ملایم‌تر هستند، گزینه مناسبی محسوب می‌شود.  خرید قهوه ترکیبی  پائو به شما این امکان را می‌دهد که از عطر و طعم تازه یک قهوه با کیفیت بالا لذ
Erido Coffee,قهوه %70 عربیکا 250 گرمی (میلانو),,,Medium,Whole bean,250.0,1167000,466800.0,,True,خرید قهوه 250 گرمی; خرید قهوه ترکیبی,https://eridocoffee.com/shop/coffee/250gr-coffee/milano-250gr/,"قهوه %70 عربیکا 250 گرمی (میلانو)، ترکیبی ویژه از دانه‌های باکیفیت عربیکا و روبوستا است.  خرید قهوه ترکیبی  با این درصد عربیکا، انتخاب مناسبی برای کسانی است که به دنبال محصولی با کیفیت بالا و متعادل می‌گردند. این قهوه به صورت دان یا آسیاب‌شده در انواع مختلف قابل سفارش است تا با هر دستگاه قهوه‌سازی بتوانید به راحتی آن را آماده کنید و از تجربه یک قهوه خوب لذت ببرید. 
 ویژگی قهوه %70 عربیکا 250 گرمی "
Erido Coffee,قهوه ترکیبی %70 عربیکا 1 کیلوگرمی (میلانو),,,Medium,Whole bean,1000.0,4587000,458700.0,,True,خرید قهوه ترکیبی; خرید قهوه کیلویی تازه,https://eridocoffee.com/shop/coffee/1kg-coffee/milano-1kg/,"قهوه ترکیبی %70 عربیکا 1 کیلوگرمی (میلانو) یک انتخاب عالی برای کسانی است که به دنبال طعم ملایم و متعادل در قهوه هستند.  خرید قهوه ترکیبی  با این مشخصات به شما امکان می‌دهد از ترکیبی خوش‌طعم و دلپذیر بهره‌مند شوید که تلخی متوسط و شیرینی نسبی دارد. این محصول با استفاده از 70 درصد دانه عربیکا، طعمی نرم و طبیعی ارائه می‌دهد که مناسب هر زمان از روز است. 
 ویژگی قهوه ترکیبی %70 عربیکا 1 کیلوگرمی 
 
 
  "
Erido Coffee,قهوه ترکیبی %80 عربیکا 1 کیلوگرمی (رم),,,Medium,Whole bean,1000.0,4810000,481000.0,,True,خرید قهوه ترکیبی; خرید قهوه کیلویی تازه,https://eridocoffee.com/shop/coffee/1kg-coffee/rome-1kg/,قهوه ترکیبی %80 عربیکا 1 کیلوگرمی (رم) یکی از انتخاب‌های عالی برای کسانی است که به دنبال یک طعم متعادل و ملایم در قهوه خود هستند. این محصول با ترکیب 80% دانه‌های عربیکا، طعمی بی‌نظیر و خوشایند به همراه ترشی متوسط و تلخی کم به شما ارائه می‌دهد. اگر به دنبال  خرید قهوه ترکیبی  با طعمی ملایم و لذت‌بخش هستید، این قهوه می‌تواند گزینه‌ای فوق‌العاده برای شما باشد. یکی از ویژگی‌های بارز این قهوه، ترکیب من
Erido Coffee,قهوه %80 عربیکا 250 گرمی (رم),,,Medium,Whole bean,250.0,1220000,488000.0,,True,خرید قهوه 250 گرمی; خرید قهوه ترکیبی,https://eridocoffee.com/shop/coffee/250gr-coffee/rome-250gr/,"قهوه %80 عربیکا 250 گرمی (رم)، انتخابی عالی برای کسانی است که طعم ملایم و متعادل قهوه را دوست دارند. این قهوه از ترکیب دانه‌های مرغوب عربیکا تشکیل شده که طعم و عطر خاص و دلپذیری به آن می‌بخشد. درصد بالای عربیکا باعث می‌شود قهوه طعم نرم و شیرین‌تری داشته باشد و تلخی آن نسبتاً کم باشد. 
 ویژگی قهوه %80 عربیکا 250 گرمی (رم) 
 
 
  وزن:  ۲۵۰ گرم 
 
 
  درصد عربیکا:  ۸۰٪ 
 
 
  ترشی:  متوسط، باعث می‌شو"
Erido Coffee,قهوه %100 عربیکا 250 گرمی (پارنو),,,Medium,Whole bean,250.0,1330000,532000.0,,True,خرید قهوه 250 گرمی; خرید قهوه ترکیبی,https://eridocoffee.com/shop/coffee/250gr-coffee/parnu-250gr/,"اگر به دنبال قهوه‌ای با طعم لطیف، شیرینی ملایم و کافئین کمتر هستید، قهوه %100 عربیکا 250 گرمی (پارنو) یک انتخاب مناسب برای شماست. این  قهوه ترکیبی  با عطر و طعم غنی، تلخی کم و اسیدیته نسبتا زیاد، تجربه‌ای متعادل و لذت‌بخش را برای دوستداران قهوه فراهم می‌کند. دانه‌های باکیفیت عربیکا در این محصول با دقت انتخاب شده‌اند تا طعمی طبیعی و خالص را ارائه دهند. 
 ویژگی قهوه %100 عربیکا 250 گرمی (پارنو) 
 
 "
Erido Coffee,قهوه %100 عربیکا 1 کیلوگرمی (پارنو),,,Medium,Whole bean,1000.0,5250000,525000.0,,True,خرید قهوه ترکیبی; خرید قهوه کیلویی تازه,https://eridocoffee.com/shop/coffee/1kg-coffee/parnu-1kg/,"اگر به دنبال یک قهوه باکیفیت و خوش‌طعم هستید، قهوه %100 عربیکا 1 کیلوگرمی (پارنو) یک انتخاب عالی برای شماست.  قهوه ترکیبی  صد عربیکا از دانه‌های خالص عربیکا تهیه شده و به دلیل میزان کم کافئین، گزینه‌ای مناسب برای کسانی است که به دنبال یک نوشیدنی ملایم اما خوش‌عطر هستند. 
 ویژگی قهوه %100 عربیکا 1 کیلوگرمی 
 
 
  نوع دانه:  %100 عربیکا 
 
 
  وزن:  1 کیلوگرم 
 
 
  کافئین:  کم 
 
 
  میزان ترشی:  ن"
Erido Coffee,قهوه %100 روبوستا 1 کیلوگرمی (دوپینگ),,,,Whole bean,1000.0,3030000,303000.0,,True,خرید قهوه ترکیبی; خرید قهوه کافئین بالا (قهوه فول کافئین); خرید قهوه کیلویی تازه,https://eridocoffee.com/shop/coffee/1kg-coffee/doping-1kg/,قهوه %100 روبوستا 1 کیلوگرمی (دوپینگ) یک انتخاب عالی برای کسانی است که دنبال طعم قوی و تلخ هستند. این قهوه به دلیل داشتن کافئین بالا، انرژی زیادی به شما می‌دهد و گزینه‌ای مناسب برای روزهای پرمشغله است.  خرید قهوه ترکیبی  می‌تواند یک انتخاب هوشمندانه باشد، اما اگر طرفدار طعم‌های تند و پرقدرت روبوستا هستید، این قهوه با دارا بودن کافئین بالا و عطر و طعم ویژه خود، تمام انتظارات شما را برآورده می‌کند. 
Erido Coffee,قهوه %100 روبوستا 250 گرمی (دوپینگ),,,,Whole bean,250.0,783000,313200.0,,True,خرید قهوه 250 گرمی; خرید قهوه ترکیبی; خرید قهوه کافئین بالا (قهوه فول کافئین),https://eridocoffee.com/shop/coffee/250gr-coffee/doping-250gr/,اگر به دنبال یک قهوه قوی و پرکافئین هستید، قهوه %100 روبوستا 250 گرمی (دوپینگ) انتخابی ایده‌آل برای شماست.  قهوه ترکیبی  100 روبوستا دارای طعمی تلخ و غلیظ است که حس قدرت و انرژی را در هر جرعه به شما منتقل می‌کند. میزان ترشی آن بسیار کم بوده و تنواری بالایی دارد، به این معنی که طعم آن در دهان ماندگار است و حس سنگینی دلچسبی به همراه دارد. اگر عاشق قهوه‌های قوی و بیدارکننده هستید، این محصول دقیقا هما
Houfer Coffee,قهوه هوفر ۱۰۰ درصد عربیکا %100 Arabica,,,,Whole bean,250.0,,,,True,تمامی محصولات,https://houfercoffee.com/product/%d9%82%d9%87%d9%88%d9%87-%d9%87%d9%88%d9%81%d8%b1-%db%b1%db%b0%db%b0-%d8%af%d8%b1%d8%b5%d8%af-%d8%b9%d8%b1%d8%a8%db%8c%da%a9%d8%a7-100-%d9%8earabica/,"THE GOOD MOOD 
 نیک آن است که نیک به پایان رسد 
  قهوه با طعم و عطر خود ما را به یاد می‌اندازد که زندگی زیباست که باید از لحظه حال لذت برد که باید به خودمان عشق بورزیم.  
  قهوه نوشیدنی‌ای است که می‌تواند قلب‌های ما را بیشتر از همیشه به هم نزدیک کند. قهوه می‌تواند لحظات خوب زندگی را زیباتر کند.  
   
درباره هوفر 
  
  
محصولات ما 
    این ترکیب به دلیل ویژگی‌های خاص خود، گزینه‌ای مناسب برای کسانی "
Houfer Coffee,قهوه اسپشیالیتی ال سالوادور (El Salvador Specialty Coffee) 250گرم,El Salvador,,,,250.0,1250000,500000.0,,False,تمامی محصولات; قهوه اسپشیالیتی (Specialty),https://houfercoffee.com/product/%d9%82%d9%87%d9%88%d9%87-%d8%a7%d8%b3%d9%be%d8%b4%db%8c%d8%a7%d9%84%db%8c%d8%aa%db%8c-%d8%a7%d9%84-%d8%b3%d8%a7%d9%84%d9%88%d8%a7%d8%af%d9%88%d8%b1-el-salvador-specialty-coffee-150%da%af%d8%b1%d9%85/,"Specialty Coffee 
  
 THE GOOD MOOD 
 نیک آن است که نیک به پایان رسد 
  هر روز با سرعت می‌گذرد، اما آن‌چه در پایان می‌ماند، لحظه‌ای است برای آرامش و بازگشت به خود.  
 در هوفر، ما قهوه‌ای ارائه می‌دهیم که برای همین لحظه ساخته شده—گرم، دقیق، متعادل.  
 ما به دقت در انتخاب دانه، هنر در رُست و احترام به تجربه نوشیدن باور داریم.  
 قهوه‌ی هوفر همراهی است برای پایان روزهایی شلوغ و آغاز لحظه‌هایی شخصی‌تر"
Houfer Coffee,قهوه هوفر ۱۰۰ درصد ربوستا 100% Robusta  hi,,,,Whole bean,250.0,650000,260000.0,,False,تمامی محصولات,https://houfercoffee.com/product/%d9%82%d9%87%d9%88%d9%87-%d9%87%d9%88%d9%81%d8%b1-%db%b1%db%b0%db%b0-%d8%af%d8%b1%d8%b5%d8%af-%d8%b1%d8%a8%d9%88%d8%b3%d8%aa%d8%a7-100-robusta/,"THE GOOD MOOD 
 نیک آن است که نیک به پایان رسد 
  قهوه با طعم و عطر خود ما را به یاد می‌اندازد که زندگی زیباست که باید از لحظه حال لذت برد که باید به خودمان عشق بورزیم.  
  قهوه نوشیدنی‌ای است که می‌تواند قلب‌های ما را بیشتر از همیشه به هم نزدیک کند. قهوه می‌تواند لحظات خوب زندگی را زیباتر کند.  
   
درباره هوفر 
  
  
محصولات ما 
    قهوه هوفر ۱۰۰% ربوستا، ترکیبی ویژه از دانه‌های ربوستای باکیفیت "
Houfer Coffee,قهوه اسپشیالیتی کلمبیا ( Colombia Specialty Coffee Huila Acevedo) 150گرم,Colombia,,,,150.0,3200000,2133333.0,,False,تمامی محصولات; قهوه اسپشیالیتی (Specialty),https://houfercoffee.com/product/%d9%82%d9%87%d9%88%d9%87-%d8%a7%d8%b3%d9%be%d8%b4%db%8c%d8%a7%d9%84%db%8c%d8%aa%db%8c-%da%a9%d9%84%d9%85%d8%a8%db%8c%d8%a7-colombia-specialty-coffee-huila-acevedo-150%da%af%d8%b1%d9%85/,"Specialty Coffee 
 قهوه هوفر اسپشیالیتی کلمبیا 
 THE GOOD MOOD 
 نیک آن است که نیک به پایان رسد 
  قهوه با طعم و عطر خود، ما را به یاد این می‌اندازد که زندگی زیباست و باید از لحظه حال لذت برد.  
  به خودمان عشق بورزیم.  
  قهوه نوشیدنی‌ای است که می‌تواند قلب‌های ما را بیشتر از همیشه به هم نزدیک کند.   
  قهوه می‌تواند لحظات خوب زندگی را زیباتر کند.  
   
درباره هوفر 
  
  
محصولات ما 
  
  
 چرا ق"
Houfer Coffee,Brazil Single Origin (قهوه تک خاستگاه برزیل),Brazil,,,Whole bean,250.0,1650000,660000.0,,True,تمامی محصولات; قهوه تک خاستگاه (Single origin),https://houfercoffee.com/product/brazil-single-origin-%d9%82%d9%87%d9%88%d9%87-%d8%aa%da%a9-%d8%ae%d8%a7%d8%b3%d8%aa%da%af%d8%a7%d9%87-%d8%a8%d8%b1%d8%b2%db%8c%d9%84/,"قهوه برزیل در دامنه کوه &#8220;fincas&#8221; در ارتفاع ۴۰۰ تا ۱۶۰۰ متری از سطح دریا کشت می شود. بهترین قهوه‌های برزیلی اسیدیته نسبتاً پایینی بهمراه طعم شیرینی از آجیل و شکلات برشته شده دارند. 
قهوه سرادو به طور کلی بادی (تن واری) متوسط رو به بالا، اسیدیته کم، و طعمی کاراملی دارد که در رُست های تیره تر شکلاتی هستند. 
این محصول برای تمامی روش های دم آوری خانگی و اسپرسو پیشنهاد میشود. 
 
  پروفایل طع"
Houfer Coffee,Hot Chocolate (پودر هات چاکلت),,,,Ground,250.0,640000,256000.0,,True,تمامی محصولات; سایر محصولات,https://houfercoffee.com/product/hot-chocolate-%d9%be%d9%88%d8%af%d8%b1-%d9%87%d8%a7%d8%aa-%da%86%d8%a7%da%a9%d9%84%d8%aa/,"THE GOOD MOOD 
 نیک آن است که نیک به پایان رسد 
  قهوه با طعم و عطر خود ما را به یاد می‌اندازد که زندگی زیباست که باید از لحظه حال لذت برد که باید به خودمان عشق بورزیم.  
  قهوه نوشیدنی‌ای است که می‌تواند قلب‌های ما را بیشتر از همیشه به هم نزدیک کند. قهوه می‌تواند لحظات خوب زندگی را زیباتر کند.  
   
درباره هوفر 
  
  
محصولات ما 
    هات چاکلت، یک نوشیدنی داغ، غلیظ و خامه‌ای است که از پودر کاکائو"
Houfer Coffee,Masala Chai (چای ماسالا),,,,Whole bean,250.0,520000,208000.0,,True,تمامی محصولات; سایر محصولات,https://houfercoffee.com/product/masala-chai-%da%86%d8%a7%db%8c-%d9%85%d8%a7%d8%b3%d8%a7%d9%84%d8%a7/,"طرز تهیه چای ماسالا بسیار ساده است. کافی است که تمام مواد را در یک قابلمه با هم ترکیب کنید و روی حرارت ملایم قرار دهید تا به جوش آید. سپس، حرارت را کم کنید و اجازه دهید چای به مدت 10 تا 15 دقیقه دم بکشد. در نهایت، چای را از صافی رد کنید و در فنجان سرو کنید. 
 چای ماسالا دارای خواص متعددی برای سلامتی است. این چای می‌تواند به تقویت سیستم ایمنی، کاهش التهاب، بهبود هضم، و کاهش خطر ابتلا به بیماری‌های "
Houfer Coffee,Ethiopia Single Origin (قهوه تک خاستگاه اتیوپی),Ethiopia,,,Whole bean,,1750000,,,True,تمامی محصولات; قهوه تک خاستگاه (Single origin),https://houfercoffee.com/product/ethiopia-single-origin-%d9%82%d9%87%d9%88%d9%87-%d8%aa%da%a9-%d8%ae%d8%a7%d8%b3%d8%aa%da%af%d8%a7%d9%87-%d8%a7%d8%aa%db%8c%d9%88%d9%be%db%8c/,"قهوه هایی از اتیوپی با فراوری شسته شده، بیشتر به بادی(تن واری) قوی و دهان پر کن، طعم شیرین و پیچیده، اسیدیته کم وعطر گل شناخته میشوند. 
 Single Origin 
 قهوه تک خاستگاه اتیوپی 
 برای صدها سال، اتیوپی مبدا کشت گونه هایی از بهترین دانه‌های قهوه ممتاز بوده است. 
 دانه های قهوه با بادی (تن واری)بالا با نام سیدامو ( یا سیداما) که در جنوب این کشور رشد می کنند، طعمی غنی همراه با پیچیدگی زیاد با خود بهمرا"
Houfer Coffee,Colombia Single Origin  (قهوه تک خاستگاه کلمبیا),Colombia,,,Whole bean,,1600000,,,True,تمامی محصولات; قهوه تک خاستگاه (Single origin),https://houfercoffee.com/product/colombia-single-origin-%d9%82%d9%87%d9%88%d9%87-%d8%aa%da%a9-%d8%ae%d8%a7%d8%b3%d8%aa%da%af%d8%a7%d9%87-%da%a9%d9%84%d9%85%d8%a8%db%8c%d8%a7/,"Single Origin 
 قهوه تک خاستگاه کلمبیا 
 طعم منحصر به فرد و عطر قوی، قهوه ی کلمبیا را تبدیل به یکی از نوشیدنی های مورد علاقه ی طرفداران قهوه کرده است. 
 اما چه عاملی این قهوه را تا این حد خاص و مطلوب می کند؟ وقتی ما درباره ی قهوه ای با موقعیت جغرافیایی خاصی صحبت میکنیم، درواقع دیدگاه ما راجع به سنت ها، روش های دم آوری و برشته کاری هست. فرهنگ و تاریخ قهوه برای تمام افراد علاقه مند به قهوه در سرتاسر"
Houfer Coffee,Turkish Powder (قهوه ترک کلاسیک),,,,,250.0,650000,260000.0,,False,تمامی محصولات; سایر محصولات; قهوه ترک,https://houfercoffee.com/product/turkish-powder-%d9%82%d9%87%d9%88%d9%87-%d8%aa%d8%b1%da%a9-%da%a9%d9%84%d8%a7%d8%b3%db%8c%da%a9/,"اصطلاح قهوه ترک، به قهوه کشت شده در کشور ترکیه ارتباطی ندارد چون این کشور اصلا قهوه تولید نمی کند. در واقع، قهوه ترک به یک روش تهیه قهوه گفته می شود. برای تهیه قهوه سنتی ترک، اولین قدم این است که دانه‌های قهوه بو داده را ریز آسیاب کنید و در ظرف مخصوص یعنی جذوه بجوشانید. اضافه کردن شکر، اختیاری است. سپس این قهوه در یک فنجان سرو می‌شود. 
 برای هر فنجان، ۱ قاشق چای‌خوری پر قهوه رو با ۵۰ میلی‌لیتر آب "
Houfer Coffee,Arabica 40% &#8211; Robusta 60% (قهوه هوفر ۴۰ درصد عربیکا و ۶۰ درصد ربوستا),,,,Whole bean,250.0,937000,374800.0,,True,تمامی محصولات; قهوه ترکیبی Blend,https://houfercoffee.com/product/arabica-40-robusta-60-%d9%82%d9%87%d9%88%d9%87-%d9%87%d9%88%d9%81%d8%b1-%db%b4%db%b0-%d8%af%d8%b1%d8%b5%d8%af-%d8%b9%d8%b1%d8%a8%db%8c%da%a9%d8%a7-%d9%88-%db%b6%db%b0-%d8%af%d8%b1%d8%b5%d8%af/,"قهوه هوفر ۶۰ درصد عربیکا و ۴۰ درصد ربوستا با طعم‌های غنی، انرژی و قدرت مضاعف، و عطرهای بی‌نظیر، انتخابی فوق‌العاده برای قهوه‌دوستانی است که به دنبال تجربه‌ای از طعم‌های کلاسیک آمریکای جنوبی و آفریقا هستند. این قهوه با توازن دقیق و طعمی دلپذیر، هم برای نوشیدنی‌های روزمره و هم برای لحظات خاص مناسب است. 
 &nbsp; 
 Arabica 40% &#8211; Robusta 60% 
 ۴۰ درصد عربیکا و ۶۰ درصد ربوستا 
 واریته‌های گیاه قهو"
Houfer Coffee,Arabica 80% &#8211; Robusta 20% (قهوه هوفر ۸۰ درصد عربیکا و ۲۰ درصد ربوستا),,,,Whole bean,250.0,1275000,510000.0,,True,تمامی محصولات; قهوه ترکیبی Blend,https://houfercoffee.com/product/arabica-80-robusta-20-%d9%82%d9%87%d9%88%d9%87-%d9%87%d9%88%d9%81%d8%b1-%db%b8%db%b0-%d8%af%d8%b1%d8%b5%d8%af-%d8%b9%d8%b1%d8%a8%db%8c%da%a9%d8%a7-%d9%88-%db%b2%db%b0-%d8%af%d8%b1%d8%b5%d8%af/,"مزایای اصلی این ترکیب:  
 
  عطر و طعم غنی و لطیف : عربیکا ۸۰٪ طعمی پیچیده و شیرین به همراه نت‌های میوه‌ای و شکلاتی ارائه می‌دهد. 
  بافت و انرژی مطلوب : ربوستا ۲۰٪ باعث ایجاد بافت قوی‌تر و انرژی بیشتر می‌شود، بدون این که طعم قهوه تند یا تلخ باشد. 
  مناسب برای روش‌های دم‌آوری متنوع : از اسپرسوسازهای خانگی تا موکاپات و دم‌آوری دستی، این ترکیب در همه روش‌ها خوش‌طعم و لذت‌بخش است. 
 
 این قهوه با دا"
Bunas,لیوان کاغذی یکبار مصرف طرح Enjoy (سه جداره),,,,,,500000,,,True,خرید لوازم جانبی قهوه,https://bunas.ir/product/enjoy-paper-cup/,"لیوان کاغذی طرح Enjoy با طراحی شاد و رنگ های زنده، نوشیدن هر نوع نوشیدنی را به یک تجربه ویژه تبدیل می کند. این لیوان های کاغذی با کیفیت بالا و چاپ با دوام، انتخابی ایده آل برای خانه، کافی شاپ، محل کار و مهمانی های شما هستند. استحکام مناسب برای نوشیدنی های گرم و سرد، همراه با حمل آسان، آن را به محصولی محبوب و همه کاره بدل کرده است. با لیوان Enjoy لحظات خود را زیباتر کنید. 
 معرفی لیوان کاغذی طرح En"
Bunas,لیوان چیلو (ماگ قهوه بیرون بر),,,,,,1500000,,,True,خرید لوازم جانبی قهوه,https://bunas.ir/product/chilo-mug/,"لیوان بیرون بر قهوه چیلو با حجم ۳۶۰ سی‌سی انتخابی حرفه‌ای برای کافی‌شاپ‌ها و علاقه‌مندان به نوشیدنی‌های گرم و سرد است. جنس پلی‌پروپیلن (PP) درجه یک، درب ضد نشت، قابلیت چاپ سفارشی و وزن سبک آن را به یک محصول پرطرفدار تبدیل کرده است. بوناس این محصول را با بهترین قیمت عرضه می‌کند. همین حالا لیوان بیرون بر قهوه چیلو را سفارش دهید و کیفیت را در سرو نوشیدنی‌های خود تجربه کنید. 
 لیوان چیلو چیست و چه ویژ"
Bunas,قهوه میکس مولیناری (Molinari),,,,Whole bean,250.0,1951000,780400.0,,True,قهوه اسپرسو; قهوه دمی; قهوه رُست شده; قهوه فرانسه; قهوه میکس (ترکیبی),https://bunas.ir/product/molinari-blend/,"ترکیب قهوه:  80٪ عربیکا &#8211; 20٪ روبوستا 
  خاستگاه قهوه:  کلمبیا، برزیل و اندونزی 
  فرمولاسیون مولیناری ایتالیا  
  میزان کافئین:  متوسط رو به پایین 
  میزان برشتگی:  شکلاتی 
  میزان تلخی:  کم 
  رایحه:  آجیلی، شکلاتی 
  طعم یاد:  کاکائو و شکلات تلخ ملایم 
  میزان اسیدیته:  رو به پایین 
  پیشنهاد می‌شود برای حفظ کیفیت طعم و عطر، قهوه‌ به صورت دانه تهیه شده و قبل از مصرف به مقدار مورد نیاز آسی"
Bunas,قهوه اسپشیالیتی گیشا لاویلا کلمبیا,Colombia,,,Whole bean,250.0,3682000,1472800.0,,True,قهوه اسپرسو; قهوه اسپشیالیتی و تخصصی; قهوه تک خاستگاه; قهوه دمی; قهوه رُست شده; قهوه فرانسه; قهوه میکرولات,https://bunas.ir/product/gesha-la-villa-colombia/,"نژاد قهوه:  عربیکا 
  گونه:  گیشا 
  خاستگاه قهوه:  مزرعه لاویلا، منطقه بلا ویستا، هویلا، کلمبیا 
  ارتفاع کشت:  1720 متر از سطح دریا 
  میزان برشتگی:  شکلاتی 
  بادی و حس دهانی:  شربتی 
  رایحه:  گل رز و لیمو 
  طعم یاد:  لمون گرس، برگاموت، دمنوش لیمو 
  میزان اسیدیته:  متوسط 
  نمره قهوه نوشی:  86 
  فراوری:  شسته تخمیر شده 
  پیشنهاد می‌شود برای حفظ کیفیت طعم و عطر، قهوه‌ به صورت دانه تهیه شده "
Bunas,پودر بک واش پرایم (Prime) 500 گرمی,,,,Ground,500.0,1210000,242000.0,,False,خرید لوازم جانبی قهوه,https://bunas.ir/product/prime-espresso-machine-cleaner/,عطر و طعم یک شات اسپرسوی عالی، لحظه ای جادویی برای هر دوستدار قهوه است. اما آیا تا به حال فکر کرده اید که پشت این طعم بی نظیر، چه رازهایی نهفته است؟ یکی از مهمترین این رازها،  نظافت و نگهداری صحیح دستگاه اسپرسو  شماست. پودر بک واش پرایم 500 گرمی، محصولی تخصصی و با کیفیت، دقیقاً برای همین منظور طراحی شده است تا با پاکسازی کامل مسیر گروپ هد دستگاه شما، تضمین کننده طعم واقعی قهوه و افزایش طول عمر دست
Bunas,پودر شست و شوی قهوه ساز خانگی اکسیتون (۱۵۰ گرمی),,,,Ground,150.0,450000,300000.0,,True,خرید لوازم جانبی قهوه,https://bunas.ir/product/exciton-home-coffee-machine-cleaner-powder/,"&nbsp; 
 آیا قهوه صبحگاهی شما دیگر آن عطر و طعم جادویی گذشته را ندارد؟ آیا دستگاه قهوه ساز شما کندتر از قبل کار می‌کند و قهوه خروجی به اندازه کافی داغ نیست؟ مقصر اصلی، رسوبات آهکی و چربی‌های قهوه هستند که به مرور زمان در قلب دستگاه شما جا خوش کرده‌اند.  پودر شست و شوی قهوه ساز اکسیتون ، راه حل تخصصی و قدرتمند شما برای بازگرداندن شکوه به دستگاه و طعم واقعی به فنجان قهوه شماست. 
 این پودر ۱۵۰ گرمی ک"
Bunas,فیلتر کاغذی قهوه گتر سایز 02 (2 الی 4 کاپ),,,,,,185000,,,False,خرید لوازم جانبی قهوه,https://bunas.ir/product/gater-coffee-filter/,"معرفی فیلتر کاغذی قهوه گتر (Gater) سایز 02 
 هر فنجان قهوه دمی، داستانی از هماهنگی آب، حرارت و دانه‌های قهوه است. اما در این میان، یک قهرمان خاموش و کلیدی وجود دارد که کیفیت نهایی نوشیدنی شما را تعیین می‌کند:  فیلتر قهوه . 
 فیلتر کاغذی گتر سایز 02، محصولی باکیفیت و طراحی‌شده برای قهوه‌دوستانی است که به دنبال عصاره‌گیری بی‌نقص و دستیابی به شفاف‌ترین طعم‌ها هستند. با این فیلتر، لایه‌های پنهان عطر و"
Bunas,قهوه جوش دله عربی,,,,,,3500000,,,True,خرید انواع قهوه ساز; خرید لوازم جانبی قهوه,https://bunas.ir/product/arabic-dallah/,"قهوه جوش دله عربی چیست؟ 
 قهوه جوش دله عربی دله (یا قهوه جوش عربی دله) یک ظرف مخصوص دم کردن قهوه به سبک عربی است که معمولاً از جنس مس، استیل یا برنج ساخته می شود. این ظرف دارای بدنه ای باریک در پایین، گلوگاهی کشیده و دسته ای بلند است که برای ریختن قهوه در فنجان های کوچک طراحی شده است. دله قهوه (Dallah Coffee Pot) در فرهنگ عربی نماد مهمان نوازی و سنت دیرینه قهوه خوری محسوب می شود. 
   
 انواع جنس ق"
Bunas,پودر کافی میکس 3 در 1,,,,Ground,250.0,301000,120400.0,,True,محصولات پودری,https://bunas.ir/product/coffee-mix-3-1/,"راهنمای کامل خرید کافی میکس 3 در 1 
 صبح یک روز شلوغ کاری است، در سفر هستید یا شاید در خوابگاه دانشجویی به یک انرژی فوری نیاز دارید. در این لحظات، هیچ چیز به اندازه یک فنجان قهوه داغ و خوشمزه نمی چسبد. اما چه کسی وقت دم کردن قهوه را دارد؟ اینجاست که کافی میکس 3 در 1 مانند یک قهرمان وارد میدان می شود! این نوشیدنی فوری و محبوب، راه حلی سریع و آسان برای لذت بردن از طعم قهوه در هر زمان و مکانی است. 
 "
Bunas,قهوه میکس صبحانه (90% عربیکا),,,,Ground,250.0,1392000,556800.0,,True,قهوه اسپرسو; قهوه دمی; قهوه رُست شده; قهوه فرانسه; قهوه میکس (ترکیبی),https://bunas.ir/product/breakfast-blend/,"نژاد قهوه:  عربیکا &#8211; روبوستا 
  خاستگاه قهوه:  گواتمالا، برزیل، اتیوپی، اندونزی 
  میزان کافئین:  رو به پایین 
  میزان برشتگی:  شکلاتی 
  میزان تلخی:  کم 
  بادی و حس دهانی:  نرم 
  رایحه:  گیاهی &#8211; میوه ای 
  طعم یاد:  میوه ای 
  میزان اسیدیته:  متوسط"
Bunas,قهوه جوش ارمنستانی (جذوه ارمنستانی),,,Medium,,,1000000,,,True,خرید انواع قهوه ساز; خرید لوازم جانبی قهوه,https://bunas.ir/product/armanestani-jazve/,"معرفی قهوه جوش ارمنستانی 
 قهوه جوش ارمنستانی یکی از نمادهای دیرینه فرهنگ قهوه در منطقه قفقاز و خاورمیانه است. این ظرف کوچک که با نام های «جذوه» (Jazve) یا «سزوه» (Cezve) نیز شناخته می شود، برای تهیه قهوه های غلیظ و معطر با کف مخملی طراحی شده است. اگر به دنبال یک قهوه جوش هستید که هم اصالت تاریخی داشته باشد و هم کیفیت دم آوری را تضمین کند، مدل ارمنستانی انتخاب هوشمندانه ای است. 
   
 تاریخچه و اصا"
Bunas,پودر اسپرسو فوری اورا,,,,Ground,250.0,1286000,514400.0,,True,اسپرسو فوری; قهوه فوری,https://bunas.ir/product/aura-instant-espresso-powder/,"تولید:  کشور ایران 
  تهیه شده به روش خشک کن پاششی  
  سطح کافئین:  بالا 
  میزان تلخی:  زیاد 
  آماده سازی:  سریع با آب داغ"
Bunas,ست دم آوری قهوه هاریو,,,,,,3134000,,,False,خرید انواع قهوه ساز; خرید لوازم جانبی قهوه,https://bunas.ir/product/hario-brewing-set/,"ست دم‌آوری هاریو یک مجموعه کامل برای تهیه قهوه چکه‌ای حرفه‌ای در خانه یا محل کار است. این مجموعه برای افراد تازه‌کار در دم‌آوری دستی قهوه بسیار مناسب است و شامل تمام ابزارهای مورد نیاز برای شروع کار است. 
 مزایای کلیدی دم آور هاریو 
 
  کنترل جریان آب:  طراحی دم آور هاریو با سوراخ بزرگ، امکان کنترل دقیق جریان آب را فراهم می‌کند. این ویژگی به شما اجازه می‌دهد تا با تنظیم سرعت ریختن آب، طعم‌های مختل"
Bunas,خرید بانکه قهوه,,,,,,121000,,,False,خرید لوازم جانبی قهوه,https://bunas.ir/product/coffee-bank/,"بانکه یک ظرف نگهداری قهوه و مشتقات آن است که از پلاستیک با درب واشر دار ساخته شده و برای نگهداری قهوه، شکر و پودرهای هات چاکلت و کاپوچینو مناسب است.   
  حجم بانکه قهوه:  400، 600 و 800 میلی‌لیتر 
  جنس:  پلاستیک درجه یک مقاوم 
  درب:  دارای واشر، برای جلوگیری از ورود هوا و رطوبت 
  ساخت:  ایران 
  مناسب برای نگهداری قهوه، حبوبات و سایر مواد غذایی خشک"
Bunas,قهوه میکس باریستا (60% عربیکا),,,,Ground,250.0,1360000,544000.0,,True,قهوه اسپرسو; قهوه دمی; قهوه رُست شده; قهوه فرانسه; قهوه میکس (ترکیبی),https://bunas.ir/product/barista-blend-coffee/,"نژاد قهوه: 60٪ عربیکا &#8211; 40٪ روبوستا 
  میزان کافئین:  متوسط رو به بالا 
  میزان برشتگی:  شکلاتی 
  میزان تلخی:  رو به پایین 
  بادی و حس دهانی:  رو به کامل 
  رایحه:  شکلاتی  &#8211;  آجیلی 
  طعم یاد:  شکلات تلخ &#8211; بادام بو داده 
  میزان اسیدیته:  متوسط"
Bunas,قهوه میکس آروماتیک (100% عربیکا),,,,Whole bean,250.0,1488000,595200.0,,True,قهوه اسپرسو; قهوه دمی; قهوه رُست شده; قهوه فرانسه; قهوه میکس (ترکیبی),https://bunas.ir/product/aromatic-coffee/,"نژاد قهوه:  عربیکا 
  میزان کافئین:  متوسط رو به پایین 
  میزان برشتگی:  شکلاتی 
  میزان تلخی:  پایین 
  بادی و حس دهانی:  متعادل 
  رایحه:  شکلاتی  &#8211;  آجیلی 
  طعم یاد:  میوه های هسته دار 
  میزان اسیدیته:  متوسط رو به بالا"
Bunas,قهوه اسپشیالیتی گورو بدسا اتیوپی,Ethiopia,,,Whole bean,250.0,2842000,1136800.0,,True,قهوه اسپرسو; قهوه اسپشیالیتی و تخصصی; قهوه تک خاستگاه; قهوه دمی; قهوه رُست شده; قهوه فرانسه,https://bunas.ir/product/goro-bedessa/,"قهوه گورو بدسا اتیوپی 
 گورو بدسا یک قهوه دلپذیر از گوجی اتیوپی است، منطقه گوجی به دلیل خاک و اقلیم مناسب خود، طعم‌های بی‌نظیری از میوه، گل و ادویه را به قهوه می‌بخشد. این قهوه با روش طبیعی بی‌هوازی فرآوری می‌شود. در این روش، دانه‌های قهوه در مخازن بدون اکسیژن تخمیر می‌شوند که این امر باعث ایجاد طعم‌های غنی و پیچیده با نت‌های میوه‌ای و شراب‌گونه در قهوه می‌شود. 
 این قهوه دارای مشخصات طعمی بسیار ج"
Bunas,قهوه اسپشیالیتی گیشا اسپیریتس کلمبیا,Colombia,,,Whole bean,250.0,4054000,1621600.0,,True,قهوه اسپرسو; قهوه اسپشیالیتی و تخصصی; قهوه تک خاستگاه; قهوه دمی; قهوه رُست شده; قهوه فرانسه,https://bunas.ir/product/colombia-gesha-spirits/,"قهوه فول اسپشیالیتی کلمبیا گیشا اسپیریتس (Colombia Gesha Spirits) یکی از   قهوه‌های اسپشیالیتی   و بسیار با کیفیت است که از گونه گیشا (Gesha) به دست می‌آید. گیشا اسپیریتس فقط قهوه نیست؛ بلکه یک میراث و یک شاهکار است. 
 ویژگی‌های قهوه کلمبیا گیشا اسپیریتس 
 فرآیند شستشوی این قهوه، خود نوعی هنر است. تخمیر دوگانه و قرار گرفتن در معرض نور خورشید به همراه پوست نارنگی، به این قهوه هویتی بی‌نظیر می‌بخشد."
Bunas,قهوه اسپشیالیتی تروپیکال بوربن کلمبیا,Colombia,,,Whole bean,250.0,4085000,1634000.0,,True,قهوه اسپرسو; قهوه اسپشیالیتی و تخصصی; قهوه تک خاستگاه; قهوه دمی; قهوه رُست شده; قهوه فرانسه,https://bunas.ir/product/tropical-bourbon-colombia/,"هر جرعه از قهوه تروپیکال بوربن کلمبیا، شما را به قلب جنگل‌های بارانی کلمبیا می‌برد. طعم شیرین پرتقال و انبه، همراه با اسیدیته دلپذیر لیمو، یک سمفونی میوه‌ای در کامتان ایجاد می‌کند. عطر گل‌های یاسمن و نت‌های ظریف شکلات تلخ، پیچیدگی این قهوه را دوچندان می‌کند. 
 این قهوه با فرآوری طبیعی دقیق همراه با تخمیر هوازی، تمامی ظرافت‌های خود را حفظ کرده و تجربه‌ای فراموش‌نشدنی را برای دوستداران قهوه رقم می‌ز"
Bunas,قهوه اسپشیالیتی گوجی آلاکا اتیوپی,Ethiopia,,,Whole bean,250.0,2725000,1090000.0,,True,قهوه اسپرسو; قهوه اسپشیالیتی و تخصصی; قهوه تک خاستگاه; قهوه دمی; قهوه رُست شده; قهوه فرانسه,https://bunas.ir/product/ethiopian-guji-alaka/,"درباره قهوه اتیوپی گوجی آلاکا 
 قهوه اتیوپی گوجی آلاکا، یکی از گران‌بهاترین و پیچیده‌ترین قهوه‌های جهان است که با عطر و طعم بی‌نظیر خود، هر دوستدار قهوه‌ای را به وجد می‌آورد. این قهوه که از دانه‌های ارثی و با کیفیت بالا در ارتفاعات اتیوپی کشت می‌شود، طعمی شکلاتی &#8211; آجیلی و آرومایی مرکباتی دارد. 
 نت های طعم قهوه اتیوپی گوجی آلاکا 
  قهوه اتیوپی گوجی آلاکا  با فراوری شسته شده، پیچیدگی زیادی را"
Bunas,قهوه اسپشیالیتی فینکا بتانیا نیکاراگوئه,Nicaragua,,,Whole bean,250.0,2696000,1078400.0,,True,قهوه اسپرسو; قهوه اسپشیالیتی و تخصصی; قهوه تک خاستگاه; قهوه دمی; قهوه رُست شده; قهوه فرانسه,https://bunas.ir/product/finca-bethania-nicaragua/,"قهوه فینکا بتانیا، نامی آشنا برای علاقه‌مندان قهوه‌های تخصصی و باکیفیت است. این قهوه که از مزرعه سگویا در نیکاراگوئه می‌آید، با طعم‌های پیچیده و آرومای دلنشین خود، تجربه نوشیدن قهوه را به سطحی بالاتر می‌برد. 
 چرا قهوه فینکا بتانیا نیکاراگوئه؟ 
 
   کیفیت استثنایی:  دانه‌های قهوه فینکا بتانیا با دقت و با استفاده از روش‌های سنتی و ارگانیک کشت می‌شوند. این امر باعث می‌شود تا طعم‌های طبیعی و اصیل قهو"
Bunas,قهوه میکس 80-20 عربیکا,,,,Whole bean,250.0,1135000,454000.0,,True,قهوه اسپرسو; قهوه دمی; قهوه رُست شده; قهوه فرانسه; قهوه میکس (ترکیبی),https://bunas.ir/product/80-arabica-mix/,"خرید قهوه میکس 80 عربیکا 20 روبوستا 
 قهوه میکس 80 عربیکا 20 روبوستا به ترکیب خاصی از دانه‌های قهوه اشاره دارد که در آن 80 درصد از دانه‌ها از نوع عربیکا و 20 درصد از دانه‌ها از نوع روبوستا هستند. این ترکیب به دلیل ویژگی‌های منحصر به فرد دانه های عربیکا و روبوستا، عطر و طعم‌های خاص خود را دارد. قهوه ترکیبی 80-20 عربیکا یک   قهوه میکس   محبوب در بین دوستداران قهوه است. 
 
   
 
 خصوصیات قهوه میکس 80"
Bunas,قهوه ساز ایروپرس اورجینال (AeroPress),,,,,,11000000,,,True,خرید انواع قهوه ساز; خرید لوازم جانبی قهوه,https://bunas.ir/product/aeropress/,"قهوه ساز ایروپرس؛ عصاره گیری حرفه ای در خانه، محل کار و سفر 
 اگر به دنبال یک قهوه ساز هستید که هم ساده باشد و هم قهوه ای با کیفیت عالی به شما بدهد،  ایروپرس  (AeroPress) انتخاب درستی است. در میان قهوه ساز های نسل سوم هیچ کدام سرعت دم آوری قهوه ساز ایروپرس را ندارند. اگر به دنبال قهوه ساز مسافرتی یا قهوه ساز فوری هستید، باز هم AeroPress یک سر و گردن بالاتر است. 
 برخلاف دم افزارهایی مانند فرنچ پرس"
Bunas,قهوه ساز سایفون (Siphon),,,,,,5000000,,,True,خرید انواع قهوه ساز; خرید لوازم جانبی قهوه,https://bunas.ir/product/3-cup-siphon/,"معرفی قهوه ساز سایفون 
  قهوه ساز سایفون  (Siphon Coffee Maker) یا قهوه ساز خلاء یکی از جذاب ترین و دقیق ترین ابزارهای دم آوری قهوه است که ترکیبی از علم، هنر و نمایش بصری را ارائه می دهد. این دستگاه که نخستین بار در قرن نوزدهم میلادی اختراع شد، با استفاده از اصول ترمودینامیک و فشار خلاء، عصاره گیری کاملی از دانه های قهوه انجام می دهد. 
 در این روش، آب گرم از محفظه پایینی به دلیل ایجاد فشار بخار به"
Bunas,آسیاب قهوه آندیمند مدل 021,Yemen,,,Ground,,10890000,,,False,خرید لوازم جانبی قهوه,https://bunas.ir/product/021-on-demand/,"قدرت موتور آسیاب قهوه آندیمند مدل 021:  200 وات 
  جنس بدنه آسیاب قهوه آندیمند مدل 021:  فلز و پلاستیک 
  جنس تیغه آسیاب قهوه آندیمند مدل 021:  استیل ضد زنگ 
  ظرفیت محفظه آسیاب قهوه آندیمند مدل 021:  500 گرم 
  دارای صفحه نمایش لمسی  
  قابلیت تنظیم درجه آسیاب  
  قابلیت تنظیم تایمر و حجم قهوه برای آسیاب  
  مناسب برای دستگاه اسپرسوساز خانگی و صنعتی"
Bunas,قهوه عربیکا رواندا,Rwanda,,,Whole bean,250.0,1680000,672000.0,,True,قهوه اسپرسو; قهوه پریمیوم; قهوه تک خاستگاه; قهوه دمی; قهوه رُست شده; قهوه عربیکا; قهوه فرانسه,https://bunas.ir/product/rwanda-coffee/,"خرید قهوه عربیکا رواندا 
   قهوه عربیکا   رواندا با ویژگی‌های عطری و طعمی گلی و میوه ای، در هنگام عصاره گیری کمترین میزان تلخی را همراه با بادی ملایم و متعادل و طعم یادی از زردآلو و انگور ارائه می دهد. 
 قهوه عربیکا رواندا یکی از قهوه‌های با کیفیت بالاست که ویژگی‌های منحصر به فرد خود را دارد. حس دهانی این قهوه ابریشمی و کرمی است که حس نرمی و لطافت خاصی به نوشیدنی می‌بخشد. این قهوه دارای نت‌های گلی"
Bunas,قهوه ارگانیک,,,,Whole bean,250.0,1551000,620400.0,,True,قهوه رُست شده,https://bunas.ir/product/organic-coffee/,"قهوه ارگانیک چیست؟ 
 قهوه ارگانیک به قهوه‌ای گفته می‌شود که بدون استفاده از مواد شیمیایی مصنوعی، سموم، و کودهای شیمیایی کشت شده باشد. این نوع قهوه به دلیل روش‌های تولید پایدارتر و توجه به سلامت مصرف‌کننده و محیط زیست، محبوبیت زیادی پیدا کرده است. 
 
   
 
 ویژگی‌های قهوه ارگانیک 
 روش‌های کشت پایدار 
 &#8211; قهوه ارگانیک در مزارعی کشت می‌شود که از روش‌های کشت پایدار و دوستدار محیط زیست استفاده می"
Bunas,دستگاه اسپرسوساز بارنی 7040,,,,,,9900000,,,False,اسپرسوساز بارنی; خرید انواع قهوه ساز; خرید دستگاه اسپرسو خانگی,https://bunas.ir/product/barni-7040/,"اسپرسوساز نیمه صنعتی بارنی مدل 7040 با امکانات برجسته، ابزاری کارآمد برای محیط‌هایی مانند رستوران‌ها، کافه‌ها و فروشگاه‌هایی است که به دنبال دستگاهی با کیفیت و عملکرد برتر برای تهیه قهوه هستند. 
 این   دستگاه اسپرسوساز   به تنهایی ترکیبی از ویژگی‌های منحصر به فرد را ارائه می‌دهد. از جمله ویژگی‌های آن می‌توان به وجود پرتافیلتر صنعتی با قطر ۵۸ میلی‌متر (تک اسکوپ و دو اسکوپ)، نازل بخار از جنس استیل ض"
Bunas,دستگاه اسپرسوساز بارنی 7030,,,,,,13750000,,,False,اسپرسوساز بارنی; خرید انواع قهوه ساز; خرید دستگاه اسپرسو خانگی,https://bunas.ir/product/barni-7030/,"دستگاه اسپرسوساز بارنی مدل 7030 یک دستگاه نیمه صنعتی و حرفه‌ای می‌باشد که دارای امکانات گسترده‌ای است و مناسب برای کافی‌شاپ‌های کوچک، رستوران‌ها، و همچنین مصارف خانگی می‌باشد.   فروشگاه قهوه   بوناس ارائه دهنده انواع اسپرسوساز و   محصولات جانبی قهوه   می باشد. 
 این دستگاه اسپرسوساز نیمه صنعتی از طراحی بسیار عالی برخوردار است و با دارا بودن پمپ فشار بخار ۲۰ بار، اجزا داخلی و لوله‌های بخار از جنس ف"
Bunas,دستگاه اسپرسوساز بارنی 7031,,,,,,9350000,,,False,اسپرسوساز بارنی; خرید انواع قهوه ساز; خرید دستگاه اسپرسو خانگی,https://bunas.ir/product/barni-7031/,"اسپرسو ساز بارنی مدل 7031 واقعاً یک دستگاه کامل و کاربردی برای تهیه قهوه‌های خوشمزه است. این دستگاه با ویژگی‌های متنوعی که دارد، به کاربران امکان می‌دهد تا قهوه‌هایی با کیفیت بالا و به سلیقه خود تهیه کنند. 
 یکی از ویژگی‌های برجسته این دستگاه، داشتن حالت‌های اتوماتیک و دستی است که به کاربران امکان انتخاب روش تهیه   قهوه اسپرسو   بر اساس ترجیحات شخصی می‌دهد. همچنین، نازل تولید بخار و آب جوش جداگانه"
Bunas,دستگاه اسپرسوساز بارنی 7010,,,,,,4785000,,,False,اسپرسوساز بارنی; خرید انواع قهوه ساز; خرید دستگاه اسپرسو خانگی,https://bunas.ir/product/barni-7010/,"اسپرسو ساز خانگی بارنی مدل 7010 دارای ویژگی‌های بسیاری است که می‌تواند تجربه تهیه   قهوه اسپرسو   را برای کاربران بهبود بخشد. به عنوان یک اسپرسو ساز خانگی و نیمه صنعتی، این دستگاه به صورت اتوماتیک قهوه را تهیه کرده و از ویژگی‌های مختلفی برای تنظیم ترکیبات مختلف قهوه‌ها برخوردار است. 
 ویژگی‌هایی همچون قابلیت تهیه اسپرسو سینگل یا دبل، صافی‌های آب و قهوه که کمک به از بین بردن ناخالصی‌ها می‌کنند، و ق"
Bunas,دستگاه اسپرسوساز بارنی 7005,,,,,,3465000,,,False,اسپرسوساز بارنی; خرید انواع قهوه ساز; خرید دستگاه اسپرسو خانگی,https://bunas.ir/product/barni-7005/,اسپرسوساز بارنی مدل 7005 به عنوان یکی از محصولات اقتصادی این برند معرفی می‌شود. با ابعاد و وزن کمی که دارد، این دستگاه امکان استفاده در بخش‌های مختلف خانه را فراهم می‌کند و به شما اجازه می‌دهد تا از تهیه نوشیدنی‌های گرم و لذیذ لذت ببرید. علاوه بر   قهوه اسپرسو  ، می‌توانید نوشیدنی‌های دیگری مانند کاپوچینو، موکا، لته و &#8230; را نیز با استفاده از این قهوه ساز تهیه کنید، که این امر کاربرد دستگاه را
Bunas,قهوه اسپشیالیتی پاناما گیشا,Panama,,,Whole bean,250.0,2844000,1137600.0,,True,قهوه اسپشیالیتی و تخصصی; قهوه اسپرسو; قهوه تک خاستگاه; قهوه دمی; قهوه رُست شده; قهوه فرانسه,https://bunas.ir/product/panama-speciality/,"خرید قهوه اسپشیالیتی پاناما گیشا 
  قهوه پاناما گیشا (Panama Geisha) یکی از لوکس ترین و پیچیده ترین تجربه هایی است که یک دوستدار قهوه می تواند داشته باشد. این دانه های ارزشمند که در ارتفاعات آتشفشانی منطقه &#8220;بوکته&#8221; در پاناما رشد می کنند، به دلیل شرایط اقلیمی خاص و روش های فرآوری دقیق، بارها رکورد گران ترین قهوه های جهان را در حراجی های بین المللی شکسته اند.   
 
  در فروشگاه قهوه بوناس،"
Bunas,قهوه عربیکا برزیل الگانس,Brazil,,,Whole bean,250.0,1597000,638800.0,,True,قهوه اسپرسو; قهوه پریمیوم; قهوه تک خاستگاه; قهوه دمی; قهوه رُست شده; قهوه عربیکا; قهوه فرانسه,https://bunas.ir/product/premium-brazilian/,"خرید قهوه عربیکا برزیل الگانس 
 قهوه عربیکا برزیل الگانس پریمیوم یکی از محبوب‌ترین انواع قهوه ها در جهان است و از کشور برزیل، که یکی از بزرگ‌ترین تولیدکنندگان قهوه در جهان محسوب می‌شود، به سراسز جان صادر می شود.  تقریبا ۶٠ درصد از کل قهوه جهان توسط کشور برزیل تولید می شود. 
 جهت   خرید قهوه   برزیل در انواع مختلف عربیکا و روبوستا به بخش   فروشگاه آنلاین قهوه   سایت مراجعه کنید. 
 
   
 
   قهوه عر"
Bunas,قهوه کنیا تخصصی,Kenya,,,Whole bean,250.0,2094000,837600.0,,True,قهوه اسپشیالیتی و تخصصی; قهوه اسپرسو; قهوه تک خاستگاه; قهوه دمی; قهوه رُست شده; قهوه فرانسه,https://bunas.ir/product/kenya-speciality/,"خرید قهوه کنیا تخصصی 
 کشور کنیا، یکی از تولیدکنندگان بزرگ   قهوه عربیکا   در جهان است که به دلیل شرایط آب و هوایی و جغرافیایی مناسب، قهوه‌هایی با کیفیت بالا تولید می‌کند. این کشور در شرق آفریقا واقع شده و دارای انواع مختلفی از قهوه‌های اسپشیالیتی می باشند که در سطح جهانی مورد توجه قرار گرفته‌اند. 
 
   
 
 قهوه کنیا تخصصی به عنوان یکی از برترین و خوش‌طعم‌ترین قهوه‌های جهان شناخته می‌شود. این قهوه"
Bunas,کتل قهوه دمی,,,,,,1900000,,,True,خرید لوازم جانبی قهوه,https://bunas.ir/product/coffee-kettle/,"خرید کتل قهوه دمی ؛   راز دم آوری یک فنجان قهوه تخصصی  
 نوشیدن یک فنجان قهوه دمی با عطر و طعم اصیل، نیازمند ابزار های تخصصی است.  کتل قهوه دمی که در میان باریستا ها با نام کتری قهوه ساز نیز شناخته می شود، یکی از کلیدی ترین تجهیزات برای تهیه قهوه های نسل سوم محسوب می شود.    فروشگاه اینترنتی قهوه بوناس   با گردآوری بهترین کتل های قهوه دمی، مسیر شما را برای رسیدن به یک فنجان قهوه بی نقص هموار کرده "
Bunas,قهوه ساز کمکس 6 کاپ,,,,,,14000000,,,True,خرید انواع قهوه ساز; خرید لوازم جانبی قهوه,https://bunas.ir/product/chemex-6cup/,قهوه‌ساز کمکس ۶ کاپ یک وسیله‌ی دم‌آوری است که از روش Pour-Over (ریختن به تدریج آب به روی قهوه) برای تهیه قهوه استفاده می‌کند. این وسیله به شکل یک ساعت شنی طراحی شده است و دارای بدنه‌ای شیشه‌ای است که به وسیله‌ی یک گردنی چوبی با بند چرمی که به عنوان نگه‌دارنده‌ی گردنی عمل می‌کند، دور آن قرار گرفته است. این قهوه‌ساز مناسب برای دم کردن قهوه با استفاده از فیلتر کاغذی است و دارای ظرفیت ۶ فنجان قهوه می‌
Bunas,تمپر حرفه ای برند پرایم,,,,,,1602000,,,False,خرید لوازم جانبی قهوه,https://bunas.ir/product/pro-tamper/,"دستگاه تمپر قهوه یک ابزار ضروری برای طرفداران   قهوه اسپرسو   می‌باشد که از طریق آن به سادگی و با دقت بالا می‌توانند قهوه خود را تمپر کرده و از بهترین عطر و طعم قهوه لذت ببرند. این دستگاه دارای جنس فلزی و به نسبت سنگین بوده و برای تمپ کردن قهوه بسیار مناسب است. دسته آن از مواد چوبی ساخته شده و دارای قطر 58 و 51 میلیمتر می‌باشد. ارتفاع این دستگاه هم 8 سانتی‌متر است. 
 دلیل اصلی استفاده از دستگاه تم"
Bunas,نیدل قهوه اورجینال,,,,,,2950000,,,True,خرید لوازم جانبی قهوه,https://bunas.ir/product/coffee-needle/,"نیدل قهوه چیست و چرا برای اسپرسو ضروری است؟ 
 نیدل قهوه (Coffee Needle) یا همان ابزار هم زدن قهوه (Coffee Distribution Tool) یک وسیله کوچک اما بسیار کاربردی در فرآیند عصاره گیری   قهوه اسپرسو   است. این ابزار که در ظاهر شبیه یک قلم با سوزن های نازک در انتهای آن است، برای شکستن توده های قهوه آسیاب شده و توزیع یکنواخت ذرات در پرتافیلتر (Portafilter) استفاده می شود. 
 هدف اصلی نیدل قهوه (WDT یا Weiss"
Bunas,قهوه ساز کمکس اورجینال (Chemex),,,,,,8900000,,,True,خرید انواع قهوه ساز; خرید لوازم جانبی قهوه,https://bunas.ir/product/pro-chemex/,"معرفی قهوه ساز کمکس 
 قهوه ساز کمکس در سال ۱۹۴۱ توسط یک شیمیدان آلمانی به نام دکتر پیتر شلامبوم ساخته شد. این دستگاه طراحی ساده و زیبایی شبیه به وسایل آزمایشگاهی دارد و قهوه‌ای شفاف، تمیز و با بادی سبک تولید می‌کند. کمکس فقط یک ابزار معمولی برای دم آوری قهوه نیست، بلکه به عنوان یک وسیله دکوری و نماد کلاسیک در میان علاقه مندان به   قهوه های تخصصی و اسپشیالیتی   شناخته می شود. 
 متاسفانه به دلیل محب"
Bunas,قهوه ساز V60 (وی 60),,,,,,2500000,,,True,خرید انواع قهوه ساز; خرید لوازم جانبی قهوه,https://bunas.ir/product/coffee-maker-v60/,"معرفی قهوه ساز V60 
  قهوه ساز V60  یا همان دریپر V60 یکی از محبوب ترین و پرکاربردترین ابزارهای دم آوری دستی قهوه در جهان است که توسط شرکت ژاپنی هاریو (Hario) طراحی و تولید شده است. این سیستم دم آوری با طراحی مخروطی شکل و شیارهای مارپیچی خود، امکان استخراج عالی و کنترل دقیق بر روی تمامی پارامترهای دم آوری را فراهم می کند. نام V60 از شکل مخروطی آن با زاویه 60 درجه گرفته شده است که یکی از کلیدی ترین"
Bunas,فیلتر قهوه ساز v60 (فیلتر وی 60),,,,,,225000,,,False,خرید لوازم جانبی قهوه,https://bunas.ir/product/filter-v60/,"فیلتر کاغذی قهوه ساز V60 یکی از ابزارهای اساسی در تهیه قهوه با روش V60 می باشد که تأثیر بسزایی در عملکرد و طعم نهایی قهوه دارد. این فیلتر کاغذی تمامی طعم‌های موجود در دانه‌های قهوه را به دقت استخراج کرده و به شما تجربه‌ای لذیذ از قهوه‌سازی ارائه می‌دهد. 
 فیلتر کاغذی V60 از ساختار خاص خود بهره می‌برد تا آب به صورت یکنواخت از دانه‌های قهوه عبور کند و مواد جامد را جدا کند، این باعث می‌شود که قهوه نه"
Bunas,فیلتر حرفه ای قهوه ساز v60,,,,,,312000,,,False,خرید لوازم جانبی قهوه,https://bunas.ir/product/pro-filter-v60/,"فیلترهای کاغذی قهوه‌ساز برای دقت و کیفیت بیشتر تجربه قهوه‌سازی شما از اهمیت ویژه‌ای برخوردارند، و برند پرایم به عنوان یکی از پیشگامان در این زمینه، فیلترهای کاغذی با کیفیت عالی خود را ارائه می‌دهد. فیلترهای کاغذی پرایم در بسته‌های 40 عددی در   فروشگاه قهوه   بوناس موجود می باشند. 
 فیلترهای کاغذی پرایم با استفاده از کاغذهای با کیفیت و تخصص دقیق در تولید به شما اطمینان می‌دهند که عطر و طعم قهوه شما"
Bunas,پودر قهوه ترک اسپشیالیتی,,,,Ground,250.0,2373000,949200.0,,True,قهوه اسپشیالیتی و تخصصی; قهوه رُست شده,https://bunas.ir/product/speciality-turkish/,"خرید قهوه ترک اسپشیالیتی 
   قهوه ترک   یکی از نمادهای فرهنگ و تاریخ غنی کشور ترکیه است. این قهوه که به طور سنتی در ظروف کوچک و سنگین به نام &#8220; جذوه &#8221; تهیه می‌شود، نه تنها به عنوان یک نوشیدنی محبوب در ترکیه شناخته می‌شود بلکه به عنوان یک عنصر فرهنگی و اجتماعی نیز ارتقا یافته است. 
 
   
 
 استفاده از پودر قهوه ترک اسپشیالیتی تأثیر عمیقی بر تجربه نوشیدن قهوه‌ ترک دارد. در این مدل قهوه، د"
Bunas,قهوه اسپشیالیتی یمن صنعا,Yemen,,,Whole bean,250.0,4230000,1692000.0,,True,قهوه اسپشیالیتی و تخصصی; قهوه اسپرسو; قهوه تک خاستگاه; قهوه دمی; قهوه رُست شده; قهوه فرانسه; قهوه میکرولات,https://bunas.ir/product/yemen-speciality/,"مشخصات کامل قهوه یمن تخصصی بوناس (نمره کاپینگ ۹۰.۵) 
  قهوه یمن تخصصی  بوناس از مزارع منحصر به فرد صنعا تهیه شده است که شرایط سخت آب و هوایی و کشت در ارتفاع بالا، دانه هایی با تراکم بالا و طعم های پیچیده ایجاد کرده است. اسیدیته درخشان و بادی (Body) متعادل رو به کامل، از  مشخصات قهوه یمنی  اصیل است. 
 نت های طعمی قهوه یمنی 
  قهوه یمنی  به دلیل فرآوری طبیعی و خشک سنتی در روی سفره های زمینی، دارای ط"
Bunas,استند پرتافیلتر,,,,,,226000,,,False,خرید لوازم جانبی قهوه,https://bunas.ir/product/portafilter-stand/,"استند پرتافیلتر گتر یک ابزار ساده اما بسیار مهم برای بهبود کیفیت قهوه‌ی شماست. این استند به وسیله‌ی نگهداری پرتافیلتر در جایی ثابت در   دستگاه اسپرسوساز  ، به شما امکان می‌دهد تا به بهترین شکل ممکن قهوه را تمپ کنید که این اقدام باعث افزایش کیفیت   قهوه اسپرسو   می‌شود. 
 این استند دارای دهانه با اندازه 51-58 میلی‌متر است که برای اکثر دستگاه‌های اسپرسوساز خانگی و نیمه صنعتی مانند مباشی، بارنی، دلون"
Bunas,فانل قهوه,,,,,,250000,,,False,خرید لوازم جانبی قهوه,https://bunas.ir/product/coffee-funnel/,"فانل قهوه، یک وسیله مهم در فرآیند تهیه قهوه اسپرسو است. این وسیله به شکل یک قسمت مخروطی با دهانه اسطوانی ساخته می‌شود. وظیفه فانل قهوه این است که به عنوان یک راهنما برای قهوه‌سازان عمل کند و دانه‌های قهوه را به دقت و یکنواخت درون پورتافیلتر قرار دهد. 
 فانل قهوه به عنوان یک ابزار ضروری برای باریستاها و هر کسی که با   دستگاه اسپرسوساز   کار می‌کند، تلقی می‌شود. این وسیله به بهبود عملکرد تمپر کردن د"
Bunas,نیدل قهوه,,,,,,500000,,,False,خرید لوازم جانبی قهوه,https://bunas.ir/product/pro-needle/,"نیدل قهوه یکی از ابزارهای ضروری در تهیه قهوه محسوب می‌شود. این محصول به عنوان یک همزن یکنواخت برای پودر قهوه عمل می‌کند و توسط علاقه‌مندان به قهوه به عنوان یکی از تجهیزات اساسی شناخته می‌شود. نقش اصلی نیدل قهوه در تسهیل تراکم پودر قهوه درون پورتافیلتر می باشد. 
 این دستگاه نیدل قهوه موجود در   فروشگاه قهوه   بوناس، دارای سه بازو با نوک‌های حلقه‌ای است و بدنه‌اش از جنس استیل ساخته شده است. روکشی ما"
Bunas,بسکت قهوه,,,,,,188000,,,False,خرید لوازم جانبی قهوه,https://bunas.ir/product/coffee-basket/,"بسکت قهوه یکی از اجزاء مهم در دستگاه‌های اسپرسوساز می باشد. این بسکت یا سبد قهوه که جزو   محصولات جانبی قهوه   می باشد معمولاً یک قسمت قفل‌شونده فلزی با شبکه‌ای است که برای قرار دادن قهوه آسیاب شده در   دستگاه اسپرسوساز   به کار می‌رود. وظیفه بسکت قهوه این است که قهوه آسیاب شده را درون خود نگه دارد و به آب گرم و فشار اجازه می‌دهد که از آن عبور کرده و عصاره قهوه را استخراج کند. 
 بسته به نوع دستگاه"
Bunas,پرتافیلتر اسپرسو ساز,,,,,,2159000,,,False,خرید لوازم جانبی قهوه,https://bunas.ir/product/espresso-portafilter/,"این پورتافیلتر در دو سایز 51 و 58 با دسته پلاستیکی و چوبی موجود می باشد. جهت ثبت سفارش و   خرید قهوه   و   محصولات جانبی قهوه   و&#8230; به   فروشگاه قهوه   بوناس مراجعه فرمایید. 
 پورتافیلتر یک قسمت و اجزای مهمی از   دستگاه اسپرسوساز   های نیمه‌اتوماتیک و اتوماتیک می‌باشد که برای استخراج قهوه از اسپرسوسازها به کار می‌رود. شکل کلی این قسمت شامل یک فیلتر فلزی به شکل سبد است که به یک دستگیره متصل شد"
Bunas,تمپر مت,,,,,,162000,,,False,خرید لوازم جانبی قهوه,https://bunas.ir/product/tamper-mat/,"تمپر مت وسیله ای می باشد که تمپر قهوه را بر روی آن قرار می‌دهند و معمولاً به رنگ مشکی است. 
 این ابزار به نام تمپر مت شناخته می‌شود و یکی از اساسی‌ترین ابزارها برای باریستاها و هر کسی که از   دستگاه اسپرسوساز   ها برای تهیه قهوه استفاده می‌کند، محسوب می‌شود. 
 تمپر مت به یک پد سیلیکونی اشاره دارد که به‌صورت معمول در کنار دستگاه‌های اسپرسو قرار می‌گیرد و محل قرارگیری تمپر، پورتافیلتر و در برخی موار"
Bunas,چای ماچا ژاپنی اصل,,,,Ground,20.0,762000,3810000.0,,True,محصولات پودری,https://bunas.ir/product/matcha-tea/,"معرفی چای ماچا 
 چای ماچا (Matcha) نوعی چای سبز پودری است که در ژاپن بسیار محبوب و پرطرفدار است. این چای عمدتاً از برگ‌های نازک و تازه گیاه &#8220;تی کا&#8221; تهیه می‌شود. یکی از ویژگی‌های بارز این چای، فرآوری دقیق و مراحل تولید آن است. برگ‌های تی کا با دقت برداشته می‌شوند و سپس به آرامی خشک می‌شوند. و بعد از آن برگ‌های خشک به پودر تبدیل می‌شوند و به عنوان چای ماچا عرضه می‌شوند. 
 
   
 
 ماچا به"
Bunas,پودر کاپوچینو فوری,,,,Ground,250.0,368000,147200.0,,True,محصولات پودری,https://bunas.ir/product/cappuccino/,"پودر کاپوچینو فوری 
 کاپوچینو یکی از محبوب‌ترین و معروف‌ترین نوشیدنی‌های قهوه‌ پایه در سراسر جهان است. اصلی‌ترین ترکیب این نوشیدنی شامل   قهوه اسپرسو  ، شیر داغ، و فوم شیر است. کاپوچینو یک نوشیدنی بر پایه قهوه است که امروزه معمولاً از یک شات اسپرسو دوبل و شیر داغ تشکیل می شود که سطح آن با فوم شیر پوشانده می شود. 
 
   
 
 کاپوچینو اغلب با دستگاه اسپرسوساز تهیه می شود. اسپرسو در کف فنجان ریخته می ش"
Bunas,پودر چای ماسالا فوری,,,,Ground,250.0,359000,143600.0,,True,محصولات پودری,https://bunas.ir/product/masala-tea/,"چای ماسالا فوری 
 
 چای ماسالا فوری نوعی نوشیدنی سنتی هندی است که به صورت پودر یا دانه‌های خشک‌شده عرضه می‌شود و با اضافه کردن آب یا شیر داغ به سرعت آماده می‌شود. این چای که طعمی تند و گرم دارد، ترکیبی از چای سیاه،  کافی میت ، ادویه‌جات معطر و شیرین‌کننده‌ است. 
 
   
 
 
 چای ماسالا در کشورهای جنوب آسیا، به ویژه هند، پاکستان و بنگلادش بسیار محبوب است و به عنوان یک نماینده از فرهنگ و تاریخ این منا"
Bunas,قهوه روبوستا لائوس,Laos,,,Ground,250.0,1071000,428400.0,,True,قهوه اسپرسو; قهوه تک خاستگاه; قهوه رُست شده; قهوه روبوستا,https://bunas.ir/product/robusta-laos/,"خرید قهوه روبوستا لائوس 
 لائوس قهوه روبوستایی را تولید می کند که یکی از بهترین و پرطرفدار ترین قهوه ها در جهان می باشد. کشور لائوس یکی از معدود مکان‌هایی است که گیاه قهوه روبوستا در ارتفاعات بالا رشد می‌کند و طعم‌های شیرین‌تر و پیچیده‌تری دارند. قهوه روبوستا لائوس با بهترین کیفیت و طعم در   فروشگاه قهوه    بوناس  موجود می باشد. 
 
   
 
 منطقه اصلی کشت قهوه در لائوس فلات بولاون است که دارای خاک ه"
Bunas,قهوه عربیکا لیمو بروکا اتیوپی,Ethiopia,,,Whole bean,250.0,1694000,677600.0,,True,قهوه اسپرسو; قهوه پریمیوم; قهوه تک خاستگاه; قهوه دمی; قهوه رُست شده; قهوه عربیکا; قهوه فرانسه,https://bunas.ir/product/ethiopian-arabica-brocka/,"خرید قهوه عربیکا لیمو بروکا اتیوپی 
 قهوه عربیکا لیمو بروکا اتیوپی یکی از قهوه‌های معروف و خوش طعم جهان است. منشا   قهوه عربیکا   لیمو بروکا مناطق بروکا لیمو و ارومیا در جنوب کشور اتیوپی می باشد. قهوه عربیکا لیمو بروکا اتیوپی در ارتفاع بین ۱۱۰۰ تا ۱۹۰۰ متر از سطح دریا رشد می‌کند. 
 
   
 
 از آنجا که از لحاظ موقعیت جغرافیایی مناطق بروکا لیمو، سیدامو و یرگاچف در کنار هم قرار دارند، قهوه عربیکا لیمو"
Bunas,قهوه عربیکا لیمو واشد اتیوپی,Ethiopia,Washed,,Whole bean,250.0,1786000,714400.0,,True,قهوه اسپرسو; قهوه پریمیوم; قهوه تک خاستگاه; قهوه دمی; قهوه رُست شده; قهوه عربیکا; قهوه فرانسه,https://bunas.ir/product/ethiopian-arabica-limu/,"خرید قهوه عربیکا لیمو واشد اتیوپی 
 منطقه لیمو در ارتفاعات غربی کشور اتیوپی به عنوان یکی از خاستگاه‌های منحصربه‌فرد   قهوه عربیکا   در جهان شناخته می‌شود. این منطقه دارای منابع فراوان آب و جنگل‌های نیمه‌گرمسیری و بارانی است که شرایط ایده‌آلی را برای کشت قهوه فراهم می‌کند. 
 قهوه عربیکا لیمو واشد در مزارع کوچک و در خاک‌های نیمه جنگلی کشت می‌شود. این مزارع اغلب کمتر از یک هکتار وسعت دارند. قهوه‌هایی"
Bunas,قهوه عربیکا اتیوپی لکمپتی,Ethiopia,,,Whole bean,250.0,1436000,574400.0,,True,قهوه عربیکا; قهوه اسپرسو; قهوه پریمیوم; قهوه تک خاستگاه; قهوه دمی; قهوه رُست شده; قهوه فرانسه,https://bunas.ir/product/ethiopian-arabica-lekampti/,"خرید قهوه عربیکا اتیوپی لکمپتی 
 قهوه عربیکا اتیوپی لکمپتی یکی از شناخته‌شده‌ترین و محبوب‌ترین انواع قهوه در جهان است. این قهوه از منطقه لکمپتی در اتیوپی به دست می‌آید و به دلیل ویژگی‌های عطر و طعم خاص و بی‌نظیر خود، جایگاه ویژه‌ای در بین دوستداران قهوه پیدا کرده است. آنچه قهوه عربیکا اتیوپی لکمپتی را متمایز می کند، تعادل فوق العاده طعم آن می باشد. این قهوه از نت های میوه ای، گلی و اسپایسی ترکیبی "
Bunas,قهوه عربیکا اندونزی ماندلینگ سوماترا,Indonesia,,,Whole bean,250.0,1607000,642800.0,,True,قهوه اسپرسو; قهوه پریمیوم; قهوه تک خاستگاه; قهوه دمی; قهوه رُست شده; قهوه عربیکا; قهوه فرانسه,https://bunas.ir/product/indonesian-arabica/,"خرید قهوه عربیکا اندونزی ماندلینگ سوماترا 
   قهوه عربیکا   اندونزی ماندلینگ سوماترا در منطقه غربی-مرکزی پادانگ بین ۲۵۰۰ تا ۵۰۰۰ فوت بالاتر از سطح دریا رشد می‌کند. ماندلینگ یک نام تجاری است که برای قهوه عربیکا اندونزی متعلق به سوماترای شمالی استفاده می شود. جزیره سوماترا ششمین جزیره بزرگ جهان و بزرگ‌ترین جزیره‌ای است که در کشور اندونزی واقع شده است. 
 
   
 
    قهوه عربیکا ماندلینگ سوماترا اندونز"
Bunas,قهوه عربیکا وومن کلمبیا,Colombia,,,Whole bean,250.0,1880000,752000.0,,True,قهوه اسپرسو; قهوه پریمیوم; قهوه تک خاستگاه; قهوه دمی; قهوه رُست شده; قهوه عربیکا; قهوه فرانسه,https://bunas.ir/product/women-colombia/,"خرید قهوه وومن کلمبیا 
 قهوه وومن کلمبیا یکی از نمایندگان برجسته   قهوه عربیکا   کشور کلمبیا است که از سواحل اقیانوس اطلس تا دل کوهستان‌های کلمبیا تولید می‌شود. قهوه وومن کلمبیا به عنوان یکی از انتخاب‌های اصلی دوستداران قهوه در سراسر جهان شناخته می‌شود. 
 
   
 
 قهوه وومن در مناطق مختلف کشور کلمبیا تولید می‌شود که شرایط اقلیمی و جغرافیایی مناسبی را برای کشت دانه‌های قهوه عالی دارا هستند. از سواحل"
Bunas,قهوه عربیکا تولیما کلمبیا,Colombia,,,Whole bean,250.0,1910000,764000.0,,True,قهوه اسپرسو; قهوه پریمیوم; قهوه تک خاستگاه; قهوه دمی; قهوه رُست شده; قهوه عربیکا; قهوه فرانسه,https://bunas.ir/product/tolima-colombia/,"خرید قهوه عربیکا کلمبیا تولیما 
 کلمبیا یکی از بزرگترین و معتبرترین تولیدکنندگان قهوه در جهان است و به خاطر کیفیت بالای دانه‌های قهوه‌اش شهرت جهانی دارد. کلمبیا عمدتاً در تولید   قهوه عربیکا   تخصص دارد و روش فرآوری شسته را برای تولید دانه‌های قهوه با کیفیت بالا به کار می‌برد. این کشور هر ساله حدود ۱۲ میلیون کیسه قهوه به نقاط مختلف جهان صادر می‌کند که نشان از قدرت و توانایی بالای آن در صنعت قهوه د"
Bunas,قهوه عربیکا سوپریمو کلمبیا,Colombia,,,Whole bean,250.0,1765000,706000.0,,True,قهوه اسپرسو; قهوه پریمیوم; قهوه تک خاستگاه; قهوه دمی; قهوه رُست شده; قهوه عربیکا; قهوه فرانسه,https://bunas.ir/product/supreme-colombia/,"خرید قهوه سوپریمو کلمبیا 
 قهوه سوپریمو کلمبیا یکی از انواع مشهور   قهوه عربیکا   است که از کشور کلمبیا به سراسر جهان صادر می‌شود. قهوه سوپریمو کلمبیا به عنوان یکی از قهوه‌های با کیفیت و معتبر در دنیای قهوه شناخته می‌شود که دارای طعمی ملایم با نت‌های میوه‌ای و رایحه شکوفه‌های گلی و گاهی اسپایسی و ادویه ای است. 
 
   
 
 قهوه کلمبیا سوپریمو یکی از پرطرفدارترین قهوه های عربیکا موجود در بازار قهوه ای"
Bunas,قهوه عربیکا کنیا AA,Kenya,,,Whole bean,250.0,1669000,667600.0,,True,قهوه اسپرسو; قهوه پریمیوم; قهوه تک خاستگاه; قهوه دمی; قهوه رُست شده; قهوه عربیکا; قهوه فرانسه,https://bunas.ir/product/kenya-arabica-aa/,"خرید قهوه کنیا AA 
 نماد &#8220;AA&#8221; که برای   قهوه عربیکا کنیا   استفاده می‌شود، به اندازه و کیفیت دانه‌های این قهوه عربیکا اشاره دارد. در دنیای قهوه این نماد بیانگر سایز و گرید دانه‌های قهوه عربیکا کنیا می باشد. قهوه کنیا AA به عنوان یکی از بزرگترین و بهترین دانه‌های قهوه عربیکا در کشور کنیا شناخته می‌شود. 
 
   
 
 به عبارت دیگر دانه های قهوه کنیا AA از سایر دانه‌های قهوه عربیکا کنیا با سا"
Bunas,قهوه عربیکا کنیا AB,Kenya,,,Whole bean,250.0,1553000,621200.0,,True,قهوه اسپرسو; قهوه پریمیوم; قهوه تک خاستگاه; قهوه دمی; قهوه رُست شده; قهوه عربیکا; قهوه فرانسه,https://bunas.ir/product/kenya-arabica-ab/,"خرید قهوه کنیا AB 
 قهوه عربیکا كنیا AB یک نوع   قهوه پریمیوم   است که در کشور کنیا تولید می‌شود. نام &#8220;AB&#8221; به مرتبه درجه بندی قهوه (Coffee Grading) اشاره دارد و نشان‌دهنده‌ اندازه، نوع و کیفیت دانه‌های قهوه است. برای درک بهتر، در ادامه توضیحاتی در مورد اندازه‌های مختلف دانه‌های قهوه در سیستم درجه بندی قهوه بیان شده است: 
  1. AA:  دانه‌های قهوه بزرگ‌تر با کیفیت‌ بالا 
 2. AB:  دانه‌های"
Bunas,قهوه عربیکا سرادو برزیل,Brazil,,,Whole bean,250.0,1653000,661200.0,,True,قهوه اسپرسو; قهوه پریمیوم; قهوه تک خاستگاه; قهوه دمی; قهوه رُست شده; قهوه عربیکا; قهوه فرانسه,https://bunas.ir/product/brazil-serado-arabica/,"خرید قهوه عربیکا سرادو برزیل 
 قهوه عربیکا سرادو برزیل در منطقه‌ای به نام سرادو در کشور برزیل تولید می‌شود که در جنوب شرقی این کشور واقع شده است. اقلیم و زمین‌های این منطقه برای کاشت قهوه بسیار مناسب بوده و این موضوع سبب تولید   قهوه عربیکا   با کیفیت بالا در این منطقه شده است. 
   خرید قهوه   عربیکا سرادو برزیل که به خاطر بادی متعادل رو به کامل، اسیدیته کم و تنوع شگفت انگیزی از مزه ها از جمله شکل"
Bunas,قهوه عربیکا برزیل میناس گرایس,Brazil,,,Whole bean,250.0,1610000,644000.0,,True,قهوه اسپرسو; قهوه پریمیوم; قهوه تک خاستگاه; قهوه دمی; قهوه رُست شده; قهوه عربیکا; قهوه فرانسه,https://bunas.ir/product/minas-gerais-arabica/,"خرید قهوه عربیکا برزیل میناس گرایس 
 قهوه عربیکا برزیل میناس گرایس با نظارت استارباکس برزیل توسط یک تعاونی برزیلی با 12000 کشاورز عضو واقع در ایالت میناس گرایس، در منطقه جنوب شرقی برزیل تهیه می شود که قلب اصلی کشت قهوه عربیکا در این کشور است. 
 
   
 
 برزیل بیش از هر منطقه دیگری در جهان   قهوه عربیکا   تولید می کند و کیفیت ثابت آن منحصر به فرد است. از زمانی که قهوه عربیکا برزیل میناس گرایس برای ا"
Bunas,قهوه عربیکا سانتا فازندا برزیل,Brazil,,,Whole bean,250.0,1697000,678800.0,,True,قهوه اسپرسو; قهوه پریمیوم; قهوه تک خاستگاه; قهوه دمی; قهوه رُست شده; قهوه عربیکا; قهوه فرانسه,https://bunas.ir/product/santo-brazil-arabica/,"خرید قهوه عربیکا سانتا فازندا برزیل 
 قهوه عربیکا سانتا فازندا برزیل یکی از معروف‌ترین انواع قهوه‌های پریمیوم تولیدی در کشور برزیل می باشد. برزیل یکی از بزرگ‌ترین تولیدکنندگان قهوه در جهان است و دارای مزارع بزرگی برای تولید   قهوه عربیکا   می باشد. 
 
   
 
 فازندا نیز یکی از نواحی مهم تولید قهوه عربیکا در کشور برزیل است که تقریباً 85 درصد آن توسط مزرعه دارانی کشت می شود که معمولاً بین 100 تا 250 "
Bunas,دستگاه اسپرسوساز مباشی 2036,,,,,,5187000,,,False,اسپرسوساز مباشی; خرید انواع قهوه ساز; خرید دستگاه اسپرسو خانگی,https://bunas.ir/product/mebashi-2036/,"ویژگی‌ها و مشخصات اسپرسوساز مباشی مدل ME-ECM 2036 بسیار جذاب هستند. این   دستگاه اسپرسوساز   با فشار بخار ۲۰ بار و توان موتور ۸۵۰ وات عملکرد قدرتمندی دارد. مخزن آب آن با ظرفیت 1.5 لیتر به همراه نشانگر سطح آب ارائه شده است. 
 نازل بخار این اسپرسوساز توانایی تهیه نوشیدنی های خوشمزه‌ای مانند کاپوچینو و لاته را فراهم کرده است، همچنین تجهیزات اضافی از قبیل تمپر و پیمانه قهوه نیز همراه دستگاه می‌باشند. "
Bunas,دستگاه اسپرسوساز مباشی 2034,,,,,,10573000,,,False,اسپرسوساز مباشی; خرید انواع قهوه ساز; خرید دستگاه اسپرسو خانگی,https://bunas.ir/product/mebashi-2034/,"شرکت مباشی در سال ۲۰۲۲ میلادی، محصول جدیدی را با نام اسپرسوساز مباشی مدل ECM 2034 معرفی کرده است. این محصول با طراحی زیبا و بدنه‌ای از جنس استیل، در دسته‌بندی دستگاه‌های اسپرسوساز خانگی و نیمه صنعتی شرکت مباشی قرار می‌گیرد. 
 اسپرسوساز مدل ECM 2034 با فشار بخار ۱۹ بار و توان موتوری بالغ بر ۱۳۵۰ وات ارائه می‌شود که باعث می‌شود قهوه‌های تولیدی از این دستگاه دارای کرمای با غلظت بالا و طعم عالی باشند."
Bunas,دستگاه اسپرسوساز مباشی 2033,,,,,,9790000,,,False,اسپرسوساز مباشی; خرید انواع قهوه ساز; خرید دستگاه اسپرسو خانگی,https://bunas.ir/product/mebashi-2033/,"در سال ۲۰۲۲، شرکت مباشی محصول جدید و بسیار قدرتمند خود را با نام اسپرسوساز مباشی مدل ECM 2033 به بازار عرضه کرد. این محصول که در دسته   دستگاه اسپرسوساز   خانگی و نیمه صنعتی این شرکت قرار دارد، با بدنه‌ای از جنس استیل عرضه شده و از ویژگی‌های بسیار جذابی برخوردار است. 
 مشخصات فنی این دستگاه شامل فشار بخار ۱۹ بار و قدرت موتوری ۱۳۵۰ وات می‌باشد، که این موارد باعث می‌شوند تا قهوه‌ی تولیدی از این دستگ"
Bunas,دستگاه اسپرسو ساز نوا 131,,,,,,6655000,,,False,اسپرسوساز نوا; خرید انواع قهوه ساز; خرید دستگاه اسپرسو خانگی,https://bunas.ir/product/nova-131/,"مدل NOVA 131 از اسپرسوساز نوا، با طراحی بی‌نظیری به عنوان یک   دستگاه اسپرسوساز   پرقدرت و بسیار کارآمد برای مصارف خانگی و کافه‌های کوچک شناخته می‌شود. با فشار بخار 15 بار، این اسپرسوساز به عنوان یکی از محصولات قدرتمند در زمینه تهیه   قهوه اسپرسو   شناخته می‌شود. 
 کیفیت بالای قهوه‌هایی که با استفاده از NOVA 131 تهیه می‌شود، نمایانگر عملکرد عالی این دستگاه است. با توانایی ایجاد حرارت بالا، NOVA 13"
Bunas,دستگاه اسپرسوساز بارنی 7007,,,,,,4428000,,,False,اسپرسوساز بارنی; خرید انواع قهوه ساز; خرید دستگاه اسپرسو خانگی,https://bunas.ir/product/barni-7007/,"دستگاه اسپرسو ساز مدل BR7007 از برند بارنی، علاوه بر توانایی تهیه   قهوه اسپرسو   با کیفیت، امکان تهیه یک کاپوچینو لذیذ را نیز به شما می‌دهد. این ویژگی منحصر به فرد باعث افزایش اهمیت ویژگی‌های اصلی این مدل، می‌شود. 
 اسپرسوساز مدل 7007 با دارا بودن دکمه‌های روشن و خاموش، سیمی با طول ۸۰ سانتیمتر و مناسب برای مواقعی که از پریز دورتر هستید، به شما خدمات پیشرفته‌ای ارائه می‌دهد. 
 پیشنهاد ما به شما ای"
Bunas,دستگاه اسپرسو ساز بارنی 7006,,,,,,4510000,,,False,اسپرسوساز بارنی; خرید انواع قهوه ساز; خرید دستگاه اسپرسو خانگی,https://bunas.ir/product/barni-7006/,"اسپرسوساز بارنی مدل 7006 یک دستگاه کوچک و اقتصادی است که برای استفاده در خانه، محل کار و کافه‌های کوچک طراحی شده است. این دستگاه با ابعاد کوچک و وزن سبک مناسبی دارد که امکان استفاده از آن در محیط‌های مختلف را فراهم می‌کند. 
 دستگاه دارای توان مناسبی به میزان 850 وات و فشار بخار 20 باری است که این امکان را به شما می‌دهد که در مدت زمان کوتاهی   قهوه اسپرسو   تهیه کنید و نیازی به انتظار طولانی نداشته"
Bunas,دستگاه اسپرسو ساز نوا 146,,,,,,6958000,,,False,اسپرسوساز نوا; خرید انواع قهوه ساز; خرید دستگاه اسپرسو خانگی,https://bunas.ir/product/nova-146/,"دستگاه اسپرسوساز   نوا مدل 146 از نوعی اسپرسوساز است که با فشاری نزدیک به نقطه جوش، قهوه را از طریق یک فیلتر دم می‌کند تا قهوه‌ای خوشمزه به نام اسپرسو تولید کند. این تکنولوژی اسپرسو ساخته شده توسط لوئیجی بزرا در اوایل دهه 1900 وارد عالم قهوه‌سازی شد. موسس شرکت &#8220;لا پاوونی&#8221; این تکنولوژی را خریداری کرد و از سال 1905 به صورت تجاری در میلان دستگاه‌های اسپرسوساز تولید کرد. 
 دستگاه‌های اسپرس"
Bunas,دستگاه اسپرسوساز نوا 153,,,,,,6325000,,,False,اسپرسوساز نوا; خرید انواع قهوه ساز; خرید دستگاه اسپرسو خانگی,https://bunas.ir/product/nova-153/,"اسپرسوساز نوا مدل 153 از جمله زیباترین و محبوب‌ترین دستگاه‌های اسپرسوساز در بازار است. این دستگاه به دلیل طراحی زیبا و ساده‌اش و همچنین کارایی بالا، توانسته جایگاه ویژه‌ای در دل مصرف‌کنندگان به دست آورد. 
 یکی از ویژگی‌های جذاب این دستگاه قابلیت ست شدن به راحتی با دیگر وسایل آشپزخانه و محیط کار شما است. طراحی زیبای بدنه اسپرسوساز نوا با تلفیق رنگ‌های مشکی و طوسی، به آن زیبایی خاصی می‌بخشد. 
 دستگا"
Bunas,تمپر قهوه معمولی,,,,,,212000,,,False,خرید لوازم جانبی قهوه,https://bunas.ir/product/coffee-tamper/,"تمپر یکی از ابزارهای اساسی در دنیای قهوه‌سازی محسوب می‌شود که برای تهیه قهوه‌ی عالی و با طعم و عطر بی نظیر استفاده می‌شود. این وسیله وظیفه فشردن دانه‌های قهوه ، قبل از استخراج اسپرسو، را داراست. به عبارت دیگر، تمپ کردن قهوه یکی از مراحل اساسی در روند تهیه قهوه‌ی ایده آل می‌باشد. 
 تمپر قهوه به شما امکان می‌دهد تراز معینی از دانه‌های قهوه را در پورتافیلتر خود داشته باشید. این دقت در تراز باعث می‌شو"
Bunas,قهوه جوش مسی (جذوه مسی),,,Medium,,,700000,,,True,خرید انواع قهوه ساز; خرید لوازم جانبی قهوه,https://bunas.ir/product/coffee-pot/,"معرفی قهوه جوش مسی 
 قهوه جوش مسی یکی از اصیل ترین ابزارهای دم آوری قهوه ترک می باشد که قرن ها در فرهنگ قهوه نوشی ایران و کشورهای منطقه نقش داشته است. قهوه جوش مسی نه تنها یک وسیله کاربردی برای تهیه قهوه غلیظ و خوش طعم است، بلکه به دلیل طراحی زیبا و سنتی خود، زینت بخش هر آشپزخانه و کافه ای خواهد بود. 
   
 چرا قهوه جوش مسی؟ 
 قهوه جوش مسی (که به آن جذوه مسی قهوه هم گفته می شود) به دلیل رسانایی حرا"
Bunas,قهوه جوش ارمنی (جذوه ارمنی),,,Medium,,,850000,,,True,خرید انواع قهوه ساز; خرید لوازم جانبی قهوه,https://bunas.ir/product/armenian-coffeepot/,"تاریخچه قهوه جوش ارمنی 
 تاریخچه  قهوه ساز ارمنی  به چندین قرن پیش بازمی گردد. ارمنی ها از دیرباز در تهیه و سرو قهوه مهارت ویژه ای داشته اند و این فرهنگ غنی را در سراسر خاورمیانه و قفقاز گسترش داده اند. قهوه جوش ارمنی بخشی جدایی ناپذیر از مراسم مهمان نوازی و اجتماعی در فرهنگ ارمنی است. این روش دم آوری که گاهی با نام  روش دم کردن قهوه ارمنی  نیز معرفی می شود، شباهت هایی با روش های ترکی و عربی دارد،"
Bunas,لولر قهوه,,,,,,263000,,,False,خرید لوازم جانبی قهوه,https://bunas.ir/product/coffee-leveler/,"لولر یک ابزار بسیار مهم در تهیه اسپرسو است، اگرچه معمولاً از آن غفلت می‌شود، اما برای تهیه   قهوه اسپرسو   با کیفیت توسط باریستاها ضروری می باشد. این وسیله کوچک و ساده در خانواده تمپر قهوه قرار دارد و به آن تمپر گردون نیز می‌گویند. وظیفه لولر این است که قهوه آسیاب شده درون پرتافیلتر را به قرص قهوه تبدیل کند. 
 تأثیر میزان تماس قهوه با آب در فرآیند تهیه قهوه بسیار حیاتی است. اگر پودر قهوه آسیاب شده"
Bunas,پودر قهوه سبز,,,,Ground,250.0,653000,261200.0,,True,محصولات پودری,https://bunas.ir/product/green-coffee/,"خرید پودر قهوه سبز 
 پودر قهوه سبز محصولی است که از دانه‌های سبز قهوه که فرآیند برشته‌کاری روی آن‌ها انجام نشده، استخراج می‌شود. این پودر با داشتن مزایای متعددی از جمله موثر بودن در کاهش وزن، پشتیبانی از سلامت قلب و افزایش انرژی، در سال‌های اخیر به عنوان یک مکمل تغذیه‌ای محبوب معرفی شده است. 
 
   
 
 پودر قهوه سبز دارای مقادیر قابل توجهی از مواد معدنی و آنتی‌اکسیدان‌ها است که می‌توانند به کاهش وز"
Bunas,قهوه عربیکا یونان,,,,Whole bean,250.0,1482000,592800.0,,True,قهوه اسپرسو; قهوه تک خاستگاه; قهوه دمی; قهوه رُست شده; قهوه عربیکا; قهوه فرانسه,https://bunas.ir/product/greek-arabica/,"خرید قهوه عربیکا یونان 
 شاید یونان اولین جایی در دنیا نباشد که وقتی به قهوه فکر می کنید به ذهنتان خطور می کند، اما یونانی ها عاشق   خرید قهوه   و نوشیدن آن هستند. قهوه بخشی جدایی ناپذیر از فرهنگ یونان می باشد و من نمی توانم مکان بهتری در دنیا برای نشستن و لذت بردن از قهوه به جز یک کافه در یونان پیشنهاد کنم. 
 کشور یونان به خاطر جزایر زیبا، سواحل ایده‌آل، روستاهای سفید رنگ و غذاهای عالی خود مشهور "
Bunas,قهوه روبوستا ساحل عاج,,,,Whole bean,250.0,954000,381600.0,,True,قهوه اسپرسو; قهوه تک خاستگاه; قهوه رُست شده; قهوه روبوستا,https://bunas.ir/product/ivory-coast-coffee/,"خرید قهوه روبوستا ساحل عاج 
 قهوه روبوستا ساحل عاج یکی از انواع برجسته   قهوه روبوستا   است که به خاطر ویژگی‌های خاص و منحصر به فرد خود در دنیای قهوه شناخته می‌شود. این قهوه به دلیل داشتن سطح کافئین بسیار بالا، طعم‌های تلخ و آجیلی، و بافت غلیظ، بسیار مورد توجه قرار گرفته است. 
 
   
 
 کشور ساحل عاج یکی از تولیدکنندگان اصیل و بزرگ قهوه در جهان است. از جمله ویژگی‌های برجسته قهوه روبوستا ساحل عاج می"
Bunas,قهوه عربیکا بوروندی پریمیوم,Burundi,,,Whole bean,250.0,1804000,721600.0,,True,قهوه اسپرسو; قهوه پریمیوم; قهوه تک خاستگاه; قهوه دمی; قهوه رُست شده; قهوه عربیکا; قهوه فرانسه,https://bunas.ir/product/burundi-premium/,"خرید قهوه عربیکا بوروندی پریمیوم 
   قهوه عربیکا   بوروندی پریمیوم یکی از بهترین قهوه‌های جهان است. این قهوه با ویژگی‌هایی همچون طعم دلپذیر، بوی معطر و کیفیت بالا در بین باریستاها و دوستداران قهوه شناخته شده است. 
 قهوه‌های عربیکا کشور بوروندی به دلیل شرایط آب و هوایی مناسب و خاک غنی، دارای طعم و رایحه‌های متنوع و پیچیده‌ای میباشند. این قهوه‌ها معمولاً بادی متعادلی دارند و در آن‌ها می‌توان طعم‌ و "
Bunas,قهوه عربیکا اندونزی SW,Indonesia,,,Whole bean,250.0,1550000,620000.0,,True,قهوه اسپرسو; قهوه پریمیوم; قهوه تک خاستگاه; قهوه دمی; قهوه رُست شده; قهوه عربیکا; قهوه فرانسه,https://bunas.ir/product/indonesia-arabica/,"خرید قهوه عربیکا اندونزی SW 
 اندونزی یکی از متنوع ترین خاستگاه های قهوه در جهان است که هم   قهوه عربیکا   و هم   قهوه روبوستا   را تولید می کند و 5 درصد از صادرات قهوه جهان را به خود اختصاص داده است. اندونزی نسبت به اکثر کشورهای تولید کننده قهوه مصرف داخلی بیشتری دارد. 
 قهوه عربیکا اندونزی sw یکی از قهوه های مورد علاقه بسیاری از دوستداران قهوه می باشد. این قهوه با طعم پیچیده و اسیدیته پایین، معم"
Bunas,قهوه عربیکا کاستاریکا,Costa Rica,,,Whole bean,250.0,1694000,677600.0,,True,قهوه اسپرسو; قهوه پریمیوم; قهوه تک خاستگاه; قهوه دمی; قهوه رُست شده; قهوه عربیکا; قهوه فرانسه,https://bunas.ir/product/costarican-arabica/,"خرید قهوه عربیکا کاستاریکا 
 دانه‌های قهوه عربیکا کاستاریکا به خاطر شرایط ایده‌آل اقلیمی و جغرافیایی که در آن رشد می‌کنند، شهرت زیادی دارند. منطقه دره مرکزی کاستاریکا، که شامل استان‌های سن خوزه، هردیا و آلاجوئلا است، محیط مناسبی را برای پرورش گیاهان   قهوه عربیکا   فراهم می‌کند. این منطقه دارای ارتفاعات بین 1200 تا 1800 متری از سطح دریا و خاک‌های آتشفشانی غنی است که به رشد بهتر گیاهان کمک می‌کند. "
Bunas,قهوه روبوستا گواتمالا,Guatemala,,,Whole bean,250.0,1138000,455200.0,,True,قهوه اسپرسو; قهوه تک خاستگاه; قهوه رُست شده; قهوه روبوستا,https://bunas.ir/product/guatemala-robusta/,"خرید قهوه روبوستا گواتمالا 
   قهوه روبوستا   اولین بار در قرن 17 میلادی به گواتمالا آورده شد. روبوستا بخش بسیار کمی از تولید قهوه در کشور گواتمالا را تشکیل می دهد. با این حال، این نسبت در دهه های اخیر افزایش یافته است. در گواتمالا، قهوه در ارتفاعاتی بیش از 5000 فوت از سطح دریا کشت می‌شود که این ارتفاعات و شرایط آب و هوایی ویژه، طعم قهوه‌ این منطقه را بسیار خاص و منحصر به فرد می‌کند. 
 
   
 
 کشو"
Bunas,قهوه عربیکا تانزانیا AA,Tanzania,,,Whole bean,250.0,1598000,639200.0,,True,قهوه اسپرسو; قهوه پریمیوم; قهوه تک خاستگاه; قهوه دمی; قهوه رُست شده; قهوه عربیکا; قهوه فرانسه,https://bunas.ir/product/tanzania-arabica-aa/,"خرید قهوه عربیکا تانزانیا AA 
   قهوه عربیکا   تانزانیا AA یکی از جذاب‌ترین انواع قهوه‌های عربیکا آفریقایی است. قهوه عربیکا تانزانیا معمولا دارای اسیدیته‌ای تند و روشن است که باعث تازگی و طراوت در طعم آن می‌شود. برخی از نت‌های طعمی قهوه عربیکا تانزانیا AA شبیه به طعم انگور قرمز است که به آن طعمی منحصربه‌فرد می‌بخشد. 
 دانه‌های قهوه عربیکا تانزانیا AA معمولاً شامل بیشترین رسیدگی و توجه از جانب کشاو"
Bunas,قهوه عربیکا چین پریمیوم,,,,Whole bean,250.0,1721000,688400.0,,True,قهوه اسپرسو; قهوه پریمیوم; قهوه تک خاستگاه; قهوه دمی; قهوه رُست شده; قهوه عربیکا; قهوه فرانسه,https://bunas.ir/product/chinese-arabica/,"خرید قهوه عربیکا چین پریمیوم 
   قهوه عربیکا   چین پرمیوم با حس دهانی متعادل و اسیدیته متوسط رو به بالا و طعم تمیز مرکباتی شکلاتی، یک انتخاب محبوب برای دوستداران قهوه با ذائقه‌های مختلف است. یک فنجان قهوه عربیکای چین دارای حس دهانی متعادل، اسیدیته‌ای نسبتا ملایم و طعمی منحصر به فرد است که تجربه‌ای لذت‌بخش و بی‌نظیر را از نوشیدنش ارائه می دهد. 
 این قهوه به دلیل شرایط خاص جغرافیایی و آب و هوایی منا"
Bunas,قهوه گیشا اتیوپی اسپشیالیتی (Geisha),Ethiopia,,,Whole bean,250.0,2290000,916000.0,,True,قهوه اسپشیالیتی و تخصصی; قهوه اسپرسو; قهوه تک خاستگاه; قهوه دمی; قهوه رُست شده; قهوه فرانسه,https://bunas.ir/product/ethiopian-geisha/,"قهوه گیشا اتیوپی (اصالت، طعم و تازگی رست) 
 قهوه گیشا اتیوپی بدون شک یکی از برجسته ترین و با ارزش ترین قهوه های تک خاستگاه (سینگل اوریجین) در جهان است که به درستی لقب «پادشاه قهوه های تخصصی» را به خود اختصاص داده است. این   قهوه اسپشیالیتی  ، با منشأ باستانی خود از منطقه گیشا (Gesha) اتیوپی، نه تنها یک نوشیدنی، بلکه یک تجربه حسی کامل است. 
 طعم های پیچیده گلی، مرکباتی و میوه های استوایی، گیشا اتیو"
Bunas,پودر اسپرسو فوری هند,,,,Ground,250.0,1185000,474000.0,,True,اسپرسو فوری; قهوه فوری,https://bunas.ir/product/indian-instant-coffee/,"خرید پودر قهوه اسپرسو فوری هند 
 پودر اسپرسو فوری هند یکی از محبوب‌ترین و پرطرفدارترین انواع   قهوه فوری   در جهان می باشد که به روش اسپری درای تهیه شده است. این محصول از فرآوری قهوه تازه به دست می‌آید، کافئین این قهوه بالا بوده و مناسب استفاده قبل از ورزش، سرکار و هنگام درس خواندن می باشد. 
 
   
 
 بعضی از افراد با وجود اینکه مشغله های فراوانی دارند، نمی توانند برای رفع خستگی و احساس سرزندگی از "
Bunas,قهوه اسپشیالیتی بدون کافئین کُندور کلمبیا,Colombia,,,Whole bean,250.0,3296000,1318400.0,,True,قهوه اسپرسو; قهوه اسپشیالیتی و تخصصی; قهوه بدون کافئین (دیکف); قهوه تک خاستگاه; قهوه دمی; قهوه رُست شده; قهوه فرانسه,https://bunas.ir/product/decaf-specialty/,"خرید قهوه اسپشیالیتی بدون کافئین 
 قهوه اسپشیالیتی بدون کافئین (Specialty Decaf Coffee) نوعی   قهوه اسپشیالیتی   با کیفیت بالاست که فرایند به حداقل رساندن کافئین در آن انجام شده است بدون اینکه به طعم و عطر اصلی آن آسیبی وارد شود. 
   خرید قهوه   اسپشیالیتی بدون کافئین برای افرادی مناسب است که به دنبال لذت بردن از طعم و کیفیت بالای قهوه هستند ولی نمی‌خواهند یا نمی‌توانند کافئین مصرف کنند. 
 
   
 
"
Bunas,قهوه اسپشیالیتی هانی اکوادور,,Honey,,Whole bean,250.0,1993000,797200.0,,True,قهوه اسپشیالیتی و تخصصی; قهوه اسپرسو; قهوه تک خاستگاه; قهوه دمی; قهوه رُست شده; قهوه فرانسه,https://bunas.ir/product/speciality-ecuador/,"خرید قهوه اسپشیالیتی هانی اکوادور 
 
 اکوادور، کشوری در آمریکای جنوبی، با تنوع اقلیمی و آب و هوای متنوع خود، به یکی از مناطق تولید   قهوه عربیکا   تخصصی در جهان تبدیل شده است. اکوادور، به عنوان یکی از کشورهای کمتر شناخته شده در صنعت قهوه، تاریخچه‌ای نسبتاً جدید در تولید قهوه دارد و تا اواخر قرن نوزدهم وارد صنعت تولید قهوه نشد. اما با این حال، اکوادور توانسته است جایگاه خود را در این صنعت پیدا کند "
Bunas,قهوه عربیکا کامرون,,,,Whole bean,250.0,1624000,649600.0,,True,قهوه اسپرسو; قهوه تک خاستگاه; قهوه دمی; قهوه رُست شده; قهوه عربیکا; قهوه فرانسه,https://bunas.ir/product/cameron-arabica/,"خرید قهوه عربیکا کامرون 
 قهوه عربیکا کامرون یکی از انواع معروف   قهوه عربیکا   در جهان است که در کشور کامرون، واقع در غرب آفریقا، کشت می‌شود. این قهوه به دلیل شرایط آب و هوایی مناسب و خاک حاصلخیز منطقه‌ای که در آن کشت می‌شود، از کیفیت بالایی برخوردار است. 
 
   
 
 ارتفاعات غربی کشور کامرون، جایی که بیشتر قهوه عربیکا در آن کشت می شود، به طور متوسط ​​حدود 5000 فوت بالاتر از سطح دریا قرار دارد و دا"
Bunas,پودر قهوه ترک ویژه,,,,Ground,250.0,1465000,586000.0,,True,قهوه رُست شده,https://bunas.ir/product/special-turkish/,"خرید قهوه ترک ویژه حرفه ای 
   قهوه ترک   یکی از قدیمی‌ترین و محبوب‌ترین روش‌های تهیه قهوه در جهان است که به خاطر طعم غنی و تجربه خاصی که ارائه می‌دهد، در بسیاری از فرهنگ‌ها جایگاه ویژه‌ای دارد. این نوع قهوه، با روش خاصی که برای تهیه آن به کار می‌رود، از سایر انواع قهوه متمایز می‌شود و ویژگی‌های منحصر به فردی دارد که آن را به یک انتخاب خاص برای علاقه‌مندان به قهوه تبدیل کرده است. 
 
   
 
 قهوه تر"
Bunas,قهوه عربیکا جامبو برزیل,Brazil,,,Whole bean,250.0,1534000,613600.0,,True,قهوه اسپرسو; قهوه تک خاستگاه; قهوه دمی; قهوه رُست شده; قهوه عربیکا; قهوه فرانسه,https://bunas.ir/product/brazil-jumbo-arabica/,"خرید قهوه عربیکا جامبو برزیل 
   قهوه عربیکا   جامبو برزیل یکی از محبوب‌ترین و شناخته‌شده‌ترین انواع قهوه‌های عربیکا کشور برزیل است. این نوع قهوه به عنوان یکی از رقم های عربیکا از کیفیت بسیار بالایی برخوردار است و به دلیل ویژگی‌های خاص خود، محبوبیت زیادی در سراسر جهان دارد. 
 کشور برزیل در طول سال ها با تولید قهوه های با گرید پریمیوم و   قهوه های اسپشیالیتی   و همچنین قهوه های دارای گواهی تجارت من"
Bunas,قهوه عربیکا سانتوس برزیل,Brazil,,Medium,Whole bean,250.0,1334000,533600.0,,True,قهوه اسپرسو; قهوه تک خاستگاه; قهوه دمی; قهوه رُست شده; قهوه عربیکا; قهوه فرانسه,https://bunas.ir/product/brazil-santos-arabica/,"خرید قهوه عربیکا سانتوس برزیل 
   قهوه‌ عربیکا   اغلب به دلیل عطر و طعم مطلوب، ملایمی و تلخی کمتر نسبت به قهوه‌ روبوستا مورد استقبال قرار می‌گیرند. در میان قهوه‌های عربیکا، قهوه‌های برزیلی دارای ویژگی‌های خاصی هستند که آنها را از قهوه های عربیکا سایر مناطق متمایز می‌کنند. 
 قهوه عربیکا سانتوس یکی از این محصولات با کیفیت کشور برزیل است که با طعم ملایم و عطر دلپذیرش به محبوبیت زیادی در بین علاقمندان"
Bunas,قهوه عربیکا هند AA,,,,Whole bean,250.0,1553000,621200.0,,True,قهوه اسپرسو; قهوه پریمیوم; قهوه تک خاستگاه; قهوه دمی; قهوه رُست شده; قهوه عربیکا; قهوه فرانسه,https://bunas.ir/product/indian-arabica-aa/,"خرید قهوه عربیکا هند AA پریمیوم 
 دانه قهوه عربیکا هند AA پرمیوم یک نوع خاص و با کیفیت از دانه‌های قهوه عربیکا می باشد که در مناطقی از کشور هند کشت می‌شود. این مناطق دارای شرایط آب و هوایی و جغرافیایی خاصی هستند که برای رشد دانه‌های قهوه ایده‌آل هستند. دانه‌های قهوه عربیکا هند پریمیوم، که با درجه AA درجه بندی می‌شوند، نشان‌دهنده درشتی و ظاهر یکنواخت و بی نقص این   قهوه عربیکا   با کیفیت هستند. 
 
"
Bunas,قهوه عربیکا کلمبیا پریمیوم,Colombia,,,Whole bean,250.0,1829000,731600.0,,True,قهوه اسپرسو; قهوه پریمیوم; قهوه تک خاستگاه; قهوه دمی; قهوه رُست شده; قهوه عربیکا; قهوه فرانسه,https://bunas.ir/product/premium-colombian/,"خرید قهوه پریمیوم کلمبیا 
 قهوه یکی از محبوب‌ترین نوشیدنی‌های جهان است و در این میان، قهوه پریمیوم کلمبیا جایگاه ویژه‌ای دارد. کلمبیا با دارا بودن شرایط آب و هوایی مناسب، خاک غنی و تجربه چند صد ساله در تولید قهوه، یکی از بزرگترین تولیدکنندگان و صادرکنندگان قهوه در جهان است. قهوه پریمیوم کلمبیا به دلیل ویژگی‌های منحصر به فرد خود، همواره مورد توجه علاقه‌مندان به قهوه بوده است. 
 
   
 
 امروزه کشور "
Bunas,قهوه عربیکا اتیوپی پریمیوم,Ethiopia,,,Whole bean,250.0,1733000,693200.0,,True,قهوه اسپرسو; قهوه پریمیوم; قهوه تک خاستگاه; قهوه دمی; قهوه رُست شده; قهوه عربیکا; قهوه فرانسه,https://bunas.ir/product/premium-ethiopia-arabica/,"خرید قهوه عربیکا اتیوپی پریمیوم 
   قهوه عربیکا   یکی از مشهورترین و قدیمی‌ترین گونه‌های قهوه در جهان است. این گونه قهوه به دلیل کیفیت بالا، طعم‌های متنوع و عطروطعم بی‌نظیرش بسیار مورد توجه قرار گرفته است. یکی از خاستگاه‌های اصلی و برتر قهوه عربیکا، کشور اتیوپی است. 
 در حالی که امروزه دانه های قهوه عربیکا در سراسر جهان رشد می کنند و طیف گسترده ای از طعم های منحصر به فرد را ارائه می دهند، منشا همه"
Bunas,قهوه عربیکا کنیا پریمیوم,Kenya,,,Whole bean,250.0,1733000,693200.0,,True,قهوه اسپرسو; قهوه پریمیوم; قهوه تک خاستگاه; قهوه دمی; قهوه رُست شده; قهوه عربیکا; قهوه فرانسه,https://bunas.ir/product/premium-kenya-arabica/,"خرید قهوه عربیکا کنیا پریمیوم 
 قهوه عربیکا کنیا پریمیوم یک   قهوه عربیکا   بسیار با کیفیت است که از دانه‌های گونه عربیکا کشور کنیا بهره می‌برد. عربیکا یکی از دو گونه اصلی قهوه در جهان است و به عنوان قهوه ای با عطر و طعم دلپذیر، کیفیت ممتاز و نمره کاپینگ بالا شناخته می‌شود. 
 
   
 
 کنیا یکی از کشورهای آفریقایی است که در آن پرورش و تولید قهوه عربیکا به صورت گسترده انجام می‌شود و بخصوص مناطقی چون "
Bunas,قهوه عربیکا کنیا,Kenya,,,Whole bean,250.0,1289000,515600.0,,True,قهوه اسپرسو; قهوه تک خاستگاه; قهوه دمی; قهوه رُست شده; قهوه عربیکا; قهوه فرانسه,https://bunas.ir/product/kenya-arabica/,"خرید قهوه عربیکا کنیا 
 قهوه عربیکا کنیا یکی از برتربن قهوه‌های دنیا از لحاظ عطر و رایحه است و به همین دلیل جایگاه ویژه‌ای در بازار جهانی قهوه دارد.  کنیا به عنوان یکی از کشورهای تولیدکننده قهوه معتبر در جهان شناخته می‌شود و دارای مجموعه‌ای از تولیدکنندگان معروف و مزرعه‌های قهوه با کیفیت است.  
 
   
 
 مناطق مرتفع کشور کنیا که دانه‌های قهوه عربیکا کنیا در آنجا رشد می‌کنند، به نوعی عواملی مانند دم"
Bunas,قهوه عربیکا هندوراس پریمیوم,Honduras,,,Whole bean,250.0,1861000,744400.0,,True,قهوه اسپرسو; قهوه پریمیوم; قهوه تک خاستگاه; قهوه دمی; قهوه رُست شده; قهوه عربیکا; قهوه فرانسه,https://bunas.ir/product/premium-honduras/,"خرید قهوه عربیکا هندوراس پریمیوم 
 قهوه عربیکا هندوراس پریمیوم از مزارع معطر کشور هندوراس به دست می‌آید، جایی که نت‌های طعم شیرین وانیل، کاکائو و آجیل در این قهوه به وضوح مشهود هستند.   قهوه پریمیوم   و   قهوه اسپشیالیتی   نمایانگر یک موج جدید از قهوه‌ها هستند که تنها کافئین آنها مورد توجه نیست، بلکه تجربه لذت بردن از قهوه را به سطح کاملاً جدیدی ارتقاء می‌دهند. 
 
   
 
 قهوه عربیکا هندوراس پریمیو"
Bunas,قهوه روبوستا کامرون,,,,Whole bean,250.0,954000,381600.0,,True,قهوه اسپرسو; قهوه تک خاستگاه; قهوه رُست شده; قهوه روبوستا,https://bunas.ir/product/cameron-robusta/,"خرید قهوه روبوستا کامرون 
   قهوه روبوستا   کامرون بیشتر به دلیل داشتن بادی قوی و طعم ملایم همراه با عطر بسیار مطبوعش شناخته می شود.کامرون یک کشور آفریقای مرکزی است. کامرون به دلیل موقعیتی که در مرکز قاره دارد، دارای سطح چشمگیر تنوع زیستی و آب و هوای بسیار متفاوت در بخش‌های مختلف این کشور است. 
 قهوه کامرون در تعداد زیادی از مناطق رشد متنوع تولید می شود. مزارع قهوه در امتداد ساحل عمدتاً روبوستا را"
Bunas,قهوه روبوستا کنگو,DR Congo,,,Whole bean,250.0,898000,359200.0,,True,قهوه اسپرسو; قهوه تک خاستگاه; قهوه رُست شده; قهوه روبوستا,https://bunas.ir/product/congo-robusta/,"خرید قهوه روبوستا کنگو 
 قهوه یکی از محبوب‌ترین نوشیدنی‌های جهان است و انواع مختلفی از آن در سراسر دنیا مصرف می‌شود. در میان این انواع،   قهوه روبوستا   یکی از گونه‌های مهم قهوه است که در نقاط مختلفی از جهان تولید می‌شود. یکی از مناطق مهم تولید کننده قهوه روبوستا، کنگو است. 
 کنگو یکی از کشورهای آفریقایی است که تاریخچه‌ای غنی در تولید قهوه دارد. تولید قهوه در این کشور به قرن بیستم بازمی‌گردد و نقش"
Bunas,دستگاه اسپرسو ساز دلونگی مدل EC850m,,,Light,,6000.0,23403000,390050.0,,False,اسپرسوساز دلونگی; خرید انواع قهوه ساز; خرید دستگاه اسپرسو خانگی,https://bunas.ir/product/delonghi-ec850/,"اسپرسوساز دلونگی مدل EC 850M از جمله پرفروش‌ترین اسپرسوساز‌های دلونگی است که با امکانات پیشرفته و کاربری آسان و عملکرد بالا شناخته می‌شود. این دستگاه دارای توان 1450 وات است و برای تهیه انواع مختلف قهوه‌ها کارآمدی بالایی ارائه می‌دهد. یکی از ویژگی‌های برجسته این   دستگاه اسپرسوساز  ، مخزن شیر جهت تهیه حرفه‌ای کاپوچینو، کافه لاته و دیگر نوشیدنی‌های مبتنی بر شیر و قهوه است. 
 در پنل کنترل این دستگاه"
Bunas,پودر کافی میت,,,,Ground,250.0,252000,100800.0,,True,محصولات پودری,https://bunas.ir/product/coffee-mate/,"پودر کافی میت 
 پودر کافی‌میت (Coffee-Mate) یک نوع غیرلبنی (غیرشیری) کریمر است که به منظور بهبود طعم و بافت قهوه به آن اضافه می‌شود. این محصول که اولین بار در سال 1961 توسط شرکت نستله معرفی شد، به سرعت جایگاه خود را در بازار جهانی پیدا کرد و امروزه در بسیاری از کشورها به عنوان یکی از محبوب‌ترین افزودنی‌های قهوه مورد استفاده قرار می‌گیرد. 
 
   
 
 
 کافی میت موکاته یک افزودنی بسیار عالی و خوشمزه ب"
Bunas,آسیاب قهوه برقی مدل N520,,,,Ground,,7502000,,,False,خرید لوازم جانبی قهوه,https://bunas.ir/product/coffee-grinder-n520/,"آسیاب قهوه برقی مدل N520 برای کافه‌های کوچک و استفاده خانگی طراحی شده است و دارای 16 درجه تنظیم زبری و نرمی پودر قهوه است. 
 مخزن این آسیاب قهوه ظرفیت 200 گرم دانه قهوه را دارد و توان آسیاب کردن 10 کیلوگرم قهوه را در ساعت دارد. 
 این آسیاب دارای یک مخزن کوچک برای قهوه‌های آسیاب شده است که قهوه‌ها بعد از آسیاب شدن درون آن ریخته می‌شوند و از هدر رفتن پودر جلوگیری می‌کند. یکی از ویژگی‌های مهم این مخز"
Bunas,قهوه اسپشیالیتی السالوادور سانتا آنا,El Salvador,,,Whole bean,250.0,2101000,840400.0,,True,قهوه اسپشیالیتی و تخصصی; قهوه اسپرسو; قهوه تک خاستگاه; قهوه دمی; قهوه رُست شده; قهوه فرانسه,https://bunas.ir/product/elsalvador-speciality/,"قهوه اسپشیالیتی السالوادور؛ دانه هایی از قلب آتشفشان 
 اگر به دنبال تجربه ای متفاوت از نوشیدن قهوه هستید که در آن تلخی آزاردهنده جای خود را به شیرینی طبیعی و عطر میوه ها داده باشد، قهوه اسپشیالیتی السالوادور بهترین انتخاب برای شماست. این دانه های ارزشمند که در خاک های حاصلخیز و آتشفشانی آمریکای مرکزی رشد کرده اند، به دلیل شرایط اقلیمی خاص، یکی از متعادل ترین پروفایل های طعمی در جهان را دارند. 
 ما"
Bunas,دستگاه اسپرسو ساز دلونگی مدل ددیکا EC685,,,,,5000.0,11314000,226280.0,,False,اسپرسوساز دلونگی; خرید انواع قهوه ساز; خرید دستگاه اسپرسو خانگی,https://bunas.ir/product/delonghi-dedica-ec685/,"برند دلونگی به عنوان یکی از بهترین تولیدکنندگان اسپرسو ساز و نوشیدنی سازها به شناخته می‌شود. اسپرسو ساز دلونگی مدل EC685 یک   دستگاه اسپرسوساز   با کیفیت و عالی است که جز جدیدترین مدل‌های ارائه شده توسط دلونگی محسوب می‌شود. این دستگاه دارای بدنه‌ای ساخته شده از استیل است و از نظر طراحی و کیفیت بسیار برجسته است. 
 اسپرسو ساز دلونگی مدل EC685 امکان تهیه لاته، کاپوچینو و اسپرسو را فراهم می‌کند. همچنی"
Bunas,دستگاه اسپرسو ساز مباشی 2016,,,,,4000.0,7127000,178175.0,,False,اسپرسوساز مباشی; خرید انواع قهوه ساز; خرید دستگاه اسپرسو خانگی,https://bunas.ir/product/mebashi-ecm2016/,"دستگاه اسپرسوساز مباشی مدل ME-ECM2016 دارای طراحی مدرن و عملکرد موثری می باشد. این دستگاه از جنس استیل محکم و ضد زنگ ساخته شده و اجزای کوچک مانند دسته پرتافیلتر، دکمه تنظیم بخار و مخزن آب از مواد پلاستیکی با کیفیت و فاقد مواد مضر تهیه شده است. 
 در بالای این   دستگاه اسپرسوساز  ، یک صفحه گرم‌نگه‌دارنده برای فنجان‌ها قرار دارد. این صفحه با تولید گرما، فنجان‌ها را گرم و خشک نگه‌داشته و از سرد شدن زو"
Bunas,دستگاه اسپرسو ساز مباشی 2009,,,,,,6380000,,,False,اسپرسوساز مباشی; خرید انواع قهوه ساز; خرید دستگاه اسپرسو خانگی,https://bunas.ir/product/mebashi-ecm2009/,"پیشنهاد ما برای شما،   دستگاه اسپرسوساز   و کاپوچینوساز مدل 2009 از برند مباشی است. این دستگاه علاوه بر کیفیت و کارایی بالا، دارای ظاهری زیبا و فانتزی است که به خوبی با سایر وسایل داخل خانه ست می‌شود. اسپرسوساز و کاپوچینوساز مدل 2009، به عنوان یک دستگاه نیمه صنعتی با تکنولوژی روز ژاپنی، به منظور مصارف خانگی، محیط کار، سوپرمارکت‌ها و کافی‌شاپ‌های کوچک مناسب است. 
 این مدل دارای طراحی رنگارنگ و جذاب"
Bunas,دستگاه اسپرسو ساز مباشی 2015,,,,,,6820000,,,False,اسپرسوساز مباشی; خرید انواع قهوه ساز; خرید دستگاه اسپرسو خانگی,https://bunas.ir/product/mebashi-ecm2015/,"اسپرسوساز مباشی مدل ME-ECM2015 با ظرفیت مخزن 1.25 لیتر، به عنوان یک انتخاب مناسب برای مصارف خانگی، محیط کار، یا حتی کافی‌شاپ‌ها شناخته می‌شود. این دستگاه توان 1140 وات و فشار 15 بار دارد و قادر به تهیه انواع نوشیدنی‌های   قهوه اسپرسو   و   کاپوچینو   می‌باشد. اسپرسوساز ME-ECM2015 از پودر قهوه برای تهیه نوشیدنی‌ها استفاده می‌کند. 
 هر دو فیلتر این اسپرسوساز از جنس استیل ضدزنگ ساخته شده‌اند و مقاوم "
Bunas,دستگاه اسپرسو ساز نوا 149,,,,,,6747000,,,False,اسپرسوساز نوا; خرید انواع قهوه ساز; خرید دستگاه اسپرسو خانگی,https://bunas.ir/product/nova-149/,اسپرسوساز مدل NOVA 149 با طراحی بی نظیر، به عنوان یک دستگاه پرقدرت و عملی برای استفاده در منزل یا کافه‌های کوچک به شمار می‌رود. این اسپرسوساز با فشار 15 بار و استفاده از اجزا داخلی و لوله‌های بخار از جنس فولاد ضدزنگ با توان 1250 وات، یک ابزار قوی برای تهیه قهوه و اسپرسو فوق‌العاده است. کیفیت قهوه‌ای که از این دستگاه استخراج می‌شود، با توجه به خروجی با کرمای بی‌نظیر، نمایانگر توانمندی برجسته مدل NO
Bunas,دستگاه اسپرسو ساز نوا 140,,,,,,6575000,,,False,اسپرسوساز نوا; خرید انواع قهوه ساز; خرید دستگاه اسپرسو خانگی,https://bunas.ir/product/nova-140/,"اسپرسوساز نیمه صنعتی مدل NOVA 140 دارای بدنه‌ای مستحکم و ضد زنگ از جنس استیل محکم ساخته شده است. اجزای دیگر این دستگاه، از جمله دسته پرتافیلتر، سری نازل بخار و دکمه چرخشی، از مواد پلاستیکی فشرده و محکم با رنگ مشکی تولید شده‌اند که به زیبایی و انطباق با دیگر قسمت‌های دستگاه کمک کرده‌اند. 
 این   دستگاه اسپرسوساز   چند کاره دارای وزن 5.5 کیلوگرم است، که با وزن سبک خود به راحتی قابل حمل و جابجایی است"
Bunas,قهوه اسپشیالیتی ووش ووش اتیوپی,Ethiopia,,,Whole bean,250.0,2013000,805200.0,,True,قهوه اسپرسو; قهوه اسپشیالیتی و تخصصی; قهوه تک خاستگاه; قهوه دمی; قهوه رُست شده; قهوه فرانسه,https://bunas.ir/product/wushwush-ethiopian-speciality/,"خرید قهوه اسپشیالیتی ووش ووش اتیوپی 
 در میان کوه‌ها و دره‌های شکاف بزرگ آفریقا که شاید در معروف‌ترین منطقه تولید قهوه در جهان قرار دارد، شهر آناسورا در اتیوپی است. این کشور به طور منحصر به فردی در سمت شرق قاره، محصور در خشکی در شاخ آفریقا واقع شده است و به عنوان زادگاه گیاه   قهوه عربیکا  ، منبع تولید قهوه بسیار مورد توجه است. اتیوپی برخلاف سایر کشورها قهوه تولید می‌کند و تاریخ و فرهنگ مردم  اتیو"
Bunas,قهوه عربیکا کنگو,DR Congo,,,Whole bean,250.0,1604000,641600.0,,True,قهوه اسپرسو; قهوه پریمیوم; قهوه تک خاستگاه; قهوه دمی; قهوه رُست شده; قهوه عربیکا; قهوه فرانسه,https://bunas.ir/product/congo-arabica/,"خرید قهوه عربیکا کنگو 
 قهوه عربیکا کنگو، یکی از بهترین و منحصر به فردترین قهوه‌های جهان است که در جمهوری دموکراتیک کنگو تولید می‌شود. در این کشور افریقایی حدود 11 هزار کشاورز به کشت و پرورش   قهوه عربیکا   و   قهوه روبوستا   مشغول هستند. 
 
   
 
 مناطق اصلی کشت قهوه عربیکا کنگو در نزدیکی دریاچه کیوو واقع شده است، به ویژه در بخش شمالی و در منطقه ای به وسعت حدود 10000 کیلومتر مربع در مرز پارک ملی "
Bunas,قهوه اسپشیالیتی سیدامو اتیوپی گرید 1,Ethiopia,,,Whole bean,250.0,2006000,802400.0,,True,قهوه اسپرسو; قهوه اسپشیالیتی و تخصصی; قهوه تک خاستگاه; قهوه دمی; قهوه رُست شده; قهوه فرانسه,https://bunas.ir/product/sidamo-ethiopian-speciality/,"خرید قهوه اسپشیالیتی سیدامو اتیوپی گرید یک 
 قهوه سیدامو اتیوپی گرید یک، یکی از نمادهای برجسته قهوه اسپشیالیتی در جهان است و از نظر کیفیت در رده‌بندی برتر قهوه‌های جهانی قرار دارد. این قهوه از نسل خاصی از دانه‌های   قهوه عربیکا   تولید می‌شود و از منطقه‌ای به نام &#8220;سیدامو&#8221; در کشور اتیوپی نشأت گرفته است. 
 دانه قهوه اسپشیالیتی سیدامو اتیوپی گرید 1 دارای یک پروفایل طعمی پیچیده و متعادل هم"
Bunas,قهوه کوچره اتیوپی اسپشیالیتی,Ethiopia,,,Whole bean,250.0,2135000,854000.0,,True,قهوه اسپرسو; قهوه اسپشیالیتی و تخصصی; قهوه تک خاستگاه; قهوه دمی; قهوه رُست شده; قهوه فرانسه,https://bunas.ir/product/kochere-ethiopian-speciality/,"خرید قهوه کوچره اتیوپی اسپشیالیتی 
 قهوه کوچره اتیوپی یک   قهوه اسپشیالیتی   می باشد که در مناطق بسیار مرتفع کشور اتیوپی رشد کرده و با دوبار شستشو به یک پروفایل کاملاً تمیز، مملو از شیرینی میوه ای و مشخصات مسحور کننده گل ها با احساس دهانی ابریمشی تبدیل شده است. 
 قهوه کوچره اتیوپی یکی از جذاب‌ترین و معروف‌ترین انواع قهوه‌های اسپشیالیتی در جهان است. این قهوه تخصصی از منطقه کوچره در کشور اتیوپی به ع"
Bunas,قهوه نیم کافئین,,,,Whole bean,250.0,1770000,708000.0,,True,قهوه اسپرسو; قهوه بدون کافئین (دیکف); قهوه دمی; قهوه فرانسه,https://bunas.ir/product/halfcaf/,"خرید قهوه نیم کافئین 
 قهوه نیم کافئین، یک نوع از قهوه است که دارای مقدار کمتری کافئین نسبت به   قهوه عربیکا   معمولی می باشد. قهوه نیم کافئین یا قهوه هف کاف معمولاً مناسب افرادی است که می‌خواهند از لذت نوشیدن قهوه بدون اثرات محسوس ایجاد شده توسط کافئین بر روی سیستم عصبی مرکزی خود، بهره مند شوند. 
   
 روش‌های مختلفی برای تولید قهوه نیم کافئین وجود دارد. یکی از روش‌های معمول برای تهیه این نوع قهوه"
Bunas,قهوه میکس 80-20 روبوستا,,,Medium,Whole bean,250.0,907000,362800.0,,True,قهوه اسپرسو; قهوه رُست شده; قهوه فرانسه; قهوه کامرشیال; قهوه میکس (ترکیبی),https://bunas.ir/product/80-robusta-mix/,"خرید قهوه میکس 80 روبوستا 
 قهوه میکس 80 روبوستا 20 عربیکا ترکیبی از بهترین دانه های قهوه شامل 80 درصد دانه های روبوستا تازه برشته شده و 20 درصد دانه های عربیکا با رست تازه است. این   قهوه میکس   به دلیل کافئین بالا برای کسانی که احتیاج دارند در طول روز ، مدت زمان طولانی سرحال و پر انرژی باشند بسیار مناسب است. قهوه میکس 80% روبوستا و 20% عربیکا دارای عطر وطعم قابل قبول ، بادی و حس دهانی کامل، تلخی"
Bunas,قهوه فوری گانودرما جینسینگ,,,,,,1826000,,,True,قهوه فوری,https://bunas.ir/product/ganoderma-ginseng/,"خرید قهوه فوری گانودرما جینسینگ 
 گانودرما نام یک قارچ دارویی و مکمل غذایی ارزشمند میباشد که به علت ترکیبات فعال فراوانی که دارا می باشد امروزه مورد توجه افراد زیادی قرار گرفته و برای اولین بار در ایران و خاورمیانه به صورت قهوه فوری به همراه پودر قارچ گانودرما و جینسینگ، مورد استفاده قرار میگیرد. 
 پودر قهوه فوری گانودرما جینسینگ ترکیبی از بهترین نوع   قهوه فوری   به همراه پودر قارچ گانودرما و جین"
Bunas,اسپرسوساز مینی پرسو,,,,,,3500000,,,True,خرید انواع قهوه ساز; خرید دستگاه اسپرسو خانگی; خرید لوازم جانبی قهوه,https://bunas.ir/product/minipresso/,"معرفی اسپرسوساز مینی پرسو 
 اسپرسوساز مینی پرسو یک دستگاه اسپرسو ساز دستی و قابل حمل است که بر اساس اصل فشار دستی کار می کند. این دستگاه با طراحی ساده اما هوشمندانه خود، امکان استخراج عالی از قهوه آسیاب شده را با ایجاد فشار مناسب فراهم می کند. برخلاف دستگاه های اسپرسو برقی، مینی پرسو نیاز به برق ندارد و تنها با نیروی دست کاربر عمل می کند. 
   
 ویژگی های فنی و طراحی 
 
  جنس بدنه : معمولا از پلاست"
Bunas,قهوه میکس اسپورت,,,,Whole bean,250.0,1098000,439200.0,,True,قهوه اسپرسو; قهوه رُست شده; قهوه میکس (ترکیبی),https://bunas.ir/product/sport-mix/,"خرید قهوه میکس ورزشی بدنسازی 
 قهوه میکس ورزشی بدنسازی ترکیبی از 4 نوع قهوه است که ویژه ورزشکاران طراحی شده و بهترین زمان برای مصرف این قهوه 30 دقیقه قبل از شروع ورزش یا تمرینات بدنسازی می باشد. با نوشیدن 1 الی 2 فنجان از این   قهوه میکس   اسپورت برای تمرین خود آماده شوید. 
 
   
 
 قهوه میکس اسپورت ویژه ورزشکاران با رساندن مقدار کافئین مناسب به بدن سبب می شود یک تمرین پرانرژی و لذت بخش را تجربه ن"
Bunas,باکس ذائقه شناسی قهوه [کافی باکس],,,,,,5900000,,,True,قهوه رُست شده,https://bunas.ir/product/bunas-box/,"خرید کافی باکس ذائقه شناسی قهوه 
 باکس ذائقه شناسی قهوه بوناس، مجموعه ای از 10 نوع قهوه مختلف می باشد که به عنوان تستر برای کافی شاپ ها و دوستداران قهوه طراحی شده است. شما می توانید با خرید این محصول و تست انواع قهوه ها، مناسب ترین قهوه را متناسب با ذائقه و سلیقه خود انتخاب نمایید. 
 مجموعه کافی باکس حاوی 10 عدد قهوه 100 گرمی می باشد. این قهوه ها شامل سه نوع   قهوه اسپشیالیتی  ، 3 نوع   قهوه میکس "
Bunas,پک قهوه اسپشیالیتی (همراه با آسیاب قهوه دستی رایگان),,,,Ground,750.0,7000000,933333.0,,True,قهوه رُست شده,https://bunas.ir/product/bunas-package/,"با خرید این محصول از فروشگاه قهوه بوناس یک   آسیاب قهوه دستی گتر شیشه ای   رایگان دریافت کنید! 
 
  مشخصات قهوه اسپشیالیتی:  750 گرم   قهوه اسپشیالیتی یرگاچف اتیوپی   
  خاستگاه:  اتیوپی 
  عطر و طعم:  میوه ای، مرکبات 
  اسیدیته:  شدید و پیچیده 
  درجه برشتگی:  شکلاتی"
Bunas,قهوه میکس اسپشیالیتی,,,,Whole bean,250.0,2328000,931200.0,,True,قهوه اسپشیالیتی و تخصصی; قهوه اسپرسو; قهوه تک خاستگاه; قهوه دمی; قهوه رُست شده; قهوه فرانسه; قهوه میکس (ترکیبی),https://bunas.ir/product/speciality-mix/,"خرید قهوه میکس اسپشیالیتی 
 قهوه میکس اسپشیالیتی یک روند نوآورانه در دنیای قهوه است که ترکیبی از دانه‌های قهوه اسپشیالیتی مختلف با هدف ایجاد طعم‌ها و تجربیات جدید برای علاقه‌مندان   قهوه اسپشیالیتی   ارائه می‌دهد. این قهوه میکس با استفاده از دانه‌های قهوه اسپشیالیتی مختلف از مناطق جغرافیایی گوناگون، در تلاش است تا خصوصیات منحصربه‌فرد هر دانه را با یکدیگر ترکیب کرده و قهوه‌ای با طعم و مزه‌ای خاص ای"
Bunas,قهوه ساز فرنچ پرس,,,,,,520000,,,True,خرید لوازم جانبی قهوه; خرید انواع قهوه ساز,https://bunas.ir/product/french-press/,"معرفی قهوه ساز فرنچ پرس 
  قهوه ساز فرنچ پرس (French Press Coffee Maker)  که با نام های فرنچ پرس قهوه یا قهوه ساز پلانجر نیز شناخته می شود، یکی از محبوب ترین ابزارهای دم آوری قهوه در سراسر جهان است. این دستگاه با طراحی ساده اما کاربردی، امکان استخراج کامل عطر و طعم دانه های قهوه را فراهم می کند. برخلاف دستگاه های قهوه ساز معمولی، قهوه ساز فرنچ پرس با روش غوطه وری کامل کار می کند که باعث می شود روغ"
Bunas,سیلو قهوه رو میزی مکعبی 3 و 5 کیلویی,,,,,5000.0,1200000,24000.0,,False,خرید لوازم جانبی قهوه,https://bunas.ir/product/coffee-silo/,"سیلو قهوه رومیزی، یکی از تجهیزات با کیفیت ساخت ایران برای نگهداری قهوه است. این مدل از سیلو قهوه به عنوان یکی از وسایل ضروری و مورد استفاده رایج در قهوه فروشی‌ها، کافی‌شاپ‌ها و فروشگاه‌های شکلات شناخته می‌شود. 
 با استفاده از سیلو قهوه رومیزی، که نیاز به نصب و تنظیم خاصی ندارد، به راحتی می‌توانید زیبایی و تزئین ویژه‌ای به فضای   فروشگاه قهوه  ، کافی‌شاپ یا فروشگاه آجیل خود ببخشید. یکی از مزایای با"
Bunas,قهوه ساز موکاپات روگازی,,,,,,800000,,,True,خرید لوازم جانبی قهوه; خرید انواع قهوه ساز,https://bunas.ir/product/moka-pot/,"موکاپات روگازی یکی از قدیمی ترین و محبوب ترین ابزارهای دم آوری قهوه در جهان است. بر خلاف تصور عموم، قهوه ای که با یک موکاپات خوب و اصل تهیه می شود، طعمی نزدیک به   قهوه اسپرسو   دارد و می تواند تجربه ای مشابه را برای شما رقم بزند. 
 قهوه ساز موکاپات روگازی چیست؟ 
 موکاپات گازی وسیله ای است که با قرار گرفتن مستقیم روی حرارت اجاق گاز، آب را به جوش می آورد و با فشار بخار، آب داغ را از میان سابه های ق"
Bunas,قهوه یرگاچف اتیوپی اسپشیالیتی,Ethiopia,,,Whole bean,250.0,2017000,806800.0,,True,قهوه اسپرسو; قهوه اسپشیالیتی و تخصصی; قهوه تک خاستگاه; قهوه دمی; قهوه رُست شده; قهوه فرانسه,https://bunas.ir/product/speciality-ethiopia-yirgacheffe/,"معرفی قهوه یرگاچف اتیوپی 
 قهوه یرگاچف اتیوپی یکی از   معروف ترین و محبوب ترین قهوه های اسپشیالتی   در جهان است که از منطقه یرگاچف در جنوب کشور اتیوپی برداشت می شود. این قهوه به دلیل طعم مرکباتی و عطر گل های بهاری خود شناخته شده است. دانه های قهوه یرگاچف معمولاً به روش شسته شده فرآوری می شوند که باعث ایجاد طعمی تمیز و شفاف در فنجان می شود. اگر به دنبال یک قهوه اسپشیالتی با اسیدیته درخشان و طعم های"
Bunas,شن مخصوص دستگاه قهوه ترک,,,,,500.0,150000,30000.0,,True,خرید لوازم جانبی قهوه,https://bunas.ir/product/turkish-coffee-sand/,"شن قهوه ترک چیست؟ 
 شن قهوه ترک، که گاهی با نام‌  ماسه مخصوص قهوه ترک  نیز شناخته می‌شود، به عنوان منبع حرارتی غیرمستقیم برای دستگاه قهوه ترک عمل می‌کند. برخلاف شعله مستقیم گاز که باعث سوختن قهوه و تلخی آن می‌شود، شن با توزیع یکنواخت و ملایم گرما، امکان  دم آوری آرام و یکنواخت قهوه ترک  را فراهم می‌سازد. این روش، عصاره گیری ایده‌آل از   پودر قهوه ترک   را ممکن کرده و طعمی غنی، خالص و بدون تلخی به "
Bunas,قهوه اسپشیالیتی گوجی اتیوپی (Ethiopia Guji),Ethiopia,,,Whole bean,250.0,2074000,829600.0,,True,قهوه اسپرسو; قهوه اسپشیالیتی و تخصصی; قهوه تک خاستگاه; قهوه دمی; قهوه رُست شده; قهوه فرانسه,https://bunas.ir/product/speciality-ethiopia-guji/,"مشخصات و ویژگی های قهوه گوجی اتیوپی 
 قهوه گوجی اتيوپی معمولاً در ارتفاعات 1900 تا 2200 متری از سطح دريا کشت می شود. دانه های اين قهوه از نوع عربیکا و گونه های بومی منطقه کورمی و سیدامو هستند. فرآوری اين قهوه اغلب به روش طبيعی (Natural) که باعث افزايش شيرينی و طعم میوه ای می گردد. درجه رُست پيشنهادی برای قهوه گوجی اتیوپی،  رُست شکلاتی  است تا طعم های اصيل آن حفظ شود. تاريخ تولید و بسته بندی روی مح"
Bunas,قهوه اسپشیالیتی نارینو کلمبیا,Colombia,,,Whole bean,250.0,2043000,817200.0,,True,قهوه اسپرسو; قهوه اسپشیالیتی و تخصصی; قهوه تک خاستگاه; قهوه دمی; قهوه رُست شده; قهوه فرانسه,https://bunas.ir/product/speciality-colombia-narino/,"خرید قهوه کلمبیا نارینو با ضمانت تازگی 
 ما در قهوه بوناس، تجربه خرید قهوه کلمبیا نارینو را برای شما آسان کرده ایم. این محصول به دلیل کشت در ارتفاعات بالا (۱۸۰۰ تا ۲۲۰۰ متر) و فرآوری دقیق واشد (شسته)، دارای کاراکتر طعمی بسیار پاک و شفافی است. زمانی که شما این قهوه را سفارش می دهید، ما آن را به صورت تازه برشت و در سریع ترین زمان ممکن برای شما ارسال می کنیم. این تعهد به تازگی به این معناست که شما قه"
Bunas,قهوه اسپشیالیتی ماراگو مکزیک,Mexico,,,Whole bean,250.0,2318000,927200.0,,True,قهوه اسپرسو; قهوه اسپشیالیتی و تخصصی; قهوه تک خاستگاه; قهوه دمی; قهوه رُست شده; قهوه فرانسه,https://bunas.ir/product/speciality-marago/,"خرید قهوه اسپشیالیتی ماراگو مکزیک 
 ماراگو، ایالتی در جنوب مکزیک، به عنوان یکی از مناطق تولید   قهوه اسپشیالیتی   شناخته می‌شود که به طبیعت زیبایش و طعم‌های متنوع قهوه اش معروف است. قهوه ماراگو مکزیک از ویژگی‌های خاصی از جمله طعم میوه‌های تازه، نت‌های گلی و آرومای متنوع برخوردار است که طرفداران زیادی در سرتاسر جهان به خود جلب کرده است. 
 
   
 
 ماراگو یکی از مناطق مهم تولید قهوه در مکزیک است و ار"
Bunas,قهوه بدون کافئین پرو,Peru,,,Whole bean,250.0,1989000,795600.0,,True,قهوه اسپرسو; قهوه بدون کافئین (دیکف); قهوه تک خاستگاه; قهوه دمی; قهوه فرانسه,https://bunas.ir/product/peru-decaf/,"خرید قهوه بدون کافئین پرو 
 قهوه بدون کافئین پرو، نوعی از قهوه است که حاوی مقدار بسیار پایینی از سطح کافئین نسبت به قهوه معمولی می باشد. این نوع قهوه برای افرادی که به کافئین حساسیت دارند یا می‌خواهند مصرف کافئین خود را کاهش دهند، مناسب است. از روش‌های مختلفی برای تهیه   قهوه بدون کافئین   استفاده می‌شود که در نهایت به حذف یا کاهش کافئین منجر می‌شود. 
 
   
 
 قهوه بدون کافئین پرو ممکن است در ترکی"
Bunas,قهوه بدون کافئین مکزیک,Mexico,,,Whole bean,250.0,2001000,800400.0,,True,قهوه اسپرسو; قهوه بدون کافئین (دیکف); قهوه تک خاستگاه; قهوه دمی; قهوه فرانسه,https://bunas.ir/product/mexico-decaf/,"خرید قهوه بدون کافئین مکزیک 
 قهوه بدون کافئین مکزیک، نوعی قهوه می‌باشد که از دانه‌های قهوه عربیکا کشور مکزیک تهیه می‌شود و حاوی کمترین مقدار ممکن کافئین است. مکزیک، یکی از کشورهای برجسته در تولید قهوه جهان است و دارای مناطقی با شرایط آب و هوایی مناسب برای رشد دانه‌های قهوه است. 
 
   
 
 تهیه   قهوه بدون کافئین   مکزیک با استفاده از دانه‌های قهوه عربیکا مکزیک انجام می‌شود که در فرآیند تولید کافئی"
Bunas,قهوه عربیکا پرو,Peru,,,Whole bean,250.0,1708000,683200.0,,True,قهوه اسپرسو; قهوه تک خاستگاه; قهوه دمی; قهوه رُست شده; قهوه عربیکا; قهوه فرانسه,https://bunas.ir/product/arabica-peru/,"خرید قهوه عربیکا پرو 
   قهوه عربیکا   پرو یکی از محبوبترین و مرغوبترین قهوه‌های عربیکا منطقه آمریکای لاتین می باشد که از این کشور به سراسر بازار جهانی قهوه عرضه می گردد. قهوه پرو با ویژگی‌هایی مانند اسیدیته متعادل، حس دهانی کامل و طعم یاد آجیلی، توانسته است جایگاه ویژه ای در بین دوستداران قهوه پیدا کند. 
 امروزه   خرید قهوه   پرو نه تنها به دلیل تنوع و کیفیت بالا مورد استقبال گسترده جهانی قرار گر"
Bunas,قهوه عربیکا گواتمالا,Guatemala,,,Whole bean,250.0,1624000,649600.0,,True,قهوه اسپرسو; قهوه تک خاستگاه; قهوه دمی; قهوه رُست شده; قهوه عربیکا; قهوه فرانسه,https://bunas.ir/product/guatelama-arabica/,"خرید قهوه عربیکا گواتمالا 
 اگر عاشق قهوه عربیکا هستید، باید طعم‌های ظریف و پیچیده دانه‌های عربیکا قهوه کشور گواتمالا را حتما امتحان کنید. قهوه عربیکا گواتمالا جواهری واقعی در دنیای قهوه است، با تاریخچه ای غنی، مناطق رشد منحصر به فرد، و عطر بی نظیر است که این قهوه را از قهوه عربیکا سایر کشورها متمایز می کند. 
 
   
 
 در این راهنمای   خرید قهوه  ، ما شما را با مناطق مختلف کشت قهوه عربیکا در کشور گ"
Bunas,آسیاب قهوه دستی گتر شیشه ای,,,,Ground,,1060000,,,False,خرید لوازم جانبی قهوه,https://bunas.ir/product/gater-coffee-grinder/,"آسیاب دستی Gater یک گزینه عالی برای علاقه‌مندان به دم آوری دستی قهوه است. این آسیاب قهوه با ترکیب کیفیت مناسب برای آسیاب دانه‌های قهوه و قیمت اقتصادی‌اش، جذابیت بسیاری دارد. 
 آسیاب دستی مدل Gater دارای دو مخزن شیشه‌ای برای آسیاب انواع دانه‌های قهوه مناسب است. این ابزار عالی برای افرادی است که قهوه را در هنگام آماده‌سازی می‌خواهند تازه آسیاب کنند تا قهوه دارای عطر و تازگی باشد. بدنه این آسیاب از ج"
Bunas,قهوه عربیکا نیکاراگوئه,Nicaragua,,,Whole bean,250.0,1572000,628800.0,,True,قهوه اسپرسو; قهوه تک خاستگاه; قهوه دمی; قهوه رُست شده; قهوه عربیکا; قهوه فرانسه,https://bunas.ir/product/nicaragua-arabica/,"خرید قهوه عربیکا نیکاراگوئه 
 نیکاراگوئه به عنوان یکی از بزرگترین تولیدکنندگان قهوه در آمریکای مرکزی، شهرت فوق العاده ای برای قهوه عربیکا خود به دست آورده است. در سال 1795   قهوه عربیکا   برای اولین بار به کشور نیکاراگوئه معرفی شد. 
 با این حال، این یک شروع دشوار برای پروش قهوه عربیکا در نیکاراگوئه بود زیرا توسط زلزله ها و طوفان ها و همچنین جنگ های داخلی نیکاراگوئه و ممنوعیت واردات ایالات متحده در"
Bunas,قهوه عربیکا کلمبیا,Colombia,,,Whole bean,250.0,1730000,692000.0,,True,قهوه اسپرسو; قهوه تک خاستگاه; قهوه دمی; قهوه رُست شده; قهوه عربیکا; قهوه فرانسه,https://bunas.ir/product/colombian-arabic-coffee/,"خرید قهوه عربیکا کلمبیا 
 قهوه یکی از محبوب‌ترین نوشیدنی‌های جهان است که تنوع گسترده‌ای از طعم‌ها و عطرها را ارائه می‌دهد. در میان انواع مختلف قهوه،   قهوه عربیکا   از جایگاه ویژه‌ای برخوردار است و قهوه عربیکا کلمبیا به عنوان یکی از بهترین و مرغوب‌ترین انواع قهوه عربیکا در جهان شناخته می‌شود. کشور کلمبیا به دلیل شرایط آب و هوایی مطلوب و زمین‌های مناسب، یکی از بزرگترین تولیدکنندگان قهوه عربیکا در ج"
Bunas,قهوه عربیکا هند پلنتیشن,,,,Whole bean,250.0,1475000,590000.0,,True,قهوه اسپرسو; قهوه تک خاستگاه; قهوه دمی; قهوه رُست شده; قهوه عربیکا; قهوه فرانسه; قهوه کامرشیال,https://bunas.ir/product/india-plantation-arabica/,"خرید قهوه عربیکا هند پلنتیشن 
 دانه های قهوه عربیکا هند پلنتیشن یا India Plantation به دلیل کیفیت و ویژگی های منحصر به فرد خود بسیار مورد توجه قرار می گیرند. این نوع   قهوه عربیکا   یک تجربه عطر و طعم متمایز را ارائه می دهند. 
 قهوه عربیکا هند پلنتیشن معمولاً طعم شیرین، ملایم، غنی و صاف دارد و دارای تعادل خوبی بین تلخی و ترشی می‌باشد، اسیدیته متوسطی داشته و بادی خوبی به فنجان قهوه شما می دهد به هم"
Bunas,قهوه عربیکا اوگاندا,Uganda,,,Whole bean,250.0,1661000,664400.0,,True,قهوه اسپرسو; قهوه تک خاستگاه; قهوه دمی; قهوه رُست شده; قهوه عربیکا; قهوه فرانسه,https://bunas.ir/product/uganda-arabica/,"خرید قهوه عربیکا اوگاندا 
 قهوه عربیکا اوگاندا در مناطق مختلف این کشور شرقی آفریقا کشت می‌شود. مهم‌ترین نواحی تولید این قهوه شامل منطقه بوگیسو، کوه‌های الگون، کوه‌های روانزوری، و مناطقی در نزدیکی دریاچه ویکتوریا هستند. این نواحی با ارتفاعات بالا و شرایط آب و هوایی مطلوب، بهترین محیط برای رشد گیاهان   قهوه عربیکا   را فراهم می‌کنند. خاک‌های غنی از مواد آلی و بارندگی منظم، عوامل دیگری هستند که به تو"
Bunas,قهوه عربیکا اتیوپی,Ethiopia,,,Whole bean,250.0,1317000,526800.0,,True,قهوه اسپرسو; قهوه تک خاستگاه; قهوه دمی; قهوه رُست شده; قهوه عربیکا; قهوه فرانسه,https://bunas.ir/product/ethiopia-arabica/,"خرید قهوه عربیکا اتیوپی 
 قهوه عربیکا اتیوپی یکی از محبوب‌ترین و مشهورترین قهوه‌های جهان است که به خاطر عطر و طعم بی‌نظیر و اسیدیته متعادلش شناخته می‌شود.   قهوه عربیکا   دارای تاریخچه ای طولانی و غنی است که به قرن‌ها قبل بازمی‌گردد و مناطق مختلف پرورش قهوه در کشور اتیوپی ویژگی‌های منحصر به فردی به دانه‌های قهوه عربیکا می‌بخشند. 
 
   
 
 اتیوپی بزرگترین تولید کننده قهوه در قاره آفریقا می باشد. تو"
Bunas,قهوه عربیکا سوماترا اندونزی,Indonesia,,,Whole bean,250.0,1475000,590000.0,,True,قهوه اسپرسو; قهوه تک خاستگاه; قهوه دمی; قهوه رُست شده; قهوه عربیکا; قهوه فرانسه; قهوه کامرشیال,https://bunas.ir/product/sumatra-arabica/,"خرید قهوه عربیکا سوماترا اندونزی 
 جزیره سوماترا در اندونزی یکی از مناطق شناخته شده برای تولید قهوه با کیفیت بالا است. قهوه عربیکا سوماترا اندونزی به خاطر خاک آتشفشانی حاصلخیز این جزیره دارای طعم و عطر بی‌نظیری است که آن را از سایر قهوه‌های عربیکا متمایز می‌کند. این قهوه به دلیل ویژگی‌های منحصر به فردش، از جمله طعم‌ شکلاتی تیره و روایح چوبی و خاکی که به همراه دارد، محبوبیت زیادی در بین علاقه‌مندان"
Bunas,قهوه روبوستا تانزانیا,Tanzania,,,Whole bean,250.0,886000,354400.0,,True,قهوه اسپرسو; قهوه تک خاستگاه; قهوه رُست شده; قهوه روبوستا; قهوه کامرشیال,https://bunas.ir/product/tanzania-robusta/,"خرید قهوه روبوستا تانزانیا 
   قهوه روبوستا   تانزانیا یکی از قهوه های معروف جهان است که از اقلیمی با تاریخچه‌ای غنی در کشت قهوه می‌آید. این قهوه در مناطق مختلف تانزانیا، به‌ویژه در مناطق کم ارتفاع و گرم و مرطوب کشت می‌شود. یکی از ویژگی‌های برجسته قهوه روبوستا تانزانیا، طعم قوی و تلخ آن است که به دلیل میزان بالای کافئین در این گونه قهوه ایجاد می‌شود. 
 
   
 
 قهوه روبوستا نسبت به   قهوه عربیکا   "
Bunas,قهوه روبوستا اندونزی AP1,Indonesia,,Medium,Whole bean,250.0,886000,354400.0,,True,قهوه اسپرسو; قهوه تک خاستگاه; قهوه رُست شده; قهوه روبوستا; قهوه کامرشیال,https://bunas.ir/product/ap1-indonesian-robusta/,"خرید قهوه روبوستا اندونزی AP 
   قهوه روبوستا   اندونزی AP1 از دانه های سبز قهوه تازه با درجه رست مدیوم، شکلاتی و مدیوم-دارک تهیه شده است. وقتی صحبت از رست قهوه روبوستا اندونزی می‌شود، یکی از مهم‌ترین عواملی که حتما باید در نظر گرفت میزان رطوبت دانه سبز قهوه است. برای دانه‌ای با رطوبت بالا باید دمای بیشتری برای نفوذ به داخل دانه قهوه در نظر گرفت، که در مورد قهوه روبوستا اندونزی AP1 حداقل به دمای  "
Bunas,قهوه روبوستا اوگاندا,Uganda,,,Whole bean,250.0,843000,337200.0,,True,قهوه اسپرسو; قهوه تک خاستگاه; قهوه رُست شده; قهوه روبوستا; قهوه کامرشیال,https://bunas.ir/product/uganda-robusta/,"وقتی صحبت از   قهوه روبوستا   می شود، نام اوگاندا در کنار ویتنام و برزیل به عنوان یکی از مهم ترین تولید کنندگان این دانه قدرتمند قرار می گیرد. قهوه روبوستا اوگاندا نه تنها به دلیل کافئین بالا و بادی سنگین معروف است بلکه طعم خاص و تمیزی دارد که آن را از رقبای خود متمایز می کند. 
 معرفی قهوه روبوستا اوگاندا 
 اوگاندا در شرق آفریقا و در منطقه ای قرار دارد که شرایط ایده آلی برای کشت قهوه روبوستا فراهم"
Bunas,قهوه روبوستا جاوا اندونزی,Indonesia,,Medium,Whole bean,250.0,898000,359200.0,,True,قهوه اسپرسو; قهوه تک خاستگاه; قهوه رُست شده; قهوه روبوستا; قهوه کامرشیال,https://bunas.ir/product/java-robusta/,"معرفی قهوه روبوستا جاوا 
 قهوه روبوستا جاوا یکی از خاص‌ترین و پرطرفدارترین   انواع قهوه روبوستا   در جهان است که از جزیره جاوه اندونزی می‌آید. این قهوه برخلاف تصور عمومی که روبوستا را فقط تلخ و بی کیفیت می‌داند، طعمی پیچیده، بادی سنگین و رایحه ای خاکی و تند دارد. برای کسانی که به دنبال یک قهوه پرانرژی با کافئین بالا و مقرون به صرفه هستند، روبوستا جاوا یک انتخاب عالی است. 
   
 مشخصات قهوه روبوستا "
Bunas,قهوه بدون کافئین کلمبیا,Colombia,,,Whole bean,250.0,2013000,805200.0,,True,قهوه اسپرسو; قهوه بدون کافئین (دیکف); قهوه تک خاستگاه; قهوه دمی; قهوه فرانسه,https://bunas.ir/product/colombia-decaf/,"خرید قهوه بدون کافئین کلمبیا 
 قهوه بدون کافئین کلمبیا، یک نوع از قهوه های بدون کافئین است که از دانه‌های قهوه عربیکا کشور کلمبیا تولید می‌شود. کلمبیا یکی از کشورهای برجسته در تولید قهوه در جهان است و قهوه‌هایی با کیفیت بالا و طعم منحصر به فرد در این کشور تولید می‌شوند. 
 
   
 
   قهوه بدون کافئین  کلمبیا   ابتدا با انتخاب دانه‌های قهوه با مقدار کافئین کمتر و کافئین زدایی از دانه های قهوه عربیکا "
Bunas,قهوه میکس خوش طعمِ مُعطر,,,,Whole bean,250.0,1192000,476800.0,,True,قهوه اسپرسو; قهوه دمی; قهوه رُست شده; قهوه فرانسه; قهوه میکس (ترکیبی),https://bunas.ir/product/flavorful-mix/,"خرید قهوه میکس خوش طعم و عطر آگین 
 قهوه میکس خوش طعم ترکیبی از دو نوع دانه   قهوه عربیکا   و   قهوه روبوستا   با نسبت 70 به 30 درصد می باشد. برای تهیه یک قهوه اسپرسوی خوش طعم و عطر بهترین گزینه استفاده از ترکیب قهوه روبوستا و قهوه عربیکا می باشد. همچنین از قهوه میکس خوش طعم علاوه بر اسپرسو، برای روش های دم آوری دیگری مانند فرنچ پرس و قهوه سازهای فیلتری استفاده می شود. 
 
   
 
 قهوه میکس خوش طعم،"
Bunas,قهوه میکس 70-30 عربیکا,,,,Whole bean,250.0,1098000,439200.0,,True,قهوه اسپرسو; قهوه دمی; قهوه رُست شده; قهوه فرانسه; قهوه میکس (ترکیبی),https://bunas.ir/product/70-arabica-mix/,"خرید قهوه میکس 70 عربیکا 30 روبوستا 
   قهوه میکس   70 عربیکا 30 روبوستا، ترکیبی از بهترین دانه های عربیکا و روبوستا می باشد که 70 درصد آن را دانه های خوش عطر و طعم قهوه عربیکا و 30 درصد دیگر را دانه های قهوه روبوستا تشکیل می دهد. اسیدیته قهوه میکس 70 عربیکا متوسط بوده و بادی متعادلی در فنجان قهوه شما ایجاد می کند. 
 
   
 
 قهوه‌های دستچین شده و درجه یک از گونه‌های ویژه و معروف عربیکا و روبوستا د"
Bunas,قهوه عربیکا هندوراس,Honduras,,,Whole bean,250.0,1592000,636800.0,,True,قهوه اسپرسو; قهوه تک خاستگاه; قهوه دمی; قهوه رُست شده; قهوه عربیکا; قهوه فرانسه,https://bunas.ir/product/honduras-arabica/,"خرید قهوه عربیکا هندوراس 
 شاید برای بسیاری از مردم تعجب آور باشد که کشور هندوراس ششمین تولیدکننده برتر   قهوه عربیکا   در جهان است. طبق گزارش سازمان بین المللی قهوه، این کشور سالانه 350000 تن قهوه تولید می کند که این کشور را به بزرگترین کشور تولید کننده قهوه در آمریکای مرکزی تبدیل می کند. 
 ارتفاع رشد قهوه در هندوراس بین 1300 تا 1650 متر بالاتر از سطح دریا است و گونه قهوه آن عربیکا می‌باشد. دوره "
Bunas,قهوه میکس شکلاتی,,,,Whole bean,250.0,1076000,430400.0,,True,قهوه اسپرسو; قهوه رُست شده; قهوه فرانسه; قهوه کامرشیال; قهوه میکس (ترکیبی),https://bunas.ir/product/chocolate-mix/,"خرید قهوه میکس شکلاتی 
 قهوه میکس شکلاتی یک ترکیب از بهترین دانه های قهوه روبوستا آفریقایی و جنوب شرق آسیا و دانه های دستچین شده قهوه عربیکا آمریکای لاتین می باشد. این قهوه یک گزینه فوق العاده برای دوستداران قهوه با طعم شکلات است و از دانه های   قهوه عربیکا   و   قهوه روبوستا   با رست شکلاتی تهیه شده است. 
 
   
 
 اگر علاقه مند به شکلات هستید و طعم و رایحه قهوه تلخ را زیاد دوست ندارید این   قهوه "
Bunas,قهوه میکس مدیوم دارک,,,Medium,Whole bean,250.0,1069000,427600.0,,True,قهوه اسپرسو; قهوه رُست شده; قهوه فرانسه; قهوه کامرشیال; قهوه میکس (ترکیبی),https://bunas.ir/product/mix-medium-dark/,"خرید قهوه میکس مدیوم دارک 
   قهوه میکس   مدیوم دارک از ترکیب دانه های عربیکا و روبوستا با رست تازه مدیوم – دارک تشکیل شده است. قهوه میکس مدیوم دارک شامل دانه های   قهوه عربیکا   و   قهوه روبوستا   به میزان مساوی و با نسبت 50٪ به 50٪ می شود و عطر و طعم دلچسب و کافئین مطلوبی دارد. 
 
   
 
 دانه های عربیکا قهوه میکس مدیوم دارک از منطقه آمریکای جنوبی هستند و دارای عطر و طعمی ملایم می باشند. به دلیل "
Bunas,قهوه اسپشیالیتی کنیا AAA,Kenya,,,Whole bean,250.0,2011000,804400.0,,True,قهوه اسپشیالیتی و تخصصی; قهوه اسپرسو; قهوه تک خاستگاه; قهوه دمی; قهوه رُست شده; قهوه فرانسه,https://bunas.ir/product/kenya-coffee-aaa/,"خرید قهوه اسپشیالیتی کنیا AAA 
 کنیا، کشوری در شرق آفریقا، به یکی از مناطق مهم پرورش   قهوه اسپشیالیتی   تبدیل شده است. این کشور با تنوع زمین‌های کشاورزی، ارتفاعات متنوع و تنوع اب و هوایی و اقلیمی، دارای شرایط مناسبی برای کاشت دانه‌های قهوه تخصصی با کیفیت بالا می‌باشد. 
 
   
 
  
 قهوه اسپشیالیتی کنیا AAA با ویژگی‌های خاص خود از جمله طعم آجیلی مرکباتی و رایحه بی نظیر میوه ای گلی، جاذبه‌های جدیدی "
Bunas,قهوه عربیکا ریو میناس برزیل,Brazil,,Medium,Whole bean,250.0,1213000,485200.0,,True,قهوه اسپرسو; قهوه تک خاستگاه; قهوه دمی; قهوه رُست شده; قهوه عربیکا; قهوه فرانسه; قهوه کامرشیال,https://bunas.ir/product/riominas-brazilian-arabica/,"خرید قهوه عربیکا ریو میناس برزیل 
 برزیل علاوه بر این که بزرگترین صادر کننده قهوه جهان است، دومین بازار مصرف قهوه جهان را نیز در اختیار دارد. دانه های قهوه عربیکا ریو میناس و سانتوس بهترین دانه های قهوه تولیدی برزیل محسوب می شوند. گیاهان   قهوه عربیکا   برزیل کاملاً ظریف هستند و به هرس مناسب و توجه مداوم به عوامل محیطی نیاز دارند. 
 ما به شما پیشنهاد می کنیم برای خرید قهوه عربیکا با طعم های دلخواه"
Bunas,قهوه میکس فول کافئین,,,Medium,Whole bean,250.0,1083000,433200.0,,True,قهوه اسپرسو; قهوه رُست شده; قهوه کامرشیال; قهوه میکس (ترکیبی),https://bunas.ir/product/full-caf-mix/,"خرید قهوه میکس فول کافئین 
 قهوه فول کافئین یک نوع   قهوه‌ میکس   است که حاوی مقدار بالایی کافئین بوده و به عنوان یک پیشنهاد محبوب برای افرادی که به دنبال افزایش انرژی و تقویت ذهنی هستند، ارائه می‌شود. قهوه میکس فول کافئین تقریبا دارای میزان کافئین دو برابر بیشتر نسبت به قهوه‌های معمولی می باشد. 
 
   
 
 قهوه میکس فول کافئین به دلیل میزان بالای کافئین، طعم تلخ‌ و تن آوری قوی‌ شناخته می‌شود. خرید "
Bunas,قهوه میکس 50 عربیکا-50 روبوستا,,,Medium,Whole bean,250.0,1054000,421600.0,,True,قهوه اسپرسو; قهوه رُست شده; قهوه فرانسه; قهوه کامرشیال; قهوه میکس (ترکیبی),https://bunas.ir/product/mix-50/,"خرید قهوه میکس 50 عربیکا 50 روبوستا 
 قهوه میکس 50٪ روبوستا 50٪ عربیکا ترکیبی از مرغوب ترین دانه های قهوه روبوستا و قهوه عربیکا می باشد که به طور برابر از دانه های قهوه عربیکا و روبوستا تشکیل شده است. این   قهوه میکس   به دلیل وجود 50 درصد قهوه عربیکا عطر و طعم بسیار دلپذیر میوه ای و کاراملی در آن احساس می شود و همچنین به دلیل وجود 50 درصد دانه روبوستا در این قهوه میکس، اسپرسویی با کرمای عالی برای"
Bunas,قهوه میکس 70-30 روبوستا,,,Medium,Whole bean,250.0,944000,377600.0,,True,قهوه اسپرسو; قهوه رُست شده; قهوه فرانسه; قهوه کامرشیال; قهوه میکس (ترکیبی),https://bunas.ir/product/70-robusta-mix/,"خرید قهوه میکس 70 روبوستا 30 عربیکا 
   قهوه میکس   70% روبوستا ترکیبی از بهترین دانه های قهوه روبوستا و قهوه عربیکا می باشد که 70 درصد آن را دانه های روبوستا و 30 درصد آن را دانه های عربیکا تشکیل می دهد. دانه‌های قهوه روبوستا معمولاً تلخ تر هستند، در حالی که دانه‌های قهوه عربیکا عطر و طعم ملایم‌تری دارند و رایحه هایی از شکلات و میوه ها در آن حس می شود. این ترکیب می‌تواند یک تجربه طعم متعادل و جذا"
Bunas,قهوه اسپشیالیتی هویلا کلمبیا,Colombia,,,Whole bean,250.0,2046000,818400.0,,True,قهوه اسپرسو; قهوه اسپشیالیتی و تخصصی; قهوه تک خاستگاه; قهوه دمی; قهوه رُست شده; قهوه فرانسه,https://bunas.ir/product/speciality-huila/,"خرید قهوه هویلا کلمبیا: مشخصات و قیمت 
 به دنبال تجربه ای اصیل از کشور کلمبیا هستید؟  قهوه کلمبیا هویلا اسپشیالیتی  بوناس، یک انتخاب بی نظیر برای علاقه مندان به   قهوه های تک خاستگاه   است. این محصول که از بهترین دانه های عربیکا در منطقه معروف هویلا دستچین شده است، تجربه ای غنی از طعم و عطر را ارائه میدهد. ما در بوناس این قهوه اسپشیالیالیتی را با دقت و به صورت تازه رست میکنیم تا بالاترین کیفیت را "
Bunas,قهوه اسپشیالیتی هانی چالا اتیوپی,Ethiopia,Honey,,Whole bean,250.0,2080000,832000.0,,True,قهوه اسپرسو; قهوه اسپشیالیتی و تخصصی; قهوه تک خاستگاه; قهوه دمی; قهوه رُست شده; قهوه فرانسه,https://bunas.ir/product/honey-speciality/,"خرید قهوه اسپشیالیتی هانی چالا اتیوپی 
 ما مشتاقیم که یک قهوه عالی دیگر از کشور اتیوپی را به شما معرفی کنیم، این بار قهوه اسپشیالیتی هانی چالا اتیوپی که به خاطر طعم غنی و میوه ای خود مشهور است! هانی چالا یک   قهوه اسپشیالیتی   است که از نواحی مختلف اتیوپی، به ویژه مناطق سیدامو و گیدا فاشا واقع در ارتفاعات بلند این کشور به دست می‌آید. ارتفاعات بلند اتیوپی، خاک و شرایط اقلیمی مناسبی برای رشد گیاهان "
Bunas,قهوه روبوستا برزیل,Brazil,,,Whole bean,250.0,898000,359200.0,,True,قهوه اسپرسو; قهوه تک خاستگاه; قهوه رُست شده; قهوه روبوستا; قهوه کامرشیال,https://bunas.ir/product/brazilian-robusta/,"خرید قهوه روبوستا برزیل؛   انرژی خالص با طعم اصیل  
  قهوه روبوستا برزیل یکی از محبوب ترین و پرفروش ترین دانه های قهوه در جهان و البته در فروشگاه قهوه بوناس است.  اگر به دنبال یک فنجان اسپرسو با کرمای جذاب، غلظت بالا و کافئین قدرتمند هستید که خستگی را به طور کامل از تن شما بیرون کند، دانه قهوه روبوستا برزیل دقیقا همان چیزی است که نیاز دارید. برزیل به عنوان بزرگ ترین تولید کننده قهوه در جهان، شرایط"
Bunas,قهوه روبوستا پی بی هند,,,Medium,Whole bean,250.0,818000,327200.0,,True,قهوه اسپرسو; قهوه تک خاستگاه; قهوه رُست شده; قهوه روبوستا; قهوه کامرشیال,https://bunas.ir/product/robusta-pb/,"خرید قهوه روبوستا پی بی هند 
   قهوه روبوستا   پی‌بی هند از جمله انواع محبوب و مورد توجه قهوه روبوستا در بازار قهوه جهانی است. قهوه روبوستا پی بی در  کارخانه رستری بوناس  به سه درجه مختلف مدیوم، شکلاتی و مدیوم دارک رست می‌شود، که هر کدام ویژگی‌ها و خصوصیات منحصر به فرد خود را دارند. 
 دانه‌های پی‌بی به دلیل شکل خاص و اندازه کوچک‌ترشان، به طور یکنواخت‌تری رست می‌شوند و طعم بهتری ارائه می‌دهند. قهوه"
Bunas,قهوه روبوستا ویتنام,Vietnam,,Medium,Whole bean,250.0,686000,274400.0,,True,قهوه اسپرسو; قهوه تک خاستگاه; قهوه رُست شده; قهوه روبوستا; قهوه کامرشیال,https://bunas.ir/product/vietnam-robusta/,"معرفی قهوه روبوستا ویتنام 
 روبوستا (Coffea canephora) دومین گونه تجاری قهوه بعد از عربیکا است. ویتنام با آب و هوای گرم و مرطوب و ارتفاع مناسب (500 تا 800 متر) شرایط ایده آلی برای کشت روبوستا دارد. دانه های روبوستا ویتنام معمولا درشت تر و مقاوم تر بوده و کافئین بیشتری نسبت به عربیکا دارند. طعم آن ها قوی، خاکی، با نت های شکلات تیره و فندق است و اسیدیته پایینی دارند. 
 اگر به دنبال یک قهوه پر انرژی "
Bunas,قهوه گلد اکوادور,,,,,250.0,1552000,620800.0,,True,قهوه فوری; قهوه گلد,https://bunas.ir/product/gold-ecuador-instant/,"خرید قهوه گلد اکوادور 
 اکوادور کشوری واقع در آمریکای جنوبی می باشد. قهوه گلد اکوادور از انواع   قهوه روبوستا   و   قهوه عربیکا   رشد یافته در دامنه کوهستانهای این کشور تهیه می شود و دارای کیفیت بسیار بالایی می باشد. آرومای قهوه گلد اکوادور بسیار لذت بخش بوده و طعم واقعی قهوه را به شما نشان میدهد؛ تلخی نسبتا کم با کمترین میزان ترشی در بین انواع قهوه های گلد از دیگر ویژگی های قهوه گلد اکوادور است. "
Bunas,قهوه گلد برزیل,Brazil,,,,250.0,1475000,590000.0,,True,قهوه فوری; قهوه گلد,https://bunas.ir/product/gold-brazilian-instant/,"خرید قهوه گلد برزیل 
 قهوه گلد برزیل نوعی   قهوه فوری   است که به دلیل کیفیت بالا و عطر و طعم مطلوب خود شناخته می‌شود. این قهوه گلد از دانه‌های قهوه برزیلی با کیفیت بالا تهیه می‌شود و فرآیند خاصی را طی می‌کند تا به صورت قهوه فوری تبدیل شود. 
 قهوه گلد برزیل یک قهوه با طعم تلخ یکنواخت و ملایم است که البته نا گفته نماند میزان تلخی آن بستگی به میزان پودر قهوه ای دارد که در آب جوش میریزید ، همچین قهوه"
Bunas,قهوه گلد هند,,,,,250.0,1175000,470000.0,,True,قهوه فوری; قهوه گلد,https://bunas.ir/product/gold-indian-instant/,"خرید قهوه گلد هند 
   قهوه فوری   گلد هند واقعاً می‌تواند یک انتخاب عالی برای علاقه‌مندان به قهوه باشد. این قهوه با داشتن طعم یکنواخت و رایحه مطبوع، تجربه‌ای لذت‌بخش را برای مصرف‌کنندگان فراهم می‌کند. 
 قهوه گلد هند به صورت فوری تهیه می‌شود و فقط با اضافه کردن آب داغ آماده مصرف است، که آن را گزینه‌ای مناسب برای مواقعی که زمان کمی دارید، می‌سازد. با اضافه کردن مقداری شیر یا آب داغ به قهوه گلد هند م"
Bunas,پودر اسپرسو فوری ویتنام,Vietnam,,,Ground,250.0,1220000,488000.0,,True,اسپرسو فوری; قهوه فوری,https://bunas.ir/product/vietnam-instant/,"خرید پودر قهوه اسپرسو فوری ویتنام 
 پودر قهوه اسپرسو فوری ویتنام یکی از محبوب‌ترین انواع   قهوه‌ فوری   است که به خاطر کیفیت بالا و طعم منحصر به فردش شناخته می‌شود. پودر اسپرسو فوری ویتنام با استفاده از روش اسپری درای تولید می‌شود که یکی از پیشرفته‌ترین روش‌های تولید قهوه فوری است. در این روش، قهوه تازه تهیه شده و سپس با استفاده از فناوری پیشرفته، به صورت قطرات ریز در هوا اسپری می‌شود و در اثر حرا"
Bunas,قهوه کلاسیک اورا,,,,,250.0,1353000,541200.0,,True,قهوه فوری; قهوه کلاسیک,https://bunas.ir/product/classic-aura/,"خرید قهوه کلاسیک اورا 
 قهوه کلاسیک اورا نوعی   قهوه فوری   است که با روش‌های صنعتی از عصاره قهوه معمولی تهیه می‌شود و برای مصرف سریع و آسان طراحی شده است. قهوه کلاسیک به شکل گرانولی بوده و با افزودن آب داغ به سرعت حل می‌شود و آماده نوشیدن می‌شود. 
 
   
 
 قهوه کلاسیک اورا به دلیل کیفیت تولید و دانه‌های قهوه‌ استفاده شده بسیار خوش‌ عطر و طعم می باشد و یکی از مرغوب‌ترین انواع برند قهوه فوری کلاسیک"
Bunas,قهوه کلاسیک هند,,,,,250.0,1197000,478800.0,,True,قهوه فوری; قهوه کلاسیک,https://bunas.ir/product/classic-indian-instant/,"خرید قهوه کلاسیک هند 
 قهوه کلاسیک هند نوعی   قهوه فوری   است که در کشور هند تولید می‌شود و به عنوان یکی از محصولات محبوب در بازار داخلی و خارجی شناخته می‌شود. قهوه فوری کلاسیک هند با طعم و عطر ویژه‌ای که دارد، یکی از گزینه‌های محبوب برای کسانی است که به دنبال قهوه‌ای با کیفیت و سریع هستند. این محصول با استفاده از دانه‌های برشته‌شده و فرآیندهای خاص تولید، طعمی بی‌نظیر و انرژی‌بخش را ارائه می‌دهد. "
Bunas,قهوه روبوستا چری هند AA,,,Medium,Whole bean,250.0,812000,324800.0,,True,قهوه اسپرسو; قهوه تک خاستگاه; قهوه رُست شده; قهوه روبوستا; قهوه کامرشیال,https://bunas.ir/product/cherry-robusta/,"خرید قهوه روبوستا چری هند 
 دانه قهوه روبوستا چری هند یکی از محبوب ترین و پرفروش ترین قهوه ها در بازار ایران و جهان است. اگر به دنبال یک فنجان قهوه با تلخی دلچسب، کافئین بالا و کرمای غلیظ هستید،  خرید قهوه روبوستا چری هند  از   فروشگاه اینترنتی قهوه بوناس   بهترین انتخاب برای شما خواهد بود. 
   
 قهوه روبوستا چری هند چیست؟ 
 کشور هند یکی از بزرگترین تولید کنندگان دانه های   قهوه روبوستا   با کیفیت"
Bunas,قهوه روبوستا اندونزی EK,Indonesia,,Medium,Whole bean,250.0,867000,346800.0,,True,قهوه اسپرسو; قهوه تک خاستگاه; قهوه رُست شده; قهوه روبوستا; قهوه کامرشیال,https://bunas.ir/product/ek-indonesia-robusta/,"خرید قهوه روبوستا اندونزی EK 
   قهوه   روبوستا   اندونزی EK یکی از محبوب‌ترین و پرمصرف‌ترین قهوه‌های روبوستا در ایران محسوب می‌شود. اندونزی علاوه بر داشتن جزیره‌های فراوان، به تولید قهوه نیز شهرت دارد و مقام چهارم صادرات قهوه، بخصوص نژاد روبوستا، را داراست. با این حال، نسبت به سایر همتایان خود از اقبال کمتری برخوردار است. این مسئله به دلیل محدودیت مساحت مزارع قهوه در این کشور است که در مقایسه با "
Bunas,پودر قهوه ترک اقتصادی,,,Medium,Ground,250.0,1084000,433600.0,,True,قهوه رُست شده; قهوه کامرشیال,https://bunas.ir/product/turkish-coffee/,"خرید قهوه ترک اقتصادی 
   قهوه ترک   یکی از معروف‌ترین و قدیمی‌ترین روش‌های تهیه قهوه در جهان است که به‌خصوص در کشورهای خاورمیانه و بالکان محبوبیت زیادی دارد. قهوه ترک اقتصادی از ترکیب دانه های مرغوب قهوه روبوستا و قهوه عربیکا تولید می شود. 
 در   فروشگاه اینترنتی قهوه   بوناس شما می توانید پودر قهوه ترک اقتصادی را با بسته‌بندی ویژه و در مقدار دلخواه به عنوان یک محصول متنوع و جذاب تهیه فرمایید. به"
Bunas,پودر هات چاکلت فوری,,,,Ground,250.0,452000,180800.0,,True,محصولات پودری,https://bunas.ir/product/hot-chocolate/,"پودر هات چاکلت فوری 
 هات چاکلت، یکی از خوراکی‌های محبوب و مورد علاقه بسیاری از افراد در سراسر جهان است. این محصول شیرین و لذیذ، از ترکیب کاکائو و شیر و شکر تهیه می‌شود و به دلیل طعم و بافت خوشایند خود، اغلب به عنوان یک ماده خوراکی تنقلاتی مصرف می‌شود. 
 تاریخچه هات چاکلت به هزاران سال پیش برمی‌گردد، به دوران سازندگان آزتک و مایا در آمریکای مرکزی و جنوبی. این قبیل تمدن‌ها از دانه‌های کاکائو برای ت"
Xav Coffee Factory,Indonesia Pegasing,Indonesia,Natural,,Whole bean,150.0,1515000,1010000.0,,True,A Series,https://xav.coffee/product/indonesia-pegasing/,"مناسب برای اسپرسو٬ دم‌آوری و قهوه‌آزمایی  
  کشور: اندونزی  
  منطقه کشت:    پانتان موسارا، پگاسینگ  
  رقم: آ  تنگ، سیگارار اوتانگ  
  ارتفاع از سطح دریا: ۱۵۰۰ &#8211; ۱۷۰۰ متر از سطح دریا   
  نام مزرعه:   ایستگاه شستشوی پگاسینگ  
  روش فرآوری:    طبیعی با تخمیر بدون اکسیژن  
  
 &nbsp;"
Xav Coffee Factory,Yemen Attarah,Yemen,Natural,,Whole bean,80.0,,,,False,X Series,https://xav.coffee/product/yemen-attarah/,"مناسب برای دم‌آوری و قهوه‌آزمایی 
 کشور: یمن 
 منطقه کشت: بخش غربی منطقه حراز 
 رقم: اوداینی 
 ارتفاع از سطح دریا: ۲۱۰۰ متر از سطح دریا 
 نام مزرعه: عطاره 
 روش فرآوری: طبیعی با تخمیر بدون اکسیژن 
 سال برداشت: ۲۰۲۵"
Xav Coffee Factory,Colombia Las Margaritas,Colombia,Natural,,Whole bean,80.0,3500000,4375000.0,,True,X Series,https://xav.coffee/product/las-margaritas-natural/,"مناسب برای دم‌آوری و قهوه‌آزمایی 
 کشور: کلمبیا 
 منطقه کشت: دره کائوکا٬ کایسدونیا 
 رقم: گشا 
 ارتفاع از سطح دریا: ۱۵۷۰ &#8211; ۱۶۷۰ متر از سطح دریا 
 نام مزرعه: گرانجا لااسپرانزا &#8211; لاس مارگاریتاس 
 روش فرآوری: طبیعی با ۷۲ ساعت تخمیر 
 سال برداشت: ۲۰۲۵"
Xav Coffee Factory,Ethiopia Uraga,Ethiopia,Natural,,Whole bean,150.0,1485000,990000.0,,True,A Series,https://xav.coffee/product/ethiopia-guji-uraga-natural/,"مناسب برای اسپرسو٬ دم‌آوری و قهوه‌آزمایی  
  کشور: اتیوپی  
  منطقه کشت: گوجی، اوراگا  
  رقم:   خود رو   
   روش فرآوری: طبیعی با تخمیر بدون اکسیژن   
  ارتفاع از سطح دریا:   ۲۰۰۰ &#8211; ۲۲۰۰   متر از سطح دریا  
  طعم‌یادها: لیمو، کارامل، زردآلو، جوزهندی  
  نام مزرعه: خرده مالکان مزارع منطقه   
  سال برداشت:   ۲۰۲۵"
Xav Coffee Factory,Colombia Lemon Guava,Colombia,Washed,,Whole bean,150.0,1350000,900000.0,,False,A Series,https://xav.coffee/product/colombia-lemon-guava/,"مناسب برای اسپرسو٬ دم‌آوری و قهوه‌آزمایی  
  کشور:   کلمبیا  
  منطقه کشت: پیندامو٬ کائوکا  
  رقم:   کاستیو  
   روش فرآوری: شسته شده با تخمیر بدون اکسیژن  
  ارتفاع از سطح دریا:   ۱۹۵۰   متر از سطح دریا  
  طعم‌یادها: مربای گل٬ هلو٬ میوه‌های استوایی  
  نام مزرعه: ال‌پارایسو ۹۲  
  سال برداشت:   ۲۰۲۵"
Xav Coffee Factory,Kenya Thunguri,Kenya,Natural,,Whole bean,150.0,1615000,1076667.0,,True,A Series,https://xav.coffee/product/kenya-thunguri/,"مناسب برای اسپرسو٬ دم‌آوری و قهوه‌آزمایی  
  کشور:   کنیا  
  منطقه کشت: نایری٬ کاراتینا  
  رقم:   SL28 – SL 34  
   روش فرآوری: طبیعی  
  ارتفاع از سطح دریا:   ۱۶۰۰ &#8211; ۱۸۰۰   متر از سطح دریا  
  طعم‌یادها: شکر قهوه‌ای٬ مویز٬ فندق٬ ادویه‌ای  
  نام مزرعه: تونگوری  
  سال برداشت:   ۲۰۲۵"
Xav Coffee Factory,Tanzania Gaia,Tanzania,Natural,,Whole bean,150.0,1470000,980000.0,,False,A Series,https://xav.coffee/product/tanzania-gaia/,"مناسب برای اسپرسو٬ دم‌آوری و قهوه‌آزمایی  
  کشور:   تانزانیا  
  منطقه کشت: انگورونگورو کراتر   
  رقم: گشا  
  ارتفاع از سطح دریا:   ۱۶۲۰ &#8211; ۱۸۵۰   متر از سطح دریا  
  نام مزرعه: گایا  
  روش فرآوری: طبیعی  
  سال برداشت:   ۲۰۲۵"
Xav Coffee Factory,Indonesia Java,Indonesia,Natural,,Whole bean,150.0,1140000,760000.0,,False,V Series,https://xav.coffee/product/indonesia-java/,"مناسب برای اسپرسو٬ دم‌آوری و قهوه‌آزمایی  
  کشور: اندونزی  
  منطقه کشت:    باندونگ٬ غرب جاوا   
  رقم: آ  تنگ  
  ارتفاع از سطح دریا: ۱۴۰۰ &#8211; ۱۷۰۰ متر از سطح دریا   
  نام مزرعه:   ایستگاه شستشوی سادایانا  
  روش فرآوری:    تخمیر طولانی٬ طبیعی  
  سال برداشت: ۲۰۲۵"
Xav Coffee Factory,Colombia Cauca,Colombia,Washed,,Whole bean,150.0,1095000,730000.0,,True,V Series,https://xav.coffee/product/colombia-cauca/,"مناسب برای اسپرسو٬ دم‌آوری و قهوه‌آزمایی  
  کشور: کلمبیا   
  منطقه کشت:   دره کائوکا   
  رقم:   کاستیو   
  ارتفاع از سطح دریا: ۱۴۵۰ &#8211; ۱۷۵۰ متر از سطح دریا  
  نام مزرعه: مزرعه داران خرد محلی  
  روش فرآوری: شسته شده  
  سال برداشت: ۲۰۲۵"
Xav Coffee Factory,XAV Laminar Blend,,Natural,,Whole bean,150.0,840000,560000.0,,True,V Series,https://xav.coffee/product/xav-laminar-blend/,"مناسب برای اسپرسو٬ دم‌آوری و قهوه‌آزمایی  
  کشور:   اتیوپی &#8211; اندونزی &#8211; گواتمالا   
  منطقه کشت:   آفریقا &#8211; آمریکای مرکزی &#8211; آسیا  
  رقم:   ترکیب چند رقم عربیکا  
  روش فرآوری:   ترکیب چند فرآوری  
  سال برداشت: ۲۰۲۵"
Xav Coffee Factory,قهوه‌آزمایی در ژاو &#8211; ماه شهریور,,,,,,2000000,,,True,قهوه‌آزمایی; کلاس,https://xav.coffee/product/xav-cupping-session3/,پرورش حواس و مهارت‌های چشایی در تجربه‌ای منحصر به فرد و تمرینی که سرعت و دقت ارزیابی قهوه را به‌مرور افزایش می‌دهد    جلسه‌ای تخصصی برای تمرین و ارتقای مهارت چشایی، با تمرکز بر ارزیابی حسی قهوه‌های منحصربه‌فرد منتخب از سراسر کمربند قهوه. فرصتی برای تجربه‌ای یکتا و ثبت دقیق برداشت‌های حسی در فضایی حرفه‌ای.
Xav Coffee Factory,قهوه‌آزمایی در ژاو &#8211; ماه مرداد,,,,,,2000000,,,False,قهوه‌آزمایی; کلاس,https://xav.coffee/product/xav-cupping-session2/,پرورش حواس و مهارت‌های چشایی در تجربه‌ای منحصر به فرد و تمرینی که سرعت و دقت ارزیابی قهوه را به‌مرور افزایش می‌دهد    جلسه‌ای تخصصی برای تمرین و ارتقای مهارت چشایی، با تمرکز بر ارزیابی حسی قهوه‌های منحصربه‌فرد منتخب از سراسر کمربند قهوه. فرصتی برای تجربه‌ای یکتا و ثبت دقیق برداشت‌های حسی در فضایی حرفه‌ای.
Xav Coffee Factory,وبینار آموزشی &#8211; ماه شهریور,,,,,,1500000,,,False,قهوه‌آزمایی; کلاس,https://xav.coffee/product/webinar-3/,"وﺑﯿﻨﺎرﻫﺎی آﻣﻮزﺷﯽ ﻓﺮﺻﺘﯽ ﻫﺴﺘﻨﺪ ﺗﺎ ﺑﺎ ﻫﻤﺎن اﺳﺘﺎﻧﺪاردﻫﺎ و ﺳﺎﺧﺘﺎر ﮐﺎرﮔﺎه ﻫﺎی ﺣﻀﻮری آﮐﺎدﻣﯽ ژاو، 
 اﻣﺎ در ﻗﺎﻟﺒﯽ آﻧﻼﯾﻦ و ﺗﻌﺎﻣﻠﯽ، ﺑﺎ ﻣﻮﺿﻮﻋﺎت ﮐﻠﯿﺪی ﻗﻬﻮه در ﺳﻄﺤﯽ ﻋﻤﯿﻖ ﺗﺮ آﺷﻨﺎ ﺷﻮﯾﺪ.   موضوع جلسه: 
   دانه سبز &#8211; بخش ۲"
Xav Coffee Factory,وبینار آموزشی &#8211; ماه مرداد,,,,,,1500000,,,False,قهوه‌آزمایی; کلاس,https://xav.coffee/product/webinar-2/,"وﺑﯿﻨﺎرﻫﺎی آﻣﻮزﺷﯽ ﻓﺮﺻﺘﯽ ﻫﺴﺘﻨﺪ ﺗﺎ ﺑﺎ ﻫﻤﺎن اﺳﺘﺎﻧﺪاردﻫﺎ و ﺳﺎﺧﺘﺎر ﮐﺎرﮔﺎه ﻫﺎی ﺣﻀﻮری آﮐﺎدﻣﯽ ژاو، 
 اﻣﺎ در ﻗﺎﻟﺒﯽ آﻧﻼﯾﻦ و ﺗﻌﺎﻣﻠﯽ، ﺑﺎ ﻣﻮﺿﻮﻋﺎت ﮐﻠﯿﺪی ﻗﻬﻮه در ﺳﻄﺤﯽ ﻋﻤﯿﻖ ﺗﺮ آﺷﻨﺎ ﺷﻮﯾﺪ.   موضوع جلسه: 
 دانه سبز &#8211; بخش ۱ 
  
 &nbsp;"
Xav Coffee Factory,ژورنال کلاب &#8211; ماه شهریور,,,,,,1000000,,,False,قهوه‌آزمایی; کلاس,https://xav.coffee/product/journal3/,"در ژورﻧﺎل ﮐﻼب ژاو، ﻫﺮ ﺟﻠﺴﻪ ﺑﻪ ﻣﺮور و ﻧﻘﺪ ﯾﮑﯽ از ﻣﻘﺎﻻت ﻣﻌﺘﺒﺮ داﻧﺸﮕﺎﻫﯽ در زﻣﯿﻨﻪ ﻗﻬﻮه اﺧﺘﺼﺎص 
 دارد؛ ﻓﺮﺻﺘﯽ ﺑﺮای ﺗﻤﺮﯾﻦ ﺧﻮاﻧﺪن اﻧﺘﻘﺎدی و آﺷﻨﺎﯾﯽ ﺑﺎ ﺗﺎزه ﺗﺮﯾﻦ ﯾﺎﻓﺘﻪ ﻫﺎی ﻋﻠﻤﯽ   موضوع مقاله: 
 تغییرات تخلخل و ویژگی‌های ترموفیزیکی دانه قهوه در جریان برشته‌کاری 
 Development of coffee bean porosity and thermophysical properties during roasting"
Xav Coffee Factory,ژورنال کلاب &#8211; ماه مرداد,,,,,,1000000,,,False,قهوه‌آزمایی; کلاس,https://xav.coffee/product/journal2/,"در ژورﻧﺎل ﮐﻼب ژاو، ﻫﺮ ﺟﻠﺴﻪ ﺑﻪ ﻣﺮور و ﻧﻘﺪ ﯾﮑﯽ از ﻣﻘﺎﻻت ﻣﻌﺘﺒﺮ داﻧﺸﮕﺎﻫﯽ در زﻣﯿﻨﻪ ﻗﻬﻮه اﺧﺘﺼﺎص 
 دارد؛ ﻓﺮﺻﺘﯽ ﺑﺮای ﺗﻤﺮﯾﻦ ﺧﻮاﻧﺪن اﻧﺘﻘﺎدی و آﺷﻨﺎﯾﯽ ﺑﺎ ﺗﺎزه ﺗﺮﯾﻦ ﯾﺎﻓﺘﻪ ﻫﺎی ﻋﻠﻤﯽ   موضوع مقاله: 
  ۶ مرداد:  
 تاثیر دمای دم آوری بر ساختار حسی نوشیدنی٬ با ثابت نگه داشتن غلظت نهایی و میزان عصاره‌گیری 
 Brew temperature, at fixed brew strength and extraction, has little impact on the sensory profile of drip brew "
Xav Coffee Factory,Vortex Specialty Blend,,Washed,,Whole bean,150.0,915000,610000.0,,True,V Series,https://xav.coffee/product/vortex-specialty-blend/,"منطقه کشت:  آفریقا &#8211; آمریکای مرکزی 
  زیرگونه (نژاد) :  خودرو &#8211; کاتورا 
  ارتفاع:  ۲۰۰۰ متر از سطح دریا و ۱۵۰۰ متر از سطح دریا 
  روش فراوری:  شسته شده 
  نمره ارزیابی حسی:  ۸۳ &#8211; ۸۱ 
  رطوبت دانه سبز:  ۱۰.۵٪ &#8211; ۱۱٪ 
  اندازه رویه دانه:   ~۱۶ &#8211; ~۱۸ 
  رایحه‌ها:  رز قرمز &#8211; آجیلی 
  طعم‌یادها:  زردآلو، بادام، عناب"
Xav Coffee Factory,Ethiopia Hambela,Ethiopia,Natural,,Whole bean,150.0,1005000,670000.0,,True,V Series,https://xav.coffee/product/ethiopia-hambela/,"مناسب برای اسپرسو٬ دم‌آوری و قهوه‌آزمایی   مناسب برای اسپرسو٬ دم‌آوری و قهوه‌آزمایی 
   
  کشور: اتیوپی  
  منطقه کشت: اورومیا٬ گوجی  
  رقم: خود رو  
  ارتفاع از سطح دریا: ۲۰۷۵ متر از سطح دریا  
  نام مزرعه: مزرعه داران کوچک محلی  
  روش فرآوری: طبیعی  
  سال برداشت: ۲۰۲۴"
Xav Coffee Factory,Colombia Buesaco,Colombia,Natural,,Whole bean,150.0,1415000,943333.0,,True,V Series,https://xav.coffee/product/colombia-buesaco/,"مناسب برای اسپرسو٬ دم‌آوری و قهوه‌آزمایی   مناسب برای اسپرسو٬ دم‌آوری و قهوه‌آزمایی 
   
  کشور: کلمبیا  
  منطقه کشت: نارینو  
  رقم: کاستیو٬ کاتورا  
  ارتفاع از سطح دریا: ۱۷۰۰ &#8211; ۱۹۰۰متر از سطح دریا  
  نام مزرعه: مزارع خرد منطقه  
  روش فرآوری: طبیعی  
  سال برداشت: ۲۰۲۴"
Xav Coffee Factory,ژورنال کلاب &#8211; ماه تیر,,,,,,1000000,,,False,قهوه‌آزمایی; کلاس,https://xav.coffee/product/journalclub/,"در ژورﻧﺎل ﮐﻼب ژاو، ﻫﺮ ﺟﻠﺴﻪ ﺑﻪ ﻣﺮور و ﻧﻘﺪ ﯾﮑﯽ از ﻣﻘﺎﻻت ﻣﻌﺘﺒﺮ داﻧﺸﮕﺎﻫﯽ در زﻣﯿﻨﻪ ﻗﻬﻮه اﺧﺘﺼﺎص 
 دارد؛ ﻓﺮﺻﺘﯽ ﺑﺮای ﺗﻤﺮﯾﻦ ﺧﻮاﻧﺪن اﻧﺘﻘﺎدی و آﺷﻨﺎﯾﯽ ﺑﺎ ﺗﺎزه ﺗﺮﯾﻦ ﯾﺎﻓﺘﻪ ﻫﺎی ﻋﻠﻤﯽ   موضوع مقاله: 
 اسیدها در قهوه: مروری بر سنجش حسی و تحلیل تلفیقی ترکیبات شیمیایی 
 Acids in coﬀee: A review of sensory measurements and meta-analysis of chemical composition"
Xav Coffee Factory,Colombia Hermoso Pink Hydro,Colombia,Honey,,Whole bean,80.0,1900000,2375000.0,,False,X Series,https://xav.coffee/product/colombia-hermoso-pink-hydro/,"مناسب برای دم‌آوری و قهوه‌آزمایی  
  کشور: کلمبیا   
  منطقه کشت: کویندیو، سیرکاسیا  
  رقم: بوربون صورتی  
  ارتفاع از سطح دریا: ۱۶۵۰ &#8211; ۱۷۵۰ متر از سطح دریا  
  نام مزرعه: مزرعه کامپو ارموسو  
  روش فرآوری: عسلی همراه با دی‌اکسید کربن+  
  سال برداشت: ۲۰۲۵"
Xav Coffee Factory,Colombia Hermoso Sidra Lactic,Colombia,Honey,,Whole bean,80.0,1900000,2375000.0,,True,X Series,https://xav.coffee/product/colombia-hermoso-sidra-lactic/,"مناسب برای اسپرسو٬ دم‌آوری و قهوه‌آزمایی  
  کشور: کلمبیا  
  منطقه کشت:   کویندیو، سیرکاسیا   
  رقم: سیدرا  
  ارتفاع از سطح دریا: ۱۶۵۰ &#8211; ۱۷۵۰ متر از سطح دریا  
  نام مزرعه: مزرعه کامپو ارموسو  
  روش فرآوری:   عسلی همراه با دی‌اکسید کربن+    
  سال برداشت: ۲۰۲۵"
Xav Coffee Factory,Nicaragua Los Alpes Bethania,Nicaragua,Natural,,Whole bean,150.0,945000,630000.0,,False,A Series,https://xav.coffee/product/nicaragua-los-alpes-bethania/,"مناسب برای اسپرسو، دم‌آوری و قهوه‌آزمایی  
  کشور: نیکاراگوئه  
  منطقه کشت: نوئوا سگوویا، دی‌پیلتو  
  رقم:   کاتوآی قرمز  
  ارتفاع از سطح دریا:   ۱۴۰۰ &#8211; ۱۶۰۰ متر از سطح دریا    
  نام مزرعه: مزرعه قهوه بتانیا   
  روش فرآوری:   طبیعی بدون اکسیژن    
  سال برداشت: ۲۰۲۴"
Xav Coffee Factory,Colombia Rafael Aya,Colombia,Washed,,Whole bean,150.0,1065000,710000.0,,False,A Series,https://xav.coffee/product/colombia-rafael-aya/,"مناسب برای اسپرسو، دم‌آوری و قهوه‌آزمایی  
  کشور: کلمبیا  
  منطقه کشت: هویلا، تیمانا   
  رقم: بوربون صورتی  
  ارتفاع از سطح دریا: ۱۷۵۰ متر از سطح دریا  
  نام مزرعه: مزرعه قهوه ویرجینیا، رافائل آیا مارتینز  
  روش فرآوری: نیمه شسته  
  سال برداشت: ۲۰۲۵"
Xav Coffee Factory,Ethiopia Bensa,Ethiopia,Natural,,Whole bean,150.0,520000,346667.0,,False,V Series,https://xav.coffee/product/ethiopia-bensa/,"مناسب برای اسپرسو، دم‌آوری و قهوه‌آزمایی  
  کشور: اتیوپی  
  منطقه کشت: بنسا، سیداما  
  رقم: خود رو  
  ارتفاع از سطح دریا: ۱۹۰۰ &#8211; ۲۱۰۰ متر از سطح دریا  
  نام مزرعه: مزرعه‌داران کوچک منطقه  
  روش فرآوری: طبیعی  
  سال برداشت: ۲۰۲۴"
Xav Coffee Factory,قهوه‌آزمایی در ژاو &#8211; ماه تیر,,,,,,3000000,,,True,قهوه‌آزمایی; کلاس,https://xav.coffee/product/xav-cupping/,پرورش حواس و مهارت‌های چشایی در تجربه‌ای منحصر به فرد و تمرینی که سرعت و دقت ارزیابی قهوه را به‌مرور افزایش می‌دهد    جلسه‌ای تخصصی برای تمرین و ارتقای مهارت چشایی، با تمرکز بر ارزیابی حسی قهوه‌های منحصربه‌فرد منتخب از سراسر کمربند قهوه. فرصتی برای تجربه‌ای یکتا و ثبت دقیق برداشت‌های حسی در فضایی حرفه‌ای.
Xav Coffee Factory,Honduras El Naranjo,Honduras,Natural,,Whole bean,150.0,1220000,813333.0,,True,V Series,https://xav.coffee/product/honduras-el-naranjo/,"مناسب برای اسپرسو٬ دم‌آوری و قهوه‌آزمایی  
  کشور: هندوراس  
  منطقه کشت: ماکالا، لا پاز   
  رقم: کاتوآی  
  ارتفاع از سطح دریا: ۱۳۱۵ متر از سطح دریا  
  نام مزرعه: ال نارانخو  
  روش فرآوری: طبیعی  
  سال برداشت: ۲۰۲۴"
Xav Coffee Factory,Zambia Kateshi,,Natural,,Whole bean,150.0,730000,486667.0,,False,V Series,https://xav.coffee/product/zambia-kateshi/,"مناسب برای اسپرسو، دم‌آوری و قهوه‌آزمایی  
  کشور: زامبیا  
  منطقه کشت: کازاما، ناحیه شمالی  
  رقم: کاتیمور  
  ارتفاع از سطح دریا: ۱۳۰۰متر از سطح دریا  
  نام مزرعه: ایالت کاتشی  
  روش فرآوری: طبیعی، تخمیر بدون اکسیژن  
  سال برداشت: ۲۰۲۴"
Xav Coffee Factory,Colombia La Cuevita,Colombia,Natural,,Whole bean,150.0,1000000,666667.0,,False,A Series,https://xav.coffee/product/colombia-la-cuevita/,"مناسب برای اسپرسو، دم‌آوری و قهوه‌آزمایی  
  کشور: کلمبیا   
  منطقه کشت: نارینو  
  رقم: کلمبیا، کاتورا، کاستیو  
  ارتفاع از سطح دریا: ۱۹۰۰ &#8211; ۲۰۵۰ متر از سطح دریا  
  نام مزرعه: آلتو دلاس استرلاس  
  روش فرآوری: طبیعی بدون اکسیژن  
  سال برداشت: ۲۰۲۴"
Xav Coffee Factory,Colombia Buenavista,Colombia,Natural,,Whole bean,150.0,880000,586667.0,,False,A Series,https://xav.coffee/product/colombia-buenavista/,"مناسب برای اسپرسو، دم‌آوری و قهوه‌آزمایی  
  کشور: کلمبیا  
  منطقه کشت: هویلا  
  رقم: کاستیو  
  ارتفاع از سطح دریا: ۱۷۰۰ متر از سطح دریا  
  نام مزرعه: بوناویستا، ادوین زامبرانو  
  روش فرآوری: طبیعی  
  سال برداشت: ۲۰۲۵"
Xav Coffee Factory,Costa Rica El Liano,Costa Rica,Natural,,Whole bean,80.0,1400000,1750000.0,,False,X Series,https://xav.coffee/product/costa-rica-el-liano/,"مناسب برای دم‌آوری و قهوه‌آزمایی  
  کشور: کاستاریکا  
  منطقه کشت: تارازو، سن لورنزو  
  رقم: بوربون زرد  
  ارتفاع از سطح دریا: ۱۵۰۰ متر از سطح دریا  
  نام مزرعه: قهوه دوگا، ال لیانو  
  روش فرآوری: طبیعی، تخمیر همراه با کربن‌ دی‌اکسید  
  سال برداشت: ۲۰۲۴"
Xav Coffee Factory,Bolivia Los Rodriguez,Bolivia,Natural,,Whole bean,80.0,2400000,3000000.0,,False,X Series,https://xav.coffee/product/bolivia-los-rodriguez/,"مناسب برای دم‌آوری و قهوه‌آزمایی  
  کشور: بولیوی  
  منطقه کشت:   کاراناوی، لاپاز  
  رقم: گشا  
  ارتفاع از سطح دریا: ۱۲۸۰ متر از سطح دریا  
  نام مزرعه: مزارع قهوه رودریگز، مزرعه فرساس  
  روش فرآوری: طبیعی با تخمیر لاکتیکی  
  سال برداشت: ۲۰۲۴"
Xav Coffee Factory,Thailand Doi Tung,,Natural,,Whole bean,80.0,1500000,1875000.0,,False,X Series,https://xav.coffee/product/thailand-doi-tung/,"مناسب برای دم‌آوری و قهوه‌آزمایی  
  کشور: تایلند  
  منطقه کشت: چیانگ رای  
  رقم: گایو  
  ارتفاع از سطح دریا: ۱۱۵۰ متر از سطح دریا  
  نام مزرعه:  مزرعه دوی‌تانگ، سیتی‌ندا پافاوازیت 
  روش فرآوری: طبیعی  
  سال برداشت: ۲۰۲۴"
Xav Coffee Factory,Ethiopia Elto Gango,Ethiopia,Natural,,Whole bean,80.0,770000,962500.0,,False,X Series,https://xav.coffee/product/ethiopia-elto-gango/,"مناسب برای دم‌آوری و قهوه‌آزمایی  
  کشور: اتیوپی  
  منطقه کشت: روستای گانگو٬ بنسا٬ سیداما  
  رقم: ۷۴۱۵۸  
 ارتفاع از سطح دریا: ۲۳۰۰ متر از سطح دریا 
 نام مزرعه: مزرعه قهوه التو 
 روش فرآوری: طبیعی ۹۶ ساعت بدون اکسیژن 
 سال برداشت: ۲۰۲۳"
Xav Coffee Factory,Colombia Inmaculada Signature Gesha,Colombia,Natural,,Whole bean,80.0,1590000,1987500.0,,False,X Series,https://xav.coffee/product/colombia-inmaculada-signature-gesha/,"مناسب برای دم‌آوری و قهوه‌آزمایی  
  کشور: کلمبیا  
  منطقه کشت: پیچیند٬ دره‌ی کائوکا  
  رقم: گشا  
 ارتفاع از سطح دریا: ۱۷۰۰ &#8211; ۱۹۰۰ متر از سطح دریا 
 نام مزرعه: جولیان هالگین راموس٬ مزرعه قهوه ایماکولادا 
 روش فرآوری: طبیعی 
 سال برداشت: ۲۰۲۳"
Xav Coffee Factory,Colombia Granja Cerro Azul,Colombia,Washed,,Whole bean,80.0,1590000,1987500.0,,False,X Series,https://xav.coffee/product/colombia-granja-cerro-azul/,"مناسب برای دم‌آوری و قهوه‌آزمایی  
  کشور: کلمبیا  
  منطقه کشت: دره‌ی کائوکا  
  رقم: گشا  
 ارتفاع از سطح دریا: ۱۷۰۰ &#8211; ۲۰۰۰ متر از سطح دریا 
 نام مزرعه: مزرعه گرانجا لاسپرانزا 
 روش فرآوری: شسته شده ابداعی 
 سال برداشت: ۲۰۲۳"
Xav Coffee Factory,Panama Savage Spectrum,Panama,Natural,,Whole bean,80.0,1550000,1937500.0,,False,X Series,https://xav.coffee/product/panama-savage-spectrum/,"مناسب برای دم‌آوری و قهوه‌آزمایی  
  کشور: پاناما  
  منطقه کشت: بوکه٬ چیریکی  
  رقم: گشا  
 ارتفاع از سطح دریا: ۱۷۰۰ &#8211; ۱۸۰۰ متر از سطح دریا 
 تولیدکننده: قهوه سوج 
 روش فرآوری:  شسته شده همراه با دی‌اکسید کربن  
 سال برداشت: ۲۰۲۳"
Xav Coffee Factory,Colombia Granja Potosi,Colombia,Natural,,Whole bean,80.0,1240000,1550000.0,,False,X Series,https://xav.coffee/product/colombia-granja-potosi/,"مناسب برای دم‌آوری و قهوه‌آزمایی  
  کشور: کلمبیا  
  منطقه کشت: کایسدونیا٬ دره‌ی کائوکا  
  رقم: بوربون صورتی  
 ارتفاع از سطح دریا: ۱۵۰۰ &#8211; ۲۰۰۰ متر از سطح دریا 
 نام مزرعه: مزرعه قهوه گرانجا لاسپرانزا 
 روش فرآوری: طبیعی بدون اکسیژن 
 سال برداشت: ۲۰۲۳"
Xav Coffee Factory,Colombia Inmaculada Fellows Farms,Colombia,Natural,,Whole bean,150.0,790000,526667.0,,False,A Series,https://xav.coffee/product/colombia-inmaculada-fellows-farms/,"مناسب برای:  اسپرسو | دم‌آوری  
 کشور:  کلمبیا  
 منطقه کشت:  دره‌ کائوکا  
 رقم:  بوربون صورتی، کاستیلو  
 ارتفاع از سطح دریا:  ۱۷۰۰ &#8211; ۱۹۰۰ متر  
 نام مزرعه:  مزارع فلو، ایماکولادا  
 روش فرآوری:  طبیعی بدون اکسیژن  
 سال برداشت:  ۲۰۲۳"
Xav Coffee Factory,Guatemala Pampojila,Guatemala,Washed,,Whole bean,150.0,595000,396667.0,,False,A Series,https://xav.coffee/product/guatemala-pampojila/,"مناسب برای:  اسپرسو | دم‌آوری  
 کشور:  گواتمالا   
 منطقه کشت:  آتیتلان  
 رقم:  بوربون، کاتورا  
 ارتفاع از سطح دریا:  ۱۵۰۰ &#8211; ۱۷۵۰ متر  
 نام مزرعه:  الکس هررا، پائول روداس  
 روش فرآوری:  شسته شده  
 سال برداشت:  ۲۰۲۳"
Xav Coffee Factory,Ethiopia Benti Nenka,Ethiopia,Natural,,Whole bean,150.0,985000,656667.0,,False,A Series,https://xav.coffee/product/ethiopia-benti-nenka/,"مناسب برای:  اسپرسو | دم‌آوری   
 کشور:  اتیوپی  
 منطقه کشت:  هامبلا، روستای بنتی ننکا  
 رقم:  کورومه٬ ۷۴۱۱۲  
 ارتفاع از سطح دریا:  ۱۹۵۰ &#8211; ۲۳۰۰ متر  
 نام مزرعه:  مزرعه‌داران خرد محلی  
 روش فرآوری:  طبیعی بدون اکسیژن  
 سال برداشت:  ۲۰۲۳"
Xav Coffee Factory,Ethiopia Ana Sora,Ethiopia,Natural,,Whole bean,150.0,350000,233333.0,,False,V Series,https://xav.coffee/product/ethiopia-ana-sora/,"مناسب برای:  اسپرسو | دم‌آوری  
 کشور:  اتیوپی  
 منطقه کشت:  گوجی  
 رقم:  خودرو  
 ارتفاع از سطح دریا:  ۲۳۵۰ متر  
 نام مزرعه:  آناسورا  
 روش فرآوری:  طبیعی  
 سال برداشت:  ۲۰۲۴"
Xav Coffee Factory,‌Brazil Cocapil Canario,Brazil,Natural,,Whole bean,150.0,430000,286667.0,,False,V Series,https://xav.coffee/product/brazil-cocapil-canario/,"مناسب برای:  اسپرسو | دم‌آوری   
 کشور:  برزیل  
 منطقه کشت:  موگیانا، میناس گرایس  
 رقم:  کاتوآی زرد  
 ارتفاع از سطح دریا:  ۹۵۰ &#8211; ۱۱۰۰ متر  
 نام مزرعه:  کوکاپیل  
 روش فرآوری:  طبیعی  
 سال برداشت:  ۲۰۲۴"
Xav Coffee Factory,Panama Kotowa Duncan,Panama,Natural,,Whole bean,150.0,255000,170000.0,,False,V Series,https://xav.coffee/product/panama-kotowa-duncan/,"مناسب برای اسپرسو٬ دم‌آوری و قهوه‌آزمایی  
  کشور: پاناما  
  منطقه کشت: بوکه  
  رقم: کاتورا  
 ارتفاع از سطح دریا: ۱۷۰۰ متر از سطح دریا 
 نام مزرعه: کوتوا دانکن 
 روش فرآوری: طبیعی با خشک‌شدن آهسته 
 سال برداشت: ۲۰۲۳"
Xav Coffee Factory,کاستاریکا میاگروس (۴۰),Costa Rica,,,,,110000,,,False,,https://xav.coffee/product/costarica-milagros-40/,
Xav Coffee Factory,هند راتناگری (۴۰),,,,,,125000,,,False,,https://xav.coffee/product/india-ratnagiri-40/,
Xav Coffee Factory,Costarica Milagros,,Natural,,Whole bean,150.0,375000,250000.0,,False,A Series,https://xav.coffee/product/costarica-milagros/,"مناسب برای اسپرسو٬ دم‌آوری و قهوه‌آزمایی  
  کشور: کاستاریکا  
  منطقه کشت: دوتا-تارازو  
  رقم: بوربون زرد  
 ارتفاع از سطح دریا: ۱۷۰۰ &#8211; ۱۵۰۰ متر از سطح دریا 
 تولیدکننده: مزرعه ترز میاگروس 
 روش فرآوری: طبیعی و خشک شدن آهسته 
 سال برداشت: ۲۰۲۳"
Xav Coffee Factory,Colombia Tamara,Colombia,Washed,,Whole bean,150.0,260000,173333.0,,False,V Series,https://xav.coffee/product/colombia-tamara/,"مناسب برای اسپرسو٬ دم‌آوری و قهوه‌آزمایی  
  کشور: کلمبیا  
  منطقه کشت: کاساناره٬ دهکده تامارا  
  رقم: کاستیلو  
 ارتفاع از سطح دریا: ۱۴۰۰ متر از سطح دریا 
 نام مزرعه: تامارا 
 روش فرآوری: شسته 
 سال برداشت: ۲۰۲۳"
Xav Coffee Factory,India Ratnagiri,,Natural,,Whole bean,150.0,425000,283333.0,,False,A Series,https://xav.coffee/product/india-ratnagiri/,"مناسب برای اسپرسو٬ دم‌آوری و قهوه‌آزمایی  
  کشور: هند  
  منطقه کشت: چیکماگالور٬ بابابودانگری  
  رقم: کاتوآی  
 ارتفاع از سطح دریا: ۱۳۵۰ متر 
 تولیدکننده: مزرعه راتناگری٬ آشوک پاتره 
 روش فرآوری: طبیعی همراه با گاز دی‌اکسید کربن 
 سال برداشت: ۲۰۲۳"
Xav Coffee Factory,پاناما الیدا پلانو (۴۰),Panama,,,,,665000,,,False,,https://xav.coffee/product/panama-elida-plano40g/,
Xav Coffee Factory,پاناما جانسون (۴۰),Panama,,,,,505000,,,False,,https://xav.coffee/product/panama-janson-40g/,
Xav Coffee Factory,کلمبیا لاناتورا (۴۰),Colombia,,,,,285000,,,False,,https://xav.coffee/product/colombia-lanatura-40g/,
Xav Coffee Factory,اکوادور سولداد (۴۰),,,,,,255000,,,False,,https://xav.coffee/product/ecuador-soledad-40g/,
Xav Coffee Factory,Ecuador Soledad,,Natural,,Whole bean,80.0,490000,612500.0,,False,X Series,https://xav.coffee/product/ecuador-soledad/,"مناسب برای اسپرسو٬ دم‌آوری و قهوه‌آزمایی  
  کشور: اکوادور  
  منطقه کشت: پیچینچا  
  رقم: سیدرا  
 ارتفاع از سطح دریا: ۱۵۱۵ متر 
 تولیدکننده: مزرعه سولداد 
 روش فرآوری: طبیعی 
 سال برداشت: ۲۰۲۳ 
 &nbsp;"
Xav Coffee Factory,Panama Janson,Panama,Natural,,Whole bean,80.0,990000,1237500.0,,False,X Series,https://xav.coffee/product/panama-janson/,"مناسب برای دم‌آوری و قهوه‌آزمایی  
  کشور: پاناما  
  منطقه کشت: آلپس٬ تیزینگال   
  رقم: گشا  
 ارتفاع از سطح دریا: ۱۷۰۰ متر 
 تولیدکننده: قهوه جانسون 
 روش فرآوری:  طبیعی | ۴۸ ساعت تخمیر  
 سال برداشت: ۲۰۲۳"
Xav Coffee Factory,Panama Elida Plano,Panama,,,Whole bean,80.0,1310000,1637500.0,,False,X Series,https://xav.coffee/product/panama-elida-plano/,"مناسب برای دم‌آوری و قهوه‌آزمایی  
  کشور: پاناما  
  منطقه کشت: آتشفشان بارو٬ بوکه   
  رقم: گشا  
 ارتفاع از سطح دریا: ۱۷۰۰ &#8211; ۱۹۵۰ متر 
 تولیدکننده: املاک خانوادگی لاماستوس 
 روش فرآوری:  طبیعی بدون اکسیژن و خشک شدن آهسته  
 سال برداشت: ۲۰۲۳"
Xav Coffee Factory,Colombia La Natura,Colombia,,,Whole bean,80.0,550000,687500.0,,False,X Series,https://xav.coffee/product/colombia-la-natura/,"مناسب برای دم‌آوری و قهوه‌آزمایی  
  کشور: کلمبیا  
  منطقه کشت: سن آگوستین٬ هویلا  
  رقم: ووش ووش  
 ارتفاع از سطح دریا: ۲۲۵۰ متر 
 تولیدکننده: فلیپ اسپینا 
 روش فرآوری: طبیعی بدون اکسیژن 
 سال برداشت: ۲۰۲۳ 
 &nbsp;"
Xav Coffee Factory,کلمبیا سرزا (۴۰),Colombia,,,,,180000,,,False,,https://xav.coffee/product/%da%a9%d9%84%d9%85%d8%a8%db%8c%d8%a7-%d8%b3%d8%b1%d8%b2%d8%a7-%db%b4%db%b0/,
Xav Coffee Factory,اتیوپی هاماشو (۴۰),Ethiopia,,,,,165000,,,False,,https://xav.coffee/product/%d8%a7%d8%aa%db%8c%d9%88%d9%be%db%8c-%d9%87%d8%a7%d9%85%d8%a7%d8%b4%d9%88-%db%b4%db%b0/,
Xav Coffee Factory,اتیوپی دهکده آلو (۴۰),Ethiopia,,,,,310000,,,False,,https://xav.coffee/product/%d8%a7%d8%aa%db%8c%d9%88%d9%be%db%8c-%d8%af%d9%87%da%a9%d8%af%d9%87-%d8%a2%d9%84%d9%88-%db%b4%db%b0/,
Xav Coffee Factory,پاناما دبورا نیروانا (۴۰),Panama,,,,,840000,,,False,,https://xav.coffee/product/%d9%be%d8%a7%d9%86%d8%a7%d9%85%d8%a7-%d8%af%d8%a8%d9%88%d8%b1%d8%a7-%d9%86%db%8c%d8%b1%d9%88%d8%a7%d9%86%d8%a7-%db%b4%db%b0/,
Xav Coffee Factory,کلمبیا ال‌پارایسو ویلتون (۴۰),Colombia,,,,,250000,,,False,,https://xav.coffee/product/%da%a9%d9%84%d9%85%d8%a8%db%8c%d8%a7-%d8%a7%d9%84%d9%be%d8%a7%d8%b1%d8%a7%db%8c%d8%b3%d9%88-%d9%88%db%8c%d9%84%d8%aa%d9%88%d9%86-%db%b4%db%b0/,
Xav Coffee Factory,اتیوپی التو کوکوزه (۴۰),Ethiopia,,,,,190000,,,False,,https://xav.coffee/product/%d8%a7%d8%aa%db%8c%d9%88%d9%be%db%8c-%d8%a7%d9%84%d8%aa%d9%88-%da%a9%d9%88%da%a9%d9%88%d8%b2%d9%87-%db%b4%db%b0/,
Xav Coffee Factory,گواتمالا ال‌کورو (۴۰),Guatemala,,,,,140000,,,False,,https://xav.coffee/product/%da%af%d9%88%d8%a7%d8%aa%d9%85%d8%a7%d9%84%d8%a7-%d8%a7%d9%84%da%a9%d9%88%d8%b1%d9%88-%db%b4%db%b0/,
Xav Coffee Factory,پاناما بنجامین دیانوس (۴۰),Panama,,,,,560000,,,False,,https://xav.coffee/product/%d9%be%d8%a7%d9%86%d8%a7%d9%85%d8%a7-%d8%a8%d9%86%d8%ac%d8%a7%d9%85%db%8c%d9%86-%d8%af%db%8c%d8%a7%d9%86%d9%88%d8%b3-%db%b4%db%b0/,
Xav Coffee Factory,Colombia El Paraiso 92 Wilton,Colombia,,,Whole bean,80.0,480000,600000.0,,False,X Series,https://xav.coffee/product/colombia-el-paraiso-92-wilton/,"مناسب برای دم‌آوری و قهوه‌آزمایی  
  کشور:کلمبیا  
  منطقه کشت: پیندامو٬ کائوکا  
  رقم: بوربون خط‌دار  
 ارتفاع از سطح دریا: ۱۹۰۰ &#8211; ۱۹۵۰ متر 
 تولیدکننده: گرانجا ال‌پارایسو ۹۲ &#8211; ویلتون 
 روش فرآوری:   شسته‌شده با تخمیر مجدد بدون اکسیژن و با شوک حرارتی   
 سال برداشت: ۲۰۲۳ 
 &nbsp;"
Xav Coffee Factory,Panama Deborah Nirvana,Panama,,,Whole bean,80.0,1660000,2075000.0,,False,X Series,https://xav.coffee/product/panama-deborah-nirvana/,"مناسب برای دم‌آوری و قهوه‌آزمایی  
  کشور: پاناما  
  منطقه کشت: چیریکی٬ ولکان  
  رقم: گشا  
 ارتفاع از سطح دریا: ۱۹۵۰ متر 
 تولیدکننده: جمیسون سوج٬ مزرعه دبورا 
 روش فرآوری:  طبیعی بدون اکسیژن، همراه با نیتروژن  
 سال برداشت: ۲۰۲۳"
Xav Coffee Factory,Ethiopia Elto Kokose,Ethiopia,Natural,,Whole bean,150.0,670000,446667.0,,False,A Series,https://xav.coffee/product/ethiopia-elto-kokose/,"مناسب برای اسپرسو٬ دم‌آوری و قهوه‌آزمایی  
  کشور: اتیوپی  
  منطقه کشت: دهکده کوکوزه٬ بنسا٬ سیداما  
  رقم: ۷۴۱۵۸  
 ارتفاع از سطح دریا: ۲۳۰۰ متر 
 تولیدکننده: قهوه التو 
 روش فرآوری: طبیعی 
 سال برداشت: ۲۰۲۳ 
 &nbsp;"
Xav Coffee Factory,Ethiopia Hamasho,Ethiopia,Natural,,Whole bean,150.0,580000,386667.0,,False,A Series,https://xav.coffee/product/ethiopia-hamasho-2/,"&nbsp; 
 &nbsp;    مناسب برای اسپرسو٬ دم‌آوری و قهوه‌آزمایی  
  کشور: اتیوپی  
  منطقه کشت: بنسا٬ سیداما  
  رقم: ۷۴۱۵۸  
 ارتفاع از سطح دریا: ۲۲۳۰ متر 
 تولیدکننده:  آسفا دوکامو کورما٬ دایه بنسا  
 روش فرآوری: طبیعی 
 سال برداشت: ۲۰۲۳"
Xav Coffee Factory,Colombia La Cereza,Colombia,,,Whole bean,150.0,630000,420000.0,,False,A Series,https://xav.coffee/product/colombia-la-cereza/,"مناسب برای اسپرسو٬ دم‌آوری و قهوه‌آزمایی  
  کشور: کلمبیا  
  منطقه کشت: هویلا٬ سن آگوستین  
  رقم: بوربون صورتی  
 ارتفاع از سطح دریا: ۱۸۰۰ &#8211; ۲۲۵۰ متر 
 تولیدکننده:  فلیپ اسپینا  
 روش فرآوری: شسته شده با تخمیر بدون اکسیژن 
 سال برداشت: ۲۰۲۳"
Xav Coffee Factory,Panama Benjamin De Dianous,Panama,,,Whole bean,80.0,1100000,1375000.0,,False,X Series,https://xav.coffee/product/panama-benjamin-de-dianous/,"مناسب برای دم‌آوری و قهوه‌آزمایی  
  کشور: پاناما  
  منطقه کشت: بوکه  
  رقم: گشا  
 ارتفاع از سطح دریا: ۱۴۰۰ &#8211; ۱۵۵۰ متر 
 تولیدکننده: بنجامین دیانوس٬ مزرعه فاتیما 
 روش فرآوری: فرآوری داینامیک گیلاس 
 سال برداشت: ۲۰۲۳"
Xav Coffee Factory,Guatemala El Chorro,Guatemala,,,Whole bean,150.0,470000,313333.0,,False,A Series,https://xav.coffee/product/guatemala-el-chorro/,"مناسب برای اسپرسو٬ دم‌آوری و قهوه‌آزمایی  
  کشور: گواتمالا  
  منطقه کشت: سانتا رزا  
  رقم: کاتورای قرمز  
 ارتفاع از سطح دریا: ۱۳۵۰ متر 
 تولیدکننده:  ماریانو ونتورا، رائول روداس  
 روش فرآوری: طبیعی بدون اکسیژن | ۴۸ ساعت تخمیر 
 سال برداشت: ۲۰۲۳"
Xav Coffee Factory,Ethiopia Alo Village,Ethiopia,Natural,,Whole bean,80.0,600000,750000.0,,False,X Series,https://xav.coffee/product/ethiopia-alo-village-3/,"مناسب برای دم‌آوری و قهوه‌آزمایی  
  کشور: اتیوپی  
  منطقه کشت: دهکده آلو٬ بنسا٬ سیداما  
  رقم: ۷۴۱۵۸  
 ارتفاع از سطح دریا: ۲۴۵۰ متر 
 تولیدکننده: قهوه آلو٬ تامیرو تادسه 
 روش فرآوری:  طبیعی بدون اکسیژن | ۴۸ ساعت تخمیر  
 سال برداشت: ۲۰۲۳"
Xav Coffee Factory,Ethiopia Sidama,Ethiopia,Washed,,Whole bean,150.0,815000,543333.0,,False,V Series,https://xav.coffee/product/ethiopia-sidama/,
Xav Coffee Factory,کلمبیا ال‌دیویزو (۴۰),Colombia,,,,,265000,,,False,,https://xav.coffee/product/colombia-eldiviso-40g/,
Xav Coffee Factory,Colombia El Diviso,Colombia,,,Whole bean,80.0,510000,637500.0,,False,X Series,https://xav.coffee/product/colombia-el-diviso-80g/,
Xav Coffee Factory,Panama Kotowa Mandarina,Panama,Natural,,Whole bean,150.0,200000,133333.0,,False,V Series,https://xav.coffee/product/panama-kotowa-mandarina/,"مناسب     برای     دم‌آوری٬     اسپرسو     و     قهوه‌آزمایی  
  کشور: پاناما  
  منطقه کشت: بوکه  
  رقم: کاتورا  
 ارتفاع: ۱۶۵۰ &#8211; ۱۷۵۰ متر 
 روش‌ فرآوری: طبیعی با خشک‌شدن آهسته 
 سال برداشت: ۲۰۲۲"
Xav Coffee Factory,اتیوپی گایلی (۴۰),Ethiopia,,,,,120000,,,False,,https://xav.coffee/product/gaylee40/,
Xav Coffee Factory,Ethiopia Gaylee,Ethiopia,Natural,,Whole bean,150.0,410000,273333.0,,False,A Series,https://xav.coffee/product/ethiopia-gaylee/,"مناسب برای دم‌آوری٬ اسپرسو و قهوه‌آزمایی  
  کشور: اتیوپی  
  منطقه کشت: دهکده گشا٬ غرب اومو  
  رقم: خود رو جنگل ایلوبابور  
 ارتفاع: ۱۹۱۶-۱۹۸۲ متر 
 تولیدکننده: دهکده گشا 
 روش‌ فرآوری: طبیعی 
 سال برداشت: ۲۰۲۲"
Xav Coffee Factory,کلمبیا لاسپرانزا ناپولن (۴۰),Colombia,,,,,970000,,,False,,https://xav.coffee/product/laesperanza-napolen-40/,
Xav Coffee Factory,اتیوپی دهکده آلو (۴۰),Ethiopia,,,,,250000,,,False,,https://xav.coffee/product/alovillage40/,
Xav Coffee Factory,کنیا کیاوامورورو (۴۰),Kenya,,,,,120000,,,False,,https://xav.coffee/product/kiawamururu40/,
Xav Coffee Factory,کلمبیا لاس مارگاریتاس گرانجا (۴۰),Colombia,,,,,385000,,,False,,https://xav.coffee/product/lasmargaritas-40g/,
Xav Coffee Factory,کاستاریکا ال جاردین (۴۰),Costa Rica,,,,,125000,,,False,,https://xav.coffee/product/el-jardin-costarica-40g/,
Xav Coffee Factory,هندوراس کاسکاریتاس لات ۱۴۱ (۴۰),Honduras,,,,,135000,,,False,,https://xav.coffee/product/honduras-finca-cascaritas-40g/,
Xav Coffee Factory,کنیا ماسیمبا (۴۰),Kenya,,,,,120000,,,False,,https://xav.coffee/product/kenya-masimba-40g/,
Xav Coffee Factory,کلمبیا ال‌پارایسو رزتا (۴۰),Colombia,,,,,170000,,,False,,https://xav.coffee/product/villa-rosetta-40g/,
Xav Coffee Factory,پاناما آبوکافی لات ۷۱ (۴۰),Panama,,,,,380000,,,False,,https://xav.coffee/product/abucoffee-lot71-40g/,
Xav Coffee Factory,کلمبیا ال‌پارایسو دنیل (۴۰),Colombia,,,,,270000,,,False,,https://xav.coffee/product/el-paraiso-daniel-40g/,
Xav Coffee Factory,رواندا فوجی (۴۰),Rwanda,,,,,95000,,,False,,https://xav.coffee/product/rwanda-fuji-40g/,
Xav Coffee Factory,Colombia Geisha Daniel (80g),Colombia,Natural,,Whole bean,80.0,520000,650000.0,,False,X Series,https://xav.coffee/product/colombia-geisha-daniel-80g/,"مناسب برای دم‌آوری و قهوه‌آزمایی  
  کشور: کلمبیا  
  منطقه کشت: پیندامو٬ کائوکا  
  رقم: گشا  
 ارتفاع: ۱۹۶۰ متر 
 تولیدکننده: ال‌پارایسو 
 روش فرآوری: طبیعی همراه با شوک حرارتی تخمیری 
 سال برداشت: ۲۰۲۲"
Xav Coffee Factory,(80g) Panama Abu Coffee lot 71,Panama,Natural,,Whole bean,80.0,740000,925000.0,,False,X Series,https://xav.coffee/product/80g-panama-abu-coffee-lot-71/,"مناسب برای دم‌آوری و قهوه‌آزمایی  
  کشور: پاناما  
  منطقه کشت: کاناس وردس٬ بوکه  
  رقم: گشا  
 ارتفاع: ۱۵۵۰ متر 
 تولیدکننده: مزرعه قهوه آبوکافی 
 روش فرآوری: طبیعی با تخمیر بدون اکسیژن 
 سال برداشت: ۲۰۲۲"
Xav Coffee Factory,Colombia El Paraiso Villa Rosetta (80g),Colombia,Natural,,Whole bean,80.0,320000,400000.0,,False,X Series,https://xav.coffee/product/colombia-el-paraiso-villa-rosita-80g/,"مناسب برای دم‌آوری و قهوه‌آزمایی  
  کشور: کلمبیا  
  منطقه کشت: پیندامو٬ کائوکا  
  رقم: کاستیو  
 ارتفاع: ۱۹۲۰ متر 
 تولیدکننده: مزرعه ال‌پارایسو رزتا 
 روش فرآوری: طبیعی همراه با شوک حرارتی تخمیری 
 سال برداشت: ۲۰۲۲"
Xav Coffee Factory,Kenya Masimba,Kenya,Natural,,Whole bean,150.0,400000,266667.0,,False,A Series,https://xav.coffee/product/kenya-masimba/,"مناسب برای دم‌آوری٬ اسپرسو و قهوه‌آزمایی  
  کشور: کنیا  
  منطقه کشت: کیسی  
  رقم: Sl28 &#8211; SL34 &#8211; باتیان   
 ارتفاع: ۱۷۰۰ متر 
 تولیدکننده: املاک خانوادگی کیانکا 
 روش‌ فرآوری: طبیعی با تخمیر بدون اکسیژن 
 سال برداشت: ۲۰۲۲"
Xav Coffee Factory,Honduras Finca Cascaritas lot 141,Honduras,Natural,,Whole bean,150.0,445000,296667.0,,False,A Series,https://xav.coffee/product/honduras-finca-cascaritas-lot-141/,"مناسب برای دم‌آوری٬ اسپرسو و قهوه‌آزمایی  
  کشور: هندوراس  
  منطقه کشت: سانتا رزا  
  رقم: پاراینما  
 ارتفاع: ۱۳۰۰ متر 
 تولیدکننده: مزرعه‌ی کاسکاریتاس 
 روش‌ فرآوری: طبیعی با تخمیر بدون اکسیژن 
 سال برداشت: ۲۰۲۲"
Xav Coffee Factory,Costarica El Jardin,,Honey,,Whole bean,150.0,415000,276667.0,,False,A Series,https://xav.coffee/product/costarica-el-jardin/,"مناسب برای دم‌آوری٬ اسپرسو و قهوه‌آزمایی  
  کشور: کاستاریکا  
  منطقه کشت: چیریپو  
  رقم: کاتورا  
 ارتفاع: ۱۵۰۰-۱۷۰۰ متر 
 تولیدکننده: کافه رایونس 
 روش‌ فرآوری: عسلی سیاه 
 سال برداشت: ۲۰۲۲"
Xav Coffee Factory,Colombia Las Margaritas Granja (80g),Colombia,Honey,,Whole bean,80.0,750000,937500.0,,False,X Series,https://xav.coffee/product/colombia-las-margaritas-granja/,"مناسب برای دم‌آوری و قهوه‌آزمایی  
  کشور: کلمبیا  
  منطقه کشت: کایسدونیا٬ کائوکا  
  رقم: گشا  
 ارتفاع: ۱۵۷۰-۱۸۵۰ متر 
 تولیدکننده: لاسپرانزا 
 روش‌ فرآوری: عسلی قرمز 
 سال برداشت: ۲۰۲۲"
Xav Coffee Factory,Kenya Kiawamruru,Kenya,Washed,,Whole bean,150.0,400000,266667.0,,False,A Series,https://xav.coffee/product/kenya-kiawamruru/,"مناسب برای دم‌آوری٬ اسپرسو و قهوه‌آزمایی  
  کشور: کنیا  
  منطقه کشت: نیری  
  رقم: Sl28 &#8211; SL34 &#8211; باتیان   
 ارتفاع: ۱۶۰۰-۱۸۰۰ متر 
 تولیدکننده: ایستگاه فرآوری کیاوامورورو 
 روش‌ فرآوری: شسته 
 سال برداشت: ۲۰۲۲"
Xav Coffee Factory,Ethiopia Alo Village (80g),Ethiopia,Natural,,Whole bean,80.0,480000,600000.0,,False,X Series,https://xav.coffee/product/ethiopia-alo-village-2/,"مناسب برای دم‌آوری و قهوه‌آزمایی  
  کشور: اتیوپی  
  منطقه کشت: بنسا٬ سیداما  
  رقم: ۷۴۱۵۸  
 ارتفاع: ۲۴۱۰ متر 
 تولیدکننده: دهکده آلو 
 روش فرآوری: طبیعی با تخمیر بدون اکسیژن و هم‌جواری با کاسکارا 
 سال برداشت: ۲۰۲۲"
Xav Coffee Factory,Brazil Cerrado de Minas,Brazil,Natural,,Whole bean,150.0,170000,113333.0,,False,V Series,https://xav.coffee/product/brazil-cerrado-de-minas/,"مناسب     برای     دم‌آوری٬     اسپرسو     و     قهوه‌آزمایی  
  کشور: برزیل  
  منطقه کشت: سرادو میناس  
  رقم: بوربون زرد  
 ارتفاع: ۸۰۰ &#8211; ۱۲۰۰ متر 
 روش‌ فرآوری: طبیعی 
 سال برداشت: ۲۰۲۲"
Xav Coffee Factory,Colombia La Esperanza Napoleon (80g),Colombia,Natural,,Whole bean,80.0,1920000,2400000.0,,False,X Series,https://xav.coffee/product/colombia-la-esperanza-napoleon/,"مناسب برای دم‌آوری و قهوه‌آزمایی  
  کشور: کلمبیا  
  منطقه کشت: کایسدونیا٬ کائوکا  
  رقم: گشا  
 ارتفاع: ۱۸۵۰ &#8211; ۱۵۷۰ متر 
 تولیدکننده: مزرعه قهوه اسپرانزا &#8211; سرو آزول 
 روش فرآوری: طبیعی با تخمیر بدون اکسیژن 
 سال برداشت: ۲۰۲۲"
Xav Coffee Factory,کارگاه دم‌آوری مانند یک قهرمان,,,,,,12000000,,,False,کارگاه; کلاس,https://xav.coffee/product/brewing-like-a-champion-2/,تسلط کامل بر دم‌آوری از مسیر دانش و خلاقیت    دم‌آوری قهوه به صورت تخصصی، مهارت و علمی است که در گذر زمان دچار پیشرفت و تغییرات زیادی شده است. این کارگاه با الهام از تکنیک‌ها، روش‌ها و سطح مسابقات جهانی قهوه طراحی شده است و دم‌آوری خارج از چارچوب روزمره و در حد مسابقات را آموزش می‌دهد.
Xav Coffee Factory,کارگاه ارزیابی حسی سطح پیشرفته,,,,,,20000000,,,False,کارگاه; کلاس,https://xav.coffee/product/coffee-evaluation-techniques/,ارزیابی کیفی قهوه به صورت اصولی و حرفه‌ای    علم مهارت‌های حسی که پایه و اساس قهوه‌آزمایی است، علمی چندبعدی و پویا است. در این کارگاه هنرجویان می‌توانند دانه‌هایی متنوع را  قهوه‌آزمایی کنند و تجربه‌ای مفید از قهوه‌آزمایی گروهی کسب کنند.
Xav Coffee Factory,کارگاه شناخت و طراحی آب,,,,,,10000000,,,False,کارگاه; کلاس,https://xav.coffee/product/water-profiling-and-design/,شناخت آب و طراحی آن برای عصاره‌گیری حرفه‌ای    آب به عنوان عامل اصلی عصاره‌گیری و تشکیل‌دهنده‌ نزدیک به ۹۸ درصد از فنجان قهوه، اهمیت بسیار زیادی در تعیین ویژگی‌های نوشیدنی دارد. در این دوره با تسلط بر مفاهیم مرتبط با یون‌ها و املاح آب، دم‌آوری قهوه را در ابعاد متفاوتی تجربه ‌می‌کنیم.
Xav Coffee Factory,کارگاه اسپرسو از نگاه تخصصی,,,,,,12000000,,,False,کارگاه; کلاس,https://xav.coffee/product/scientific-approach-in-espresso/,بررسی موشکافانه تمام عوامل تاثیرگذار بر اسپرسو    اسپرسو همیشه فرصت کنجکاوی و کشف زیادی را در اختیار متخصصان صنعت قهوه قرار داده است. در این کارگاه با در نظر گرفتن تمامی مراحل عصاره‌گیری از دانه‌ی قهوه تا سایر عوامل تأثیرگذار بر کیفیت نوشیدنی نهایی، بر تغییرات حاصل از آن‌ها تسلط پیدا ‌می‌کنیم.
Xav Coffee Factory,دوره مهارت برشته‌کاری,,,,,,45000000,,,False,دوره کامل; کلاس,https://xav.coffee/product/roasting-skills/,از شناخت دانه سبز تا کار با ماشین‌آلات برشته‌کاری    یک شخص زمانی می‌تواند به یک برشته‌کار ماهر تبدیل شود که دانش و مهارت خوبی در زمینه قهوه سبز داشته باشد. در این دوره علاوه بر آشنایی و شناخت دانه سبز٬ با برشته‌کاری اصولی آشنا می‌شویم.
Xav Coffee Factory,دوره مهارت‌ ارزیابی حسی,,,,,,24000000,,,False,دوره کامل; کلاس,https://xav.coffee/product/sensory-evaluation-skills/,شناخت حواس و تسلط بر آن‌ها برای درک بهتر فنجان قهوه    در این دوره با بخش‌های مختلف حس چشایی و بویایی انسان آشنایی پیدا می‌کنیم و سپس با نوشیدن طیف وسیعی از قهوه و مواد خوراکی دیگر، قهوه‌آزمایی به روش انجمن جهانی قهوه‌ی تخصصی را یاد می‌گیریم.
Xav Coffee Factory,دوره مهارت‌ باریستایی,,,,,,25000000,,,False,دوره کامل; کلاس,https://xav.coffee/product/barista-skills/,شناخت دنیای قهوه و تسلط بر کار کردن با تجهیزات کافه    این دوره هم برای کسانی که تابه‌حال تجربه‌ی کار به عنوان باریستا را نداشته‌اند و هم برای کسانی که به‌تازگی مسیر خود به عنوان باریستا را آغاز کرده‌اند کاربردی است.
Xav Coffee Factory,Peru Huancayo,Peru,Washed,,Whole bean,150.0,210000,140000.0,,False,V Series,https://xav.coffee/product/peru-huancayo/,"مناسب برای دم‌آوری٬ اسپرسو و قهوه‌آزمایی  
  کشور: پرو  
  منطقه کشت: هوآنکایو  
  رقم: تیپیکا، کاتورا  
 ارتفاع: ۹۰۰ تا ۱۸۰۰ متر 
 روش فرآوری: شسته 
 سال برداشت: ۲۰۲۱"
Xav Coffee Factory,اتیوپی دهکده هاماشو (۴۰),Ethiopia,,,,150.0,120000,80000.0,,False,,https://xav.coffee/product/ethiopia-hamasho-village/,
Xav Coffee Factory,اتیوپی دهکده بومبه (۴۰),Ethiopia,,,,,120000,,,False,,https://xav.coffee/product/ethiopia-bombe-village-40g/,
Xav Coffee Factory,کلمبیا لاس اولیووس ال‌دمار(۴۰),Colombia,,,,,140000,,,False,,https://xav.coffee/product/colombia-santa-marta-los-olivos-40g/,
Xav Coffee Factory,کلمبیا لاس کاناس راموس (۴۰),Colombia,,,,,140000,,,False,,https://xav.coffee/product/colombia-santa-marta-las-canas-40g/,
Xav Coffee Factory,پاناما دریما زد (۴۰),Panama,,,,,210000,,,False,,https://xav.coffee/product/panama-drima-zede-candela-40g/,
Xav Coffee Factory,پاناما پارابولیک گشا,Panama,,,,,245000,,,False,,https://xav.coffee/product/panama-parabolic-geisha-40g/,
Xav Coffee Factory,کلمبیا ماندلا ویا (۴۰),Colombia,,,,,280000,,,False,,https://xav.coffee/product/colombia-la-esperanza-mandela-40g/,
Xav Coffee Factory,پاناما ال برو گشا (۴۰),Panama,,,,,350000,,,False,,https://xav.coffee/product/panama-el-burro-geisha-40g/,
Xav Coffee Factory,کلمبیا کاندینامارکا سیدرا (۴۰),Colombia,,,,,410000,,,False,,https://xav.coffee/product/colombia-cundinamarca-sidra-40g/,
Xav Coffee Factory,Panama Drima Zede (80g),Panama,Natural,,Whole bean,80.0,400000,500000.0,,False,X Series,https://xav.coffee/product/panama-drima-zede-candela/,"مناسب برای دم‌آوری و قهوه‌آزمایی  
  کشور: پاناما  
  منطقه کشت: پیدرا کاندلا  
  رقم: ترکیبی از رقم‌های خود رو  
 ارتفاع: ۱۵۵۰ متر 
 تولیدکننده: قهوه ناینتی پلاس 
 روش فرآوری: طبیعی با تخمیر گرم بدون اکسیژن 
 سال برداشت: ۲۰۲۲"
Xav Coffee Factory,Colombia Las Canas Ramos,Colombia,Natural,,Whole bean,150.0,460000,306667.0,,False,A Series,https://xav.coffee/product/colombia-finca-las-canas/,"مناسب برای دم‌آوری٬ اسپرسو و قهوه‌آزمایی  
  کشور: کلمبیا  
  منطقه کشت: سانتا مارتا  
  رقم: کاستیلو٬ کاتورا  
 ارتفاع: ۱۵۲۵ متر 
 تولیدکننده: آلبرتو راموس &#8211; دلاگوآ کافی پارادایز 
 روش فرآوری: طبیعی بی‌هوازی 
 سال برداشت: ۲۰۲۲"
Xav Coffee Factory,Colombia Los Olivos Aldemar,Colombia,Natural,,Whole bean,150.0,460000,306667.0,,False,A Series,https://xav.coffee/product/colombia-delagua-finca-los-olivos/,"مناسب برای دم‌آوری٬ اسپرسو و قهوه‌آزمایی  
  کشور: کلمبیا  
  منطقه کشت: سانتا مارتا  
  رقم: کاستیلو٬ کاتورا  
 ارتفاع: ۱۵۵۰ متر 
 تولیدکننده: آلدمار لوایزا &#8211; دلاگوآ کافی پارادایز 
 روش فرآوری: طبیعی بی‌هوازی 
 سال برداشت: ۲۰۲۲"
Xav Coffee Factory,ابزار «توصیف‌گرهای قهوه‌آزمایی»,,,,,,,,,True,ابزار; دفترچه قهوه آزماﯾﯽ,https://xav.coffee/product/cupping-descriptions-and-descriptors/,
Xav Coffee Factory,Colombia Huila,Colombia,Washed,,Whole bean,150.0,205000,136667.0,,False,V Series,https://xav.coffee/product/colombia-huila/,"مناسب برای دم‌آوری٬ اسپرسو و قهوه‌آزمایی  
  کشور: کلمبیا  
  منطقه کشت: هویلا  
  رقم: کاتورا  
 ارتفاع: ۱۵۰۰ تا ۱۹۰۰ متر 
 روش فرآوری: شسته 
 سال برداشت: ۲۰۲۱"
Xav Coffee Factory,Ethiopia Worka Chelbesa Natural,Ethiopia,Natural,,Whole bean,150.0,160000,106667.0,,False,V Series,https://xav.coffee/product/ethiopia-worka-chelbesa-natural/,"مناسب برای دم‌آوری٬ اسپرسو و قهوه‌آزمایی  
  کشور: اتیوپی  
  منطقه کشت: گدب  
  رقم: وولیچو٬ ۷۴۱۴۷ ٬ دگا٬ کورومه  
  تولیدکننده: بیرهانو مولاتو (Birhanu Mulato)  
 ارتفاع: ۱۹۸۰ متر 
 روش فرآوری: طبیعی با تخمیر بی‌هوازی 
 سال برداشت: ۲۰۲۱"
Xav Coffee Factory,Honduras Finca Guayabina,Honduras,Natural,,Whole bean,150.0,135000,90000.0,,False,V Series,https://xav.coffee/product/honduras-finca-guayabina/,"مناسب برای دم‌آوری٬ اسپرسو و قهوه‌آزمایی  
  کشور: هندوراس  
  منطقه کشت: اوکوتپک  
  رقم: پاکاس٬ اوباتا  
 ارتفاع: ۱۲۰۰ &#8211; ۱۲۵۰ متر 
 تولیدکننده: روی الکساندر هرناندز 
 روش فرآوری: طبیعی 
 سال برداشت: ۲۰۲۱"
Xav Coffee Factory,Ethiopia Guji Uraga washed,Ethiopia,Washed,,Whole bean,150.0,190000,126667.0,,False,V Series,https://xav.coffee/product/ethiopia-guji-uraga-washed/,"مناسب برای دم‌آوری٬ اسپرسو و قهوه‌آزمایی  
  کشور: اتیوپی  
  منطقه کشت: اوراگا گوجی  
  رقم: وولیچو &#8211; ۷۴۱۱۰  
 تولیدکننده: میتیکو آلمایهو 
 ارتفاع: ۲۲۰۰ متر 
 روش فرآورری: شسته 
 سال برداشت: ۲۰۲۱"
Xav Coffee Factory,El Salvador Montana,El Salvador,Natural,,Whole bean,150.0,255000,170000.0,,False,V Series,https://xav.coffee/product/el-salvadour-montana-bourbon-natural/,"مناسب برای دم‌آوری٬ اسپرسو و قهوه‌آزمایی  
  کشور: ال‌سالوادور  
  منطقه کشت: دره‌ی لاس نارانخو  
  رقم: بوربون قرمز  
 ارتفاع: ۱۵۰۰ &#8211; ۱۷۵۰ متر 
 تولیدکننده: قهوه موری – خانواده آلوارز 
 روش‌ فرآوری: طبیعی 
 سال برداشت: ۲۰۲۱"
Xav Coffee Factory,Kenya Kiganjo AA,Kenya,Washed,,Whole bean,150.0,300000,200000.0,,False,A Series,https://xav.coffee/product/kenya-kiganjo-aa/,"مناسب برای دم‌آوری٬ اسپرسو و قهوه‌آزمایی  
  کشور: کنیا  
  منطقه کشت: نایری  
  رقم: SL۲۸ &#8211; SL۳۴ &#8211; باتیان &#8211; رویرو۱۱  
 ارتفاع: ۱۶۰۰ &#8211; ۱۸۰۰ متر 
 تولیدکننده: تعاونی روتوما 
 روش فرآوری: شسته 
 سال برداشت: ۲۰۲۱"
Xav Coffee Factory,Colombia Finca Julia,Colombia,Honey,,Whole bean,150.0,270000,180000.0,,False,A Series,https://xav.coffee/product/colombia-finca-julia/,"مناسب برای دم‌آوری٬ اسپرسو و قهوه‌آزمایی  
  کشور: کلمبیا  
  منطقه کشت: تروجیلو٬ دره‌ی کائوکا  
  رقم: کاستیلو  
 ارتفاع: ۱۵۵۰ &#8211; ۱۶۰۰ متر 
 تولیدکننده: نیکولاس اوکامپو مایا 
 روش فرآوری: عسلی با تخمیر بی‌هوازی 
 سال برداشت: ۲۰۲۰"
Xav Coffee Factory,Rwanda Fugi Lactic,Rwanda,Honey,,Whole bean,150.0,1470000,980000.0,,False,A Series,https://xav.coffee/product/rwanda-fugi-lactic/,"مناسب برای دم‌آوری٬ اسپرسو و قهوه‌آزمایی   
  کشور: رواندا  
  منطقه کشت: ناحیه نیاروگورو، استان جنوبی  
  رقم: بوربون قرمز  
 ارتفاع: ۱۵۵۰ &#8211; ۱۸۵۰ متر 
 تولیدکننده: قهوه باهو/ امانوئل روستیرا 
 روش فرآوری: عسلی با تخمیر لاکتیکی 
 سال برداشت: ۲۰۲۱"
Xav Coffee Factory,Costa Rica H17 Natural,Costa Rica,Natural,,Whole bean,150.0,220000,146667.0,,False,A Series,https://xav.coffee/product/costa-rica-h17-natural/,"مناسب برای دم‌آوری٬ اسپرسو و قهوه‌آزمایی  
  کشور: کاستاریکا  
  منطقه کشت: هردیا و آلاجوئلا  
  رقم: هیبرید H17  
 ارتفاع: ۱۵۰۰ &#8211; ۱۷۰۰ متر 
 تولیدکننده: آلجو کاسترو کاله 
 روش فرآوری: طبیعی با تخمیر بی‌هوازی 
 سال برداشت: ۲۰۲۱"
Xav Coffee Factory,Panama Geisha Parabolic,Panama,Natural,,Whole bean,,500000,,,False,X Series,https://xav.coffee/product/panama-geisha-parabolic/,"مناسب برای دم‌آوری٬ اسپرسو و قهوه‌آزمایی  
  کشور: پاناما  
  منطقه کشت: چیریکی  
  رقم: گشا  
 ارتفاع: ۱۹۰۰ متر 
 تولیدکننده: جیمیسون سوج 
 روش‌فرآوری: طبیعی با تخمیر بی‌هوازی 
 سال برداشت: ۲۰۲۱"
Xav Coffee Factory,Wallet Topup,,,,,,,,,True,,https://xav.coffee/product/wallet-topup/,
Xav Coffee Factory,Colombia Pacamara Giant &#8211; 85g,Colombia,Natural,,Whole bean,85.0,300000,352941.0,,False,X Series,https://xav.coffee/product/thegiant-colombia-pacamara-tolima/,"مناسب برای دم‌آوری اسپرسو و قهوه آزمایی  
  کشور: کلمبیا  
  منطقه کشت: فرسنو تولیما  
  رقم : پاکامارا  
 ارتفاع:۱۴۵۰ متر 
 روش فراوری: بی‌هوازی، طبیعی 
 نمره ارزیابی حسی: ۸۹ 
 رطوبت دانه سبز: ۱۱٪ 
 اندازه رویه دانه: ۲۰+ 
 رایحه: ملون &#8211; میوه هسته دار 
 طعم‌یادها: هلو &#8211; ملون &#8211; موز &#8211; کاکائو"
Xav Coffee Factory,Colombia Gesha Marcela &#8211; 85g,Colombia,Natural,,Whole bean,85.0,450000,529412.0,,False,X Series,https://xav.coffee/product/colombia-gesha-tolima-marcela/,"مناسب برای دم‌آوری و قهوه‌آزمایی  
  کشور: کلمبیا  
  منطقه کشت: فرسنو تولیما  
  زیرگونه (نژاد) : گشا  
 ارتفاع:۱۴۶۰ متر 
 روش فراوری: بی‌هوازی لاکتیک، طبیعی 
 نمره ارزیابی حسی: ۹۰ 
 رطوبت دانه سبز: ۱۱٪ 
 اندازه رویه دانه: ۱۷ 
 رایحه: گلی &#8211; میوه استوایی 
 طعم‌یادها: بلوبری &#8211; شلیل &#8211; پاستیل قرمز &#8211; زردآلو &#8211; بادام کوهی"
Xav Coffee Factory,Ethiopia Heirloom Hambella,Ethiopia,,,Whole bean,150.0,300000,200000.0,,False,V Series,https://xav.coffee/product/ethiopia-heirloom-hambella/,"مناسب برای:  اسپرسو | دم‌آوری  
 کشور:  اتیوپی  
 منطقه کشت:  گوجی  
 نژاد:  خودرو   
 ارتفاع از سطح دریا:  ۱۹۰۰ تا ۲۲۰۰ متر  
 روش فراوری:  طبیعی  
 نمره ارزیابی حسی:  ۸۶  
 رطوبت دانه سبز:  ۱۰.۵٪  
 اندازه رویه دانه:   ~۱۵  
 رایحه:  مرکباتی، میوه‌ قرمز"
Xav Coffee Factory,Brazil Santa Inacia,Brazil,Natural,,Whole bean,150.0,115000,76667.0,,False,V Series,https://xav.coffee/product/brazil-microlot-santa-inacia/,"مناسب برای دم‌آوری اسپرسو و نوشیدنی با شیر  
  کشور: برزیل  
  منطقه کشت: میناس گرایس  
  زیرگونه (نژاد) : موندونوو &#8211; کاتوای زرد  
 ارتفاع: ۹۳۰-۱۴۲۸ متر از سطح دریا 
 روش فرآوری: طبیعی 
 نمره ارزیابی حسی: ۸۴ 
 رطوبت دانه سبز: ۱۱.۵٪ 
 اندازه رویه دانه:  ۱۵ 
 رایحه: ادویه‌ای &#8211; آجیلی 
 طعم‌یادها: پرک بادام &#8211; کوکی جو &#8211; شکلات &#8211; دارچین 
 تولیدکنندگان: سانتا ایناسیا 
 &nbsp;"
Xav Coffee Factory,Colombia Inza Cauca,Colombia,,,,150.0,85000,56667.0,,False,V Series,https://xav.coffee/product/colombia-inza-cauca/,"مناسب برای دم‌آوری اسپرسو و دم‌آوری  
  کشور: کلمبیا  
  منطقه کشت: پوپایان (Popayan)  
  زیرگونه (نژاد) : کاتورا (Caturra)  
 ارتفاع: ۱۵۰۰ تا ۱۸۰۰ متر از سطح دریا 
 روش فرآوری: شسته 
 نمره ارزیابی حسی: ۸۵ 
 رطوبت دانه سبز: ٪ ۱۰.۵ 
 رایحه: میوه‌ای &#8211; آجیلی 
 طعم‌یادها: شکر قهوه‌ای، مرکبات، آلوی پخته 
 تولیدکنندگان:  تولید‌کنندگان منطقه پوپایان  
  کلمبیا، اینزا کائوکا"
Xav Coffee Factory,Ethiopia Limu,Ethiopia,Natural,,Whole bean,150.0,175000,116667.0,,False,V Series,https://xav.coffee/product/ethiopia-landrace-limu/,"مناسب برای دم‌آوری اسپرسو و دم‌آوری  
  کشور: اتیوپی  
  منطقه کشت: بروکا لیمو  
  زیرگونه (نژاد) : خود رو   
 ارتفاع: ۱۹۰۰-۱۸۰۰ متر از سطح دریا 
 روش فراوری: طبیعی 
 نمره ارزیابی حسی: ۸۳ 
 رطوبت دانه سبز: ۱۰.۲٪ 
 اندازه رویه دانه:  ~۱۶ 
 رایحه: ادویه‌ای &#8211; مرکباتی 
 طعم‌یادها: شکرقهوه‌ای &#8211; چای ترش &#8211; آلو &#8211; لیمو"
Xav Coffee Factory,Panama Boquete,Panama,Washed,,Whole bean,150.0,185000,123333.0,,False,V Series,https://xav.coffee/product/panama-caturra-boquete/,"مناسب برای دم‌آوری اسپرسو و دم‌آوری  
  کشور: پاناما  
  منطقه کشت: بوکه &#8211; چیریکی  
  زیرگونه (نژاد) : کاتورا  
 ارتفاع: ۱۶۰۰ متر از سطح دریا 
 روش فراوری: طبیعی 
 نمره ارزیابی حسی: ۸۴ 
 رطوبت دانه سبز: ۱۰.۹٪ 
 اندازه رویه دانه:  ~۱۶ 
 رایحه: مرکباتی &#8211; آجیلی 
 طعم‌یادها: پرتقال &#8211; شکلات &#8211; زردآلو &#8211; فندق"
Rei Coffee Roasters,ایکس ری کالکشن,,,,,,1450000,,,True,,https://rei.coffee/product/%d8%a7%db%8c%da%a9%d8%b3-%d8%b1%db%8c-%da%a9%d8%a7%d9%84%da%a9%d8%b4%d9%86/,ایکس ری، یک دم افزار یک بار مصرف قهوه است. اگه وسیله ای برای دم کردن قهوه ندارید یا قهوه روزمره تون رو به روش قهوه فوری یا نسکافه مصرف میکنید، ایکس ری بهترین گزینه براتون محسوب میشه. داخل هر بسته 9 دم افزار وجود داره و برای 9 بار دم کردن قهوه است.
Rei Coffee Roasters,ایکس ری تک خاستگاه ( سینگل اورجین ),,,,,,1650000,,,True,,https://rei.coffee/product/%d8%a7%db%8c%da%a9%d8%b3-%d8%b1%db%8c-%d8%aa%da%a9-%d8%ae%d8%a7%d8%b3%d8%aa%da%af%d8%a7%d9%87-%d8%b3%db%8c%d9%86%da%af%d9%84-%d8%a7%d9%88%d8%b1%d8%ac%db%8c%d9%86/,ایکس ری، یک دم افزار یک بار مصرف قهوه است. اگه وسیله ای برای دم کردن قهوه ندارید یا قهوه روزمره تون رو به روش قهوه فوری یا نسکافه مصرف میکنید، ایکس ری بهترین گزینه براتون محسوب میشه. داخل هر بسته 9 دم افزار وجود داره و برای 9 بار دم کردن قهوه است.   ایکس ری، یک دم افزار یک بار مصرف قهوه است. اگه وسیله ای برای دم کردن قهوه ندارید یا قهوه روزمره تون رو به روش قهوه فوری یا نسکافه مصرف میکنید، ایکس ری
Rei Coffee Roasters,ایکس ری 100٪ آرابیکا سان کینگ,,,,,,1450000,,,True,,https://rei.coffee/product/%d8%a7%db%8c%da%a9%d8%b3-%d8%b1%db%8c-100%d9%aa-%d8%a2%d8%b1%d8%a7%d8%a8%db%8c%da%a9%d8%a7-%d8%b3%d8%a7%d9%86-%da%a9%db%8c%d9%86%da%af/,ایکس ری، یک دم افزار یک بار مصرف قهوه است. اگه وسیله ای برای دم کردن قهوه ندارید یا قهوه روزمره تون رو به روش قهوه فوری یا نسکافه مصرف میکنید، ایکس ری بهترین گزینه براتون محسوب میشه. داخل هر بسته 9 دم افزار وجود داره و برای 9 بار دم کردن قهوه است.   ایکس ری، یک دم افزار یک بار مصرف قهوه است. اگه وسیله ای برای دم کردن قهوه ندارید یا قهوه روزمره تون رو به روش قهوه فوری یا نسکافه مصرف میکنید، ایکس ری
Rei Coffee Roasters,ایکس ری 50٪ آرابیکا لیتیوم,,,,,,1200000,,,True,,https://rei.coffee/product/%d8%a7%db%8c%da%a9%d8%b3-%d8%b1%db%8c-50%d9%aa-%d8%a2%d8%b1%d8%a7%d8%a8%db%8c%da%a9%d8%a7-%d9%84%db%8c%d8%aa%db%8c%d9%88%d9%85/,ایکس ری، یک دم افزار یک بار مصرف قهوه است. اگه وسیله ای برای دم کردن قهوه ندارید یا قهوه روزمره تون رو به روش قهوه فوری یا نسکافه مصرف میکنید، ایکس ری بهترین گزینه براتون محسوب میشه. داخل هر بسته 9 دم افزار وجود داره و برای 9 بار دم کردن قهوه است.   ایکس ری، یک دم افزار یک بار مصرف قهوه است. اگه وسیله ای برای دم کردن قهوه ندارید یا قهوه روزمره تون رو به روش قهوه فوری یا نسکافه مصرف میکنید، ایکس ری
Rei Coffee Roasters,ایکس ری ۱۰۰٪ آرابیکا کینگ کریمسون,,,,,,1450000,,,True,,https://rei.coffee/product/%d8%a7%db%8c%da%a9%d8%b3-%d8%b1%db%8c-%db%b1%db%b0%db%b0%d9%aa-%d8%a2%d8%b1%d8%a7%d8%a8%db%8c%da%a9%d8%a7-%da%a9%db%8c%d9%86%da%af-%da%a9%d8%b1%db%8c%d9%85%d8%b3%d9%88%d9%86/,"ایکس ری، یک دم افزار یک بار مصرف قهوه است. اگه وسیله ای برای دم کردن قهوه ندارید یا قهوه روزمره تون رو به روش قهوه فوری یا نسکافه مصرف می کنید، ایکس ری بهترین گزینه براتون محسوب میشه. داخل هر بسته 9 دم افزار وجود داره و برای 9 بار دم کردن قهوه است. 
 &nbsp;   ایکس ری، یک دم افزار یک بار مصرف قهوه است. اگه وسیله ای برای دم کردن قهوه ندارید یا قهوه روزمره تون رو به روش قهوه فوری یا نسکافه مصرف میکنی"
Rei Coffee Roasters,قهوه اتیوپی آرسی,Ethiopia,,,Whole bean,250.0,1650000,660000.0,,True,قهوه تک خاستگاه,https://rei.coffee/product/%d9%82%d9%87%d9%88%d9%87-%d8%a7%d8%aa%db%8c%d9%88%d9%be%db%8c-%d8%a2%d8%b1%d8%b3%db%8c/,"منطقه : وست آرسی 
 زیرگونه : هیرلوم 
 فرآوری : نچرال 
 ارتفاع : 1900-2050 متر 
 طعم یاد ها : کرم شکلات ، چای ترش ، آلبالو ، توت فرنگی   منطقه : وست آرسی 
 زیرگونه : هیرلوم 
 فرآوری : نچرال 
 ارتفاع : 1900-2050 متر 
 طعم یاد ها : کرم شکلات ، چای ترش ، آلبالو ، توت فرنگی"
Rei Coffee Roasters,قهوه کلمبیا تامارا,Colombia,,,Whole bean,250.0,1650000,660000.0,,True,قهوه تک خاستگاه,https://rei.coffee/product/%d9%82%d9%87%d9%88%d9%87-%da%a9%d9%84%d9%85%d8%a8%db%8c%d8%a7-%d8%aa%d8%a7%d9%85%d8%a7%d8%b1%d8%a7/,"منطقه : تامارا 
 زیرگونه : کاستیلو 
 فرآوری : شسته 
 ارتفاع : 1400 متر 
 طعم یاد ها : فندق ، لیموناد، سیب زرد ، کاکائو   منطقه : تامارا 
 زیرگونه : کاستیلو 
 فرآوری : شسته 
 ارتفاع : 1400 متر 
 طعم یاد ها : فندق ، لیموناد، سیب زرد ، کاکائو"
Rei Coffee Roasters,دمنوش کاسکارا,,,,,250.0,2750000,1100000.0,,True,قهوه تک خاستگاه,https://rei.coffee/product/%da%a9%d8%a7%d8%b3%da%a9%d8%a7%d8%b1%d8%a7/,"کشور : گواتمالا 
 منطقه : آنتیگوآ 
 زیرگونه :  گیشا 
 ارتفاع : 1800 متر 
 کاسکارا (Cascara) در واقع پوست خشک‌شده‌ی میوه‌ی قهوه است که پس از فرآوری از دانه‌ی قهوه جدا می‌شود. این ماده که در زبان اسپانیایی به معنای &#8220;پوست&#8221; است، به‌عنوان یک نوشیدنی گیاهی و دم‌کردنی استفاده می‌شود. 
 ویژگی‌های کاسکارا: 
 طعم: طعمی شبیه به چای میوه‌ای دارد و معمولاً یادآور توت، کشمش، زردآلو و حتی کمی کارامل "
Rei Coffee Roasters,کلاه ری Rei Cap,,,,,,260000,,,True,اکسسوری,https://rei.coffee/product/rei-hat/,"&nbsp; 
 &nbsp;   &nbsp; 
 &nbsp;"
Rei Coffee Roasters,قهوه ترک,,,,,250.0,1000000,400000.0,,True,قهوه ترکیبی,https://rei.coffee/product/turkish/,قهوه ترک سنتی ری ، ترکیبی از قهوه های آمریکای جنوبی و آسیا ، که با درجه ریز آسیاب شده است . بهترین روش دم آوری این قهوه برای یک نفر ، استفاده از 7 گرم قهوه و 70 گرم آب ولرم در قهوه جوش مسی است . جذوه ، ایبریک ( یا ابریق به معنی ظرف آبریز ) و قهوه ارمنی ، از اسم های دیگر قهوه ترک هستند .   قهوه ترک سنتی ری ، ترکیبی از قهوه های آمریکای جنوبی و آسیا ، که با درجه ریز آسیاب شده است . بهترین روش دم آوری
Rei Coffee Roasters,Instrumental کلمبیا بدون کافئین,Colombia,,,Whole bean,250.0,1980000,792000.0,,True,قهوه تک خاستگاه,https://rei.coffee/product/instrumental-%da%a9%d9%84%d9%85%d8%a8%db%8c%d8%a7-%d8%a8%d8%af%d9%88%d9%86-%da%a9%d8%a7%d9%81%d8%a6%db%8c%d9%86/,"DECAF 
 رفتار این قهوه اصلا شبیه به قهوه های بدون کافئین نیست ، طعم یاد های سیب سبز و ریواس ، محصولی بسیار خوش طعم از این قهوه yellow caturra ساخته است . 
 لاین Instrumental یا بی کلام ری ، تجربه یک فنجان قهوه کم نظیر بدون کافئین را برای شما ایجاد می کند.   DECAF 
 رفتار این قهوه اصلا شبیه به قهوه های بدون کافئین نیست ، طعم یاد های سیب سبز و ریواس ، محصولی بسیار خوش طعم از این قهوه yellow caturra "
Rei Coffee Roasters,قهوه لیتیوم 50درصد آرابیکا / 50درصد ربوستا,,,,Whole bean,250.0,1000000,400000.0,,True,قهوه ترکیبی,https://rei.coffee/product/lithium/,"لیتیوم ، ترکیبی از دانه های آرابیکا و ربوستا با درصد ترکیب 50 &#8211; 50 ، نوشیدنی با تلخی به نسبت بالا ، شیرینی مناسب و کمی اسیدیتی ، قهوه ای غنی ، برای افرادی که نیاز به کافئین بالا دارند .   
 
 
 
 
 
 
 
 
 
 
 
 لیتیوم ، ترکیبی از دانه های آرابیکا و ربوستا با درصد ترکیب 50 &#8211; 50 ، نوشیدنی با تلخی به نسبت بالا ، شیرینی مناسب و کمی اسیدیتی ، قهوه ای غنی ، برای افرادی که نیاز به کافئین بال"
Rei Coffee Roasters,قهوه ربل 70 درصد آرابیکا / 30 درصد ربوستا,,,,Whole bean,250.0,1085000,434000.0,,True,قهوه ترکیبی,https://rei.coffee/product/rebel/,"ترکیبی متعادل از دانه های آفریقایی، آمریکای جنوبی و آسیایی که به صورت ۷۰ درصد آرابیکا و ۳۰ درصد ربوستا با درجه برشته کاری نسبتا تیره، فراهم میشود. 
درجه برشته کاری ِاین قهوه متوسط و رو به تیره است. این یعنی دانه های قهوه با اسیدیته (ترشی) کم، شیرینی متوسط و تلخی خوشایند. 
به لحاظ طعمی “ربل” یادآور قهوه های ایتالیایی با بادی(غلظت) بالا است و به لحاظ تداعی طعمی، طعم های فندق، لیمو، چای سیاه و رام اح"
Rei Coffee Roasters,قهوه منین بلک 80 درصد آرابیکا / 20 درصد ربوستا,,,,Whole bean,250.0,1150000,460000.0,,True,قهوه ترکیبی,https://rei.coffee/product/man-in-black/,"تلخی خوشایند ، تن واری متوسط رو به بالا و کافئین به نسبت بالا. طعمی کلاسیک از قهوه با ریشه ای از آفریقا ، آمریکای جنوبی و آسیا. قهوه ای مناسب برای شروع روز به سبک ایتالیای ها !   
 
 
 
 
 
 
 
 
 
 
 
 تلخی خوشایند ، تن واری متوسط رو به بالا و کافئین به نسبت بالا. طعمی کلاسیک از قهوه با ریشه ای از آفریقا ، آمریکای جنوبی و آسیا. قهوه ای مناسب برای شروع روز به سبک ایتالیای ها !"
Rei Coffee Roasters,قهوه ونیز کویین 80% آرابیکا / 20% ربوستا,,,,Whole bean,250.0,1150000,460000.0,,True,قهوه ترکیبی,https://rei.coffee/product/venice-queen/,"اساس این لاین را ترکیب چند گونه قهوه که شاخصه های طعمی منحصر بفردی دارد، تشکیل میدهد. این لاین پس از ترکیب، مجموع های عطر و طعم آزاد میکند که تداعی ِ طعمی آن، مرکبات را احضار میکند، البته به دلیل وجود دانه های ربوستا، طعم شکلات و کارامل نیز اعصاب چشایی ما را تحریک میکند. 
 حس گیرایی و تنواری این ترکیب بسیار مناسب و قابل قبول است و با مقدار کافئین بالا، انرژی و حس شادابی بیشتری به جریان میافتد. 
 ا"
Rei Coffee Roasters,قهوه سان کینگ 100 درصد آرابیکا,,,,Whole bean,250.0,1290000,516000.0,,True,قهوه ترکیبی,https://rei.coffee/product/sun-king/,"درجه برشته شدن این قهوه در کنار بادی (غلظت) بالای آن هویت این محصول را تشکیل داده است تا طرفداران قهوه های ۱۰۰ درصد آرابیکا به یاد قهوه های کلاسیک ایتالیایی از این لاین لذت ببرند. ترکیبی از بهترین دانه های آفریقا، آمریکای مرکزی و آسیا. تنیدگی طعمی این محصول با احضار طعم پرتقال، لیمو، شکر قهوه ای و مغز بادام همراه است. 
پینوشت: این لاین علاوه بر شدت طعمی به لحاظ اقتصادی هم محصول مقرون به صرفه محسوب"
Rei Coffee Roasters,قهوه کینگ کریمسون 100 درصد آرابیکا,,,,Whole bean,250.0,1290000,516000.0,,True,قهوه ترکیبی,https://rei.coffee/product/king-crimson/,"کینگ کریمسون ترکیب بی نظیر از قهوه های کشورهای افریقایی و امریکای جنوبی است. ترکیبی که با اتکا به طعم میوه ها و خصلت طعمی کلاسیک قهوه معنادار میشود و به لحاظ رایحه بسیار مطبوع است. کینگ کریمسون به واسطه ی ثبات کیفیتی طعم خود را در گذر زمان حفظ میکند. 
 در این قهوه کیفیت دانه ها حرف اول را میزند و روش فرآوری آن از نوع “شسته” پیروی میکند که این مهم تاثیر موثری بر اسیدیتی دانه ها دارد. اگر ساده تر بخ"
Rei Coffee Roasters,سوپرمسی (competition blend) 100درصد آرابیکا,,,,Whole bean,250.0,1425000,570000.0,,True,قهوه ترکیبی,https://rei.coffee/product/%d9%82%d9%87%d9%88%d9%87-%d8%b3%d9%88%d9%be%d8%b1%d9%85%d8%b3%db%8c-competition-belend-100-%d8%af%d8%b1%d8%b5%d8%af-%d8%a2%d8%b1%d8%a7%d8%a8%db%8c%da%a9%d8%a7/,"سوپر مسی ، ترکیبی ممتاز از کلمبیا و اتیوپی . قهوه ای غنی با طعم یاد های عصاره نارنگی ، نیبز کاکائو ، فندق و بادام تازه . 
 تجربه ای منحصر به فرد و یادآور قهوه های اسپشیالتی ( کیفیت ممتاز / تخصصی ) است .   
 
 
 
 
 
 
 
 سوپر مسی ، ترکیبی ممتاز از کلمبیا و اتیوپی . قهوه ای غنی با طعم یاد های عصاره نارنگی ، نیبز کاکائو ، فندق و بادام تازه . 
 تجربه ای منحصر به فرد و یادآور قهوه های اسپشیالتی ( کیفی"
MeCafe Roasters,قهوه کلاسیک ۱۰۰ درصد روبوستا شش کیلوگرمی,,,,,6000,14340000,239000.0,,True,قهوه روبوستا; قهوه های کلاسیک,https://mecafe.me/product/classic-coffee-100-robusta/,"دسته بندی  : قهوه ترکیبی، قهوه ربوستا 
  خاستگاه  : آسیا، آفریقا 
  مناسب برای  : اسپرسو 
  وزن خالص  : شش کیلوگرم 
  میزان کافئین  : زیاد 
  تلخی  : متوسط رو به بالا 
  بادی  : سنگین و زیاد 
  درجه رست  : مدیوم دارک 
  طعم یادها  : آجیل برشته شده، شکلات تلخ، وانیلی، ‌میوه‌های خشک"
MeCafe Roasters,قهوه کلاسیک ۷۰-۳۰ روبوستا شش کیلوگرمی,,,,,6000,16470000,274500.0,,True,قهوه ترکیبی; قهوه روبوستا; قهوه های کلاسیک,https://mecafe.me/product/classic-coffee-70-30/,"دسته بندی  : قهوه ترکیبی، ۷۰٪ ربوستا و ۳۰٪ عربیکا 
  خاستگاه  : آسیا، آفریقا 
  مناسب برای  : اسپرسو 
  وزن خالص  : شش کیلوگرم 
  میزان کافئین  : زیاد 
  تلخی  : متوسط 
  بادی  : سنگین 
  درجه رست  : مدیوم دارک 
  طعم یادها  : آجیل برشته شده، شکلات تلخ، ادویه ای، ‌میوه‌ ای ملایم"
MeCafe Roasters,قهوه کلاسیک ۵۰-۵۰ شش کیلوگرمی,,,,,6000,18600000,310000.0,,True,قهوه ترکیبی; قهوه های کلاسیک,https://mecafe.me/product/classic-coffee-50-50/,"دسته بندی  : قهوه ترکیبی، ۵۰٪ ربوستا و ۵۰٪ عربیکا 
  خاستگاه  : آسیا، آفریقا 
  مناسب برای  : اسپرسو 
  وزن خالص  : شش کیلوگرم 
  میزان کافئین  : متوسط رو به بالا 
  تلخی  : متوسط رو به ملایم 
  بادی  : متوسط رو به بالا 
  اسیدیته  : ملایم به سمت میوه های هسته دار 
  درجه رست  : مدیوم دارک 
  طعم یادها  : آجیلی، شکلات تلخ، کارامل، ‌میوه‌ ای"
MeCafe Roasters,ست دریپر و سرور سرامیکی,,,,,,3600000,,,True,اکسسوری قهوه,https://mecafe.me/product/dripper-and-server/,"ست دریپر و سرور سرامیکی 
 مناسب برای دم‌آوری قهوه به روش دمی (Pour Over) 
 مناسب استفاده در خانه، کافه و باریستاهای حرفه‌ای 
 طراحی استاندارد برای عصاره‌گیری یکنواخت 
 قابل استفاده با فیلترهای کاغذی استاندارد 
 جنس مقاوم در برابر حرارت و استفاده روزمره"
MeCafe Roasters,فنجان اسپرسو,,,,,,245000,,,True,اکسسوری قهوه,https://mecafe.me/product/espresso-cup/,"مناسب سرو اسپرسو و دبل اسپرسو 
 ساخته شده از سرامیک باکیفیت و مقاوم 
 حفظ دمای نوشیدنی برای مدت بیشتر 
 طراحی ارگونومیک با دسته خوش‌دست 
 قابل استفاده در کافه، رستوران و منزل 
 مناسب برای علاقه‌مندان به قهوه و باریستاها"
MeCafe Roasters,قهوه دمی تخصصی اتیوپی گوجی داینامیک شاکیسو گیگسا,Ethiopia,,Medium,,250.0,3411765,1364706.0,,True,دمی تخصصی; قهوه عربیکا,https://mecafe.me/product/ethiopia-guji-dynamic-shakiso-gigesa/,"قهوه تخصصی اتیوپی گوجی شکیسو گیگسا  
  دهکده شکیسو گیگسا در منطقه‌ی گوجی، یکی از مرتفع‌ترین و اصیل‌ترین مناطق کشت قهوه در اتیوپی است. شکیسو گیگسا با ارتفاع  ۱۹۰۰ تا ۲۱۹۰ متر  از سطح دریا، شرایط اقلیمی بسیار ایده‌آلی برای پرورش و رشد قهوه  عربیکا  دارد.  
  هوای خنک کوهستانی، باران‌های منظم، مه صبحگاهی و خاک‌های سرشار از مواد آلی، همگی بستر شکل‌گیری دانه‌هایی با تراکم بالا، ترکیبات عطری پیچیده و شی"
MeCafe Roasters,سمپل کلمبیا گیشا لاویلا میکرولات,Colombia,,,,,500000,,,False,سمپل باکس قهوه,https://mecafe.me/product/%d8%b3%d9%85%d9%be%d9%84-%da%a9%d9%84%d9%85%d8%a8%db%8c%d8%a7-%da%af%db%8c%d8%b4%d8%a7-%d9%84%d8%a7-%d9%88%db%8c%d9%84%d8%a7-%d9%85%db%8c%da%a9%d8%b1%d9%88%d9%84%d8%a7%d8%aa/,"جهت خرید عمده 👈   دان قهوه تخصصی کلمبیا گیشا لاویلا   
 &nbsp;"
MeCafe Roasters,سمپل کلمبیا مدلین قیما آناروبیک,Colombia,,,,,450000,,,False,سمپل باکس قهوه,https://mecafe.me/product/%d8%b3%d9%85%d9%be%d9%84-%da%a9%d9%84%d9%85%d8%a8%db%8c%d8%a7-%d9%85%d8%af%d9%84%db%8c%d9%86-%d9%82%db%8c%d9%85%d8%a7/,"لینک خرید عمده 👈   دان قهوه تخصصی کلمبیا مدلین قیما نچرال آناروبیک   
 
 &nbsp;"
MeCafe Roasters,سمپل اتیوپی یرگاچف نچرال آناروبیک,Ethiopia,Natural,,,,500000,,,False,سمپل باکس قهوه,https://mecafe.me/product/%d8%b3%d9%85%d9%be%d9%84-%d8%a7%d8%aa%db%8c%d9%88%d9%be%db%8c-%db%8c%d8%b1%da%af%d8%a7%da%86%d9%81-%d9%86%da%86%d8%b1%d8%a7%d9%84-%d8%a2%d9%86%d8%a7%d8%b1%d9%88%d8%a8%db%8c%da%a9/,"لینک خرید عمده 👈  دان قهوه تخصصی اتیوپی یرگاچف نچرال آناروبیک   
 &nbsp;"
MeCafe Roasters,سمپل اتیوپی گشا نچرال,Ethiopia,Natural,,,,200000,,,False,سمپل باکس قهوه,https://mecafe.me/product/%d8%b3%d9%85%d9%be%d9%84-%d8%a7%d8%aa%db%8c%d9%88%d9%be%db%8c-%da%af%d8%b4%d8%a7-%d9%86%da%86%d8%b1%d8%a7%d9%84/,
MeCafe Roasters,دان قهوه تخصصی کلمبیا گیشا لاویلا 250 گرمی,Colombia,Natural,Medium,Whole bean,250.0,2294000,917600.0,,False,دمی تخصصی; قهوه عربیکا,https://mecafe.me/product/colombia-geisha-lavila-microlot/,"اقلیم و آب‌وهوای کلمبیا گیشا لا ویلا   
   قهوه گیشا لا ویلا  در ارتفاع حدود  1720  متر بالاتر از سطح دریا در منطقه لا ویلا (La Villa) کلمبیا کشت می‌شود. این منطقه به‌عنوان یکی از قطب‌های تولید قهوه تخصصی جهان شناخته می‌شود. اقلیم استوایی، خاک‌های آتشفشانی غنی از مواد معدنی و رطوبت متعادل باعث شده‌اند که قهوه‌های این منطقه دارای ساختار طعمی پیچیده و اسیدیته درخشان باشند.  
 در کنار این عوامل تغییر"
MeCafe Roasters,دان قهوه تخصصی کلمبیا مدلین قیما نچرال آناروبیک,Colombia,Natural,Medium,Whole bean,250.0,1647000,658800.0,,False,دمی تخصصی; قهوه عربیکا,https://mecafe.me/product/colombia-medelin-qima-anaerobic/,"قهوه تخصصی کلمبیا مدلین &#8211; میکرولات قیما 
 شرکت  قهوه قیما (Qima Coffee)  توسط فریس شیبانی، کارآفرین یمنی‌تبار، با مأموریت کشف و احیای گونه‌های کمیاب و فرآوری‌های نوآورانه قهوه تأسیس شد. پس از موفقیت در پروژه‌های توسعه و حفظ تنوع ژنتیکی قهوه یمن، فعالیت خودش را به کلمبیا گسترش داد تا همان استانداردهای کیفی، دقت در فرآوری و همکاری منصفانه با کشاورزان محلی را در این سرزمین پیاده کند. نتیجه این "
MeCafe Roasters,قهوه تخصصی اتیوپی یرگاچف نچرال آناروبیک,Ethiopia,Natural,Medium,,250.0,2212000,884800.0,,False,دمی تخصصی; قهوه عربیکا,https://mecafe.me/product/ethiopia-yirgacheffe-anaerobic/,"خرید قهوه اتیوپی یرگاچف نچرال آناروبیک 
 اگر به دنبال خرید قهوه اتیوپی یرگاچف با طعمی منحصربه‌فرد و پیچیده هستید، قهوه اتیوپی یرگاچف نچرال آناروبیک می‌کافه انتخابی عالی است. این قهوه تخصصی با فرآوری Natural Anaerobic Fermentation و برداشت از ارتفاعات ۱۸۰۰ تا ۱۹۶۰ متر در قلب یرگاچف، تجربه‌ای عمیق و چندلایه از طعم و عطر را در فنجان شما خلق می‌کند. 
 قهوه یرگاچف از شناخته‌شده‌ترین خاستگاه‌های جهان اس"
MeCafe Roasters,قهوه تک خاستگاه اتیوپی یرگاچف گبد 250 گرمی,Ethiopia,,Medium,,250.0,800000,320000.0,,False,اسپرسو تخصصی; قهوه های اسپرسو; لاین های قهوه,https://mecafe.me/product/ethiopia-yirgacheffe-coffee-250gr/,"قهوه تک خاستگاه اتیوپی یرگاچف 250 گرمی 
 منطقه یرگاچف در جنوب اتیوپی بخشی از منطقه‌ی شاخ آفریقا، یکی از مرتفع‌ترین نواحی کشت قهوه در جهان است. این ناحیه با ارتفاعی بین  1900 تا 1950 متر  از سطح دریا، شرایط اقلیمی خاصی دارد که برای پرورش    قهوه عربیکای تخصصی    ایده‌آل است. بارندگی مناسب، خاک آتشفشانی غنی از مواد آلی، دامنه‌های کوهستانی و تغییرات دمایی روز و شب محیطی عالی برای بروز عطرها و طعم‌یاد"
MeCafe Roasters,سمپل السالوادور پورتیلو آناروبیک,El Salvador,,,,,450000,,,False,سمپل باکس قهوه,https://mecafe.me/product/%d8%b3%d9%85%d9%be%d9%84-%d8%a7%d9%84%d8%b3%d8%a7%d9%88%d8%a7%d8%af%d9%88%d8%b1-%d9%be%d9%88%d8%b1%d8%aa%db%8c%d9%84%d9%88/,
MeCafe Roasters,سمپل کاستاریکا پالمیچال,Costa Rica,,,,,400000,,,False,سمپل باکس قهوه,https://mecafe.me/product/%d8%b3%d9%85%d9%be%d9%84-%da%a9%d8%a7%d8%b3%d8%aa%d8%a7%d8%b1%db%8c%da%a9%d8%a7-%d9%be%d8%a7%d9%84%d9%85%db%8c%da%86%d8%a7%d9%84/,
MeCafe Roasters,سمپل کلمبیا لئوپارد آناروبیک,Colombia,,,,,169000,,,False,سمپل باکس قهوه,https://mecafe.me/product/%d8%b3%d9%85%d9%be%d9%84-%da%a9%d9%84%d9%85%d8%a8%db%8c%d8%a7-%d9%84%d8%a6%d9%88%d9%be%d8%a7%d8%b1%d8%af-2/,
MeCafe Roasters,سمپل رواندا کاوانیور,Rwanda,,,,,123000,,,True,سمپل باکس قهوه,https://mecafe.me/product/%d8%b3%d9%85%d9%be%d9%84-%d8%b1%d9%88%d8%a7%d9%86%d8%af%d8%a7-%da%a9%d8%a7%d9%88%d8%a7%d9%86%db%8c%d9%88%d8%b1/,
MeCafe Roasters,قهوه تخصصی السالوادور پورتیلو 250 گرمی,El Salvador,,Medium,,250.0,1770000,708000.0,,False,دمی تخصصی; قهوه عربیکا,https://mecafe.me/product/el-salvador-portillo/,"قهوه تخصصی السالوادور پورتِیلو  
  قهوه السالوادور پورتِیلو از منطقه‌ی سانتا آنا (SANTA ANA) در السالوادور می‌آید؛ منطقه‌ای کوهستانی و حاصل‌خیز که در دامنه آتشفشان‌هایی خاموش قرار گرفته است. این قهوه در ارتفاعی بین 900 تا 1200 متر از سطح دریا کشت می‌شود که باعث رشد آهسته‌تر گیلاس‌های قهوه و در نتیجه تمرکز بیشتر قندها در دانه می‌شود. خاک این نواحی، خاک آتشفشانی غنی و پوک است که رطوبت و مواد معدنی ر"
MeCafe Roasters,قهوه تخصصی رواندا کاوانیور یک کیلوگرمی,Rwanda,Washed,Medium,,1000,2040000,204000.0,,False,اسپرسو تخصصی; دمی تخصصی,https://mecafe.me/product/rwanda-kava-noir-1kg/,"قهوه اسپشیالیتی رواندا کاوانیور یک کیلوگرمی  
 قهوه رواندا کاوانیور از نواحی مرتفع و حاصلخیز رواندا در آفریقای شرقی، به‌ویژه در ارتفاعات ۱۷۰۰ تا ۲۰۰۰ متری از سطح دریا پرورش می‌یابد. اقلیم استوایی با بارندگی متعادل، تابش منظم خورشید و خاک آتشفشانی غنی شرایط مساعدی را برای پرورش دانه‌های قهوه عربیکای با کیفیت ایجاد می‌کند. 
  در این منطقه، اختلاف دمای شب و روز موجب رشد کندتر گیاه قهوه می‌شود که این "
MeCafe Roasters,قهوه تخصصی کاستاریکا پالمیچال 250 گرمی,Costa Rica,Natural,Medium,,250.0,1200000,480000.0,,False,دمی تخصصی,https://mecafe.me/product/costa-rica-palmichal/,"قهوه تخصصی کاستاریکا پالمیچال  
 روستای پالمیچال در استان سن خوزه (San jose) از کشور کاستاریکا قرار دارد، به‌عنوان یکی از مشهورترین خاستگاه‌های قهوه تخصصی در آمریکای لاتین شناخته می‌شود. قهوه های گونه Caturra و Catuai در پالمیچال تولید می شود مرکبات نیز در این منطقه کشت می شود اما قهوه اصلی ترین محصول اقتصادی پالمیچال است، این منطقه با ارتفاعی بین ۱۵۰۰ تا ۱۶۰۰ متر از سطح دریا، اقلیم کوهستانی مرطوب"
MeCafe Roasters,قهوه تخصصی رواندا کاوانیور 250 گرمی,Rwanda,Washed,Medium,,250.0,520000,208000.0,,False,اسپرسو تخصصی; دمی تخصصی,https://mecafe.me/product/rwanda-kava-noir-250gr/,"قهوه تخصصی رواندا کاوانیور 250 گرمی  
  قهوه رواندا کاوانیور از نواحی مرتفع و حاصلخیز   رواندا در آفریقای شرقی  ، به‌ویژه در ارتفاعات  ۱۷۰۰ تا ۲۰۰۰  متری از سطح دریا پرورش می‌یابد. اقلیم استوایی با بارندگی متعادل، تابش منظم خورشید و خاک آتشفشانی غنی شرایط مساعدی را برای پرورش دانه‌های قهوه عربیکای با کیفیت ایجاد می‌کند.  
  در این منطقه، اختلاف دمای شب و روز موجب رشد کندتر گیاه قهوه می‌شود که این "
MeCafe Roasters,دان قهوه تخصصی کلمبیا پوما 250 گرم,Colombia,Washed,Medium,Whole bean,250.0,445000,178000.0,,False,اسپرسو تخصصی; قهوه های اسپرسو; لاین های قهوه,https://mecafe.me/product/colombia-puma-specialty-coffee-250gr/,"قهوه تخصصی کلمبیا پوما 250 گرم 
  قهوه کلمبیا پوما  یک قهوه تخصصی تک خاستگاه از سرزمین  کوئیندیو (Quindio)  در دامنه رشته کوه های آند در کلمبیا واقع شده است. این منطقه کوهستانی با ارتفاع  1480 تا 1800 متر  بالاتر   از سطح دریا به عنوان یکی از مهمترین مناطق تولید قهوه کلمبیا شناخته می‌شود. قهوه نقش مهمی در اقتصاد کوئیندیو ایفا می‌کند و به عنوان یکی از اصلی‌ترین محصولات زراعی و صادراتی این منطقه شنا"
MeCafe Roasters,دان قهوه تخصصی اتیوپی گشا نچرال 120 گرمی,Ethiopia,Natural,Medium,Whole bean,120.0,230000,191667.0,,False,اسپرسو تخصصی; دمی تخصصی,https://mecafe.me/product/ethiopia-gesha-natural-120-gr/,"دان قهوه تخصصی اتیوپی گشا نچرال 120 گرمی 
 قهوه تک خاستگاه گشا یکی از بهترین،  پر رایحه ترین و فلورال‌ترین  نمونه‌های قهوه در منطقه اتیوپی است. منطقه گشا در شمال غربی اتیوپی قرار دارد جایی که ارتفاعات بلند، خاک غنی و اقلیم معتدل قهوه‌ای بی‌نظیر را پرورش می‌دهد. کشاورزان گشا غالباً از روش های سنتی که نسل به نسل به آنها رسیده است برای کاشت و برداشت قهوه بهره می‌برند، و توجه کامل به جزئیات در فرآیند "
MeCafe Roasters,دان قهوه تخصصی اتیوپی گشا نچرال 250 گرمی,Ethiopia,Natural,Medium,Whole bean,250.0,735000,294000.0,,False,اسپرسو تخصصی; دمی تخصصی,https://mecafe.me/product/ethiopia-gesha-natural-250-gr/,"دان قهوه تخصصی اتیوپی گشا نچرال 250 گرمی 
 قهوه تک خاستگاه گشا یکی از بهترین،  پر رایحه ترین و فلورال‌ترین  نمونه‌های قهوه در منطقه اتیوپی است. جایی که ارتفاعات بلند، خاک غنی و اقلیم معتدل قهوه‌ای بی‌نظیر را پرورش می‌دهد. کشاورزان گشا غالباً از روش های سنتی که نسل به نسل به آنها رسیده است برای کاشت و برداشت قهوه بهره می‌برند، و توجه کامل به جزئیات در فرآیند کاشت و برداشت، تضمین‌کننده کیفیت استثنای"
MeCafe Roasters,دان قهوه تک خاستگاه کلمبیا آندس 250 گرمی,Colombia,Natural,Medium,Whole bean,250.0,550000,220000.0,,False,اسپرسو تخصصی,https://mecafe.me/product/colombia-andes-coffee-250-gr/,قهوه تک خاستگاه کلمبیا آندس قهوه‌ای است که خاستگاه و تولید آن صرفاً در منطقه کوهستانی آندس در کشور کلمبیا است. کوه‌های آندس در کلمبیا، بخشی از بلندترین رشته‌کوه‌های جهان هستند که از جنوب به شمال آمریکای جنوبی کشیده شده‌اند. این ناحیه به دلیل شرایط آب و هوای معتدل، همراه با بارندگی مناسب و دمای ایده‌آل (بین 18 تا 24 درجه سانتیگراد)، ارتفاع 1600 تا 1800 متر بالاتر از سطح دریا و خاک‌ آتشفشانی که غنی 
MeCafe Roasters,قهوه ترکیبی اپتیموم 100% پریمیوم عربیکا یک کیلوگرمی,Ethiopia,Natural,Medium,,1000,5435294,543529.0,,True,قهوه عربیکا; قهوه های اسپرسو; لاین عربیکا پریمیوم; لاین های قهوه,https://mecafe.me/product/optimum-100-arabica-coffee/,"قهوه ترکیبی اپتیموم 100% پریمیوم عربیکا 
 این محصول از ترکیب دقیق دانه‌های قهوه عربیکا اتیوپی، قهوه عربیکا کلمبیا و سایر خاستگاه‌های ممتاز آمریکای لاتین تهیه شده است. فرآیند برشته‌کاری مدیوم (Medium Roast) و کنترل کیفیت دقیق در هر مرحله منجر به خلق فنجانی متعادل، شیرین و خوش‌عطر شده است. 
 مزایای قهوه 100% عربیکا اپتیموم 
 مهم ترین مزایای این محصول شامل: 
 
 کیفیت پریمیوم با قیمت اقتصادی؛ 
 طعمی م"
MeCafe Roasters,سمپل گوجی هامبلا دابایا,,,,,,400000,,,False,سمپل باکس قهوه,https://mecafe.me/product/%d8%b3%d9%85%d9%be%d9%84-%da%af%d9%88%d8%ac%db%8c-%d9%87%d8%a7%d9%85%d8%a8%d9%84%d8%a7-%d8%af%d8%a7%d8%a8%d8%a7%db%8c%d8%a7/,
MeCafe Roasters,سمپل کلمبیا تامارا,Colombia,,,,,90000,,,False,سمپل باکس قهوه,https://mecafe.me/product/%d8%b3%d9%85%d9%be%d9%84-%da%a9%d9%84%d9%85%d8%a8%db%8c%d8%a7-%d8%aa%d8%a7%d9%85%d8%a7%d8%b1%d8%a7/,
MeCafe Roasters,دان قهوه تخصصی کلمبیا پوما یک کیلوگرمی,Colombia,Washed,Medium,Whole bean,1000,1740000,174000.0,,False,اسپرسو تخصصی; قهوه های اسپرسو; لاین های قهوه,https://mecafe.me/product/colombia-puma-village/,"قهوه تخصصی کلمبیا پوما یک کیلوگرمی 
  قهوه کلمبیا پوما  یک قهوه تخصصی تک خاستگاه از سرزمین  کوئیندیو (Quindio)  در دامنه رشته کوه های آند در کلمبیا واقع شده است. این منطقه کوهستانی با ارتفاع  1480 تا 1800 متر  بالاتر   از سطح دریا به عنوان یکی از مهمترین مناطق تولید قهوه کلمبیا شناخته می‌شود. قهوه نقش مهمی در اقتصاد کوئیندیو ایفا می‌کند و به عنوان یکی از اصلی‌ترین محصولات زراعی و صادراتی این منطقه"
MeCafe Roasters,قهوه تخصصی اتیوپی گوجی هامبلا دابایا 250 گرمی,Ethiopia,Natural,Medium,,250.0,1530000,612000.0,,False,دمی تخصصی; قهوه عربیکا; لاین های قهوه,https://mecafe.me/product/ethiopia-guji-hambela-dabaye/,"قهوه تخصصی اتیوپی گوجی هامبلا دابایا 
  قهوه گوجی هامبلا دابایا ، یکی از بهترین و محبوب‌ترین محصولات منطقه‌ای در اتیوپی است. منطقه ی گوجی هامبلا دابایا در منطقه‌ای کوهستانی و سرسبز در اتیوپی واقع شده است. این منطقه به دلیل ارتفاع بالا، خاک غنی و آب‌وهوای معتدل، شرایط عالی وایده‌آلی را برای رشد درختان  قهوه عربیکا  فراهم می‌کند. کشاورزان گوجی، اغلب در مقیاس کوچک و با استفاده از روش‌های سنتی که نسل "
MeCafe Roasters,سمپل باکس قهوه می کافه,,,,,,250000,,,True,لاین های قهوه,https://mecafe.me/product/mecafe-coffee-sample-box/,https://mecafe.me/wp-content/uploads/2025/06/sample-coffee.mp4     سمپل باکس قهوه می کافه، شامل 55 گرم دان قهوه از لاین های فاین ربوستا، سبک ایتالیایی، عربیکا پریمیوم و اسپشیالیتی می کافه می باشد که می توانید هر یک را انتخاب کنید و با تست هر یک؛ در دنیای حیرت انگیز طعم های قهوه سفر کنید و شایسته ترین قهوه ها را برای کافه خود انتخاب کنید.
MeCafe Roasters,سمپل اتیوپی گوجی شکیسو گیگسا,Ethiopia,,,,,126000,,,False,سمپل باکس قهوه,https://mecafe.me/product/%d8%b3%d9%85%d9%be%d9%84-%d8%a7%d8%aa%db%8c%d9%88%d9%be%db%8c-%da%af%d9%88%d8%ac%db%8c-%d8%b4%da%a9%db%8c%d8%b3%d9%88-%da%af%db%8c%da%af%d8%b3%d8%a7/,
MeCafe Roasters,سمپل گواتمالا دل کوایسایا,Guatemala,,,,,120000,,,False,سمپل باکس قهوه,https://mecafe.me/product/%d8%b3%d9%85%d9%be%d9%84-%da%af%d9%88%d8%a7%d8%aa%d9%85%d8%a7%d9%84%d8%a7-%d8%af%d9%84-%da%a9%d9%88%d8%a7%db%8c%d8%b3%d8%a7%db%8c%d8%a7/,
MeCafe Roasters,سمپل کلمبیا آندس,Colombia,,,,,400000,,,True,سمپل باکس قهوه,https://mecafe.me/product/%da%a9%d9%84%d9%85%d8%a8%db%8c%d8%a7-%d8%a2%d9%86%d8%af%d8%b3/,
MeCafe Roasters,سمپل اتیوپی یرگاچف گبد,Ethiopia,,,,,250000,,,False,سمپل باکس قهوه,https://mecafe.me/product/%d8%b3%d9%85%d9%be%d9%84-%d8%a7%d8%aa%db%8c%d9%88%d9%be%db%8c-%db%8c%d8%b1%da%af%d8%a7%da%86%d9%81/,
MeCafe Roasters,سمپل میکسولوژی,,,,,,400000,,,True,سمپل باکس قهوه,https://mecafe.me/product/%d8%b3%d9%85%d9%be%d9%84-%d9%85%db%8c%da%a9%d8%b3%d9%88%d9%84%d9%88%da%98%db%8c/,لینک خرید عمده  قهوه میکسولوژی  می کافه
MeCafe Roasters,سمپل سوپر اسیدیتی,,,,,,350000,,,True,سمپل باکس قهوه,https://mecafe.me/product/%d8%b3%d9%85%d9%be%d9%84-%d8%b3%d9%88%d9%be%d8%b1-%d8%a7%d8%b3%db%8c%d8%af%db%8c%d8%aa%db%8c/,لینک خرید قهوه  سوپر اسیدیتی  برای کافه
MeCafe Roasters,سمپل اُپتیموم,,,,,,350000,,,True,سمپل باکس قهوه,https://mecafe.me/product/%d8%a7%d9%8f%d9%be%d8%aa%db%8c%d9%85%d9%88%d9%85/,
MeCafe Roasters,سمپل آروماتاچ,,,,,,325000,,,True,سمپل باکس قهوه,https://mecafe.me/product/%d8%b3%d9%85%d9%be%d9%84-%d8%a2%d8%b1%d9%88%d9%85%d8%a7%d8%aa%d8%a7%da%86/,لینک خرید   قهوه آروماتاچ برای کافه
MeCafe Roasters,سمپل بالانس,,,,,,300000,,,True,سمپل باکس قهوه,https://mecafe.me/product/%d8%b3%d9%85%d9%be%d9%84-%d8%a8%d8%a7%d9%84%d8%a7%d9%86%d8%b3/,
MeCafe Roasters,سمپل اکسترا کافئین 30%,,,,,,300000,,,True,سمپل باکس قهوه,https://mecafe.me/product/%d8%b3%d9%85%d9%be%d9%84-%d8%a7%da%a9%d8%b3%d8%aa%d8%b1%d8%a7-%da%a9%d8%a7%d9%81%d8%a6%db%8c%d9%86-30/,
MeCafe Roasters,سمپل اکسترا کافئین 20%,,,,,,275000,,,True,سمپل باکس قهوه,https://mecafe.me/product/%d8%b3%d9%85%d9%be%d9%84-%d8%a7%da%a9%d8%b3%d8%aa%d8%b1%d8%a7-%da%a9%d8%a7%d9%81%d8%a6%db%8c%d9%86-20/,
MeCafe Roasters,سمپل فاین ربوستا مدیوم ساید (بالک سرویس),,,Medium,,,250000,,,True,سمپل باکس قهوه,https://mecafe.me/product/%d8%b3%d9%85%d9%be%d9%84-%d9%81%d8%a7%db%8c%d9%86-%d8%b1%d8%a8%d9%88%d8%b3%d8%aa%d8%a7-%d9%85%d8%af%db%8c%d9%88%d9%85-%d8%b3%d8%a7%db%8c%d8%af-%d8%a8%d8%a7%d9%84%da%a9-%d8%b3%d8%b1%d9%88%db%8c%d8%b3/,
MeCafe Roasters,سمپل فاین ربوستا دارک ساید,,,Dark,,,250000,,,True,سمپل باکس قهوه,https://mecafe.me/product/%d8%b3%d9%85%d9%be%d9%84-%d9%81%d8%a7%db%8c%d9%86-%d8%b1%d8%a8%d9%88%d8%b3%d8%aa%d8%a7-%d8%af%d8%a7%d8%b1%da%a9-%d8%b3%d8%a7%db%8c%d8%af/,
MeCafe Roasters,قهوه تخصصی کلمبیا کاتورا لئوپارد لاکتوباسیلوس آناروبیک,Colombia,,Medium,,250.0,3352941,1341176.0,,True,اسپرسو تخصصی; دمی تخصصی; قهوه عربیکا; قهوه های اسپرسو,https://mecafe.me/product/colombia-caturra-leopard-lactobacillus-anaerobic-fermentation/,"قهوه کلمبیا کاتورا لئوپارد 
 کاتورا (Caturra) یک گونه‌ی قهوه عربیکاست که از جهش طبیعی قهوه بوربن (Bourbon) به وجود آمده است. این گونه در سال ۱۹۳۷ در برزیل کشف شد گونه کاتورا نسبت به سایر گونه های قهوه اندازه کوچکتری دارد. کاتورا در آمریکای مرکزی و کلمبیا و برزیل کشت می‌شود. 
 مزرعه‌ای که قهوه کاتورا لئوپارد در آن کشت می‌شود، در منطقه‌ی کائوکا (Cauca) در کشور کلمبیا واقع شده است؛ کائوکا یکی از مناط"
MeCafe Roasters,دان قهوه تخصصی اتیوپی گشا نچرال یک کیلوگرمی,Ethiopia,Natural,Medium,Whole bean,1000.0,1690000,169000.0,,False,اسپرسو تخصصی; دمی تخصصی,https://mecafe.me/product/ethiopia-gesha-natural-1000-gr/,"دان قهوه تخصصی اتیوپی گشا نچرال یک کیلوگرمی 
 قهوه تک خاستگاه گشا یکی از بهترین،  پر رایحه ترین و فلورال‌ترین  نمونه‌های قهوه در منطقه اتیوپی است. منطقه گشا در شمال غربی اتیوپی قرار دارد جایی که ارتفاعات بلند، خاک غنی و اقلیم معتدل قهوه‌ای بی‌نظیر را پرورش می‌دهد. کشاورزان گشا غالباً از روش های سنتی که نسل به نسل به آنها رسیده است برای کاشت و برداشت قهوه بهره می‌برند، و توجه کامل به جزئیات در فرآی"
MeCafe Roasters,قهوه تخصصی گواتمالا اِل رِتیرو دِل کُیسـایا,Guatemala,Natural,Medium,,250.0,715000,286000.0,,False,دمی تخصصی; قهوه عربیکا,https://mecafe.me/product/guatemala-el-retiro-del-quisaya/,"قهوه تخصصی گواتمالا اِل رتیرو دل کیسایا 
 قهوه تخصصی و تک مزرعه گواتمالا اِل رتیرو دل کیسایا از منطقه‌ای کوهستانی با ارتفاع بالا در کشور گواتمالا برداشت می‌شود. منطقه  اِل رتیرو دل کویسایا  (El Retiro del Quisaya) یک منطقه روستایی و بکر در گواتمالاست ارتفاع این منطقه حدود  1720 تا 1750 متر  بالاتر از سطح دریاست و دارای جنگل ها و مراتع سرسبز می باشد. این منطقه به دلیل خاک غنی و شرایط آب و هوایی اید"
MeCafe Roasters,پودر چای ماسالا لایت (دارچین غالب),,,Light,Ground,1500.0,2200000,146667.0,,True,لاین پودرهای فوری,https://mecafe.me/product/chai-masala-light-powder/,"چای ماسالا تولیدی در مي کافة، در دو تیپ ماسالا لایت (ملایم) و ماسالا اسپایسی (تند) ارائه می گردد&#8230; 
تندی و ادویه ای بودن ماسالا اسپایسی به دلیل غالب بودن مقدار زنجبیل به نسبت دارچین بوده&#8230; و چای ماسالا لایت مقدار دارچین بیشتری به نسبت زنجبیل دارد. 
 بهبود دهنده هایی که در فرمول چای ماسالا به کار برده شده موجب افزایش حجم و مدت زمان قوام نوشیدنی در فنجان شده است، همچنین بالانس طعمی آن به س"
MeCafe Roasters,پودر فوری هات چاکلت پریمیوم دو کیلوگرمی,,,,Ground,2000,3235300,161765.0,,True,لاین پودرهای فوری,https://mecafe.me/product/hot-chocolate-premium-powder/,"هات چاکلت پریمیوم ۷۵%، ترکیبی هیجانی است با طعم تلخی ملایم کاکائو که تمامی فرایند تولید شکلات را طی کرده، بطوری که کره کاکائو، پودر کاکائو با پودر شکر ترکیب شده، شیرینی ملایمی پیدا کرده و پس از طی فرایند تولید، تمامی ذرات به صورت بسیار نرم آسیاب گردیده اند. 
 آنچه عطر و طعم و بافت غلیظی به این محصول داده است، کره کاکائو طبیعی کاکائو آلکالایزد و پودر کاکائو با پروسه هلندی از بهترین کاکائوهای دنیا م"
MeCafe Roasters,هات وایت چاکلت (پودر شکلات سفید),,,,Ground,400.0,647000,161750.0,,True,لاین پودرهای فوری,https://mecafe.me/product/white-hot-chocolate-powder/,"پودر هات وایت چاکلت محصولی است که از میوه کاکائو، فقط کره کاکائو را دارد و با وانیل، فراورده شیر و پودر شکر ترکیب و به صورت بسیار نرم آسیاب گردیده اند. در هنگام نوشیدن این ترکیب متوازن، از رایحه ای هوش نواز، طعمی دلچسب با شیرینی متوسط، رنگ کاملا سفید و بافت بسیار غلیظ آن، لذت وافر می برید! همچنین آیتم بسیار جذابی برای تولید نوشیدنی های ترکیبی کافه شماست. 
 هات وایت چاکلت چیست؟ 
 این نوشیدنی گرم، ن"
MeCafe Roasters,قهوه ترکیبی دارک ساید 100% فاین ربوستا یک کیلوگرمی,,Natural,Medium,,1000,3347059,334706.0,,True,فاین ربوستا; قهوه روبوستا; قهوه های اسپرسو,https://mecafe.me/product/100percent-fine-robusta-dark-side-blend-coffee/,از سال ۲۰۱۰ سیستمی طراحی شده تا قهوه کانفورا با شرایط بسیار بهتر کاشته، فرآوری و گریدینگ شود. هدف از این فرایند، رسیدن به طعم‌های تلخِ معنی‌دار و واضح مانند آجیلی، شکلاتی و ادویه‌ای در کنار کافئین بالاست؛ محصول نهایی در کلاس جهانی با نام فاین ربوستا (Fine Robusta) شناخته می‌شود. در حقیقت  فاین ربوستا ، عالی ترین درجه کیفی ربوستا هست که توسط R Grader که دارای گواهینامه CQI هست، درجه بندی شده و با ر
MeCafe Roasters,قهوه ترکیبی بالک سرویس 100% فاین ربوستا یک کیلوگرمی,,Natural,Medium,,1000,3347059,334706.0,,True,فاین ربوستا; قهوه روبوستا; قهوه های اسپرسو,https://mecafe.me/product/100percent-fine-robusta-bulk-service-medium-side-blend-coffee/,از سال 2010 سیستمی فراهم شده که قهوه کانفورا با شرایط بهتری کاشت، فرآوری و گریدینگ شود تا به طعم های تلخ معنی دار و واضح تری مانند آجیلی، شکلاتی و ادویه ای در کنار کافئین بالا دسترسی داشته باشیم که به در کلاس جهانی &#8220;فاین ربوستا&#8221; نامیده میشود. در حقیقت فاین ربوستا، عالی ترین درجه کیفی ربوستا هست که توسط R Grader که دارای گواهینامه CQI هست، درجه بندی شده و با رعایت رویه استاندارد CQI و S
MeCafe Roasters,پودر فوری کاپوچینو سوپرکرما یک کیلوگرمی,,,,Ground,1000,1647000,164700.0,,True,لاین پودرهای فوری,https://mecafe.me/product/cappuccino-super-cerema-powder/,"کاپوچینو یکی از معروف ترین نوشیدنی‌های بر پایه قهوه و شیر جهان به‌شمار می‌آید، کاپوچینو در حقیقت یک نوشیدنی اصیل ایتالیایی است. این محصول پودری، ترکیبی از قهوه فوری، شیر، شکر و از مکمل های آن می توان به فومر، وانیل، کارامل و پودر کره هلندی اشاره کرد. با کافئین، پروتئین و کلسیم موجود در این نوشیدنی، سطح انرژی بالا و در کنار بافت غلیظ و رایحه هوش نواز آن، لذت وافری را تجربه خواهید کرد.   
  وزن خالص"
MeCafe Roasters,قهوه ترکیبی اکسترا کافئین 80% فاین ربوستا و 20% عربیکا پریمیوم,Ethiopia,Natural,Medium,,1000,3694118,369412.0,,True,ربوستا سبک ایتالیایی; سبک ایتالیایی; قهوه ترکیبی; قهوه روبوستا; قهوه های اسپرسو,https://mecafe.me/product/extra-caffeine-80percent-fine-robusta-blend-coffee/,"قهوه ترکیبی 80% فاین ربوستا و 20% عربیکا پریمیوم  
 قهوه یکی از محبوب‌ترین نوشیدنی‌های جهان است که در سبک‌ها و ترکیب‌های مختلف عرضه می‌شود. در میان این تنوع قهوه ترکیبی 80% روبوستا و 20% عربیکا یا همان قهوه ترکیبی اکسترا کافئین جایگاه ویژه‌ای دارد. این ترکیب برای کسانی ساخته شده که به دنبال کافئین بالا، تنواری زیاد و طعمی اصیل و کلاسیک هستند. 
 لاین اکسترا کافئین با الهام از فرمول‌های سنتی ایتالیا"
MeCafe Roasters,پودر چای ماسالا اسپایسی (زنجبیل غالب),,,,Ground,1500.0,2223500,148233.0,,True,لاین پودرهای فوری,https://mecafe.me/product/chai-masala-spice-powder/,"چای ماسالا تولیدی در مي کافة، در دو تیپ ماسالا لایت (ملایم) و ماسالا اسپایسی (تند) ارائه می گردد&#8230; 
تندی و ادویه ای بودن ماسالا اسپایسی به دلیل غالب بودن مقدار زنجبیل به نسبت دارچین بوده&#8230; و چای ماسالا لایت مقدار دارچین بیشتری به نسبت زنجبیل دارد. 
 بهبود دهنده هایی که در فرمول چای ماسالا به کار برده شده موجب افزایش حجم و مدت زمان قوام نوشیدنی در فنجان شده است، همچنین بالانس طعمی آن به س"
MeCafe Roasters,قهوه ترکیبی اکسترا کافئین 70% فاین روبوستا و 30% عربیکا پریمیوم,Colombia,Washed,Medium,,1000,3752941,375294.0,,True,ربوستا سبک ایتالیایی; سبک ایتالیایی; قهوه ترکیبی; قهوه روبوستا; قهوه های اسپرسو,https://mecafe.me/product/extra-caffeine-70percent-fine-robusta-blend-coffee/,"قهوه 70 &#8211; 30 چیست؟ 
 قهوه 70 30 به ترکیبی از ۷۰٪ روبوستا و ۳۰٪ عربیکا گفته می‌شود که برای ایجاد اسپرسویی پرقدرت، پرکافئین و کرمادار طراحی شده است. در این ترکیب، روبوستا باعث افزایش بادی، کافئین و ایجاد کرمای غلیظ در فنجان می‌شود، در حالی که عربیکا عطر، لطافت و پیچیدگی طعمی بیشتری به قهوه اضافه می‌کند. نتیجه این ترکیب، قهوه‌ای با تلخی متعادل، انرژی بالا و طعمی کلاسیک است که برای اسپرسو، لاته "
MeCafe Roasters,قهوه ترکیبی بالانس 50% عربیکا پریمیوم و 50% فاین ربوستا,Ethiopia,Natural,Medium,,1000,4117647,411765.0,,True,سبک ایتالیایی; عربیکا سبک ایتالیایی; قهوه ترکیبی; قهوه های اسپرسو,https://mecafe.me/product/balance-50percent-premium-arabica-blend-coffee/,"قهوه 50 50 چیست؟ 
 قهوه 50 50 یا ترکیب ۵۰٪ عربیکا و ۵۰٪ روبوستا، یکی از محبوب‌ترین بلندهای اسپرسو است که در آن عطر و طعم متعادل عربیکا با کرما، کافئین و بادی قوی روبوستا ترکیب می‌شود. این نوع قهوه طعمی بالانس، تلخی ملایم، کرمای بالا و کافئین متوسط رو به زیاد دارد و انتخابی ایده‌آل برای اسپرسو، لاته و کاپوچینو محسوب می‌شود. 
 ویژگی های طعمی قهوه ۵۰٪ عربیکا ۵۰٪ روبوستا 
 مهم‌ترین ویژگی‌های این محصول"
MeCafe Roasters,قهوه ترکیبی آروماتاچ 80% عربیکا پریمیوم و 20% فاین ربوستا,Ethiopia,Natural,Medium,,1000,4941176,494118.0,,True,سبک ایتالیایی; عربیکا سبک ایتالیایی; قهوه ترکیبی; قهوه عربیکا; قهوه های اسپرسو,https://mecafe.me/product/aroma-touch-80percent-premium-arabica/,"قهوه ترکیبی 80% عربیکا و 20% روبوستا  
 قهوه ترکیبی 80% عربیکا و 20% روبوستا، یکی از محبوب‌ترین ترکیبات میان باریستاها و کافه‌داران حرفه‌ای است. این ترکیب با تکیه بر لطافت و عطر عربیکا و قدرت و کرمای فاین روبوستا، تجربه‌ای متعادل و کلاسیک از قهوه را در فنجان شما خلق می‌کند. این سبک ایتالیایی با اسیدیته ملایم، تلخی دلپذیر و طعم یادهای شکلاتی و آجیلی گزینه‌ای ایده‌آل برای طرفداران اسپرسو و لاته‌آرت "
MeCafe Roasters,قهوه ترکیبی مُدِریت اسیدیتی 100% پریمیوم عربیکا,Ethiopia,Natural,Medium,,1000,930000,93000.0,,False,قهوه های اسپرسو; لاین عربیکا پریمیوم; لاین های قهوه,https://mecafe.me/product/moderate-acidity-100percent-premium-arabica-blend-coffee/,قهوه های ترکیبی 100% عربیکا پریمیوم به صورت تخصصی برشته کاری شده و در مراحل بعدی دیفکت ها یا همان دان های معیوب جداسازی و به شیوه ماهرانه ای ترکیب شده است، به نحوی که در مراحل اولیه ارزیابی امتیازی نزدیک به قهوه های تخصصی را کسب می کند و قیمت بسیار اقتصادی تری برای اسپرسو بار کافه شما دارد. دیگر ویژگی مثبت این لاین، دستیابی به یک فنجان با اسیدیته شیرین و بالانس بر خلاف اسیدته های ترش و زننده می با
MeCafe Roasters,قهوه ترکیبی سوپر اسیدیتی 100% پریمیوم عربیکا,Ethiopia,Natural,Medium,,1000,5494118,549412.0,,True,قهوه عربیکا; قهوه های اسپرسو; لاین عربیکا پریمیوم; لاین های قهوه,https://mecafe.me/product/super-acidity-100percent-premium-arabica-blend-coffee/,"قهوه ترکیبی سوپر اسیدیتی 100% پریمیوم عربیکا 
 قهوه ترکیبی سوپر اسیدیتی 100% پریمیوم عربیکا یکی از خاص‌ترین و محبوب‌ترین ترکیبات دنیای قهوه است که به‌صورت تخصصی برشته‌کاری شده و پس از جداسازی کامل دان‌های معیوب قهوه، با دقت بسیار زیاد ترکیب شده است. نتیجه‌ی این فرآیند قهوه‌ای با طعمی متعادل، اسیدیته‌ای شیرین و قیمتی اقتصادی برای باریستاها و کافه‌داران حرفه‌ای است. این ترکیب با هدف ایجاد تجربه‌ای ن"
MeCafe Roasters,دان قهوه تک خاستگاه کلمبیا آندس یک کیلوگرمی,Colombia,,Medium,Whole bean,1000,5823529,582353.0,,True,اسپرسو تخصصی; قهوه عربیکا; قهوه های اسپرسو; لاین های قهوه,https://mecafe.me/product/colombia-andes-coffee-1000-gr/,قهوه تک خاستگاه کلمبیا آندس  قهوه‌ای است که خاستگاه و تولید آن صرفاً در منطقه  کوهستانی آندس در کشور کلمبیا  است. کوه‌های آندس در کلمبیا، بخشی از بلندترین رشته‌کوه‌های جهان هستند که از جنوب به شمال آمریکای جنوبی کشیده شده‌اند. این ناحیه به دلیل شرایط آب و هوای معتدل، همراه با بارندگی مناسب و دمای ایده‌آل (بین 18 تا 24 درجه سانتیگراد)، ارتفاع  1600 تا 1800 متر  بالاتر از سطح دریا و خاک‌ آتشفشانی که
MeCafe Roasters,قهوه تک خاستگاه اتیوپی یرگاچف گبد یک کیلوگرمی,Ethiopia,,Medium,,1000,3100000,310000.0,,False,اسپرسو تخصصی; قهوه های اسپرسو; لاین های قهوه,https://mecafe.me/product/ethiopia-yirgacheffe-single-origin-coffee/,"قهوه یرگاچف چیست؟ 
   
 قهوه یرگاچف (Ethiopian Yirgacheffe) یکی از مشهورترین قهوه های جهان است که از منطقه یرگاچف در جنوب کشور اتیوپی می‌آید. قهوه یرگاچف اتیوپی تنها یک قهوه معمولی نیست؛ یک قهوه تخصصی ممتاز است که به دلیل پروفایل طعمی پیچیده و عطر فوق‌العاده‌اش شهرت جهانی دارد و یکی از انتخاب های برتر عاشقان قهوه در سراسر جهان است. 
 اگر در دنیای قهوه های آفریقایی تازه کار هستید، یرگاچف گزینه‌ای ع"
MeCafe Roasters,قهوه تخصصی میکسولوژی یک کیلوگرمی,Ethiopia,Washed,Medium,,1000,5764706,576471.0,,True,اسپرسو تخصصی; قهوه عربیکا; قهوه های اسپرسو; لاین های قهوه,https://mecafe.me/product/mixology-specialty-blend-coffee/,"قهوه تخصصی میکسولوژی  
 قهوه میکسولوژی محصولی از ترکیب دقیق دانه‌های اسپشیالیتی آمریکای لاتین و شاخ آفریقا است که پس از طی مراحل انتخاب، برشته‌کاری حرفه‌ای و ترکیب تخصصی در کارخانه می‌کافه، به یک اسپرسوی بی نظیر با طعم‌یادهای درخشان تبدیل شده است. این قهوه برای کافه‌هایی طراحی شده که به دنبال اسپرسویی خوش‌طعم، اقتصادی و پایدار در طول سال هستند. 
  امتیاز و کیفیت قهوه میکسولوژی  
 قهوه تخصصی میکسول"
Garneek Coffee Workshop,اسپرسوساز نوا 168,,,,,,25500000,,,True,اسپرسو ساز; دستگاه اسپرسوساز نوآ,https://garneekcoffee.com/product/espresso-maker-nova-168/,"اسپرسوساز نوآ مدل 168 
 اگر به دنبال یک اسپرسوساز نیمه‌حرفه‌ای برای منزل یا کافه‌ی کوچک هستید که کیفیت بالا را با قیمت مناسب ترکیب کند،اسپرسوساز  نوآ 168  یکی از گزینه‌های جذاب بازار است. این مدل، با قدرت بالا، طراحی شیک و قابلیت تهیه اسپرسو و نوشیدنی‌های ترکیبی، در بین دوست‌داران قهوه بسیار پرطرفدار است. 
 طراحی کلاسیک با عملکرد مدرن 
 نوا 168 با طراحی کلاسیک و بدنه‌ای از  استیل ضد زنگ ، علاوه بر"
Garneek Coffee Workshop,فنجان نعلبکی اسپرسو پایه بلند,,,,,,185000,,,True,ماگ - فنجان,https://garneekcoffee.com/product/espresso-cup-saucer-tall-base/,"فنجان نعلبکی اسپرسو پایه بلند 
 اگر به دنبال تجربه‌ای متفاوت و شیک از نوشیدن اسپرسو هستید،  فنجان و نعلبکی اسپرسو پایه بلند سرامیکی  دقیقاً همان چیزی است که به آن نیاز دارید. این محصول با طراحی منحصربه‌فرد و ظاهری مدرن، ترکیبی از زیبایی، کیفیت و کارایی را به میز قهوه‌تان می‌آورد. 
 طراحی خاص و چشم‌نواز 
 فنجان نعلبکی اسپرسو پایه بلند با منحنی‌های نرم خود، جلوه‌ای لوکس و خاص دارد که در نگاه اول چشم"
Garneek Coffee Workshop,فانل بارداک سایز 51 و 58,,,,,,220000,,,True,فانل,https://garneekcoffee.com/product/funnel-bardock-size-51-and-58/,"فانل حرفه‌ای بارداک &#8211; سایز ۵۱ و ۵۸ میلی‌متری 
 با  فانل‌های بارداک (Bardak Funnel) ، پودر قهوه رو بدون اتلاف، تمیز و یکنواخت داخل پورتافیلتر بریز! این ابزار ساده اما حیاتی، یکی از مهم‌ترین اکسسوری‌هایی هست که هر باریستای حرفه‌ای یا علاقه‌مند به قهوه باید داشته باشه. 
 
 ☕️ فانل بارداک سایز 51 و 58 
 
 
 
 
 
 
 
 
 
  فانل بارداک در سایزهای ۵۱ و ۵۸ میلی‌متری، ابزار کاربردی برای ریختن تمیز و "
Garneek Coffee Workshop,تمپر نیدل دار بارداک سایز 58,,,,,,650000,,,True,تمپر; نیدل,https://garneekcoffee.com/product/temper-needle-with-bardock-size-58/,"تمپر نیدل‌دار بارداک سایز ۵۸ میلی‌متری 
 اگر دنبال عصاره‌گیری یکدست و حرفه‌ای از اسپرسو هستی،  تمپر نیدل‌دار بارداک سایز ۵۸  یکی از مهم‌ترین ابزارهایی‌ـه که باید داشته باشی. این تمپر با طراحی دقیق و نیدل‌های استیل ضدزنگ، توزیع پودر قهوه رو قبل از تمپ، یکنواخت و بی‌نقص انجام می‌ده. 
 
 ☕️ خداحافظی با Channeling 
 عصاره‌گیری منظم = اسپرسوی خوش‌عطرتر و کرمای بیشتر 
 نیدل‌های باریک و با چیدمان مهندسی‌"
Garneek Coffee Workshop,تمپر نیدل دار بارداک سایز 51,,,,,,650000,,,True,تمپر; نیدل,https://garneekcoffee.com/product/temper-needle-with-bardock-size-51/,"تمپر نیدل‌دار ۵۱ بارداک + استند اختصاصی 
 با  تمپر نیدل‌دار ۵۱ میلی‌متری بارداک ، توزیع یکنواخت پودر قهوه رو به ساده‌ترین شکل ممکن انجام بده. این ابزار حرفه‌ای به همراه  استند مخصوص  عرضه میشه تا هم کاربردی باشه، هم همیشه مرتب و آماده روی میز کارت قرار بگیره. 
 
 
 
 
 
 
 
 
 
 برای رسیدن به یک فنجان اسپرسوی بی‌نقص، فقط تمپ کردن کافی نیست!  توزیع یکنواخت پودر قهوه  قبل از تمپ، نقش کلیدی در عصاره‌"
Garneek Coffee Workshop,دوزینگ 51 و 58,,,,,,270000,,,True,تجهیزات قهوه; سایر تجهیزات,https://garneekcoffee.com/product/dosing-51-and-58/,"دوزینگ – سایزهای ۵۱ و ۵۸ میلی‌متری 
  دوزینگ یک  ابزار کوچک و کاربردی برای باریستاهای حرفه‌ای و خانگیه که می‌خوان فرآیند ریختن پودر قهوه در پورتافیلتر رو بدون ریخت‌وپاش و با نهایت دقت انجام بدن. با طراحی ساده و عملکرد مؤثر، این رینگ کمک می‌کنه همه‌ی پودر داخل سبد بمونه، نه روی میز! 
 
 
 
 
 
 
 
 
 
 برای هر باریستای دقیق، داشتن یک اسپرسوی تمیز و حرفه‌ای از مرحله دوزینگ شروع میشه.  دوزینگ د ر سای"
Garneek Coffee Workshop,بانکه قهوه فلزی با درب چوبی,,,,,400.0,270000,67500.0,,True,بانکه قهوه,https://garneekcoffee.com/product/large-metal-coffee-can-with-wooden-door/,"بانکه قهوه فلزی با درب چوبی – زیبا، کاربردی، محافظ عطر قهوه 
  بانکه قهوه فلزی با درب چوبی  فقط یک ظرف نگهداری نیست؛ یه انتخاب حرفه‌ای برای حفظ طراوت، عطر و کیفیت دانه یا پودر قهوه‌ست. طراحی شیک و مدرن این بانکه باعث میشه هم در محیط‌های خانگی و هم کافه‌ها، جلوه‌ی خاصی به میز باریستا یا قفسه‌ی قهوه‌هات بده. 
 
 🛡 محافظت از طراوت و عطر قهوه 
 چون قهوه‌ی خوب، نگهداری درست هم می‌خواد! 
 
 
  جنس بدنه "
Garneek Coffee Workshop,اسپرسوساز مباشی مدل 2110,,,,,,13500000,,,True,اسپرسو ساز; دستگاه اسپرسوساز مباشی,https://garneekcoffee.com/product/mobashi-espresso-maker-model-2110/,"اسپرسوساز مباشی مدل 2110 
 اگر به دنبال یک دستگاه اسپرسوساز خانگی با کیفیت، قیمت مناسب و عملکرد قابل اعتماد هستید، اسپرسوساز مباشی مدل  ME-ECM2110  یکی از گزینه‌های محبوب و پرطرفدار بازار است. در ادامه با معرفی کامل این دستگاه، قابلیت‌ها، مزایا، معایب و نکاتی برای خرید آشنا می‌شوید. 
 شرکت  Mebashi  یکی از برندهای معتبر در زمینه تولید دستگاه‌های قهوه‌ساز خانگی است که با ارائه مدل‌هایی چون 2110، تو"
Garneek Coffee Workshop,تمپر راینو سایز 51,,,,,,630000,,,True,تمپر,https://garneekcoffee.com/product/temper-rhino-size-51/,"تمپر راینو سایز ۵۱ میلی‌متر 
 وقتی جزئیات مهم می‌شن، ابزار حرفه‌ای‌تر حرف اول رو می‌زنن 
 در دنیای قهوه، هر میلی‌متر، هر گرم و هر ثانیه می‌تونه طعم نهایی فنجون شما رو زیر و رو کنه. اون‌جاست که تمپر خوب، دیگه یه ابزار ساده نیست؛ یه قطعه‌ کلیدی برای خلق یک اسپرسوی بی‌نقصه.  تمپر Rhino سایز ۵۱ میلی‌متر  یکی از دقیق‌ترین و خوش‌ساخت‌ترین انتخاب‌هایی‌یه که می‌تونید به میز کار باریستای خودتون اضافه کنید."
Garneek Coffee Workshop,تخته سرو قهوه مستطیل کد 40,,,,,,85000,,,True,تجهیزات قهوه; تخته سرو قهوه,https://garneekcoffee.com/product/rectangular-cypress-brown-board-code-40/,"تخته سرو قهوه مستطیل کد 40 
  تخته سرو قهوه مستطیل کد 40  انتخابی ایده‌آل برای باریستاها، کافه‌ها و عاشقان قهوه خانگی است که می‌خواهند قهوه را با ظاهری حرفه‌ای و جذاب سرو کنند. این محصول در دو مدل  دوخانه  و  سه خانه  تولید شده و به‌طور خاص برای قرار دادن فنجان‌های  سینگل  و  دبل اسپرسو  طراحی شده است. 
 ویژگی‌های محصول: 
 
  جنس:  چوب طبیعی با کیفیت بالا (پرداخت‌شده، مقاوم در برابر رطوبت و ضربه) "
Garneek Coffee Workshop,تراول ماگ enjoy,,,,,,360000,,,True,تراول ماگ,https://garneekcoffee.com/product/travel-mag-enjoy/,"🥤 تراول ماگ Enjoy 
  سادگی، سبک زندگی شماست  
 اگر به دنبال یک ماگ مسافرتی هستید که هم ساده باشد، هم خوش‌دست و هم همیشه همراه‌تان،  تراول ماگ Enjoy  بهترین انتخاب است. طراحی مینیمال، وزن سبک و کیفیت ساخت بالا، این ماگ را به یکی از محبوب‌ترین گزینه‌ها برای استفاده روزمره تبدیل کرده است. 
 
 ✨ طراحی مینیمال و مدرن 
 با ظاهری ساده و شیک،تراول ماگ Enjoy به‌راحتی با هر سبک استایل و فضایی هماهنگ می‌شود."
Garneek Coffee Workshop,تراول ماگ starry sky,,,,,,395000,,,True,تراول ماگ,https://garneekcoffee.com/product/travel-mag-starry-sky/,"🌌 تراول ماگ Starry Sky 
  زیبایی آسمان شب، همراه همیشگی نوشیدنی شما  
 اگر به‌دنبال یک ماگ متفاوت، خاص و کاربردی هستید که هر بار با نگاه به آن حس خوب بگیرید،  تراول ماگ Starry Sky  دقیقاً همان چیزی‌ست که باید داشته باشید. این محصول با طراحی الهام‌گرفته از آسمان پرستاره شب، نه‌تنها چشم‌نواز است بلکه همراهی مطمئن برای تمام لحظه‌های روزانه شماست. 
 
 ✨ طراحی چشمگیر و خاص 
 با بدنه‌ای براق و الگویی که"
Garneek Coffee Workshop,تراول ماگ sukoki,,,,,,440000,,,True,تراول ماگ,https://garneekcoffee.com/product/travel-mag-sukoki/,"☕ تراول ماگ Sukoki 
  سادگی به سبک ژاپنی، کارایی به سبک زندگی شما  
 در دنیایی پر از شلوغی و رنگ،  Sukoki  انتخاب کسانی‌ست که سادگی را می‌فهمند. این تراول ماگ با طراحی مینیمال، کیفیت ساخت بالا و عملکرد دقیق، همراه همیشگی شما در مسیر کار، دانشگاه، سفر یا باشگاه خواهد بود. 
 🎨 مینیمالیسم واقعی در طراحی 
 بدنه‌ی صاف، رنگ‌های مات و طراحی بدون زوائد باعث شده تراول ماگ Sukoki نه‌تنها یک ماگ، بلکه بخشی ا"
Garneek Coffee Workshop,لولر بارداک سایز 51,,,,,,650000,,,True,تجهیزات قهوه; لولر,https://garneekcoffee.com/product/bardock-lawler-size-51/,"لولر بارداک سایز 51 
 حتماً! در ادامه یک توضیح کامل و مفصل برای محصول  لولر بارداک سایز ۵۱ میلی‌متر  مناسب برای سایت قهوه گارنیک نوشته‌ام. این متن برای استفاده در صفحه محصول، با هدف معرفی حرفه‌ای و جلب اعتماد مشتری طراحی شده است: 
 
 لولر بارداک سایز ۵۱ میلی‌متر | ابزاری حرفه‌ای برای عصاره‌گیری دقیق 
 اگر به دنبال یک عصاره‌گیری حرفه‌ای، یکنواخت و باکیفیت از قهوه‌تان هستید، لولر بارداک سایز ۵۱ میلی"
Garneek Coffee Workshop,تمپر بارداک سایز 51,,,,,,400000,,,True,تمپر,https://garneekcoffee.com/product/bardock-temper-size-51/,"تمپر بارداک سایز ۵۱ میلی‌متر 
 اگر به دنبال یک اسپرسوی حرفه‌ای، با کرمای عالی و طعمی متوازن هستید، نباید نقش کلیدی ابزارهای باریستا را دست‌کم بگیرید. یکی از مهم‌ترین ابزارها در فرآیند آماده‌سازی اسپرسو،  تمپر  است. و در میان گزینه‌های موجود،  تمپر بارداک سایز ۵۱ میلی‌متر  با طراحی دقیق و کیفیت ساخت عالی، انتخابی قابل‌اعتماد برای باریستاهای خانگی و حرفه‌ای است. 
 
 ویژگی‌های کلیدی تمپر بارداک سایز "
Garneek Coffee Workshop,ماگ هات چاکلت,,,,,,250000,,,False,ماگ - فنجان,https://garneekcoffee.com/product/hot-chocolate-mug-code-271/,"ماگ هات چاکلت 
 لذت نوشیدن یک هات چاکلت داغ و خوشمزه در روزهای سرد یا حتی لحظات استراحت روزانه، تجربه‌ای است که همه به دنبال آن هستند. ماگ هات چاکلت محصولی کاربردی و جذاب است که برای طرفداران این نوشیدنی محبوب طراحی شده است. این محصول با طراحی زیبا و کاربردی، گزینه‌ای ایده‌آل برای خانه، محل کار یا هدیه دادن به عزیزانتان به شمار می‌آید. 
 ویژگی‌های ماگ هات چاکلت: 
 
 جنس باکیفیت: 
این ماگ از مواد م"
Garneek Coffee Workshop,ماگ استارباکس سفید,,,,,,290000,,,False,ماگ - فنجان,https://garneekcoffee.com/product/starbucks-white-mug/,"ماگ استارباکس سفید 
 اگر به دنبال یک ماگ مناسب برای نوشیدن قهوه یا چای خود هستید، ماگ استارباکس سفید گزینه‌ای ایده‌آل برای شماست. این ماگ با طراحی ساده و در عین حال زیبا، تجربه نوشیدن نوشیدنی‌های مورد علاقه‌تان را لذت‌بخش‌تر می‌کند. برند معروف استارباکس، این ماگ را با کیفیت بالا و ظاهری مینیمالیستی تولید کرده تا به سادگی در هر محیطی خود را متمایز کند. 
 ویژگی‌ها: 
 
 طراحی مینیمالیستی: این ماگ سفی"
Garneek Coffee Workshop,تمیزکننده هوپر آسیاب قهوه,,,,Ground,,245000,,,True,مواد شوینده,https://garneekcoffee.com/product/hopper-cleaner-hoppy/,"تمیزکننده هوپر آسیاب قهوه 
 توضیحات محصول: 
تمیزکننده هوپر آسیاب قهوه یکی از ابزارهای ضروری برای تمامی عاشقان قهوه و حرفه‌ای‌های صنعت قهوه است. این محصول به شما کمک می‌کند تا باقی‌مانده‌های پودر قهوه و روغن‌های ناشی از دانه‌های قهوه را به راحتی و به صورت کامل از هوپر آسیاب خود پاک کنید. این کار نه‌تنها باعث حفظ طعم اصیل قهوه می‌شود، بلکه عمر دستگاه آسیاب شما را نیز افزایش می‌دهد. 
 ویژگی‌ها و مزای"
Garneek Coffee Workshop,فنجان سینگل مینیمال سفید,,,,,,55000,,,True,ماگ - فنجان,https://garneekcoffee.com/product/%d9%81%d9%86%d8%ac%d8%a7%d9%86-%d8%b3%db%8c%d9%86%da%af%d9%84-%d9%85%db%8c%d9%86%db%8c%d9%85%d8%a7%d9%84-%d8%b3%d9%81%db%8c%d8%af/,"فنجان سینگل مینیمال سفید 
 فنجان سینگل مینیمال سفید یک محصول ساده و شیک است که طراحی آن به سبک مینیمالیستی انجام شده است. این فنجان به طور ویژه برای افرادی که به دنبال تجربه‌ای خاص از نوشیدن قهوه هستند، طراحی شده است. در زیر به ویژگی‌های اصلی این محصول اشاره می‌کنم: 
 ویژگی‌ها و مشخصات فنجان سینگل مینیمال سفید: 
 
 طراحی مینیمالیستی:
 
 فنجان سینگل مینیمال سفید با طراحی ساده و بی‌پیرایه خود، جذابی"
Garneek Coffee Workshop,شیکر 450 میلی‌لیتر شیشه‌ای,,,,,,350000,,,True,تجهیزات بار سرد,https://garneekcoffee.com/product/450-ml-glass-shaker/,"شیکر 450 میلی‌لیتر شیشه‌ای 
 اگر عاشق تهیه نوشیدنی‌های خاص و دست‌ساز هستید،  شیکر شیشه‌ای 450 میلی‌لیتر  یک انتخاب ایده‌آل برای شماست. این محصول با طراحی زیبا، کیفیت بی‌نظیر و کاربری آسان، به شما امکان می‌دهد تا انواع کوکتل‌ها، قهوه‌های سرد، و سایر نوشیدنی‌ها را به بهترین شکل ممکن آماده کنید. 
  ویژگی‌های محصول:  
 
  جنس شیشه‌ای مقاوم و باکیفیت:  
شیکر از شیشه‌ی مرغوب ساخته شده است که در برابر ضر"
Garneek Coffee Workshop,شات دبل استارباکس سفید,,,,,,140000,,,False,ماگ - فنجان,https://garneekcoffee.com/product/starbucks-double-cup/,"شات دبل استارباکس سفید 
   
  ویژگی‌های محصول:  
 
 طراحی شیک و منحصر به فرد: شات دبل استارباکس سفید دارای طراحی دو جداره است که نه تنها ظاهر جذاب و خاصی دارد، بلکه عملکرد فوق‌العاده‌ای نیز برای حفظ دمای نوشیدنی شما فراهم می‌آورد. این طراحی باعث می‌شود تا نوشیدنی گرم شما مدت زمان بیشتری داغ بماند و از سوختن دست شما جلوگیری شود. 
 کیفیت ساخت بالا: این فنجان از جنس سرامیک مقاوم و با کیفیت ساخته شده "
Garneek Coffee Workshop,قهوه ساز دله عربی برند Karkmos با ظرفیت 800 میلی‌لیتر,,,,,,1690000,,,False,دله عربی,https://garneekcoffee.com/product/%d9%82%d9%87%d9%88%d9%87-%d8%b3%d8%a7%d8%b2-%d8%af%d9%84%d9%87-%d8%b9%d8%b1%d8%a8%db%8c-%d8%a8%d8%b1%d9%86%d8%af-karkmos-%d8%a8%d8%a7-%d8%b8%d8%b1%d9%81%db%8c%d8%aa-800-%d9%85%db%8c%d9%84%db%8c/,"دله قهوه عربی برند Karkmos   با ظرفیت 800 میلی‌لیتر  
 قهوه ساز دله عربی برند Karkmos با ظرفیت 800 میلی‌لیتر یکی از انتخاب‌های ایده‌آل برای علاقه‌مندان به قهوه‌سازی سنتی است. این محصول با طراحی اصیل و کیفیت ساخت بالا، تجربه‌ای ناب از تهیه و سرو قهوه عربی را به شما هدیه می‌دهد. 
  ویژگی‌های برجسته دله قهوه Karkmos:  
 
  طراحی سنتی و زیبا:  
این دله با الهام از فرهنگ و هنر عربی طراحی شده و جلوه‌ای "
Garneek Coffee Workshop,ترازو باریستا دیجیتال بونو,,,,,,2800000,,,True,ترازو,https://garneekcoffee.com/product/bono-barista-scale/,"ترازو باریستا دیجیتال بونو 
 ترازو باریستا دیجیتال بونو یکی از ضروری‌ترین ابزارها برای تهیه یک فنجان قهوه بی‌نقص است. این ترازو با دقت بالا و امکانات پیشرفته، برای باریستاهای حرفه‌ای و علاقه‌مندان به قهوه در خانه طراحی شده است. با استفاده از این ترازو، می‌توانید تمامی مراحل دم‌آوری قهوه را با دقت اندازه‌گیری کنید و به طعمی دلپذیر و متوازن دست یابید. 
  ویژگی‌های برجسته ترازو باریستا دیجیتال بونو :"
Garneek Coffee Workshop,پیچر 600 میل باریستا اسپیس اورجینال,,,,,,3500000,,,True,پیچر,https://garneekcoffee.com/product/pitcher-600-ml-original-barista-space/,"پیچر 600 میل باریستا اسپیس اورجینال 
 اگر به دنبال ابزاری با کیفیت بالا برای تهیه قهوه‌های حرفه‌ای و هنری هستید،  پیچر 600 میل باریستا اسپیس اورجینال   بهترین گزینه برای شماست. این پیچر با طراحی منحصربه‌فرد و مواد اولیه مرغوب، مورد اعتماد باریستاهای حرفه‌ای و علاقه‌مندان به دنیای قهوه است. 
  ویژگی‌های برجسته:  
 
  ظرفیت مناسب:  
با حجم 600 میلی‌لیتر، این پیچر برای تهیه دو فنجان لاته، کاپوچینو یا"
Garneek Coffee Workshop,فنجان لته ویوا اورجینال,,,,,,320000,,,True,ماگ - فنجان,https://garneekcoffee.com/product/viva-original-latte-cup/,"فنجان لته ویوا اورجینال 
 فنجان لته ویوا اورجینال، یکی از محبوب‌ترین انتخاب‌ها برای دوستداران قهوه است که به دنبال ظاهری زیبا، کیفیت بالا و تنوع رنگی هستند. این محصول با طراحی خاص و منحصربه‌فرد خود، علاوه بر کاربردی بودن، جلوه‌ای شیک به میز کار یا آشپزخانه شما می‌بخشد. 
  ویژگی‌های برجسته فنجان لته ویوا اورجینال  
 
  تنوع در رنگ‌بندی  
 
 فنجان لته ویوا اورجینال در طیف گسترده‌ای از رنگ‌های جذاب و"
Garneek Coffee Workshop,فنجان کاپوچینو ویوا اورجینال,,,,,,280000,,,True,ماگ - فنجان,https://garneekcoffee.com/product/viva-original-cappuccino-cup/,"فنجان کاپوچینو ویوا اورجینال 
 فنجان کاپوچینو ویوا اورجینال، یک انتخاب خاص و حرفه‌ای برای دوستداران نوشیدنی‌های گرم به‌ویژه کاپوچینو است. این محصول با طراحی زیبا، تنوع رنگی جذاب، و کیفیت بالای ساخت، نه‌تنها کاربردی، بلکه به‌عنوان یک عنصر زیبایی‌بخش به میز قهوه شما جلوه‌ای خاص می‌بخشد. 
  ویژگی‌های برجسته فنجان کاپوچینو ویوا اورجینال  
 
  طراحی شیک و رنگ‌بندی جذاب  
 
 این فنجان در چهار رنگ خاص و "
Garneek Coffee Workshop,فیلتر کمکس استارویی (Staruyi Chemex Filter),,,,,,670000,,,True,فیلتر دستگاه,https://garneekcoffee.com/product/staruyi-coffee-filter/,"فیلتر کمکس استارویی (Staruyi Chemex Filter) 
  فیلتر کمکس استارویی (Staruyi Chemex Filter)  
 فیلتر کمکس یکی از اجزای کلیدی در تهیه قهوه با دستگاه کمکس است که تأثیر مستقیمی بر کیفیت نهایی قهوه دارد.  فیلتر کمکس استارویی  یکی از برندهای معتبر در تولید فیلترهای کاغذی برای دستگاه کمکس است که با طراحی ویژه خود، تجربه‌ای لذت‌بخش و بی‌نقص از دم‌آوری قهوه را فراهم می‌کند. در ادامه به ویژگی‌ها و مزایای ای"
Garneek Coffee Workshop,فنجان دبل اسپرسو ویوا اورجینال,,,,,,245000,,,True,ماگ - فنجان,https://garneekcoffee.com/product/viva-original-double-espresso-cup/,"فنجان دبل اسپرسو ویوا اورجینال  
 فنجان دبل اسپرسو ویوا اورجینال، انتخابی بی‌نظیر برای عاشقان اسپرسو است که به دنبال محصولی با کیفیت بالا، طراحی زیبا و تنوع رنگی جذاب هستند. این فنجان با ترکیب هنر و عملکرد، تجربه‌ای لذت‌بخش از نوشیدن قهوه را برای شما فراهم می‌کند. 
  ویژگی‌های برجسته فنجان دبل اسپرسو ویوا اورجینال  
 
  طراحی زیبا و رنگ‌بندی منحصربه‌فرد  
 
 این فنجان در چهار رنگ جذاب و مدرن عرضه "
Garneek Coffee Workshop,فیلتر قهوه وی شصت 4-2 کد 288,,,,,,230000,,,True,فیلتر دستگاه,https://garneekcoffee.com/product/coffee-filter-sixty-4-2-code-288/,"فیلتر قهوه وی شصت 4-2 کد 288 
 فیلتر کاغذی قهوه یکی از ابزارهای ضروری برای دم‌آوری قهوه است که در بسیاری از روش‌های تهیه قهوه مانند استفاده از دستگاه‌های فیلتری، دریپرها (مانند V60) و برخی ماشین‌های قهوه‌ساز کاربرد دارد. سایزهای 2 و 4 از رایج‌ترین اندازه‌های فیلتر کاغذی هستند و برای مقادیر مختلف قهوه مناسب‌اند. 
  فیلتر قهوه وی شصت 4-2 کد 288  
 
  جنس و ساختار: 
 
 از کاغذ طبیعی تهیه می‌شود. 
 سا"
Garneek Coffee Workshop,فیلتر کمکس Toprocks,,,,,,520000,,,True,فیلتر دستگاه,https://garneekcoffee.com/product/komex-top-rock-filter/,"فیلتر کمکس Toprocks 
  فیلتر کمکس Toprocks | انتخابی حرفه‌ای برای عاشقان قهوه دمی  
  معرفی محصول:  
فیلتر کمکس Toprocks، انتخابی ایده‌آل برای افرادی است که به‌دنبال تجربه یک قهوه دمی باکیفیت و شفاف هستند. این فیلتر با طراحی خاص خود، فرآیند دم‌آوری را به سطحی حرفه‌ای ارتقا داده و بهترین طعم و عطر قهوه را به شما ارائه می‌دهد. 
  ویژگی‌های برجسته:  
 
  مواد اولیه باکیفیت:  
این فیلتر از کاغذ باکیفی"
Garneek Coffee Workshop,موکاپات تک کاپ مکس,,,,,,300000,,,True,موکاپات,https://garneekcoffee.com/product/mokapat-one-cup-max/,"موکاپات تک کاپ مکس 
 موکاپات تک کاپ مکس یک ابزار کاربردی و کم‌حجم برای تهیه قهوه اسپرسو است که با طراحی مینیمال و عملکرد عالی، گزینه‌ای بی‌نظیر برای علاقه‌مندان به قهوه محسوب می‌شود. این محصول به‌ویژه برای کسانی که عاشق سفر و فعالیت‌های خارج از خانه هستند، بسیار مناسب است. 
  ویژگی‌های اصلی موکاپات تک کاپ مکس :  
 
  ظرفیت تک کاپ:  
این موکاپات ظرفیت تهیه یک فنجان اسپرسو را دارد که برای مصرف فردی "
Garneek Coffee Workshop,موکاپات دو کاپ کد 221,,,,,,350000,,,True,موکاپات,https://garneekcoffee.com/product/mokapat-two-cup-code-221/,"موکاپات دو کاپ کد 221 
 موکاپات دو کاپ کد 221 یک دستگاه کوچک و کارآمد برای تهیه قهوه اسپرسو است که به دلیل طراحی ساده و عملکرد سریع، محبوبیت زیادی در میان علاقه‌مندان به قهوه دارد. این محصول مخصوص کسانی است که می‌خواهند در خانه یا محل کار، یک اسپرسوی باکیفیت تهیه کنند. 
 ویژگی‌های اصلی موکاپات دو کاپ کد 221 : 
 
 ظرفیت: 
موکاپات دوکاپ، همان‌طور که از نامش پیداست، ظرفیت تهیه دو فنجان قهوه را دارد و"
Garneek Coffee Workshop,موکاپات سه کاپ کد 220,,,,,,395000,,,True,موکاپات,https://garneekcoffee.com/product/mokapat-three-cups-code-220/,"موکاپات سه کاپ کد 220 
 موکاپات سه کاپ کد 220 یکی از محبوب‌ترین وسایل تهیه قهوه در خانه است که با طراحی شیک و عملکرد کارآمد خود توانسته جایگاه ویژه‌ای در میان علاقه‌مندان به قهوه پیدا کند. این محصول برای افرادی که به تهیه قهوه با کیفیت بالا به روش سنتی ایتالیایی علاقه دارند، انتخابی ایده‌آل به شمار می‌رود. 
 ویژگی‌های موکاپات سه کاپ کد 220 : 
 
 ظرفیت و اندازه: 
این موکاپات دارای ظرفیت سه کاپ (معا"
Garneek Coffee Workshop,موکاپات سه کاپ مشکی کد 218,,,,,,350000,,,True,موکاپات,https://garneekcoffee.com/product/mokapat-three-cups-all-black-code-218/,"موکاپات سه کاپ مشکی کد 218 
 موکاپات سه کاپ مشکی کد 218 یک دستگاه قهوه‌ساز کلاسیک و محبوب است که به ویژه برای تهیه قهوه اسپرسو خانگی طراحی شده است. این دستگاه که گاهی با نام «اسپرسو ساز روگازی» نیز شناخته می‌شود، از طراحی زیبا، کاربری ساده و کیفیت ساخت مطلوب برخوردار است. در ادامه توضیحات کامل‌تر در مورد این محصول ارائه می‌شود: 
  مشخصات فنی:  
 
  ظرفیت:  
موکاپات سه کاپ به معنای امکان تهیه سه فن"
Garneek Coffee Workshop,فنجان لاته ناینتی کد 377,,,,,,245000,,,True,ماگ - فنجان,https://garneekcoffee.com/product/%d9%81%d9%86%d8%ac%d8%a7%d9%86-%d9%84%d8%a7%d8%aa%d9%87-%d9%86%d8%a7%db%8c%d9%86%d8%aa%db%8c-%da%a9%d8%af-377/,"فنجان لاته ناینتی کد 377 
 فنجان لاته ناینتی همراه با زیر فنجانی، یک انتخاب ایده‌آل برای علاقه‌مندان به نوشیدنی‌های گرم و کافه‌ای است. این محصول از جنس سرامیک باکیفیت ساخته شده و با پوشش رنگ کوره‌ای بادوام تزئین شده است. رنگ‌بندی متنوع و جذاب این محصول، آن را به گزینه‌ای مناسب برای هر سلیقه و دکوراسیون تبدیل کرده است. 
 ویژگی‌ها: 
 
  جنس : سرامیک با کیفیت بالا 
  رنگ‌آمیزی : رنگ کوره‌ای مقاوم در "
Garneek Coffee Workshop,فنجان کاپوچینو ناینتی کد 372,,,,,,220000,,,True,ماگ - فنجان,https://garneekcoffee.com/product/%d9%81%d9%86%d8%ac%d8%a7%d9%86-%da%a9%d8%a7%d9%be%d9%88%da%86%db%8c%d9%86%d9%88-%d9%86%d8%a7%db%8c%d9%86%d8%aa%db%8c-%da%a9%d8%af-372/,"فنجان کاپوچینو ناینتی کد 372 
 فنجان کاپوچینو ناینتی کد 372 یک انتخاب بی‌نظیر برای دوستداران نوشیدنی‌های گرم است. این محصول از  جنس سرامیک باکیفیت  ساخته شده که دوام و ماندگاری بالایی را تضمین می‌کند. پوشش  رنگ کوره‌ای  این فنجان، علاوه بر زیبایی خاص، مقاومت آن را در برابر خراشیدگی و تغییر رنگ افزایش می‌دهد. 
 این فنجان دارای  رنگ‌بندی متنوع و چشم‌نواز  است که به شما امکان انتخاب بر اساس سلیقه شخص"
Garneek Coffee Workshop,فنجان اسپرسو دبل ناینتی کد 379,,,,,,180000,,,True,ماگ - فنجان,https://garneekcoffee.com/product/double-ninety-espresso-cup-code-379/,"فنجان اسپرسو دبل ناینتی کد 379 
  فنجان اسپرسو دبل ناینتی کد 379  ساخته شده از سرامیک با کیفیت بالا و پوشش رنگ کوره‌ای است که دوام و جذابیت ویژه‌ای به محصول می‌بخشد. طراحی زیبا و مدرن این فنجان در کنار رنگ‌بندی متنوع و چشم‌نواز، آن را به انتخابی ایده‌آل برای عاشقان قهوه و دکوراسیون خاص تبدیل کرده است. 
 محصول کاملاً ساخت ایران بوده و با رعایت استانداردهای کیفی، هم برای استفاده روزمره و هم برای هدی"
Garneek Coffee Workshop,زیر لیوانی چوبی کد 150,,,,,,50000,,,True,تخته سرو قهوه,https://garneekcoffee.com/product/wooden-coaster-code-150/,"جنس چوب روسی 
 طول و عرض 85 میلی متر"
Garneek Coffee Workshop,تخته سرو مربعی متوسط کد 149,,,Medium,,,75000,,,True,تخته سرو قهوه,https://garneekcoffee.com/product/medium-square-cedar-board-code-149/,"تخته سرو مربعی متوسط کد 149 
 تخته سرو مربعی متوسط کد 149 از چوب روس یک محصول جذاب و کاربردی است که از چوب روس با کیفیت بالا ساخته شده است. این زیر لیوانی به دلیل طراحی ساده و در عین حال زیبا، مناسب برای استفاده در خانه، اداره یا رستوران‌ها است. چوب روس یکی از بهترین انواع چوب برای ساخت محصولات دکوراتیو و کاربردی است، زیرا نسبت به دیگر چوب‌ها مقاومت بالا و دوام خوبی دارد و در عین حال بافت زیبایی د"
Garneek Coffee Workshop,تخته سرو مربعی بزرگ کد 148,,,,,,190000,,,False,تخته سرو قهوه,https://garneekcoffee.com/product/large-square-cedar-board-code-148/,"تخته سرو مربعی بزرگ کد 148 
  این تخته سرو چوبی مربعی، انتخابی عالی برای سرو قهوه، نوشیدنی‌های گرم و سرد، کیک و دسر است. طراحی مینیمال و طبیعی آن از چوب باکیفیت ساخته شده که حس گرم و دلپذیری را به میز شما می‌بخشد.  
  ابعاد مناسب این تخته، آن را به گزینه‌ای کاربردی برای استفاده در کافه‌ها، مهمانی‌ها یا استفاده روزمره در خانه تبدیل کرده است. سطح صاف و بادوام آن، علاوه بر سهولت در تمیز کردن، جلوه‌ای"
Garneek Coffee Workshop,تخته سرو دایره ای متوسط کد 258,,,Medium,,,75000,,,True,تخته سرو قهوه,https://garneekcoffee.com/product/medium-circular-cedar-board-code-258/,"تخته سرو دایره ای متوسط کد 258 
 تخته سرو دایره ای متوسط کد 258 ساخته شده از چوب روسی، یکی از محصولات کاربردی و زیبا برای محافظت از سطوح میزها و مبلمان در برابر آسیب‌های ناشی از لیوان‌ها و فنجان‌ها است. این زیر لیوانی‌ها از چوب روسی با کیفیت بالا ساخته می‌شوند که ویژگی‌های خاصی دارد و آن را به انتخابی مناسب برای تولید این محصولات تبدیل می‌کند. 
 ویژگی‌ها و مزایای تخته سرو دایره ای متوسط کد 258 از "
Garneek Coffee Workshop,تخته سرو مستطیلی کد 256,,,,,,90000,,,False,تخته سرو قهوه,https://garneekcoffee.com/product/rectangular-cedar-board-code-256/,"جنس چوب روسی 
 طول 16.5 میلی متر 
 عرض 8.5 میلی متر"
Garneek Coffee Workshop,تخته سرو لاته کد 90,,,,,,200000,,,True,تخته سرو قهوه,https://garneekcoffee.com/product/%d8%aa%d8%ae%d8%aa%d9%87-%d8%b3%d8%b1%d9%88-%d9%84%d8%a7%d8%aa%d9%87-%da%a9%d8%af-90/,"تخته سرو لاته کد 90 
 تخته سرو لاته کد 90 یک انتخاب منحصربه‌فرد برای سرو نوشیدنی‌ها و دسرهای خاص است. این محصول از  چوب روسی باکیفیت  ساخته شده که علاوه بر زیبایی طبیعی، دوام و مقاومت بالایی دارد. طرح و نقش طبیعی چوب، جلوه‌ای گرم و دلنشین به این تخته می‌بخشد و آن را به انتخابی عالی برای استفاده در کافه‌ها، پذیرایی‌های رسمی و حتی محیط‌های خانگی تبدیل کرده است. 
 این محصول با دقت و هنر ایرانی ساخته "
Garneek Coffee Workshop,تخته سرو دایره ای بزرگ کد 259,,,,,,190000,,,True,تخته سرو قهوه,https://garneekcoffee.com/product/circular-cedar-board-code-259/,"تخته سرو دایره ای بزرگ کد 259 
 تخته سرو دایره ای بزرگ کد 259 چوبی گرد قهوه یک انتخاب بی‌نظیر برای سرو انواع خوراکی‌ها و نوشیدنی‌هاست. این محصول با طراحی زیبا و مدرن از چوب روسی طبیعی و باکیفیت ساخته شده است که علاوه بر مقاومت بالا، حس گرما و اصالت را به سفره یا میز شما می‌بخشد. 
 رنگ قهوه‌ای جذاب این تخته سرو، آن را به انتخابی مناسب برای هر نوع دکوراسیون و چیدمانی تبدیل کرده است. سطح صاف و صیقلی "
Garneek Coffee Workshop,تخته سرو چوبی کوچک کد 260,,,,,,70000,,,True,تخته سرو قهوه,https://garneekcoffee.com/product/small-wooden-cedar-board-code-260/,"چوبی 
 قطر 96 میلی متر 
 ارتفاع 15 میلی متر 
 تیره رنگ"
Garneek Coffee Workshop,ماگ سرامیکی بزرگ طرح دار,,,,,,220000,,,True,ماگ - فنجان,https://garneekcoffee.com/product/large-patterned-ceramic-mug/,"سرامیکی 
 محصول چین 
 400 سی سی"
Garneek Coffee Workshop,ماگ بزرگ سفید,,,,,,160000,,,True,ماگ - فنجان,https://garneekcoffee.com/product/big-white-mug/,"سرامیکی 
 330 سی سی 
 محصول چین"
Garneek Coffee Workshop,ماگ سفالی سفید,,,,,,80000,,,True,ماگ - فنجان,https://garneekcoffee.com/product/white-clay-mug/,"ایرانی 
 سفید رنگ 
 300 سی سی"
Garneek Coffee Workshop,ماگ سفالی آبی,,,,,,80000,,,True,ماگ - فنجان,https://garneekcoffee.com/product/blue-clay-mug/,"سفالی 
 آبی رنگ 
 300 سی سی"
Garneek Coffee Workshop,ماگ سفالی ایرانی Fashion Girl,,,,,,80000,,,True,ماگ - فنجان,https://garneekcoffee.com/product/iranian-fashion-girl-clay-mug/,"سفالی 
 محصول ایران 
 ظرفیت 300 سی سی"
Garneek Coffee Workshop,شات دبل استارباکس 110 سی سی,,,,,,70000,,,False,ماگ - فنجان,https://garneekcoffee.com/product/starbucks-double-shot_110-cc/,"سرامیکی 
 ظرفیت 110 سی سی 
 تولید چین"
Garneek Coffee Workshop,فیلتر قهوه فرانسه کد 98,,,,,,400000,,,True,فیلتر دستگاه,https://garneekcoffee.com/product/french-coffee-filter-code-98/,"فیلتر قهوه فرانسه کد 98 
 این محصول با کیفیت بالا و طراحی مهندسی‌شده، یکی از بهترین انتخاب‌ها برای تهیه قهوه دمی (Pour Over) و قهوه فرانسه است. فیلترهای کاغذی این بسته از مواد طبیعی و سازگار با محیط زیست ساخته شده‌اند و به طور ویژه برای ارائه تجربه‌ای بهتر در تهیه قهوه طراحی شده‌اند. 
  ویژگی‌های محصول  
 
  ساخت آلمان:  
این محصول تحت استانداردهای سخت‌گیرانه آلمانی تولید شده و کیفیت بالا و دوام م"
Garneek Coffee Workshop,آسیاب قهوه چوبی,,,,Ground,,480000,,,False,آسیاب قهوه; آسیاب دستی,https://garneekcoffee.com/product/wooden-coffee-grinder/,"آسیاب قهوه چوبی 
  آسیاب قهوه چوبی  یکی از محصولات محبوب و کاربردی برای علاقه‌مندان به تهیه قهوه تازه است. این محصول به دلیل طراحی زیبا، کیفیت بالا و کارایی مناسب، در میان دوستداران قهوه جایگاه ویژه‌ای دارد. در ادامه ویژگی‌ها و مزایای این محصول به طور کامل توضیح داده شده است: 
 
  طراحی و ظاهر زیبا  
 
 آسیاب قهوه چوبی معمولاً از چوب با کیفیت بالا ساخته می‌شود که به آن ظاهر کلاسیک و گرم می‌بخشد. ا"
Garneek Coffee Workshop,محلول رسوب زدایی اسپرسو Puly,,,,,,1250000,,,True,مواد شوینده,https://garneekcoffee.com/product/%d9%85%d8%ad%d9%84%d9%88%d9%84-%d8%b1%d8%b3%d9%88%d8%a8-%d8%b2%d8%af%d8%a7%db%8c%db%8c-%d8%a7%d8%b3%d9%be%d8%b1%d8%b3%d9%88-puly/,"محلول رسوب زدایی اسپرسو Puly 
 محلول رسوب زدایی اسپرسو Puly محصولی حرفه‌ای و باکیفیت از ایتالیا است که برای حذف رسوبات آهکی و کلسیمی در دستگاه‌های اسپرسوساز صنعتی طراحی شده است. این مایع با فرمولاسیون پیشرفته، عملکرد دستگاه را بهینه کرده و از کاهش کیفیت قهوه جلوگیری می‌کند. استفاده منظم از این محصول، عمر مفید دستگاه را افزایش داده و هزینه‌های تعمیر و نگهداری را کاهش می‌دهد. 
  ویژگی‌ها:  
 
  قدرت"
Garneek Coffee Workshop,استند پرتافیلتر مدل چوبی سایز 51,,,,,,490000,,,True,استندپرتافیلتر,https://garneekcoffee.com/product/%d8%a7%d8%b3%d8%aa%d9%86%d8%af-%d9%be%d8%b1%d8%aa%d8%a7%d9%81%db%8c%d9%84%d8%aa%d8%b1-%d9%85%d8%af%d9%84-%da%86%d9%88%d8%a8%db%8c-%d8%b3%d8%a7%db%8c%d8%b2-51/,"استند پرتافیلتر مدل چوبی سایز 51 
 استند پرتافیلتر مدل چوبی سایز 51 یک ابزار حرفه‌ای و زیبا برای عاشقان قهوه و باریستاهای خانگی است. این استند با طراحی مدرن و ارگونومیک خود، فرآیند تمپ کردن قهوه را ساده‌تر و دقیق‌تر می‌کند. مناسب برای پورتافیلترهای سایز 51 میلی‌متر، این محصول تجربه تهیه اسپرسو را به یک لذت هنری تبدیل می‌کند. 
 ویژگی‌ها: 
 
 طراحی ارگونومیک: فراهم کردن زاویه مناسب برای تمپ کردن قهو"
Garneek Coffee Workshop,پودر شستشوی اسپرسوساز صنعتی برند SPM,,,,Ground,,450000,,,False,مواد شوینده,https://garneekcoffee.com/product/%d9%be%d9%88%d8%af%d8%b1-%d8%b4%d8%b3%d8%aa%d8%b4%d9%88%db%8c-%d8%a7%d8%b3%d9%be%d8%b1%d8%b3%d9%88%d8%b3%d8%a7%d8%b2-%d8%b5%d9%86%d8%b9%d8%aa%db%8c-%d8%a8%d8%b1%d9%86%d8%af-spm/,"پودر شستشوی اسپرسوساز صنعتی برند SPM 
 پودر شستشوی اسپرسوساز صنعتی برند  SPM  یک محصول حرفه‌ای برای تمیز کردن و نگهداری دستگاه‌های اسپرسوساز صنعتی است. این پودر با فرمولاسیون قدرتمند، به طور مؤثر روغن‌ها، رسوبات قهوه و آلودگی‌های باقی‌مانده در دستگاه را از بین برده و به حفظ طعم اصیل اسپرسو کمک می‌کند. با استفاده منظم از این محصول، دستگاه شما عملکرد بهینه‌تری خواهد داشت و عمر مفید آن افزایش می‌یابد"
Garneek Coffee Workshop,پودر شستشوی آسیاب قهوه SPM,,,,Ground,,450000,,,True,مواد شوینده,https://garneekcoffee.com/product/%d9%be%d9%88%d8%af%d8%b1-%d8%b4%d8%b3%d8%aa%d8%b4%d9%88%db%8c-%d8%a2%d8%b3%db%8c%d8%a7%d8%a8-%d9%82%d9%87%d9%88%d9%87-spm/,"پودر شستشوی آسیاب قهوه SPM 
  پودر شستشوی آسیاب قهوه صنعتی SPM  
  توضیحات محصول:  
پودر شستشوی آسیاب قهوه SPM ، یک محصول حرفه‌ای و کارآمد برای تمیز کردن تیغه‌ها و بخش‌های داخلی آسیاب قهوه است. این پودر به طور مؤثر باقی‌مانده‌های چربی، روغن قهوه، و ذرات گیرکرده را از دستگاه حذف می‌کند و عملکرد آسیاب را بهینه می‌سازد. با استفاده منظم از این محصول، کیفیت پودر قهوه و طعم نوشیدنی‌های شما حفظ می‌شود. 
"
Garneek Coffee Workshop,مایع رسوب‌ زدای اسپرسوساز خانگی نوا,,,,,,480000,,,True,مواد شوینده,https://garneekcoffee.com/product/%d9%85%d8%a7%db%8c%d8%b9-%d8%b1%d8%b3%d9%88%d8%a8-%d8%b2%d8%af%d8%a7%db%8c-%d8%a7%d8%b3%d9%be%d8%b1%d8%b3%d9%88%d8%b3%d8%a7%d8%b2-%d8%ae%d8%a7%d9%86%da%af%db%8c-%d9%86%d9%88%d8%a7/,"مایع رسوب‌ زدای اسپرسوساز خانگی نوا 
 مایع رسوب‌زدای اسپرسوساز نوا یک محصول کارآمد و ایمن برای حذف رسوبات آهکی و کلسیمی است که در طول زمان در دستگاه اسپرسوساز و قهوه‌ساز شما تجمع می‌کنند. این محصول با فرمولاسیون خاص خود، بدون آسیب به قطعات داخلی دستگاه، عملکرد آن را بهبود بخشیده و عمر مفید دستگاه شما را افزایش می‌دهد. 
  ویژگی‌ها:  
 
  تمیزکننده قدرتمند:  از بین بردن رسوبات آب و جرم‌های سخت در دس"
Garneek Coffee Workshop,پودر بک واش رسوب زدا اسپرسوساز صنعتی آیبتا,,,,Ground,,490000,,,True,مواد شوینده,https://garneekcoffee.com/product/%d9%be%d9%88%d8%af%d8%b1-%d8%a8%da%a9-%d9%88%d8%a7%d8%b4-%d8%b1%d8%b3%d9%88%d8%a8-%d8%b2%d8%af%d8%a7-%d8%a7%d8%b3%d9%be%d8%b1%d8%b3%d9%88%d8%b3%d8%a7%d8%b2-%d8%b5%d9%86%d8%b9%d8%aa%db%8c-%d8%a2%db%8c/,"پودر بک واش رسوب زدا اسپرسوساز صنعتی آیبتا 
 پودر بک واش رسوب زدا اسپرسوساز صنعتی آیبتا، یک محصول حرفه‌ای و موثر برای حفظ کیفیت و عملکرد دستگاه‌های اسپرسوساز شما است. این پودر با فرمولاسیون قدرتمند و ایمن، به طور کامل رسوبات معدنی و بقایای قهوه را از بخش‌های داخلی دستگاه پاک می‌کند و عمر مفید آن را افزایش می‌دهد. 
  ویژگی‌ها:  
 
  پاک‌کنندگی عمیق:  از بین بردن رسوبات سخت و مقاوم که در مسیرهای آب "
Garneek Coffee Workshop,قرص رسوب زدا آسیاب قهوه صنعتی سانتوس,,,,Ground,,350000,,,True,مواد شوینده,https://garneekcoffee.com/product/%d9%82%d8%b1%d8%b5-%d8%b1%d8%b3%d9%88%d8%a8-%d8%b2%d8%af%d8%a7-%d8%a2%d8%b3%db%8c%d8%a7%d8%a8-%d9%82%d9%87%d9%88%d9%87-%d8%b5%d9%86%d8%b9%d8%aa%db%8c-%d8%b3%d8%a7%d9%86%d8%aa%d9%88%d8%b3/,"قرص رسوب زدا آسیاب قهوه صنعتی سانتوس 
  قرص رسوب‌زدای آسیاب قهوه سانتوس  
 اگر به دنبال افزایش طول عمر دستگاه آسیاب قهوه خود و حفظ کیفیت طعم قهوه هستید،  قرص رسوب زدا آسیاب قهوه صنعتی سانتوس  انتخابی ایده‌آل برای شماست. این محصول با فرمولاسیون خاص خود، تمامی رسوبات و روغن‌های باقی‌مانده در تیغه‌ها و محفظه آسیاب را به‌طور مؤثر تمیز می‌کند. 
  ویژگی‌ها:  
 
  تمیزکنندگی قوی:  از بین بردن بقایای قهوه"
Garneek Coffee Workshop,محلول رسوب زدای اسپرسوساز خانگی DYNAMIC,,,,,,280000,,,True,مواد شوینده,https://garneekcoffee.com/product/%d9%85%d8%ad%d9%84%d9%88%d9%84-%d8%b1%d8%b3%d9%88%d8%a8-%d8%b2%d8%af%d8%a7%db%8c-%d8%a7%d8%b3%d9%be%d8%b1%d8%b3%d9%88%d8%b3%d8%a7%d8%b2-%d8%ae%d8%a7%d9%86%da%af%db%8c-dynamic/,"محلول رسوب زدای اسپرسوساز خانگی DYNAMIC 
 محلول رسوب زدای اسپرسوساز خانگی DYNAMIC، یک محصول تخصصی برای پاکسازی و از بین بردن رسوبات آهکی و مواد معدنی درون دستگاه اسپرساز است که باعث افزایش عمر و عملکرد بهینه دستگاه شما می‌شود. این مایع با فرمولاسیون خاص خود، رسوبات سخت و کثیفی‌هایی که در اثر استفاده مداوم از اسپرساز ایجاد می‌شوند را به راحتی از بین می‌برد. 
  ویژگی‌ها:  
 
  پاکسازی عمیق:  مایع رس"
Garneek Coffee Workshop,پودر شیر پسته زعفران,,,,Ground,250.0,450000,180000.0,,False,پودرهای فوری,https://garneekcoffee.com/product/%d9%be%d9%88%d8%af%d8%b1-%d8%b4%db%8c%d8%b1-%d9%be%d8%b3%d8%aa%d9%87-%d8%b2%d8%b9%d9%81%d8%b1%d8%a7%d9%86/,"پودر شیر پسته زعفران  
 اگر به دنبال یک نوشیدنی خوشمزه، مقوی و آسان برای تهیه هستید،  پودر آماده شیر پسته زعفران  یک انتخاب ایده‌آل است. این محصول با ترکیبی از پسته تازه، زعفران اصیل ایرانی و مواد اولیه باکیفیت تهیه شده تا لحظاتی شیرین و پرانرژی را برای شما به ارمغان بیاورد. 
 ویژگی‌ها: 
 
  ترکیب مغذی و خوش‌طعم : ترکیبی از پسته و زعفران که علاوه بر طعم عالی، خواص غذایی بالایی دارد. 
  آماده‌سازی "
Garneek Coffee Workshop,ظرف نمونه قهوه,,,,,,250000,,,True,تجهیزات قهوه; سایر تجهیزات,https://garneekcoffee.com/product/%d8%b8%d8%b1%d9%81-%d9%86%d9%85%d9%88%d9%86%d9%87-%d9%82%d9%87%d9%88%d9%87/,"ظرف نمونه قهوه 
 ظرف نمونه قهوه سبز، ابزاری کاربردی و زیبا برای هر قهوه‌نوش و متخصص قهوه است. این ظرف نمونه قهوه به شما کمک می‌کند تا دانه‌های قهوه سبز را به‌خوبی نمایش دهید و فرآیند تست و ارزیابی آن‌ها را تسهیل کنید. 
 ### ویژگی‌های کلیدی: 
 &#8211; **طراحی جذاب**: طراحی زیبا و مدرن که به زیبایی فضای کار شما می‌افزاید و امکان نمایش دانه‌های قهوه را فراهم می‌کند. 
&#8211; **جنس با کیفیت**: معمولاً"
Garneek Coffee Workshop,لولر گتر چوبی سایز 51 میلی متر,,,,,,380000,,,False,تجهیزات قهوه; تمپر,https://garneekcoffee.com/product/%d9%84%d9%88%d9%84%d8%b1-%da%af%d8%aa%d8%b1-%da%86%d9%88%d8%a8%db%8c-%d8%b3%d8%a7%db%8c%d8%b2-51-%d9%85%db%8c%d9%84%db%8c-%d9%85%d8%aa%d8%b1/,"لولر گتر چوبی سایز 51 میلی متر 
 
 
 
 
 لولر قهوه اسپرسو چوبی سایز 51mm، ابزاری حیاتی برای تهیه اسپرسو با کیفیت بالا است. این لولر به شما کمک می‌کند تا قهوه را به‌طور یکنواخت در پرتافیلتر توزیع کنید و از نتیجه نهایی مطمئن باشید. 
 ویژگی‌های کلیدی: 
 
  سایز استاندارد : با سایز 51mm، مناسب برای پرتافیلترهای اسپرسو استاندارد و محبوب. 
  جنس با کیفیت : از مواد مقاوم و بهداشتی ساخته شده که به دوام و "
Garneek Coffee Workshop,لیوان دوجداره 150 میلی لیتر,,,,,,165000,,,True,تجهیزات قهوه; ماگ - فنجان,https://garneekcoffee.com/product/%d9%84%db%8c%d9%88%d8%a7%d9%86-%d8%af%d9%88%d8%ac%d8%af%d8%a7%d8%b1%d9%87-150-%d9%85%db%8c%d9%84%db%8c-%d9%84%db%8c%d8%aa%d8%b1/,"لیوان دوجداره 150 میلی لیتر 
 لیوان دوجداره 150 میلی لیتر یک محصول مدرن و کارآمد است که طراحی منحصر به فرد آن، تجربه‌ای دلپذیر از نوشیدنی‌ها را به ارمغان می‌آورد. این لیوان‌ها دارای دو لایه شیشه‌ای هستند که به خوبی عایق حرارتی عمل می‌کنند، به طوری که نوشیدنی‌های گرم دما را برای مدت طولانی حفظ کرده و نوشیدنی‌های سرد نیز بدون ایجاد بخار و رطوبت در بیرون، خنک می‌مانند. 
   ویژگی‌ها :  
 1. **عایق حرا"
Garneek Coffee Workshop,استند چوبی پورتافیلتر مثلثی 51,,,,,,490000,,,True,استندپرتافیلتر; تجهیزات قهوه,https://garneekcoffee.com/product/%d8%a7%d8%b3%d8%aa%d9%86%d8%af-%da%86%d9%88%d8%a8%db%8c-%d9%be%d9%88%d8%b1%d8%aa%d8%a7%d9%81%db%8c%d9%84%d8%aa%d8%b1-%d9%85%d8%ab%d9%84%d8%ab%db%8c-51/,"استند چوبی پورتافیلتر مثلثی 51 
 استند چوبی پورتافیلتر یک ابزار کاربردی و زیبا برای دوستداران قهوه و بارستای حرفه‌ای است. این استند از چوب با کیفیت بالا ساخته شده و طراحی آن به گونه‌ای است که پورتافیلترها را به‌خوبی نگه می‌دارد و از آسیب دیدن آنها جلوگیری می‌کند. 
  ویژگی‌ها:  
 
  طراحی ارگونومیک:  طراحی متناسب با فضای کار بارستا، باعث راحتی در دسترسی و استفاده از پورتافیلترها می‌شود. 
  جنس با ک"
Garneek Coffee Workshop,تراول ماگ کوهنوردی AMSZM,,,,,,450000,,,True,تراول ماگ; تجهیزات قهوه,https://garneekcoffee.com/product/%d8%aa%d8%b1%d8%a7%d9%88%d9%84-%d9%85%d8%a7%da%af-%da%a9%d9%88%d9%87%d9%86%d9%88%d8%b1%d8%af%db%8c-amszm/,"تراول ماگ کوهنوردی AMSZM 
  معرفی محصول:  
 تراول ماگ یک ابزار کاربردی و ضروری برای علاقه‌مندان به طبیعت و ماجراجویی است. این ماگ طراحی شده تا در شرایط مختلف آب و هوایی و در هنگام فعالیت‌های بیرونی، بهترین عملکرد را ارائه دهد. با ظرفیت مناسب و ویژگی‌های منحصر به فرد، این ماگ تجربه‌ای لذت‌بخش از نوشیدنی‌های گرم یا سرد را به ارمغان می‌آورد. 
  ویژگی‌ها:  
 
  عایق دو جداره:  طراحی عایق دو جداره این "
Garneek Coffee Workshop,ناک باکس کوچک,,,,,,140000,,,True,ناک باکس; تجهیزات قهوه,https://garneekcoffee.com/product/%d9%86%d8%a7%da%a9-%d8%a8%d8%a7%da%a9%d8%b3-%da%a9%d9%88%da%86%da%a9/,"ناک باکس کوچک 
  معرفی محصول:  
 ناک باکس کوچک یک ابزار ضروری برای هر بارستا و دوستدار قهوه است که به جمع‌آوری پودر قهوه استفاده‌شده و تمیز نگه‌داشتن محیط کار کمک می‌کند. این محصول با طراحی جمع‌وجور و کاربردی، گزینه‌ای عالی برای استفاده در خانه یا کافه‌هاست. 
  ویژگی‌ها:  
 
  جنس با کیفیت:  ساخته شده از مواد مقاوم و بادوام، که به راحتی تمیز می‌شود و در برابر آسیب‌ها مقاوم است. 
  طراحی جمع‌وجور: "
Garneek Coffee Workshop,استند چوبی پورتافیلتر 51,,,,,,600000,,,True,استندپرتافیلتر; تجهیزات قهوه,https://garneekcoffee.com/product/%d8%a7%d8%b3%d8%aa%d9%86%d8%af-%da%86%d9%88%d8%a8%db%8c-%d9%be%d9%88%d8%b1%d8%aa%d8%a7%d9%81%db%8c%d9%84%d8%aa%d8%b1-51/,"استند چوبی پورتافیلتر 51 
 استند چوبی پورتافیلتر یک ابزار کاربردی و زیبا برای دوستداران قهوه و بارستای حرفه‌ای است. این استند از چوب با کیفیت بالا ساخته شده و طراحی آن به گونه‌ای است که پورتافیلترها را به‌خوبی نگه می‌دارد و از آسیب دیدن آنها جلوگیری می‌کند. 
  ویژگی‌ها:  
 
  طراحی ارگونومیک:  طراحی متناسب با فضای کار بارستا، باعث راحتی در دسترسی و استفاده از پورتافیلترها می‌شود. 
  جنس با کیفیت: "
Garneek Coffee Workshop,نیدل سوزنی مگنت دار گتر,,,Dark,,,420000,,,True,نیدل; تجهیزات قهوه,https://garneekcoffee.com/product/%d9%86%db%8c%d8%af%d9%84-%d8%b3%d9%88%d8%b2%d9%86%db%8c-%d9%85%da%af%d9%86%d8%aa-%d8%af%d8%a7%d8%b1-%da%af%d8%aa%d8%b1/,"نیدل سوزنی مگنت دار گتر  
 یک ابزار ضروری و هوشمند برای تهیه قهوه‌ای عالی و بی‌نقص است. این نیدل با طراحی مگنتی خاص، به شما این امکان را می‌دهد که به راحتی و با دقت قهوه خود را آماده کنید. 
 ویژگی‌ها: 
 
  طراحی مگنتی : مگنت قوی موجود در این نیدل، نگهداری و استفاده آسان را برای شما فراهم می‌کند. با این طراحی، دیگر نیازی به نگرانی درباره گم شدن یا افتادن نیدل نخواهید داشت. 
  کیفیت ساخت بالا : ساخت"
Garneek Coffee Workshop,موکاپات رنگی 3 کاپ بارنی,,,,,,480000,,,True,موکاپات; سایر ابزار دم آوری,https://garneekcoffee.com/product/%d9%85%d9%88%da%a9%d8%a7%d9%be%d8%a7%d8%aa-%d8%b1%d9%86%da%af%db%8c-3-%da%a9%d8%a7%d9%be-%d8%a8%d8%a7%d8%b1%d9%86%db%8c/,"موکاپات 3 کاپ برند بارنی  
 یک ابزار فوق‌العاده برای دوستداران قهوه است که به راحتی می‌توانید در خانه یا محل کار خود از آن استفاده کنید. طراحی زیبا و مدرن این موکاپات، با رنگ‌های جذاب و متنوع، نه تنها به زیبایی فضای شما می‌افزاید، بلکه تجربه تهیه قهوه را نیز لذت‌بخش‌تر می‌کند. 
 این موکاپات از جنس استیل با کیفیت بالا ساخته شده که به طور یکنواخت حرارت را توزیع می‌کند و قهوه‌ای خوش عطر و طعم را برای"
Garneek Coffee Workshop,موکاپات رنگی 3 کاپ هوم,,,,,,370000,,,True,سایر ابزار دم آوری; موکاپات,https://garneekcoffee.com/product/%d9%85%d9%88%da%a9%d8%a7%d9%be%d8%a7%d8%aa-%d8%b1%d9%86%da%af%db%8c-3-%da%a9%d8%a7%d9%be-%d9%87%d9%88%d9%85/,"موکاپات رنگی 3 کاپ هوم  
 انتخابی جذاب و کاربردی برای دوستداران قهوه است که می‌خواهند در خانه یا محل کار خود از یک تجربه تهیه قهوه لذت‌بخش برخوردار شوند. با طراحی مدرن و رنگ‌های زیبا، این موکاپات نه تنها عملکرد عالی دارد، بلکه به دکوراسیون شما نیز جلوه‌ای خاص می‌بخشد. 
 ویژگی‌ها: 
 
  ظرفیت 3 کاپ : این موکاپات به راحتی برای تهیه قهوه برای 2 تا 3 نفر مناسب است و می‌توانید به سرعت قهوه‌ای دلپذیر برا"
Garneek Coffee Workshop,بسکت غیر تحت فشار 51,,,,,,300000,,,True,بسکت; تجهیزات قهوه,https://garneekcoffee.com/product/%d8%a8%d8%b3%da%a9%d8%aa-%d8%ba%db%8c%d8%b1-%d8%aa%d8%ad%d8%aa-%d9%81%d8%b4%d8%a7%d8%b1-51/,"بسکت غیر تحت فشار 51 
 بسکت اسپرسوساز غیر تحت فشار، یک ابزار حرفه‌ای برای باریستاها و علاقه‌مندان به قهوه است که به دنبال ایجاد طعم‌های خاص و غنی در قهوه‌های خود هستند. این بسکت با طراحی خاص خود، به شما این امکان را می‌دهد که تجربه‌ای منحصربه‌فرد از تهیه اسپرسو را تجربه کنید. 
 ویژگی‌ها: 
 
  طراحی غیر تحت فشار : این بسکت به شما اجازه می‌دهد تا قهوه را بدون فشار اضافی تهیه کنید، که باعث می‌شود عطر"
Garneek Coffee Workshop,پاک اسکرین لانه زنبوری,,,,,,350000,,,True,تجهیزات قهوه; پاک اسکرین,https://garneekcoffee.com/product/%d9%be%d8%a7%da%a9-%d8%a7%d8%b3%da%a9%d8%b1%db%8c%d9%86-%d9%84%d8%a7%d9%86%d9%87-%d8%b2%d9%86%d8%a8%d9%88%d8%b1%db%8c/,"پاک اسکرین لانه زنبوری 
 پاک اسکرین قهوه یک ابزار مفید و ضروری برای نگهداری و مراقبت از دستگاه‌های اسپرسو و قهوه‌ساز است. این محصول به شما کمک می‌کند تا تمیزی و عملکرد بهینه دستگاه‌های خود را حفظ کنید وهمچنین پخش آب بهتر و یکسان تر در عصاره گیری داشته باشید. 
 ویژگی‌ها و مزایا: 
 
  حذف چربی و رسوبات : پاک اسکرین به‌طور خاص طراحی شده است تا چربی، روغن و رسوبات قهوه با فیلترها و قسمت‌های داخلی دستگ"
Garneek Coffee Workshop,آسیاب قهوه لواک مدل 3010,,,,Ground,,6900000,,,False,آسیاب قهوه; آسیاب برقی,https://garneekcoffee.com/product/%d8%a2%d8%b3%db%8c%d8%a7%d8%a8-%d9%82%d9%87%d9%88%d9%87-%d9%84%d9%88%d8%a7%da%a9-%d9%85%d8%af%d9%84-3010/,"آسیاب قهوه لواک مدل 3010 
 آسیاب قهوه لواک مدل ۳۰۱۰ یک آسیاب قهوه برقی است که برای آسیاب کردن دقیق دانه‌های قهوه به کار می‌رود. این محصول از لحاظ طراحی شکیل و کارایی مناسبی برخوردار است. 
 ویژگی‌های اصلی آسیاب قهوه لواک مدل ۳۰۱۰ عبارتند از: 
۱. دارای یک مخزن بزرگ برای نگهداری دانه‌های قهوه روی بالا 
۲. قابلیت تنظیم دقت آسیاب کردن بر اساس نیاز شما 
۳. پایه‌های ضد لغزش برای استحکام و پایداری بیشتر آ"
Garneek Coffee Workshop,آسیاب قهوه یونیک لایف مدل 019S,,,,Ground,,4900000,,,False,آسیاب قهوه; آسیاب برقی,https://garneekcoffee.com/product/%d8%a2%d8%b3%db%8c%d8%a7%d8%a8-%d9%82%d9%87%d9%88%d9%87-%db%8c%d9%88%d9%86%db%8c%da%a9-%d9%84%d8%a7%db%8c%d9%81-%d9%85%d8%af%d9%84-019s/,"آسیاب قهوه یونیک لایف مدل 019S 
 مدل 019s آسیاب قهوه یونیک لایف یکی از محصولات جدید و مورد علاقه بسیاری از علاقمندان قهوه است. این آسیاب دارای ویژگی‌های منحصر به فردی است که امکان آسیاب کردن دقیق و بهینه قهوه را فراهم می‌کند. 
 یکی از ویژگی‌های برجسته آسیاب قهوه یونیک لایف مدل 019s، دقت بالای آسیاب کردن است. با استفاده از سیستم خاصی برای تنظیم درجه آسیاب، این آسیاب قادر است قهوه را به صورت دقیق آس"
Garneek Coffee Workshop,آسیاب قهوه یونیک لایف مدل 019,,,,Ground,,5750000,,,True,آسیاب برقی; آسیاب قهوه,https://garneekcoffee.com/product/%d8%a2%d8%b3%db%8c%d8%a7%d8%a8-%d9%82%d9%87%d9%88%d9%87-%db%8c%d9%88%d9%86%db%8c%da%a9-%d9%84%d8%a7%db%8c%d9%81-%d9%85%d8%af%d9%84-019/,"آسیاب قهوه یونیک لایف مدل 019 
 آسیاب قهوه یونیک لایف، یکی از برترین آسیاب‌های قهوه در بازار است که توسط شرکت یونیک لایف ساخته شده است. این آسیاب با استفاده از تکنولوژی قدرتمند به شما امکان می‌دهد قهوه‌ی تازه آسیاب شده و با بوی و طعم فوق‌العاده را تجربه کنید. 
 یکی از ویژگی‌های برجسته آسیاب قهوه یونیک لایف، دقت بالا در آسیاب کردن قهوه است. با داشتن تنظیمات مختلف درجه آسیاب‌کردن، شما می‌توانید قهوه"
Garneek Coffee Workshop,پودر وایت چاکلت ویژه,,,,Ground,250.0,200000,80000.0,,False,وایت چاکلت,https://garneekcoffee.com/product/special-white-chocolate-powder/,"پودر وایت چاکلت ویژه 
 پودر وایت چاکلت یک محصول خوشمزه و محبوب است که برای تهیه نوشیدنی‌ها و خوراکی‌ها استفاده می‌شود. این پودر از بهترین مواد اولیه تهیه شده و دارای طعم و عطری دلپذیر است. با اضافه کردن آب یا شیر به این پودر، می‌توانید انواع نوشیدنی ها و دسرهای شکلاتی دیگر را تهیه کنید. وایت چاکلت یک انتخاب عالی برای علاقمندان به شیرینی‌های شکلاتی است. 
 پودر وایت چاکلت ویژه گارنیک را بیشتر بشناسی"
Garneek Coffee Workshop,تمپر باریستا اسپیس سایز 51 چوبی,,,,,,320000,,,False,تمپر,https://garneekcoffee.com/product/tamper-barista-space-51-wood/,"تمپر باریستا اسپیس سایز 51 چوبی 
 تمپر باریستا اسپیس سایز 51 چوبی ابزاری کوچک با اثری بزرگ! شما با این ابزار کوچک، تغییری بزرگ در عصاره گیری و قهوه اسپرسوی تولید شده خواهید دید. 
 عصاره‌گیری در دستگاه‌های  اسپرسو ساز  با فشار آب بر روی پودر قهوه صورت می گیرد. قهوه‌ داخل پرتافیلتر دستگاه اسپرسوساز می بایست سطحی صاف داشته باشد و بصورت یکدست در سبد قهوه پخش و فشرده شده باشد تا عصاره گیری به بهترین شک"
Garneek Coffee Workshop,شیرجوش و پیچر 130 میلی لیتر استیل مدرج,,,,,,310000,,,False,پیچر,https://garneekcoffee.com/product/boiled-milk-and-graduated-130ml-pitcher/,"شیرجوش و پیچر 130 میلی لیتر مدرج 
 شیرجوش یا همان پیچر شیر ، یکی از لوازم جانبی دستگاه های اسپرسوساز خانگی می باشد که کابرد اصلی آن تولید فرم و کف شیر می باشد . این محصول جزو لوازم اصلی کار برای باریستاها در کافی شاپ ها و به نوعی یکی از پرکاربردترین وسیله ها برای استفاده در کنار اسپرسوساز خانگی در خانه می باشد . 
 &nbsp; 
 جنس و طراحی 
 شیرجوش و پیچر 130 میل از جنس استیل ضد زنگ بوده و می توان از ا"
Garneek Coffee Workshop,پودر پاش استیل با سری توری 2سایز کوچک و متوسط,,,Medium,Ground,,280000,,,True,سایر تجهیزات,https://garneekcoffee.com/product/steel-powder-box-with-net-series/,"پودر پاش استیل با سری توری 
 پودر پاش استیل با سری توری یکی از تجهیزاتی است که در کافی شاپ ها ، قنادی ها و حتی خانه ها، کاربرد زیادی دارد و برای تزئین نوشیدنی ها ، کیک ها و شیرینی ها استفاده می شد . کافه من ها و باریستاها، بیشترین استفاده از این ابزار را دارند . 
 گاها از پودر پاش استیل با سری توری بعنوان ادویه پاش هم در منازل استفاده می شود . 
 جنس بدنه این محصول از استیل ضد زنگ بوده و درب آن تور"
Garneek Coffee Workshop,نیدل سوزنی قهوه دسته چوبی,,,,,,250000,,,True,نیدل,https://garneekcoffee.com/product/coffee-needle-with-wooden-handle/,"نیدل سوزنی قهوه دسته چوبی 
 نیدل سوزنی قهوه دسته چوبی ( needle ) برای بستر سازی بهتر و عدم تجمع پودر قهوه و توزیع مناسب آن در بسکت استفاده می گردد تا قهوه اسپرسویی بهتر و با کیفیت تر داشته باشیم . 
 زمانی که قهوه آسیاب شده را در بسکت اسپرسوساز میریزیم ( برای داشتن عطر و طعم بهتر، پیشنهاد می شود در زمان استفاده و به مقدار نیاز ، دانه قهوه را آسیاب کنید) ، اصولا پودر قهوه بصورت یک دست و تراز شده در "
Garneek Coffee Workshop,دریپر استیل,,,,,,610000,,,False,وی شصت; سایر ابزار دم آوری,https://garneekcoffee.com/product/%d8%af%d8%b1%db%8c%d9%be%d8%b1-%d8%a7%d8%b3%d8%aa%db%8c%d9%84/,"دریپر استیل 
 دریپر استیل یا همان قطره چکان قهوه یکی از ابزار آلات مورد نیاز برای باریستا ها و دوست داران قهوه است. این وسیله مناسب برای استفاده شخصی و کافی شاپ ها است. همچنین برای افرادی که خواهان قهوه تلخ هستند، کاربرد بسیار زیادی دارد. 
از دریپر قهوه برای تهیه قهوه های دمی استفاده می شود. 
تهیه قهوه با این روش به دلیل شکل ظاهری آن، شکل مخروطی با دهانه بزرگ و خروجی کوچک، نیازمند مدت زمان بیشتری "
Garneek Coffee Workshop,برس تمیز کننده پرتافیلتر کد 387,,,,,,240000,,,True,سایر تجهیزات,https://garneekcoffee.com/product/%d8%a8%d8%b1%d8%b3-%d8%aa%d9%85%db%8c%d8%b2-%da%a9%d9%86%d9%86%d8%af%d9%87-%d9%be%d8%b1%d8%aa%d8%a7%d9%81%db%8c%d9%84%d8%aa%d8%b1/,"برس تمیز کننده پرتافیلتر  
   
  یکی از مهم ترین فعالیت ها در کافه ها، تمیز کردن ابزار آلات و دستگاه های عصاره گیری قهوه است. باریستاها برای تهیه قهوه هایی با طعم خاص باید به طور منظم اقدام به تمیز کردن پرتافیلتر و دیگر بخش های دستگاه های اسپرسوساز کنند تا اثری از تفاله های قهوه باقی نماند.   
  همانطور که میدانید؛ پرتافیلتر قطعه ای است که پودر قهوه در داخل آن ریخته می شود و سپس به محل مخصوص خود د"
Garneek Coffee Workshop,قهوه ساز cuisinart مدل 2650E,,,,,,9850000,,,True,اسپرسو ساز; دستگاه اسپرسوساز اتوماتیک; سایر ابزار دم آوری; قهوه جوش,https://garneekcoffee.com/product/%d9%82%d9%87%d9%88%d9%87-%d8%b3%d8%a7%d8%b2-cuisinart-%d9%85%d8%af%d9%84-2650e/,"خرید قهوه ساز cuisinart مدل 2650E 
 اگر شما هم از علاقمندان به قهوه هستید و در طول هفته قهوه یکی از نوشیدنی های روزمره تان است، نیاز به وجود یک قهوه ساز را می توانید در زندگی خود احساس کنید، برای این منظر دستگاه های متنوعی وجود دارد که هر کدام می تواند با توجه به امکانات موجود و نیازهای شما تا حدودی این مشکل را رفع کند. در اینجا قصد معرفی محصولی را داریم که می تواند یک وسیله کاربردی و ایده آل برای"
Garneek Coffee Workshop,اسپرسوساز مباشی مدل CEM302,,,,,,6900000,,,True,دستگاه اسپرسوساز مباشی; اسپرسو ساز,https://garneekcoffee.com/product/%d8%a7%d8%b3%d9%be%d8%b1%d8%b3%d9%88%d8%b3%d8%a7%d8%b2-%d9%85%d8%a8%d8%a7%d8%b4%db%8c-%d9%85%d8%af%d9%84-cem302/,"اسپرسوساز مباشی مدل CEM302  
  یکی از خاص ترین محصولات برند مباشی، اسپرسو ساز مدل CEM302 می باشد که طراحی بسیار خاصی دارد.  
  برای تهیه قهوه با استفاده از این دستگاه علاوه بر پودر قهوه می توانید از قهوه های کپسولی نیز استفاده کنید. این دستگاه با قدرت 1450 وات یکی از قویترین دستگاه های دسته بندی خانگی می باشد.  
  پمپ قوی این محصول باعث عصاره گیری با کیفیت بالای قهوه می شود و در نهایت قهوه ای با ط"
Garneek Coffee Workshop,آسیاب قهوه نوا 3661,,,,Ground,,4400000,,,False,آسیاب برقی; آسیاب قهوه,https://garneekcoffee.com/product/%d8%a2%d8%b3%db%8c%d8%a7%d8%a8-%d9%82%d9%87%d9%88%d9%87-%d9%86%d9%88%d8%a7-3661/,"آسیاب قهوه نوا  
  دستگاه آسیاب قهوه برند نوا یکی از محبوب ترین آسیاب های خانگی و نیمه صنعتی است که با ظاهری شیک و جذاب انتخاب اکثر افراد سخت پسند است.  
  دستگاه آسیاب قهوه نوا 3661 دارای مخزنی به ظرفیت 130 گرم است و تیغه ای از جنس استیل دارد که باعث می شود، دانه های قهوه به طور یکنواخت به پودر تبدیل شوند.  
  بهتر است بدانید؛ با توجه به میزان مصرف خود اقدام به پودر کردن قهوه کنید زیرا پودر قهوه "
Garneek Coffee Workshop,آسیاب قهوه مباشی 2289,,,,Ground,,5400000,,,False,آسیاب برقی; آسیاب قهوه,https://garneekcoffee.com/product/%d8%a2%d8%b3%db%8c%d8%a7%d8%a8-%d9%82%d9%87%d9%88%d9%87-%d9%85%d8%a8%d8%a7%d8%b4%db%8c/,"آسیاب قهوه مباشی 
 یکی از بهترین محصولات برند مباشی، آسیاب قهوه است. آسیاب قهوه مذکور دارای دو عدد مخزن است. مخزن ورودی دارای ظرفیت 320 گرم و مخزن خروجی 130 گرم است. توان دستگاه آسیاب قهوه مباشی 180 وات است. 
 درجه آسیاب این محصول 16 حالت دارد و دارای تیغه هایی از جنس استیل ضد زنگ می باشد. محصول مذکور به دلیل اینکه دارای نمایشگر دیجیتالی است بین افراد طرفداران بسیار زیادی دارد. 
 شما می توانید برا"
Garneek Coffee Workshop,تراول ماگ دسته دار جینگ بنگ کد 379,,,,,,395000,,,False,تراول ماگ,https://garneekcoffee.com/product/%d8%aa%d8%b1%d8%a7%d9%88%d9%84-%d9%85%d8%a7%da%af-%d8%af%d8%b3%d8%aa%d9%87-%d8%af%d8%a7%d8%b1-%d8%ac%db%8c%d9%86%da%af-%d8%a8%d9%86%da%af/,"تراول ماگ دسته دار جینگ بنگ 
  تراول ماگ ها برای نگهداری قهوه و سایر دم نوش ها مورد استفاده قرار می گیرد. از بهترین مدل های تراول ماگ می توان، تراول ماگ دسته دار جینگ بنگ را نام برد. از مهم ترین ویژگی های این محصول می توان به موارد زیر اشاره کرد:  
 
  کیفیت بالا  
     بدنه دوجداره استیل 304  
  گنجایش 450 میلی لیتر قهوه با دمنوش  
  مناسب برای نوشیدنی های گرم و سرد  
  جنس بدنه بیرونی پلاستیک مر"
Garneek Coffee Workshop,آسیاب قهوه دستی دو مخزنه کد 381,,,,Ground,,495000,,,False,آسیاب دستی; آسیاب قهوه,https://garneekcoffee.com/product/%d8%a2%d8%b3%db%8c%d8%a7%d8%a8-%d9%82%d9%87%d9%88%d9%87-%d8%af%d8%b3%d8%aa%db%8c-%d8%af%d9%88-%d9%85%d8%ae%d8%b2%d9%86%d9%87/,"آسیاب قهوه دستی دو مخزنه 
  عطر و طعم قهوه تازه آسیاب شده منحصر به فرد است. همین موضوع باعث می شود تا افراد تمایل بیشتری برای آسیاب کردن دانه های قهوه در منزل داشته باشند. اگر شما نیز می خواهید لذت آسیاب کردن دانه های قهوه را تجربه کنید، می توانید با  خرید آسیاب دستی  این کار راحتی را انجام بدهید و برای اینکار آسیاب قهوه دستی دو مخزنه می تواند انتخاب مناسبی باشد. شکل ظاهری این آسیاب قهوه دستی بسیا"
Garneek Coffee Workshop,تراول ماگ NICE DAY کد 380,,,,,,420000,,,True,تراول ماگ,https://garneekcoffee.com/product/%d8%aa%d8%b1%d8%a7%d9%88%d9%84-%d9%85%d8%a7%da%af-nice-day/,"تراول ماگ NICE DAY 
  برای طرفداران قهوه، داشتن یک تراول ماگ لازم و ضروری است. تراول ماگ ها در مدل ها و سایزهای مختلفی موجود هستند. انتخاب مدل یک ماگ به سلیقه افراد بستگی دارد. یک از بهترین انتخاب ها برای خرید یک تراول ماگ با کیفیت، تراول ماگ NICE DAY است. این تراول ماگ طراحی خاص و منحصر به فردی دارد. یک انتخاب مناسب برای مشکل پسندان است و می تواند هدیه خوبی برای عزیزان تان نیز باشد.  
  از مهم تر"
Garneek Coffee Workshop,فرنچ پرس جمیلای 350mil کد373,,,,,,400000,,,True,فرنچ پرس,https://garneekcoffee.com/product/%d9%81%d8%b1%d9%86%da%86-%d9%be%d8%b1%d8%b3-%d8%ac%db%8c%d9%85%db%8c%d9%84%d8%a7%db%8c-350ml/,"فرنچ پرس جیمیلای 350ml  
  فرنچ پرس جیمیلای 350ml، یکی از بهترین مدل ها در بین فرنچ پرس های موجود در بازار است. ظاهر زیبا و شیک این محصول، آن را از مدل های مشابه، متمایز کرده است. از مهم ترین ویژگی های فرنچ پرس جیمیلای 350ml، می توان به موارد زیر اشاره کرد:  
 
  محصول برند Gemilai  
  طراحی زیبا  
  وزن سبک  
  بدنه تفلون  
  دارای دربی از جنس استیل  
  دارای فیلتر داخلی  
 
  فرنچ پرس جیمیلای 35"
Garneek Coffee Workshop,فرنچ پرس جمیلای 600mil کد374,,,,,,450000,,,True,فرنچ پرس,https://garneekcoffee.com/product/%d9%81%d8%b1%d9%86%da%86-%d9%be%d8%b1%d8%b3-%d8%ac%db%8c%d9%85%db%8c%d9%84%d8%a7%db%8c-600mil/,"فرنچ پرس جیمیلای 600mil 
  دم کردن قهوه با استفاده از فرنچ پرس جیمیلای 600mil بسیار آسان است. علاوه بر قهوه می توانید برای دم کردن چای و سایر دمنوش های گیاهی نیز از این فرنچ پرس شیک و زیبا استفاده کنید. این محصول گنجایش 600 میلی لیتر مایع را دارد و می تواند حدود 4 فنجان قهوه، چای یا دمنوش را برای سرو آماده کند. طراحی زیبا، کیفیت بالا و قیمت مناسب از ویژگی های مهم این محصول است.  
  از سایر ویژگی ه"
Garneek Coffee Workshop,قلم لاته آرت کد 375,,,,,,350000,,,True,سایر تجهیزات,https://garneekcoffee.com/product/%d9%82%d9%84%d9%85-%d9%84%d8%a7%d8%aa%d9%87-%d8%a2%d8%b1%d8%aa/,"قلم لاته آرت 
  برای ایجاد انواع طرح روی قهوه لاته، از قلم لاته آرت استفاده می شود. این قلم از ابزار باریستا به حساب می آید. برای داشتن یک قهوه لاته مشتری پسند، علاوه بر طعم عالی قهوه باید به ظاهر زیبای آن نیز توجه داشت. قلم لاته آرت دارای بدنه تمام استیل است و سطح میانی آن به گونه ای طراحی شده تا مانع لرزش دست شود. شما می توانید با این ابزار کاربردی، طرح های فوق العاده زیبا و خلاقانه ای روی قهوه "
Garneek Coffee Workshop,قلم لاته آرت  Gater کد 376,,,,,,330000,,,True,سایر تجهیزات,https://garneekcoffee.com/product/%d9%82%d9%84%d9%85-%d9%84%d8%a7%d8%aa%d9%87-%d8%a2%d8%b1%d8%aa-gater/,"قلم لاته آرت Gater 
  انتخاب ابزار کافه و باریستا مهم است. ابزار باریستایی حرفه ای می تواند کیفیت نهایی کار شما را بالاتر ببرد. قلم لاته آرت یک ابزار ساده ولی پرکاربرد برای باریستا است. یک باریستای حرفه ای برای تهیه انواع قهوه و نوشیدنی های گرم به صورت حرفه ای و تخصصی به ابزار خاصی نیاز دارد. یکی از بهترین انتخاب ها، قلم لاته آرت Gater است.  
  قلم لاته آرت  Gater دارای بدنه چوبی است و وسط این قلم"
Garneek Coffee Workshop,فرچه پرتافیلتر کد 377,,,,,,45000,,,False,سایر تجهیزات,https://garneekcoffee.com/product/%d9%81%d8%b1%da%86%d9%87-%d9%be%d8%b1%d8%aa%d8%a7%d9%81%db%8c%d9%84%d8%aa%d8%b1/,"فرچه پرتافیلتر 
  برس تمیز کننده دستگاه اسپرسوساز یا پرتافیلتر برای خالی کردن تفاله قهوه در زمان تهیه قهوه بسیار مهم است. اگر قسمت پرتافیلتر دستگاه قهوه ساز به درستی تمیز نشود، می تواند در طعم قهوه سرو شده تاثیرگذار باشد و باعث تغییر طعم قهوه شود که این مورد پسند مشتری نخواهد بود.  
  فرچه پرتافیلتر باید کیفیت مناسبی داشته و از الیاف مقاوم تهیه شده باشد؛ کیفیت بالای فرچه پرتافیلتر، تضمین کننده نظا"
Garneek Coffee Workshop,اسپرسوساز مباشی 2043,,,,,,14300000,,,True,دستگاه اسپرسوساز مباشی; اسپرسو ساز; دستگاه اسپرسوساز نیمه اتوماتیک,https://garneekcoffee.com/product/%d8%a7%d8%b3%d9%be%d8%b1%d8%b3%d9%88%d8%b3%d8%a7%d8%b2-%d9%85%d8%a8%d8%a7%d8%b4%db%8c-2043/,"اسپرسوساز مباشی مدل 2043  
  دستگاه اسپرسو ساز مدل 2043  یکی از اسپرسوسازهای  نیمه صنعتی  بازار است . این دستگاه اسپرسوساز توان بالایی دارد و بسیار کارآمد است. توان این دستگاه معادل 1450 وات است. ب  دنه دستگاه اسپرسو ساز مباشی  2043 استیل است و پرتافیلتر این دستگاه صنعتی است و کیفیت بالایی دارد.  
  همچنین نمایشگر میزان بار آنالوگ و نیز ثانیه شمار کوچک دیجیتالی که در این دستگاه تعبیه شده است جلوه "
Garneek Coffee Workshop,آسیاب قهوه برند یونیک لایف مدل 021,,,,Ground,,7350000,,,False,آسیاب برقی,https://garneekcoffee.com/product/%d8%a2%d8%b3%db%8c%d8%a7%d8%a8-%d9%82%d9%87%d9%88%d9%87-%d8%a8%d8%b1%d9%86%d8%af-home-%d9%85%d8%af%d9%84-021/,"آسیاب قهوه برند یونیک لایف مدل 021 
 از وسایل مورد نیاز کافی شاپها و دوستداران قهوه آسیاب قهوه است و که به صورت برقی و دستی موجود است، اگر مایل به  خرید آسیاب برقی قهوه  هستید، می توانید اطلاعات این محصول را مشاهده کنید و برای خرید آن اقدام کنید. 
  آسیاب قهوه هوم یک آسیاب‌ قهوه اتوماتیک و نیمه صنعتی است. قیفی که برای این آسیاب طراحی شده است از جنس پلی استر و نشکن است، ظاهر خوبی دارد و هایپر قهوه "
Garneek Coffee Workshop,آسیاب قهوه آندیمند مدل 019,Yemen,,,Ground,,7950000,,,False,آسیاب برقی,https://garneekcoffee.com/product/%d8%a2%d8%b3%db%8c%d8%a7%d8%a8-%d8%a2%d9%86%d8%af%db%8c%d9%85%d9%86%d8%af-%d9%85%d8%af%d9%84-019/,"آسیاب قهوه آندیمند مدل 019  
  این آسیاب یک آسیاب نیمه صنعتی است که 19 درجه متفاوت دارد و یک آسیاب نیمه صنعتی است.    
  آسیاب قهوه آندیمند 019 می تواند دانه های قهوه شما را برای استفاده در فرنچ پرس ها قهوه های دمی موکاپات ها و یا اسپرسو سازهای صنعتی و یا نیمه صنعتی و خانگی آسیاب کند.   
  آسیاب قهوه آندیمند که یک حالت تنظیم اتومات یک حالت تنظیم غیر اتومات دارد دارای تیغه های از جنس استیل ضد زنگ ا"
Garneek Coffee Workshop,اسپرسوساز مباشی 2053,,,,,,25800000,,,True,دستگاه اسپرسوساز مباشی; اسپرسو ساز; دستگاه اسپرسوساز نیمه اتوماتیک,https://garneekcoffee.com/product/%d8%a7%d8%b3%d9%be%d8%b1%d8%b3%d9%88%d8%b3%d8%a7%d8%b2-%d9%85%d8%a8%d8%a7%d8%b4%db%8c-2053/,"اسپرسو ساز مباشی 2053  
  (ME-CCM 2053)2053  را میتوان از بهترین های برند مباشی  نام برد که یک دستگاه اسپرسو ساز نیمه صنعتی است. این دستگاه ویژگی های کارآمدی دارد که همین امر باعث می شود ارزش خرید آن بالا برود.  
  دستگاه اسپرسو ساز مباشی 2053 یک اسپرسوساز حرفه ای و نیمه صنعتی است. که می توان در خانه محل کار و یا کافه ای کوچک از آن استفاده کرد.    
  برخی از ویژگی های این دستگاه عبارت است از:  
 
"
Garneek Coffee Workshop,تمپر قهوه تمام استیل سایز 51 کد 366,,,,,,360000,,,True,تمپر,https://garneekcoffee.com/product/%d8%aa%d9%85%d9%be%d8%b1-%d9%82%d9%87%d9%88%d9%87-%d8%aa%d9%85%d8%a7%d9%85-%d8%a7%d8%b3%d8%aa%db%8c%d9%84-%d8%b3%d8%a7%db%8c%d8%b2-51/,"تمپر قهوه تمام استیل سایز 51  
  تمپر قهوه تمام استیل محصولی مناسب و با کیفیت برای تهیه یک تمپ صحیح  در پورتافیلتر است.  
  این مرحله یعنی تمپ کردن قهوه مرحله مهم و حساسی است که در آن سعی می شود پودر قهوه ای را که درون پورتافیلتر ریخته ایم را به یک قرص فشرده تبدیل کنیم به طوری که سطح این قرص درون پورتافیلتر با لبه ی فیلتر دستگاه قهوه ساز ما کمی فاصله داشته باشد. هنگامی که پودر قهوه  با آبی که با ف"
Garneek Coffee Workshop,کلدبرو  مدرج مسافرتی کد 358,,,,,,310000,,,False,سایر تجهیزات; دمنوش ساز,https://garneekcoffee.com/product/%da%a9%d9%84%d8%af%d8%a8%d8%b1%d9%88-%d9%85%d8%b3%d8%a7%d9%81%d8%b1%d8%aa%db%8c-%da%a9%d8%af-358/,"کلدبرو مدرج مسافرتی  
  یکی از شیوه های سرو قهوه به صورت سرد است. قهوه ای را که سرد می نوشند کلدبرو می نامند. تهیه قهوه کلد برو بسیار آسان و وسیله دم آوری آن بسیار قابل دسترس است. شما می توانید با استفاده از یک شیشه کلد برو مدرج قهوه خود را به شیوه سرد دم آوری کنید. در واقع تنها عامل اصلی تاثیر گذار در کیفیت قهوه کلد برو بدین شیوه که آب و قهوه را در این شیشه مخلوط می نمایید سپس درب شیشه را می بندی"
Garneek Coffee Workshop,فنجان کاپوچینو کد 368,,,,,,180000,,,True,ماگ - فنجان,https://garneekcoffee.com/product/%d9%81%d9%86%d8%ac%d8%a7%d9%86-%da%a9%d8%a7%d9%be%d9%88%da%86%db%8c%d9%86%d9%88-%da%a9%d8%af-368/,"فنجان کاپوچینو  
   کاپوچینو که از قهوه اسپرسو و شیر بخار داده شده درست می شود باید از فنجان اسپرسو خوری بزرگ تر (دو برابر یک فنجان معمولی) باشد زیرا با این سایز به راحتی می توان یک کاپوچینوی کف دار را سرو کرد. دهانه این فنجان ها پهن تر از فنجان های اسپرسو هستند.   
  جنس این محصول از سرامیک با کیفیت است و ظرفیت آن نیز 180 گرم می باشد.    
 جنس : سرامیک 
 ظرفیت : 180 میلی لیتر 
 فاقد نعلبکی 
 دارا"
Garneek Coffee Workshop,موکاپات کرمسو 3 کاپ کد 359,,,,,,530000,,,False,موکاپات,https://garneekcoffee.com/product/%d9%85%d9%88%da%a9%d8%a7%d9%be%d8%a7%d8%aa-%da%a9%d8%b1%d9%85%d8%b3%d9%88-3-%da%a9%d8%a7%d9%be/,"خرید موکاپات کرم سو 3 کاپ  
  اگر شما یک موکاپات داشته باشید می توانید در خانه قهوه اسپرسو با طعم دلخواه دم کنید و از عطر دلپذیر آن لذت ببرید.  
   موکاپات وسیله ای برای دم کردن قهوه اسپرسو ساز بر روی اجاق گاز است. موکاپات کرم سو 3 کاپ همانگونه که از اسمش پیداست سه فنجان قهوه دم می کند و به خاطر ابعاد مناسب و البته راحتی کار با آن وسیله مناسبی برای مسافرت ها و یا کوهنوردان است.   
  شما باید مقدار"
Garneek Coffee Workshop,شیرجوش طرح پیچر کد 367,,,,,,450000,,,True,پیچر; قهوه جوش,https://garneekcoffee.com/product/%d8%b4%db%8c%d8%b1%d8%ac%d9%88%d8%b4-%d8%b7%d8%b1%d8%ad-%d9%be%db%8c%da%86%d8%b1-%da%a9%d8%af-367/,"شیرجوش طرح پیچر  
  پیچرها و شیر جوش ها از ابزار  واجب  کار کافه ها و کافی شاپ ها هستند. شیرجوش ها مناسب برای گرم کردن شیر، ریختن شیر و کف شیر بر روی لته می باشند.  
  پیچر ها نیز برای باریستا ها این امکان را فراهم می کنند تا بر روی قهوه های خود طرح بزنند.   
  جنس پیچرها اغلب استیل است و گنجایش آنها با هم فرق دارد. شیرجوش طرح پیچر، این امکان را به شما می دهد که از امکانات شیرجوش و پیچر همزمان بهر"
Garneek Coffee Workshop,پودر رسوب زدا تندیس,,,,Ground,,350000,,,False,مواد شوینده; تجهیزات قهوه,https://garneekcoffee.com/product/%d9%be%d9%88%d8%af%d8%b1-%d8%b1%d8%b3%d9%88%d8%a8-%d8%b2%d8%af%d8%a7-%d8%aa%d9%86%d8%af%db%8c%d8%b3/,"پودر رسوب زدا تندیس  
  پودر رسوب زدایی اسپرسو محصولی ویژه برای جرم گیری و رسوب زدایی دستگاه ها و ماشین های اسپرسو ساز خانگی می باشد. این محصول تولید شرکت بزرگ و معتبر تندیس است که سابقه طولانی مدتی در زمینه تولید مواد رسوب زدا و پاک کننده دارد.  
  به دلیل اینکه در بسیاری از اسپرسو سازهای صنعتی و کافی شاپی، دستگاه مستقیما به آب وصل می شود و کمتر از آب تصفیه شده در این محصولات استفاده می شود، نیاز"
Garneek Coffee Workshop,دریپ کتل 350 میلی لیتر کد 370,,,,,,505000,,,False,کتل,https://garneekcoffee.com/product/%d8%af%d8%b1%db%8c%d9%be-%da%a9%d8%aa%d9%84-350-%d9%85%db%8c%d9%84%db%8c-%d9%84%db%8c%d8%aa%d8%b1-%da%a9%d8%af-370/,"دریپ کتل 350 میلی لیتر  
  دریپ کتل را به خاطر لوله بلندش کتری گردن غازی نیز می نامند. این کتری که یک کتری دم آوری قهوه است با طراحی منحصر به فردش این امکان را به شما می دهد تا بتوانید با کنترل بیشتری آب را روی قهوه بریزید. بدین ترتیب عصاره گیری قهوه برایتان هم لذت بخش تر و هم دقیق تر و باکیفیت تر خواهد بود.   
  از دریپ کتل برای دم آوری قهوه های دمی، کمکس، v60  ایروپرس استفاده می شود.  
  طول گرد"
Garneek Coffee Workshop,اسپرسوساز نوا 160,,,,,,11800000,,,True,دستگاه اسپرسوساز نوآ; اسپرسو ساز; دستگاه اسپرسوساز نیمه اتوماتیک,https://garneekcoffee.com/product/%d8%a7%d8%b3%d9%be%d8%b1%d8%b3%d9%88%d8%b3%d8%a7%d8%b2-%d9%86%d9%88%d8%a7-160/,"اسپرسوساز نوا 160 
 دستگاه اسپرسوساز نوا 160 قابل استفاده در مکان های اداری، رستوران ها، کافه ها و منزل می باشد. 
 این مدل از دستگاه اسپرسوساز که از برند معروف نوا می باشد دارای امکاناتی است که این دستگاه را کاملا مناسب ساخت انواع نوشیدنی قهوه مانند اسپرسو، کافه لاته، موکا، شیرگرم می کند. 
 .اسپرسوساز نوا 160 از استیل ضد زنگ است و توان آن 1080 وات می باشد و همچنین توانایی 20 فشار بخار آب برای عصار"
Garneek Coffee Workshop,اسپرسوساز مباشی مدل 2501,,,,,,11200000,,,True,دستگاه اسپرسوساز مباشی; اسپرسو ساز; دستگاه اسپرسوساز خانگی,https://garneekcoffee.com/product/%d8%a7%d8%b3%d9%be%d8%b1%d8%b3%d9%88%d8%b3%d8%a7%d8%b2-%d9%85%d8%a8%d8%a7%d8%b4%db%8c-%d9%85%d8%af%d9%84-2501/,"اسپرسوساز مباشی مدل 2501 
 دستگاه اسپرسوساز مباشی با ایجاد قابلیت شگفت انگیز برای دوست داران کاپوچینو این امکان را فراهم کرده است تا به طور اتوماتیک و در کمترین زمان به یک فنجان خوش طعم از کاپوچینو دسترسی داشته باشید. 
 دستگاه اسپرسوساز مباشی مدل 2510 مجهز به یک مخزن شیر شفاف است که به راحتی می توانید این مخزن شیر را از دستگاه جدا کنید و آنرا بشورید. 
 با  خرید دستگاه اسپرسوساز  ذکر شده می توانید "
Garneek Coffee Workshop,اسپرسو ساز مباشی مدل 2041,,,,,,9400000,,,True,دستگاه اسپرسوساز مباشی; اسپرسو ساز; دستگاه اسپرسوساز خانگی,https://garneekcoffee.com/product/%d8%a7%d8%b3%d9%be%d8%b1%d8%b3%d9%88-%d8%b3%d8%a7%d8%b2-%d9%85%d8%a8%d8%a7%d8%b4%db%8c-%d9%85%d8%af%d9%84-2014/,"اسپرسو ساز مباشی مدل 2041 
 برند ژاپنی مباشی تولید کننده انواع دستگاه اسپرسوساز برای انواع سلیقه ها و نیاز ها است. این برند معروف و محبوب دارای نمایندگی در ایران نیز می باشد و شما می توانید با خیال راحت انواع مختلف این دستگاه اسپرسوساز را خریداری نمایید. 
 دستگاه اسپرسو ساز مباشی مدل 2041 دارای فشار بخار ۲۰ بار است و همچنین این دستگاه های اسپرسوساز دارای نازل بخار هستند و برای تهیه انواع مختلف قهو"
Garneek Coffee Workshop,مت بار سرد 20 در 40 سانتیمتر کد 348,,,,,,130000,,,False,تجهیزات بار سرد,https://garneekcoffee.com/product/%d9%85%d8%aa-%d8%a8%d8%a7%d8%b1-%d8%b3%d8%b1%d8%af-20-%d8%af%d8%b1-40-%d8%b3%d8%a7%d9%86%d8%aa%db%8c%d9%85%d8%aa%d8%b1/,"مت بار سرد 20 در 40 سانتیمتر کد 348  
 &nbsp; 
  مت بار سرد همانطور که از نامش پیدا است در بار سرد استفاده می شود. این محصول برای چیدمان وسایل و تجهیزات نوشیدنی کاربرد دارد و از سر خوردن، شکستن، کثیف شدن میز پیشخوان و… جلوگیری می کند. این محصول باعث تمیزی بار سرد می شود.  
  مت بار سرد موجود در قهوه گارنیک در ابعاد 20 در 40 سانتی متر است و از جنس پلاستیک مرغوب و باکیفیت می باشد. این محصول را می تو"
Garneek Coffee Workshop,قهوه ساز ویتنامی ( نسل سوم ) کد 350,Vietnam,,,,,588000,,,False,وی شصت,https://garneekcoffee.com/product/%d9%82%d9%87%d9%88%d9%87-%d8%b3%d8%a7%d8%b2-%d9%88%db%8c%d8%aa%d9%86%d8%a7%d9%85%db%8c/,"قهوه ساز ویتنامی ( نسل سوم )  
 &nbsp; 
  امروزه برای تهیه فوری یک فنجان قهوه میتوان به راحتی از قهوه سازهای نسل سوم استفاده کرد. قهوه سازهای نسل سوم ویتنامی با توجه به نیاز افراد طراحی و  تولید شدند تا زمان تولید قهوه کاهش یابد و همچنین کنترل دما در دم آوری قهوه نیز بیشتر شود.   
  قهوه ساز ویتنامی نسل سوم موجود در وب سایت قهوه گارنیک از جنس فولاد ضد زنگ می باشد. ظرفیت تهیه قهوه توسط این دستگاه 2"
Garneek Coffee Workshop,برنر قهوه گازی (همراه استند) پرایم,,,,,,690000,,,False,هیتر,https://garneekcoffee.com/product/%d8%a8%d8%b1%d9%86%d8%b1-%d9%82%d9%87%d9%88%d9%87-%da%af%d8%a7%d8%b2%db%8c-%d9%be%d8%b1%d8%a7%db%8c%d9%85/,"برنر قهوه گازی پرایم  (همراه استند) 
 &nbsp; 
  برنر قهوه گازی پرایم یکی از ابزار آلات دم آوری قهوه است. عاشقان قهوه از این محصول برای تهیه یک قهوه ترک عالی استفاده می کنند. شما می توانید به راحتی با این محصول اقدام به تهیه قهوه خوش طعم در طبیعت کنید.  
  برنر قهوه گازی پرایم موجود در وب سایت قهوه گارنیک از برند پرایم می باشد. این محصول دارای استند است و برای افرادی که به کوهنوردی و طبیعت گردی علا"
Garneek Coffee Workshop,پیچر تفلون 350 میلی لیتر کد 346,,,,,,400000,,,True,پیچر,https://garneekcoffee.com/product/%d9%be%db%8c%da%86%d8%b1-%d8%aa%d9%81%d9%84%d9%88%d9%86-350-%d9%85%db%8c%d9%84%db%8c-%d9%84%db%8c%d8%aa%d8%b1/,"پیچر تفلون 350 میلی لیتر کد 346  
 &nbsp; 
  یکی از محصولاتی که کاربرد بسیاری برای باریستاها دارد، پیچر می باشد. پیچر تفلون 350 میلی لیتر یکی از ابزار آلاتی است که باریستاها در تهیه لته آرت از آن استفاده می کنند تا طرح های زیبایی توسط شیر موجود در پیچر بر سطح لته ایجاد کنند.  
  پیچر های مورد استفاده در تهیه لته مدل های گوناگونی دارد که در بخش دهانه با هم متفاوت هستند. از جمله مدل های آن میتوان به"
Garneek Coffee Workshop,استرینر ( صافی شیکر ) گتر استیل,,,,,,245000,,,True,تجهیزات بار سرد,https://garneekcoffee.com/product/%d8%a7%d8%b3%d8%aa%d8%b1%db%8c%d9%86%d8%b1-%d8%b5%d8%a7%d9%81%db%8c-%d8%b4%db%8c%da%a9%d8%b1-%da%af%d8%aa%d8%b1-%d8%a7%d8%b3%d8%aa%db%8c%d9%84/,"استرینر یا صافی شیکر 
 استرینر یا صافی شیکر در تهیه نوشیدنی‌های طبیعی کاربرد دارد و با طراحی فنری که بر روی محصول مشاهده می کنید باعث می شود بر روی انواع شیکرها به خوبی قرار بگیرد و مانع از ورود پالپ یا خرده های میوه به داخل لیوان شود. 
 استرینر (صافی شیکر) گتر استیل 
 استینر ارائه شده توسط برند گتر دارای دسته بلند است و جنس این محصول استیل ضد زنگ می باشد. 
 این محصول فقط به رنگ استیل در وبسایت قه"
Garneek Coffee Workshop,مینی پرسو بیزانس کد 341,,,,,,1650000,,,False,مینی پرسو,https://garneekcoffee.com/product/%d9%85%db%8c%d9%86%db%8c-%d9%be%d8%b1%d8%b3%d9%88-%d8%a8%db%8c%d8%b2%d8%a7%d9%86%d8%b3-%da%a9%d8%af-341/,"مینی پرسو 
 یکی از محصولاتی که در میان افراد اهل گردش و مسافرت بسیار طرفدار دارد، مینی پرسو است. این محصول بدون استفاده از برق و یا شارژ کار می کند. مینی پرسو محصول جیبی است و به راحتی حمل و نقل می شود.  تهیه قهوه با این دستگاه با پمپ دستی است  و بدون نیاز به برق و&#8230; می توانید قهوه خود را آماده کنید. این دستگاه مناسب برای قهوه پودر شده است. 
 مینی پرسو بیزانس 
 مینی پرسو ارائه شده توسط قهوه گ"
Garneek Coffee Workshop,وارمر چوب کد 338,,,,,,170000,,,True,سایر تجهیزات,https://garneekcoffee.com/product/%d9%88%d8%a7%d8%b1%d9%85%d8%b1-%da%86%d9%88%d8%a8/,"وارمر 
 امروزه در دورهمی ها برای گرم نگهداشتن چایی و یا نوشیدنی های دیگر از پایه هایی که شمع در آن ها در حال سوختن است استفاده می شود. این پایه ها که اغلب چوبی و یا فلزی هستند، وارمر نامیده می شود. 
 وارمر چوب کد 338 
 وارمر چوبی ارائه شده توسط قهوه گارنیک دارای جنس با کیفیت، بادوام و آنتی باکتریال است. وارمر چوب کد 338 از چوب بامبو و فلز ساخته شده است و محصول کشور چین است. 
 شما می توانید برای خر"
Garneek Coffee Workshop,قهوه ساز دستی یوروپرس مدل YRP کد 328,,,,,,1050000,,,True,یوروپرس,https://garneekcoffee.com/product/%d9%82%d9%87%d9%88%d9%87-%d8%b3%d8%a7%d8%b2-%d8%af%d8%b3%d8%aa%db%8c-%db%8c%d9%88%d8%b1%d9%88%d9%be%d8%b1%d8%b3-%d9%85%d8%af%d9%84-yrp/,"قهوه ساز دستی یوروپرس مدل YRP 
 یکی از بهترین قهوه سازهای دستی نسل سوم قهوه ساز دستی یوروپرس مدل YRP می باشد. کار با این دستگاه بسیار آسان می باشد و کیفیت قهوه ای که با آن تهیه می شود، عالی است 
 قهوه در دستگاه قهوه ساز دستی یوروپرس به مدت 10 الی 50 ثانیه در آب 80 درجه سانتی گراد  دم می کشد و توسط پیستونی که دارد عصاره گیری می شود. 
 قهوه ای که در قهوه ساز دستی یوروپرس مدل YRP استفاده می شود مقدار"
Garneek Coffee Workshop,ظرف شیشه ای قهوه کد 243,,,,,,49000,,,False,بانکه قهوه; سایر تجهیزات,https://garneekcoffee.com/product/%d8%b8%d8%b1%d9%81-%d8%b4%db%8c%d8%b4%d9%87-%d8%a7%db%8c-%d9%82%d9%87%d9%88%d9%87-380-%da%af%d8%b1%d9%85%db%8c/,"ماندگاری قهوه 
 قهوه از موادی محسوب می شود که در نگهداری آن باید توجه زیادی کرد. 
 در هنگام خرید این محصول باید با توجه به نیاز خود اقدام به خرید کرد زیرا قهوه پس از مدت زمان کوتاهی تازگی، عطر و بوی خوشایند خود را از دست می دهد و کهنه می شود. به همین دلیل قهوه خریداری شده را باید در یک ظرف شیشه ای که دارای یک درب محکم است و از ورود اکسیژن به درون محتوای ظرف جلوگیری می کند، نگهداری کرد. 
 همچنین ظر"
Garneek Coffee Workshop,ظرف شیشه ای قهوه کد 342,,,,,,45000,,,False,بانکه قهوه; سایر تجهیزات,https://garneekcoffee.com/product/%d8%b8%d8%b1%d9%81-%d8%b4%db%8c%d8%b4%d9%87-%d8%a7%db%8c-%d9%82%d9%87%d9%88%d9%87/,"نگهداری قهوه 
 در هنگام خرید قهوه بهتر است این نکته را رعایت کنید که حداکثر برای مصرف یک هفته ای خود قهوه خریداری کنید. اما اگر بیشتر از مقدار مصرف خود در مدت 7 روز تهیه کرده اید بهتر است آن را در یک ظرف در بسته و خالی اکسیژن نگهداری کنید که به دور از نور خورشید و رطوبت باشد. 
 4 عاملی که در بالا به آنها ذکر شد یعنی هوا، گرما، رطوبت و نور باعث کهنگی زود هنگام قهوه می شود به همین دلیل در هنگام نگهد"
Garneek Coffee Workshop,فنجان لته بزرگ کد 340,,,,,,195000,,,True,ماگ - فنجان,https://garneekcoffee.com/product/%d9%81%d9%86%d8%ac%d8%a7%d9%86-%d9%84%d8%aa%d9%87-%d8%a8%d8%b2%d8%b1%da%af/,"کافه لاته 
 کافه لاته یا کافه لته جزو نوشیدنی های  گرم پر طرفدار است که از ترکیب اسپرسو و شیرداغ به همراه مقدار زیادی فوم شیر تهیه می شود. 
 باریستاها با تجربه و هنری که دارند هنگام تهیه لته تزئینات خاصی را بر روی آن به نمایش می گذارند که همگی با  نحوه ریختن شیر و ترکیب شیر و اسپرسو مرتبط است. 
 فوم گیری شیر به دو روش انجام می گیرد: 
 روش اول با نازل بخار دستگاه اسپرسو می باشد. 
 روش دوم با فرنچ پ"
Garneek Coffee Workshop,فنجان اسپرسو دبل کد 339,,,,,,150000,,,False,ماگ - فنجان,https://garneekcoffee.com/product/%d9%81%d9%86%d8%ac%d8%a7%d9%86-%d8%a7%d8%b3%d9%be%d8%b1%d8%b3%d9%88-%d8%af%d8%a8%d9%84/,"فنجان اسپرسو دبل 
  یکی از بهترین و با کیفیت ترین فنجان های اسپرسو موجود در قهوه گارنیک، فنجان و نعلبکی مشکی است که یکی از فنجان های سرامیکی با کیفیت است. با خرید این فنجان اسپرسو دبل لذت خود را از نوشیدن قهوه دو چندان کنید.   
  فنجان اسپرسو دبل مشکی دارای ظاهری چشم نواز و جذاب است که همه نگاه ها را به خود جلب می کند. رنگ مشکی و ظاهر کلاسیک این فنجان و نعلبکی اسپرسو برای استفاده در مهمانی و پذیرا"
Garneek Coffee Workshop,اسکیل باریستا تایمردار کد 337,,,,,,850000,,,False,ترازو,https://garneekcoffee.com/product/%d8%a7%d8%b3%da%a9%db%8c%d9%84-%d8%aa%d8%a7%db%8c%d9%85%d8%b1%d8%af%d8%a7%d8%b1-%d8%a8%d8%a7%d8%b1%db%8c%d8%b3%d8%aa%d8%a7/,"اسکیل تایمردار باریستا 
  اسکیل تایمردار باریستا در ابعاد 200*145*29 میلی متر مناسب استفاده در کافی شاپ ها است. این ترازو دارای قابلیت شارژ به وسیله کابل USB است. این اسکیل تایمردار باریستا دارای سه عدد باتری نیمه قلمی است.   
  اسکیل تایمردار باریستا با وجود صفحه لمسی و متفاوت یک وسیله کاربردی برای دم آوری دقیق قهوه است و به شما این امکان را می دهد تا با اندازه گیری دقیق دانه ها یک قهوه عالی به ص"
Garneek Coffee Workshop,نیدل قهوه SH &#038; S کد 335,,,,,,480000,,,False,نیدل,https://garneekcoffee.com/product/%d9%86%db%8c%d8%af%d9%84-sh-s/,"نیدل SH &amp; S 
  نیدل SH &amp; S یک محصول کاربردی برای تهیه اسپرسو است که با کیفیت بالایی در ایران تولید شده است. جنس این نیدل از استیل ضد زنگ 304 است.   
  نیدل SH &amp; S دارای دسته چوبی مناسب استفاده برای پرتافیلتر های 51 تا 58 میلی متر است، همچنین این محصول دارای استند نگهدارنده نیز می باشد.   
  طرز کار با این وسیله بسیار آسان است و باعث یکدست شدن پودر قهوه و دم کشیدن بهتر آن میشود، ابتدا ن"
Garneek Coffee Workshop,زنگ رومیزی کافه کوچک,,,,,,130000,,,True,سایر تجهیزات,https://garneekcoffee.com/product/%d8%b2%d9%86%da%af-%d8%b1%d9%88%d9%85%db%8c%d8%b2%db%8c-%da%a9%d8%a7%d9%81%d9%87-%da%a9%d9%88%da%86%da%a9/,"زنگ رومیزی کافه کوچک 
  یکی از ابزارهای کاربردی در کافه ها زنگ رومیزی است که یک وسیله ارتباطی بین باریستا و سالن کار به حساب می آید، در این حالت شما باریستا با فشردن زنگ به سالن کار اطلاع می دهد که سفارش آماده است.   
  این ابزار مناسب استفاده در رستوران ها، هتل ها، کافی شاپ ها و… است. با وجود صدای زنگ با کیفیت و بلند به راحتی می توان از آن برای انجام کار مدنظر خود استفاده کرد.   
  این محصول قهوه"
Garneek Coffee Workshop,جیجر استیل بار سرد کد 324,,,,,,150000,,,True,تجهیزات بار سرد,https://garneekcoffee.com/product/%d8%ac%db%8c%d8%ac%d8%b1-%d8%a7%d8%b3%d8%aa%db%8c%d9%84-%d8%a8%d8%a7%d8%b1-%d8%b3%d8%b1%d8%af-%d9%88%d8%a7%d8%b1%d8%af%d8%a7%d8%aa%db%8c/,"جیجر استیل   
  یکی از محصولاتی که قهوه گارنیک ارائه می دهد، جیجر استیل بار سرد است. این محصول برای اندازه گیری مقدار دقیق مواد اولیه (طعم دهنده ها) کوکتل استفاده می شود تا طعم کوکتل تهیه شده همیشه پایدار بماند.   
  جیجر استیل بار سرد کد 324  
  جیجر استیل بار سرد کد 324 که توسط قهوه گارنیک به فروش می رسد از جنس استیل ضد زنگ بوده و دو سایز بزرگ (10.5*3.5 سانتی متر) و کوچک (5.5*3.5 سانتی متر) می ب"
Garneek Coffee Workshop,ست نی بار سرد کد 326,,,,,,1850000,,,True,تجهیزات بار سرد,https://garneekcoffee.com/product/%d8%b3%d8%aa-%d9%86%db%8c-%d8%a8%d8%a7%d8%b1-%d8%b3%d8%b1%d8%af/,"ست نی بار سرد   
  یکی از محصولاتی که در کافی شاپ ها بسیار مورد استفاده قرار میگیرد، نی است. امروزه با توجه به مشکلات محیط زیستی که وجود دارد استفاده از نی های پلاستیکی بسیار کاهش یافته است و نی هایی از جنس استیل و یا شیشه جایگزین آنها شده اند.  
  قهوه گارنیک برای پاسخگویی به نیاز مشتریان، به ارائه ست نی بار سرد پرداخته است. این محصول از جنس استیل بوده و 12 عدد می باشد که دارای 5 عدد نی خم، 5 عدد"
Garneek Coffee Workshop,همزن شارژی دوتکه کد354,,,,,,650000,,,False,سایر تجهیزات,https://garneekcoffee.com/product/%d9%87%d9%85%d8%b2%d9%86-%d8%b4%d8%a7%d8%b1%da%98%db%8c-%d8%a8%d8%a7-%d8%af%d9%88-%d8%b3%d8%b1/,"همزن شارژی و کفساز  
 &nbsp; 
  استفاده از همزن شارژی برای مخلوط کردن مواد و ایجاد کف در حجم کم کاربرد دارد. از همزن برقی (شارژی) می توان برای تهیه کف بر روی سطح کاپوچینو، شیر، تخم مرغ و… استفاده کرد.  
  همزن شارژی کد 66 دارای دو سر است که از یک سر برای تهیه کف و فوم استفاده می شود و از سر دوم برای مخلوط کردن تخم مرغ و… استفاده می شود.  
  محصول ذکر شده دارای شارژر است و پس از اتمام شارژ این محصو"
Garneek Coffee Workshop,استرینر ( صافی شیکر )کد 327,,,,,,245000,,,True,تجهیزات بار سرد,https://garneekcoffee.com/product/%d8%a7%d8%b3%d8%aa%d8%b1%db%8c%d9%86%d8%b1-%d8%b5%d8%a7%d9%81%db%8c-%d8%b4%db%8c%da%a9%d8%b1/,"استرینر دسته بلند  
  صافی شیکر یا استرینر یک ابزار از جنس استیل ضد زنگ است که بر روی شیکر قرار گرفته و از از ورود هسته میوه، یخ و سایر مواد به داخل لیوان نوشیدنی جلوگیری می کند و یک ابزار مناسب در  تجهیزات بار سرد  است و برای تهیه نوشیدنی های خنک و میوه ای یک محصول ضروری است.   
  استرینر دسته بلند دارای یک بخش فنردار می باشد که باعث می شود شیکر ثابت شده و جابجا نشود. به دلیل جنس ضد زنگ این محصول"
Garneek Coffee Workshop,قاشق کاپینگ قهوه ( اورجینال ) کد 321,,,,,,750000,,,False,سایر تجهیزات; تجهیزات قهوه,https://garneekcoffee.com/product/%d9%82%d8%a7%d8%b4%d9%82-%da%a9%d8%a7%d9%be%db%8c%d9%86%da%af-%d9%82%d9%87%d9%88%d9%87-%d8%a7%d9%88%d8%b1%d8%ac%db%8c%d9%86%d8%a7%d9%84/,"قاشق کاپینگ قهوه 
  از قاشق کاپینگ قهوه برای بررسی و سنجش عطر و طعم قهوه استفاده می شود و یک ابزار ضروری برای باریستاها است. قاشق کاپینگ قهوه به علت وجود لعاب خود باعث حفظ دما می شود و همین موضوع باعث می شود تا سریع دمای قهوه کاهش نیابد و به راحتی بتوان عطر و طعم قهوه را بررسی و ارزیابی کرد.   
  قاشق کاپینگ قهوه محصول برند پرمیوم یک محصول اورجینال و وارداتی از جنس استیل ضد زنگ است و به راحتی می ت"
Garneek Coffee Workshop,استند چوبی نگهدارنده کپسول نسپرسو,,,,Capsule,,500000,,,False,سایر تجهیزات,https://garneekcoffee.com/product/%d8%a7%d8%b3%d8%aa%d9%86%d8%af-%da%86%d9%88%d8%a8%db%8c-%d9%86%da%af%d9%87%d8%af%d8%a7%d8%b1%d9%86%d8%af%d9%87-%da%a9%d9%be%d8%b3%d9%88%d9%84-%d9%86%d8%b3%d9%be%d8%b1%d8%b3%d9%88/,"استند چوبی نگهدارنده کپسول نسپرسو 
  یکی از دغدغه های بزرگ برای افرادی که از دستگاه های نسپرسو برای تهیه قهوه استفاده می کنند، محل نگهداری کپسول نسپرسو است. استند چوبی نگهدارنده کپسول نسپرسو با 16 محل نگهدارنده و امکان قرار گرفتن روی دیوار و میز به راحتی می تواند مشکل این افراد را حل کند.   
  کپسول های نسپرسو اکثر مواقع بعد از باز شدن جعبه به علت مقوایی بودن در معرض خیس شدن قرار دارند و شما به را"
Garneek Coffee Workshop,اسپرسوساز مباشی مدل ME-CCM 2052,,,,,,26500000,,,True,دستگاه اسپرسوساز مباشی; دستگاه اسپرسوساز نیمه اتوماتیک,https://garneekcoffee.com/product/%d8%a7%d8%b3%d9%be%d8%b1%d8%b3%d9%88%d8%b3%d8%a7%d8%b2-%d9%85%d8%a8%d8%a7%d8%b4%db%8c-%d9%85%d8%af%d9%84-me-ccm-2052/,"اسپرسوساز مباشی مدل ME-CCM 2052  
  در سال 2012 برند مباشی در کشور ژاپن ثبت گردید، این شرکت با بیش از 350 محصول آماده ارائه خدمات به مشتریان در سراسر جهان است. شرکت مباشی با بالاترین استانداردهای جهانی محصولات با کیفیت را به مشتریان در سراسر جهان عرضه می دارد.   
  اسپرسوساز مباشی مدل ME-CCM 2052 با فشار بخار 15 بار و توان موتور 1770 و ظرفیت 2 لیتر با وجود سیستم کاپوچینوساز و نشانگر سطح آب است. با"
Garneek Coffee Workshop,اسپرسوساز بوگاتی مدل Diva,,,,,,15500000,,,False,اسپرسو ساز; سایر برندها,https://garneekcoffee.com/product/%d8%a7%d8%b3%d9%be%d8%b1%d8%b3%d9%88%d8%b3%d8%a7%d8%b2-%d8%a8%d9%88%da%af%d8%a7%d8%aa%db%8c-%d9%85%d8%af%d9%84-diva/,"اسپرسوساز بوگاتی مدل DIVA  
  قطعا اگر طرفدار نوشیدن روزانه یک فنجان اسپرسو باشید با دستگاه اسپرسوساز بوگاتی مدل DIVA آشنا هستید. دستگاه اسپرسوساز بوگاتی مدل DIVA جزو دستگاه های خوش ساخت و با کیفیت است که طراحی منحصر به فردی نیز دارد.  
  دستگاه اسپرسوساز بوگاتی مدل DIVA دارای یک نمایشگر آنالوگ عقربه ای است و یک نشانگر جهت نشان دادن حالت روشن یا خاموش بودن دستگاه است.  
  جنس بدنه دستگاه اسپرسو سا"
Garneek Coffee Workshop,تمپر  جوفرکس سایز 58 کد 314,,,,,,700000,,,True,تمپر,https://garneekcoffee.com/product/%d8%aa%d9%85%d9%be%d8%b1-%d8%ac%d9%88%d9%81%d8%b1%db%8c%da%a9%d8%b3-%d8%b3%d8%a7%db%8c%d8%b2-58/,"تمپر  جوفرکس سایز 58  
  تمپر ابزاری است که از آن برای متراکم کردن پودر قهوه درون بسکت پرتافیلتر مورد استفاده قرار می گیرد.  
  متراکم شدن پودر قهوه درون بسکت باعث می شود تا آب به سختی از آن عبور کند و در نتیجه عصاره قهوه بهتر به آب منتقل می شود و قهوه با کیفیت تری را ایجاد می کند.   
  تمپر جوفرکس دارای قابلیت ارتجاعی است و فشار را به صورت عمودی و با دقت بیشتری به پودر قهوه درون بسکت وارد میکند و"
Garneek Coffee Workshop,استند دریپر گتر کد 315,,,,,,530000,,,True,سایر ابزار دم آوری; سایر تجهیزات,https://garneekcoffee.com/product/%d8%a7%d8%b3%d8%aa%d9%86%d8%af-%d8%af%d8%b1%db%8c%d9%be%d8%b1-%da%af%d8%aa%d8%b1/,"استند دریپر گتر یک ابزار کاربردی برای کنترل بیشتر در فرآیند تهیه قهوه دمی است. این پایه نگهدارنده محصول مناسبی جهت استفاده از قهوه‌سازهای دریپر است.   
 جنس : استیل 
 ارتفاع استند : 17/5 سانتیمتر 
 عرض استند : 15 سانتیمتر 
 قطر دهانه استند : 8 سانتیمتر 
 برند : گتر 
 دارای تشک لاستیکی در قسمت پایه استند 
 دارای رنگ بندی 
 
 &nbsp; 
 &nbsp;"
Garneek Coffee Workshop,پیچر استیل 600ml کد 310,,,,,,410000,,,False,پیچر,https://garneekcoffee.com/product/%d9%be%db%8c%da%86%d8%b1-%d8%a7%d8%b3%d8%aa%db%8c%d9%84-600ml/,"پیچر استیل 600ml 
 پیچر وسیله ای است شبیه پارچ و یکی از ابزار آلات بسیار مهم باریستاهای حرفه ای است. 
 از پیچر برای تهیه کف شیر، بخار زدن و طراحی بر روی قهوه استفاده می شود به همین دلیل بهتر است پیچر مورد استفاده باریستاها از جنس استیل مرغوب بوده تا بتواند دمای شیر را ثابت نگه دارد. 
 در هنگام خرید پیچر به این نکته توجه کنید؛ هرچه قطر این وسیله بیشتر باشد، بهتر است زیرا هنگام جوشیدن شیر موجود در آ"
Garneek Coffee Workshop,پیچر استیل موتا 550ml کد 316,,,,,,399000,,,False,پیچر,https://garneekcoffee.com/product/%d9%be%db%8c%da%86%d8%b1-%d8%a7%d8%b3%d8%aa%db%8c%d9%84-%d9%85%d9%88%d8%aa%d8%a7-550ml/,"پیچر استیل موتا   
  پیچر استیل موتا وسیله پارچ مانند مخصوص بخار دادن شیر برای تولید میکرو فوم جهت لاته آرت که کاربرد فراوانی برای باریستاها دارد. این وسیله که از جنس استیل ساخته شده است تا در طول حرارت دهی دمای شیر را حفظ کند جزو محبوب ترین و کاربردی ترین لوازم برای یک باریستای حرفه ای محسوب می شود.   
  از پیچر برای کف دار کردن شیر، تهیه فوم شیر، بخار دادن شیر، گرم کردن شیر و طراحی های روی قهوه "
Garneek Coffee Workshop,پیچر استیل موتا 350ml کد 292,,,,,,395000,,,False,پیچر,https://garneekcoffee.com/product/%d9%be%db%8c%da%86%d8%b1-%d8%a7%d8%b3%d8%aa%db%8c%d9%84-%d9%85%d9%88%d8%aa%d8%a7-350ml/,"پیچر استیل موتا 350 میل  
  پیچرها جزو ابزارهای پرکاربرد باریستا برای تهیه فوم شیر، کف شیر و بخار دادن شیر مورد استفاده قرار می گیرد، از این ابزار علوه بر تهیه فوم شیر برای تهیه انواع نوشیدنی های مختلف دیگر مانند کاپوچینو، لاته و هات چاکلت و یا تهیه انواع سس مورد استفاده قرار می گیرد.   
  پیچر استیل موتا کاربرد اصلی که دارد امکان ایجاد انواع لاته آرت را فراهم می کند، لبه پیچر ها باعث ایجاد عملکرد"
Garneek Coffee Workshop,پیچر استیل دور سیلیکونی 600ml کد 311,,,,,,395000,,,False,پیچر,https://garneekcoffee.com/product/%d9%be%db%8c%da%86%d8%b1-%d8%a7%d8%b3%d8%aa%db%8c%d9%84-%d8%af%d9%88%d8%b1-%d8%b3%db%8c%d9%84%db%8c%da%a9%d9%88%d9%86%db%8c-600ml/,"پیچر استیل دور سیلیکونی 600ml 
 باریستاهای حرفه ای برای تهیه یک لته آرت عالی، از پیچر استفاه می کنند. پیچر های موجود در قهوه گارنیک در ظرفیت های مختلف پاسخگوی نیاز مشتریان است. 
 از پیچر استیل 600 میل برای تهیه کف شیر و بخار زدن استفاده می شود. این محصول با ارتفاع 11 سانتی متر و دهانه ای به  قطر 8 سانتی متر و محافظی از جنس سیلیکون، ساخت کشو چین است. 
 برای اطلاع از  قیمت و تهیه این محصول می توانید"
Garneek Coffee Workshop,پیچر استیل دور سیلیکونی 350ml کد 312,,,,,,390000,,,True,پیچر,https://garneekcoffee.com/product/%d9%be%db%8c%da%86%d8%b1-%d8%a7%d8%b3%d8%aa%db%8c%d9%84-%d8%af%d9%88%d8%b1-%d8%b3%db%8c%d9%84%db%8c%da%a9%d9%88%d9%86%db%8c-350ml/,"پیچر استیل دور سیلیکونی 350ml 
 پیچر وسیله ای است شبیه پارچ که برای تهیه کف شیر و بخار زدن و تهیه لته آرت استفاده می شود. 
 این محصول با ظرفیتی به اندازه 350 ml و محافظی از جنس سیلیکونی یکی از کاربردی ترین ابزارآلات باریستاهای حرفه ای است. 
 پیچر استیل دور سیلیکونی 350ml کد 312 دارای ارتفاع 9 سانتی متر و دهانه ای به قطر 7.5 سانتی متر برای استفاده در کافی شاپ ها کاربردی است. 
 برای اطلاع از قیمت و "
Garneek Coffee Workshop,پیچر موتا 350ml کد 308 MOTTA,,,,,,530000,,,False,پیچر,https://garneekcoffee.com/product/%d9%be%db%8c%da%86%d8%b1-%d9%85%d9%88%d8%aa%d8%a7-350ml-%d8%a7%d9%88%d8%b1%d8%ac%db%8c%d9%86%d8%a7%d9%84-motta/,"پیچر موتا  motta  
  پیچر جزو ابزار های اصلی یک باریستای حرفه ای است که از آن برای گرم کردن و بخار دادن شیر جهت تهیه فوم شیر مورد استفاده قرار می دهد.  
  پیچر موتا motta اورجینال دارای از جنس فولاد ضد زنگ با ظرفیت 350 میلی لیتر ساخته شده است ونیز دارای ظاهری هفت رنگ است که علاوه بر کاربردی بودن دارای جلوه ای خاص نیز هست.  
  از پیچر موتا  می توان برای تهیه انواع نوشیدنی ها و نیز ایجاد انواع لاته "
Garneek Coffee Workshop,پیچر موتا 650ml کد 309 MOTTA,,,,,,580000,,,True,پیچر,https://garneekcoffee.com/product/%d9%be%db%8c%da%86%d8%b1-%d9%85%d9%88%d8%aa%d8%a7-650ml-%d8%a7%d9%88%d8%b1%d8%ac%db%8c%d9%86%d8%a7%d9%84-motta/,"پیچر موتا 650ml  MOTTA 
 یکی از اصلی ترین ابزار آلات یک باریستای حرفه ای، پیچر است. پیچر وسیله ای است شبیه پارچ که برای طراحی بر روی قهوه و تهیه لته آرت استفاده می شود. 
 همچنین پیچر موتا  برای تهیه کف شیر و بخار زدن نیز استفاده می شود. این محصول قابل شستشو در ماشین ظرفشویی است. 
 پیچر موتا 650ml  از فولاد ضد زنگ ساخته شده و دارای هفت رنگ است. شما می توانید برای خرید این محصول به وب سایت قهوه گارن"
Garneek Coffee Workshop,فیلتر کاغذی قهوه کمکس 3 کاپ کد 303,,,,,,180000,,,False,فیلتر دستگاه,https://garneekcoffee.com/product/%d9%81%db%8c%d9%84%d8%aa%d8%b1-%da%a9%d8%a7%d8%ba%d8%b0%db%8c-%d9%82%d9%87%d9%88%d9%87-%da%a9%d9%85%da%a9%d8%b3-3-%da%a9%d8%a7%d9%be/,"فیلتر کاغذی قهوه کمکس 3 کاپ  
  فیلتر کاغذی قهوه کمکس 3 کاپ دارای کیفیت بالای است و طعم کاغذ را به قهوه انتقال نمی دهد، البته باید قبل از شروع عصاره گیری یکبار فیلتر کاغذی با آب جوش شستشو داد.  
  فیلتر کاغذی قهوه کمکس 3 کاپ کیفیت عالی و بالایی دارد و دارای خروجی قهوه ی شفاف و مطبوع را برای شما به ارمغان خواهد آورد.  
  نصب آن بر روی کمکس بسیار آسان است و به راحتی می توان فیلتر کاغذی را بر روی کمک"
Garneek Coffee Workshop,فیلتر کاغذی قهوه کمکس 3 کاپ کد 304,,,,,,450000,,,False,فیلتر دستگاه,https://garneekcoffee.com/product/%d9%81%db%8c%d9%84%d8%aa%d8%b1-%da%a9%d8%a7%d8%ba%d8%b0%db%8c-%d9%82%d9%87%d9%88%d9%87-%d9%85%d8%af%d9%84-%da%a9%d9%85%da%a9%d8%b3-3-%da%a9%d8%a7%d9%be/,"فیلتر کاغذی قهوه مدل کمکس 3 کاپ  
  فیلتر کاغذی قهوه مدل کمکس 3 کاپ دارای کیفیت بالای است و طعم کاغذ را به قهوه انتقال نمی دهد، البته باید قبل از شروع عصاره گیری یکبار فیلتر کاغذی با آب جوش شستشو داد.  
  فیلتر کاغذی قهوه مدل کمکس 3 کاپ کیفیت عالی و بالایی دارد و دارای خروجی قهوه ی شفاف و مطبوع را برای شما به ارمغان خواهد آورد.  
  شکل این کاغذ ها به صورت مستطیل شکل است و نصب آن بر روی کمکس بسیار "
Garneek Coffee Workshop,بسکت اسپرسو ساز تحت فشار ( خانگی ) کد 302,,,,,,300000,,,True,سایر تجهیزات,https://garneekcoffee.com/product/%d8%a8%d8%b3%da%a9%d8%aa-%d8%a7%d8%b3%d9%be%d8%b1%d8%b3%d9%88-%d8%b3%d8%a7%d8%b2-%d8%aa%d8%ad%d8%aa-%d9%81%d8%b4%d8%a7%d8%b1-%d8%ae%d8%a7%d9%86%da%af%db%8c/,"بسکت تحت فشار به بسکتی گفته می شود که به ازاء سوراخ هایی که داخل بسکت وجود دارند ، فقط یک سوراخ در قسمت پایین بسکت جهت خرید  و عصاره گیری قهوه وجود دارد که از خطاهای عصاره گیری جلوگیری می کند و یک قهوه یک دست رو به ما ارائه می دهد.  
  این بسکت مناسب پرتافیلتر های سایز 51 می باشد . معمولا در دستگاه های اسپرسو ساز خانگی از پرتافیلتر سایز 51 استفاده می شود. حجم قهوه ای که داخل این بسکت قرار می گیرد "
Garneek Coffee Workshop,مایع رسوب زدا _ سانتوز SANTOS,,,,,,350000,,,True,مواد شوینده,https://garneekcoffee.com/product/%d9%85%d8%a7%db%8c%d8%b9-%d8%b1%d8%b3%d9%88%d8%a8-%d8%b2%d8%af%d8%a7-%d8%b3%d8%a7%d9%86%d8%aa%d9%88%d8%b2-santos/,"مایع رسوب زدا _ سانتوز 
 این محصول رسوب زدا و شوینده موثر برای دستگاه های قهوه ساز می باشد که به دلیل غیر اسیدی بودن ، هیچ گونه اثر خورندگی در اجزای دستگاه بوجود نمی آورد و دارای خاصیت ضد عفونی و ضد باکتری است که تضمین کننده بهداشت قطعات و افزایش عمر مفید دستگاه می باشد. 
 طریقه مصرف : 
 
 مخزن آب دستگاه را خالی می کنیم. 
 880 میلی لیتر آب را درون یک ظرف میریزیم 
 120 میلی لیتر مایع رسوب زدای سانت"
Garneek Coffee Workshop,فنجان اسپرسو دیپلمات کد 307,,,,,,114000,,,False,ماگ - فنجان,https://garneekcoffee.com/product/%d9%81%d9%86%d8%ac%d8%a7%d9%86-%d8%a7%d8%b3%d9%be%d8%b1%d8%b3%d9%88-%d8%af%db%8c%d9%be%d9%84%d9%85%d8%a7%d8%aa/,"فنجان اسپرسو دیپلمات   
  فنجان اسپرسو دیپلمات مخصوص سرو یک شات اسپرسو می باشد. این فنجان از جنس سرامیک و به رنگ سفید است و دارای یک نعلبکی با همان رنگ و جنس می باشد.  
  ظرفیت فنجان اسپرسو دیپلمات برابر 60 میلی لیتر است و ظاهری زیبا و ساده دارد و مناسب افراد خوش سلیقه و مینیمال پسند می باشد.    
 جنس : سرامیکی 
 ظرفیت : 60 میلی لیتر 
 ارتفاع فنجان : 4.5 سانتیمتر 
 قطر دهانه فنجان : 6 سانتیمتر 
 ب"
Garneek Coffee Workshop,فنجان اسپرسو 50cc کد 306,,,,,,60000,,,False,ماگ - فنجان,https://garneekcoffee.com/product/%d9%81%d9%86%d8%ac%d8%a7%d9%86-%d8%a7%d8%b3%d9%be%d8%b1%d8%b3%d9%88-50cc/,"فنجان اسپرسو 50 cc از جنس سرامیک ساخته شده و به رنگ سفید است و دارای ظاهری ساده و زیباست. 
 این فنجان دارای ظرفیت 50 میلی لیتر است و مناسب سرو یک شات اسپرسومی باشد.   
 جنس : سرامیک 
 ظرفیت : 50 میلی لیتر 
 ارتفاع : 5 سانتیمتر 
 قطر دهانه فنجان : 5 سانتیمتر 
 مناسب یک شات اسپرسو سینگل 
 فاقد نعلبکی 
 با کیفیت و قابل شستشو در ماشین ظرفشویی"
Garneek Coffee Workshop,ماگ هالووین کد 301,,,,,,195000,,,False,ماگ - فنجان,https://garneekcoffee.com/product/%d9%85%d8%a7%da%af-%d9%87%d8%a7%d9%84%d9%88%d9%88%db%8c%d9%86/,"ماگ هالووین از جنس سرامیک است و ظرفیت 500 میلی لیتر دارد . 
 طراحی و ظاهر ماگ هالووین بسیار خاص و جذاب است .   
 جنس : سرامیک 
 ظرفیت ماگ : 500 میلی لیتر 
 ارتفاع ماگ : 10 سانتیمتر 
 قطر دهانه ماگ : 10 سانتیمتر 
 وزن ماگ : 460 گرم 
 رنگ بندی زیبا 
 طرح هالووین"
Garneek Coffee Workshop,ماگ رنگین کمان کد 300,,,,,,170000,,,True,ماگ - فنجان,https://garneekcoffee.com/product/%d9%85%d8%a7%da%af-%d8%b1%d9%86%da%af%db%8c%d9%86-%da%a9%d9%85%d8%a7%d9%86/,"ماگ رنگین کمان از جنس سرامیک است و ظاهری زیبا و جذاب دارد ومناسب سرو انواع نوشیدنی ها است. 
 ماگ رنگین کمان به دلیل رنگ های زیبا و جذابی که در ظاهر آن به کار برده شده قطعا می تواند هدیه ای مناسب برای دوستان و عزیزان شما باشد.   
 جنس : سرامیک 
 حجم : 390 میلی لیتر 
 ارتفاع : 7 سانتیمتر 
 قطر دهانه ماگ : 10 سانتیمتر 
 وزن ماگ : 307 گرم 
 مناسب هدیه و کادویی 
 
 &nbsp;"
Garneek Coffee Workshop,ست بار سرد 9 تکه رُزگلد کد 101,,,,,,1900000,,,False,تجهیزات بار سرد,https://garneekcoffee.com/product/%d8%b3%d8%aa-%d8%a8%d8%a7%d8%b1-%d8%b3%d8%b1%d8%af-9-%d8%aa%da%a9%d9%87-%d8%b1%d8%b2%da%af%d9%84%d8%af/,"ست بار سرد 9 تکه رزگلد با پایه چوبی  
  ست بار سرد 9 تکه رزگلد با پایه چوبی دارای طراحی زیبا  کیفیت فوق العاده است که باعث می شود، زیبایی بار شما دو چندان شود. این ست حرفه ای دارای یک مجموعه کامل از ابزارهای بارتندری است و تمامی ابزارهای لازم برای تهیه نوشیدنی های سرد را دارد. وجود طراحی ساده و وزن سبک از مزایای مهم این ست بار سرد است.   
  ست بار سرد 9 تکه رزگلد دارای قیمت مناسب و کیفیت عالی است."
Garneek Coffee Workshop,نسپرسوساز دلونگی مدل Vertuo Next,,,,,,14500000,,,False,دستگاه اسپرسوساز خانگی; دستگاه اسپرسوساز دلونگی,https://garneekcoffee.com/product/%d9%86%d8%b3%d9%be%d8%b1%d8%b3%d9%88%d8%b3%d8%a7%d8%b2-%d8%af%d9%84%d9%88%d9%86%da%af%db%8c-%d9%85%d8%af%d9%84-vertuo-next/,"نسپرسوساز دلونگی مدل Vertuo Next  
  نسپرسوساز  دستگاهی جدید برای تهیه انواع قهوه است، شما می توانید با استفاده از کپسول قهوه و فشردن یک دکمه نوشیدنی دلخواه خود را داشته باشید. نسپرسوساز دلونگی مدل Vertuo Next با وجود طراحی زیبا و شیک در عین حال که یک وسیله کاربردی است، به محیط و فضای خانه شما نیز زیبایی می بخشد.   
  نسپرسوساز دلونگی مدل Vertuo Next با توان 1260 وات دارای قدرت دستگاه بسیاری بالای"
Garneek Coffee Workshop,استند پرتافیلتر گتر سایز  58 کد 294,,,,,,540000,,,True,استندپرتافیلتر,https://garneekcoffee.com/product/%d8%a7%d8%b3%d8%aa%d9%86%d8%af-%d9%be%d8%b1%d8%aa%d8%a7%d9%81%db%8c%d9%84%d8%aa%d8%b1-%da%af%d8%aa%d8%b1-%d8%b3%d8%a7%db%8c%d8%b2-58/,"استند پرتافیلتر گتر سایز 58 
  استند پرتافیلتر گتر سایز 58 از ابزارهایی است که می توان با استفاده از آن فرایند درست کردن قهوه را راحت تر کرد. استند پرتافیلتر گتر سایز ۵۸ برای ثابت نگهداشتن پرتافیلتر در حین ریختن قهوه در پرتافیلتر به کار می رود. یکی از ویژگی های مهم این استند وزن نسبتا بالای آن است که باعث می شود به راحتی تکان نخورد و در نتیجه شما بتوانید یک قهوه عالی درست کنید.   
  سایز این استند"
Garneek Coffee Workshop,استند پرتافیلتر گتر سایز  51 کد 293,,,,,,470000,,,False,استندپرتافیلتر,https://garneekcoffee.com/product/%d8%a7%d8%b3%d8%aa%d9%86%d8%af-%d9%be%d8%b1%d8%aa%d8%a7%d9%81%db%8c%d9%84%d8%aa%d8%b1-%da%af%d8%aa%d8%b1-%d8%b3%d8%a7%db%8c%d8%b2-51-ns51/,"استند پرتافیلتر گتر Gater سایز 51 mm مدل NS51  
  استند پرتافیلتر گتر سایز 51 مدل NS51 همانطور که از نام آن مشخص است ابزاری است که پرتافیلتر درون آن قرار می گیرد. کارکرد این استند نگهداشتن و فیکس پرتافیلتر در هنگام استفاده نکردن و یا در واقع   تمپ کردن و ریختن سابه قهوه درون بسکت است. جنس استند پرتافیلتر گتر Gater سایز ۵۱ مدل NS51 از فولاد ضد زنگ با رنگ ثابت مشکی مات است و مناسب برای استفاده در دس"
Garneek Coffee Workshop,جیجر استیل بار سرد کد 289,,,,,,144000,,,False,تجهیزات بار سرد,https://garneekcoffee.com/product/%d8%ac%db%8c%d8%ac%d8%b1-%d8%a7%d8%b3%d8%aa%db%8c%d9%84-%d8%a8%d8%a7%d8%b1-%d8%b3%d8%b1%d8%af/,"جیجر استیل بار سرد، وسیله اندازه گیری کوچکی است که متصدی بار برای اندازه گیری دقیق مقدار طعم دهنده هایی که درون کوکتل ریخته می‌شود مورد استفاده قرار می‌گیرند تا طعم کوکتل‌ها همیشه پایدار باشند. 
 جنس جیجر استیل کد 289 ساخته شده از بهترین و مرغوب ترین مواد اولیه استیل ساخته شده است و دارای 2 شات می باشد. این محصول دارای رنگ بندی است. 
 شما می توانید برای خرید این محصول، از طریق وب سایت قهوه گارنیک "
Garneek Coffee Workshop,تمپر فنری قهوه سایز 51 کد 287,,,,,,200000,,,False,تمپر,https://garneekcoffee.com/product/%d8%aa%d9%85%d9%be%d8%b1-%d9%81%d9%86%d8%b1%db%8c-%d9%82%d9%87%d9%88%d9%87-%d8%b3%d8%a7%db%8c%d8%b2-51/,"تمپر فنری قهوه سایز 51 
 تمپر فنری قهوه سایز 51 مورداستفاده برای دتسگاه اسپرسو ساز خانگی و برای تمپ و فشرده کردن قهوه  کاربرد دارد. 
 جنس این دستگاه از فلز ضدزنگ و با کیفیت است. دسته تمپر فنری از جنس پلاستیک فشرده است. 
 همچنین این دستگاه  دارای قابلیت ارتجاعی و فنری است و برای پرتافیلتر هایی با سایز 51 مناسب است. 
 با استفاده از دستگاه تمپر فنری قهوه در دستگاه های خانگی، می‌توانید قهوه روزمره خود"
Garneek Coffee Workshop,پوش تمپر فنری کد 282,,,,,,425000,,,False,تمپر,https://garneekcoffee.com/product/%d9%be%d9%88%d8%b4-%d8%aa%d9%85%d9%be%d8%b1-%d9%81%d9%86%d8%b1%db%8c/,"پوش تمپر فنری 
 پوش تمپر فنری از جنس استیل ضدزنگ است. این  محصول در دو سایز 51 و 58 سانتی متر عرضه می‌شود صفحه زیرین این دستگاه دارای شیار مدور است. 
 دستگاه پوش تمپر فنری دارای قابلیت تنظیم ارتفاع و فشار را دارد. 
 پوش تمپر فنری یکی از مهمترین ابزارها برای باریستاهای حرفه ای است. باریستا ها از این دستگاه از بروز مشکل چنلینگ در شات های اسپرسوی خود جلوگیری می‌کنند و یک اسپرسو با طعمی عالی و یکنواخت"
Garneek Coffee Workshop,تمپر قهوه تمام استیل سایز 53 کد 248,,,,,,295000,,,False,تمپر,https://garneekcoffee.com/product/%d8%aa%d9%85%d9%be%d8%b1-%d9%82%d9%87%d9%88%d9%87-%d8%aa%d9%85%d8%a7%d9%85-%d8%a7%d8%b3%d8%aa%db%8c%d9%84-%d8%b3%d8%a7%db%8c%d8%b2-53/,"تمپر قهوه تمام استیل سایز 53 
 دستگاه تمپر قهوه تمام استیل و ضدزنگ برای پرتافیلترهایی با سایز 53 مناسب است. از این دستگاه برای مکان های شلوغ و پر استفاده کاربرد دارد . وزن این محصول 290 گرم است و به راحتی قابل استفاده می‌باشد. 
 علت استفاده از دستگاه تمپر قهوه تمام استیل فشرده سازی پودر قهوه و تبدیل آن به قرص قهوه است که باعث ایجاد فاصله از لبه پرتافیلترمی‌شود. 
 فاصله ای که ایجاد شده باعث جلوگیری"
Garneek Coffee Workshop,تمپر قهوه دسته چوبی سایز 58 کد 286,,,,,,170000,,,False,تمپر,https://garneekcoffee.com/product/%d8%aa%d9%85%d9%be%d8%b1-%d9%82%d9%87%d9%88%d9%87-%d8%af%d8%b3%d8%aa%d9%87-%da%86%d9%88%d8%a8%db%8c-%d8%b3%d8%a7%db%8c%d8%b2-58/,"تمپر قهوه دسته چوبی سایز 58 
 تمپر قهوه دسته چوبی سایز 58 دارای دسته ای چوبی بسیار محکم است که در تمپ کردن قهوه ها بسیار کاربرد دارد. این محصول در طرح و شکل بسیار جذابی تولید شده است و جنس فلزی تمپر از فلز زنگ نزن می‌باشد که دارای کیفیتی فوق العاده است. 
 تمپر قهوه یک دستگاه کارامد و ضروری است تا بتوان یک فنجان اسپرسو آماده کرد. بطور کلی میتوان گفت تمپر قهوه مکمل دستگاه های اسپرسو ساز است تا هنگام"
Garneek Coffee Workshop,تمپر قهوه سایز 51 کد 283,,,,,,200000,,,True,تمپر,https://garneekcoffee.com/product/%d8%aa%d9%85%d9%be%d8%b1-%d9%82%d9%87%d9%88%d9%87-%d8%b3%d8%a7%db%8c%d8%b2-51-2/,"تمپر قهوه سایز 51  
 تمپر قهوه سایز 51 مناسب استفاده خانگی است. از این دستگاه برای فشرده سازی دانه های قهوه استفاده می‌کنند همین فشرده سازی دانه های قهوه برای جلوگیری از سرریز شدن قهوه هنگام خروج آب با فشار زیاد از دستگاه است. 
 یکی از محبوب ترین قهوه ها در میان طرفداران این نوشیدنی، اسپرسو است و افراد برای درست کردناین قهوه نیاز به تمپر قهوه دارند به همین دلیل امروزه استفاده از تمپر قهوه بهشدت اف"
Garneek Coffee Workshop,فیلتر قهوه لیوانی کد 252,,,,,,300000,,,True,فیلتر دستگاه,https://garneekcoffee.com/product/%d9%81%db%8c%d9%84%d8%aa%d8%b1-%d9%82%d9%87%d9%88%d9%87-%d9%84%db%8c%d9%88%d8%a7%d9%86%db%8c/,"فیلتر قهوه لیوانی 
 فیلتر قهوه لیوانی از جنس کاغذ است و برای یک شات اسپرسو بسیار مناسب می‌باشد در این بسته بندی 35 فیلترکاغذی وجود دارد. در هنگام استفاده باید مقداری قهوه آسیاب شده را داخل آن ریخت و سپس آب جوش را به آن اضافه کرد تا عمل دم آوری قهوه انجام شود. 
 بیشتر دریپر های ماشینی و دستی برای  تهیه قهوهای  خالص نیاز به فیلتر دارند. فیلتر های کاغذی لیوانی نسبت به فیلترهای قابل شستشو بهتر عمل می‌"
Garneek Coffee Workshop,فرنچ پرس سیلیکونی 600 میلی لیتر کد 277,,,,,,350000,,,False,فرنچ پرس,https://garneekcoffee.com/product/%d9%81%d8%b1%d9%86%da%86-%d9%be%d8%b1%d8%b3-%d8%b3%db%8c%d9%84%db%8c%da%a9%d9%88%d9%86%db%8c-600-%d9%85%db%8c%d9%84%db%8c-%d9%84%db%8c%d8%aa%d8%b1/,"فرنچ پرس سیلیکونی 600 میلی لیتر 
 فرنچ پرس سیلیکونی یک وسیله کاربردی  برای تهیه دمنوش، قهوه و چای است. فرنچ پرس سیلیکونی برای استفاده در کافی شاپ، محل کار و خانه بسیار مناسب است و میتوان به راحتی و در کمترین زمان اقدام به دم کردن نوشیدنی مورد نظر خود کرد. 
 چای، قهوه، ددمنوش عصاره خود را پس از خیس خوردن در فرنچ پرس از دست می‌دهند توسط فیلتری که دارد متیوان به راحتی تفاله های آنها را جدا کرد. 
 گنج"
Garneek Coffee Workshop,فرنچ پرس سیلیکونی 350 میلی لیتر کد 278,,,,,,310000,,,True,فرنچ پرس,https://garneekcoffee.com/product/%d9%81%d8%b1%d9%86%da%86-%d9%be%d8%b1%d8%b3-%d8%b3%db%8c%d9%84%db%8c%da%a9%d9%88%d9%86%db%8c-350-%d9%85%db%8c%d9%84%db%8c-%d9%84%db%8c%d8%aa%d8%b1/,"فرنچ پرس سیلیکونی 350 میلی لیتر 
 فرنچ پرس سیلیکونی یک وسیله کاربردی  برای تهیه دمنوش، قهوه و چای است. فرنچ پرس سیلیکونی برای استفاده در کافی شاپ، محل کار و خانه بسیار مناسب است و میتوان به راحتی و در کمترین زمان اقدام به دم کردن نوشیدنی مورد نظر خود کرد. 
 چای، قهوه، ددمنوش عصاره خود را پس از خیس خوردن در فرنچ پرس از دست می‌دهند توسط فیلتری که دارد متیوان به راحتی تفاله های آنها را جدا کرد. 
 گنج"
Garneek Coffee Workshop,ماگ سینی دار فانتزی کد 280,,,,,,460000,,,True,ماگ - فنجان,https://garneekcoffee.com/product/%d9%85%d8%a7%da%af-%d8%b3%db%8c%d9%86%db%8c-%d8%af%d8%a7%d8%b1-%d9%81%d8%a7%d9%86%d8%aa%d8%b2%db%8c/,"ماگ سینی دار فانتزی 
 ماگ سینی دار فانتزی به دلیل پر فروش بودن در بازار دارای جنس بسیار عالی و مقاوم است و در برابر تغییرات دما دچار شکستگی و یا ترک خوردگی نخواهد شد. از ماگ های سینی دار با جنس سرامیکی میتوان سالیان طولانی استفاده کرد بدون اینکه دچار تغییر رنگ و دیگر مشکلات شود. 
 مشخصات ماگ سینی دار سرامیکی 
 جنس این ماگ سینی دار، سرامیکی می‌باشد و دارای یک قاشق فلزی طلایی رنگ است. فروش ماگ فانتز"
Garneek Coffee Workshop,دریپر شیشه ای V60 سایز 02 هاریو کد 276,,,,,,350000,,,False,وی شصت; سایر ابزار دم آوری,https://garneekcoffee.com/product/%d8%af%d8%b1%db%8c%d9%be%d8%b1-%d8%b4%db%8c%d8%b4%d9%87-%d8%a7%db%8c-v60-%d8%b3%d8%a7%db%8c%d8%b2-02-%d9%87%d8%a7%d8%b1%db%8c%d9%88/,"دریپر شیشه ای   V60   سایز 02 هاریو  
 دریپر شیشه ای V60 هاریو یکی از بهترین محصولات برای دم آوری قهوه است. محصول ذکر شده برای استفاده خانگی کاربرد دارد. بدنه این دریپر از جنس شیشه درجه یک و مقاوم است. ظرفیت دریپر شیشه ای وی 60 به اندازه چهار فنجان قهوه است. دنده هایی که بر دیواره دریپر شیشه ای وی 60 وجود دارد باعث توزیع درست و مناسب قهوه و ریزش اب تاثیر دارد. 
 ظاهر مخروشی شکل دریپر شیشه ای V60 
"
Garneek Coffee Workshop,فنجان پیرکس گود مورنینگ GOOD-MORNING,,,Medium,,,60000,,,False,ماگ - فنجان; تجهیزات قهوه,https://garneekcoffee.com/product/%d9%81%d9%86%d8%ac%d8%a7%d9%86-%d9%be%db%8c%d8%b1%da%a9%d8%b3-%da%af%d9%88%d8%af-%d9%85%d9%88%d8%b1%d9%86%db%8c%d9%86%da%af-good-morning/,"ماگ پیرکس گود مورنینگ GOOD-MORNING   
  فنجان پیرکس گود مورنینگ GOOD-MORNING درجه یک در سه سایز بزرگ، متوسط و کوچک در سایت موجود است. این فنجان دارای طراحی فانتزی و زیبا می‌باشد و مناسب سرو انواع نوشیدنی گرم و سرد است. حجم این لیوان ها در سایز بزرگ 180، در سایز متوسط 130 و در سایز کوچک 80 میلی لیتر است. این لیوانهای پیرکس گود مورنینگ ترکیه به صورت تکی عرضه می‌شوند.     
 جنس: پیرکس شفاف و با کیفیت"
Garneek Coffee Workshop,شات قهوه سرامیکی کد 272,,,,,,65000,,,False,ماگ - فنجان; تجهیزات قهوه,https://garneekcoffee.com/product/%d8%b4%d8%a7%d8%aa-%d9%82%d9%87%d9%88%d9%87-%d8%b3%d8%b1%d8%a7%d9%85%db%8c%da%a9%db%8c/,"شات قهوه سرامیکی   
  یکی از عادات روزمره مردم در حال حاضر نوشیدن قهوه است، از همین روی استفاده از شات قهوه خوری سرامیکی به شدت مورد توجه افراد قرار گرفته است. شما می‌توانید با تهیه این شات قهوه خوری سرامیکی تجربه لذت بخشی از نوشیدن قهوه یا اسپرسو به دست آورید. شات قهوه خوری اسپرسو از جنس سرامیک است و مناسب برای یک شات اسپرسو سینگل است. این محصول دارای رنگ بندی بود و فروش آن به صورت تکی است.     
"
Garneek Coffee Workshop,فنجان اسپرسو BISTROT کد 273,,,,,,75000,,,False,ماگ - فنجان,https://garneekcoffee.com/product/%d9%81%d9%86%d8%ac%d8%a7%d9%86-%d8%a7%d8%b3%d9%be%d8%b1%d8%b3%d9%88-bistrot/,"فنجان اسپرسو BISTROT  
  با افزایش علاقه مردم به نوشیدن قهوه یکی از تجهیزات قهوه که به شدت مورد توجه مردم قرار گرفته، ماگها و فنجانهای قهوه و اسپرسو است. فنجان اسپرسو BISTROT از جنس سرامیک به صورت دسته دار و فاقد نعلبکی است. فنجان اسپرسو بیستروت همانطور که از نام آن مشخص است، مناسب یک شات اسپرسو دبل است. فروش این فنجان اسپرسو به صورت تک بوده و با وجود رنگ بندی به شما این امکان را می‌دهد تا رنگ دلخ"
Garneek Coffee Workshop,ماگ فانتزی کد 271,,,,,,180000,,,True,ماگ - فنجان; تجهیزات قهوه,https://garneekcoffee.com/product/%d9%85%d8%a7%da%af-%d9%81%d8%a7%d9%86%d8%aa%d8%b2%db%8c/,"ماگ فانتزی  
  در حال حاضر افراد زیادی از ماگ برای خوردن نوشیدنی ها استفاده می‌کنند، شما می‌توانید انواع مختلف ماگها را در طرح ها و سایز های مختلف خریداری کنید. ماگ فانتزی با جنس سرامیکی قابل شستشو است. این ماگ دارای قابلیت استفاده در ماکروویو می‌باشد. ماگ فانتزی یک محصول وارداتی است و دارای تنوع طرح و رنگ بندی است. برای خرید طرح مدنظرتان با واحد پشتیبانی در ارتباط باشید.     
 جنس : سرامیکی 
 قاب"
Garneek Coffee Workshop,زیر بشقابی مستطیل کد 260,,,,,,85000,,,False,سایر تجهیزات,https://garneekcoffee.com/product/%d8%b2%db%8c%d8%b1-%d8%a8%d8%b4%d9%82%d8%a7%d8%a8%db%8c-%d9%85%d8%b3%d8%aa%d8%b7%db%8c%d9%84/,"زیر بشقابی مستطیل  
  زیر بشقابی های مستطیلی مناسب استفاده به عنوان زیر بشقابی، زیر قابلمه ای و… است. این محصول دارای کیفیت عالی، ضد آب و انعطاف پذیری است. رنگ بندی این محصول در سه رنگ سبز، قهوه ای و طوسی است.   ابعاد زیر بشقابی مستطیل 30*45 سانتی متر است، جنس الیاف این زیر بشقابی ضخیم است و در حین شستشو دچار تغییر رنگ نمی‌شود.     
  جنس: الیاف ضخیم با کیفیت عالی  
  ابعاد زیر بشقابی: 30*45 سانتی"
Garneek Coffee Workshop,آسیاب قهوه دستی استیل استوانه ای کد 105,,,Medium,Ground,,450000,,,False,آسیاب دستی; آسیاب قهوه,https://garneekcoffee.com/product/%d8%a2%d8%b3%db%8c%d8%a7%d8%a8-%d9%82%d9%87%d9%88%d9%87-%d8%af%d8%b3%d8%aa%db%8c-%d8%a7%d8%b3%d8%aa%db%8c%d9%84-%d8%a7%d8%b3%d8%aa%d9%88%d8%a7%d9%86%d9%87-%d8%a7%db%8c/,"آسیاب دستی استوانه ای استیل  
  یکی از مهم ترین تجهیزات لازم در کافه ها آسیاب است، در اینجا در نظر یک محصول عالی برای آسیاب قهوه معرفی کنیم. آسیاب قهوه دستی استیل استوانه ای برای درست کردن یک قهوه خوب و با کیفیت یک دستگاه مناسب است. شما با آسیاب دستی می‌توانید قهوه را در درجات مختلف ریز یا درشت آسیاب کنید. اگر علاقمند به  خرید آسیاب قهوه  هستید، می توانید سایر محصولات سایت را نیز مشاهده کنید و انت"
Garneek Coffee Workshop,فیلتر کاغذی دریپر قهوه 40 عددی کد 274,,,,,,200000,,,False,فیلتر دستگاه,https://garneekcoffee.com/product/%d9%81%db%8c%d9%84%d8%aa%d8%b1-%da%a9%d8%a7%d8%ba%d8%b0%db%8c-%d8%af%d8%b1%db%8c%d9%be%d8%b1-%d9%82%d9%87%d9%88%d9%87-%db%b4%db%b0-%d8%b9%d8%af%d8%af%db%8c/,"فیلتر کاغذی دریپر قهوه ۴۰ عددی 
 برای تهیه قهوه با استفاده از روش دمی، از انواع فیلترهای قهوه می توان استفاده نمود. فیلتر باعث می شود تا قهوه شما طعمی قوی داشته باشد. این فیلترها به اندازه کافی متخلخل است که مایع می تواند از آن عبور کند. فیلتر کاغذی دریپر ظرفیت چهار فنجان قهوه را دارد و مناسب دم آوری قهوه به وسیله انواع ابزار دریپر سایز ۲ است. 
 نحوه عملکرد فیلتر قهوه 
 پس از اینکه آب داغ دانه های"
Garneek Coffee Workshop,فلاسک لیوان دار 500 میلی لیتر کد 263,,,,,,320000,,,False,فلاسک قهوه,https://garneekcoffee.com/product/%d9%81%d9%84%d8%a7%d8%b3%da%a9-%d9%84%db%8c%d9%88%d8%a7%d9%86-%d8%af%d8%a7%d8%b1-500-%d9%85%db%8c%d9%84%db%8c-%d9%84%db%8c%d8%aa%d8%b1/,"فلاسک لیوان دار 500 میلی لیتر  
  فلاسک لیوان دار 500 میلی لیتر از جنس فولاد ضد زنگ 304 (استنلس استیل) با بدنه ضد خش و ضد نشتی در ابعاد 23.5*6.5 سانتی متر است. این فلاسک دارای 3 لیوان می‌باشد.   
  فلاسک لیوان دار 500 میلی لیتری مناسب قهوه و انواع نوشیدنی های گرم و سرد است.  فلاسک لیوان دار 500 میلی لیتر یک محصول بی‌نظیر است و در عین حال برای افرادی که علاقمند به خرید هدیه مناسب برای عزیزان خود هس"
Garneek Coffee Workshop,تراول ماگ کافی استایل کد 263,,,,,,380000,,,True,تراول ماگ,https://garneekcoffee.com/product/%d8%aa%d8%b1%d8%a7%d9%88%d9%84-%d9%85%d8%a7%da%af-%da%a9%d8%a7%d9%81%db%8c-%d8%a7%d8%b3%d8%aa%d8%a7%db%8c%d9%84/,"تراول ماگ کافی استایل  
  تراول ماگ کافی استایل یا فلاسک کوهنوردی یک نوع لیوان با بدنه عایق بندی شده است و مانع از تغییر دمای نوشیدنی‌ها می‌شود و نوشیدنی را در دمای دلخواه نگه می‌دارد. تراول ماگ کافی استایل برای انواع دم نوش‌ها، قهوه ها، شکلات داغ، سوپ یا چای به کار می‌رود.   
  تراول ماگ کافی استایل دارای ظرفیت 450 میلی لیتری است و بین 4 تا 8 ساعت نوشیدنی را در دمای دلخواه نگه می‌دارد، این تراول "
Garneek Coffee Workshop,تمپر استیل فانتزی کد 262,,,,,,320000,,,True,تمپر; تجهیزات قهوه,https://garneekcoffee.com/product/%d8%aa%d9%85%d9%be%d8%b1-%d8%a7%d8%b3%d8%aa%db%8c%d9%84-%d9%81%d8%a7%d9%86%d8%aa%d8%b2%db%8c/,"تمپر استیل فانتزی 
 تمپر استیل فانتزی دارای جنس استیل، سنگین و مناسب برای  تمپ کردن  قهوه می باشد. علت استفاده از تمپر، تبدیل پودر قهوه به یک قرص فشرده‌ است که سطح آن با لبه‌ فیلتر قهوه ساز کمی فاصله دارد. هنگامیکه شما فیلتر حاوی پودر قهوه را در پورتا‌ فیلتر قرار دادید و زیر سر اصلی دستگاه اسپرسو را بستید، آب با فشار روی فیلتر حاوی پودر قهوه پاشیده می‌شود. پودر قهوه بعد از تماس با آب حجم بیشتری پی"
Garneek Coffee Workshop,دریپر فلزی هاریو V60 سایز 01 کد 255,,,,,,750000,,,False,وی شصت; سایر ابزار دم آوری,https://garneekcoffee.com/product/%d8%af%d8%b1%db%8c%d9%be%d8%b1-%d9%81%d9%84%d8%b2%db%8c-%d9%87%d8%a7%d8%b1%db%8c%d9%88-v60-%d8%b3%d8%a7%db%8c%d8%b2-01/,"دریپر فلزی هاریو  V60 سایز 01 
 امروزه دریپر فلزی هاریو V60 یکی از محبوبترین قهوه دم کن های دستی در رشته کافه اسشیالیتی می باشد و در بسیاری از کافه های سراسر دنیا مورد استفاده قرار می گیرد. طراحی شکل داخلی این قهوه ساز به همراه سوراخ انتهایی باعث می شود که دم قهوه به راحتی دم کشیده و از دهانه پایینی آن خارج شود و در ظرف یا لیوان بریزد. تکنیک دم شدن قهوه در این مدل بصورت (pour over) پور اوور و قطره"
Garneek Coffee Workshop,ترازو باریستا مدل EK6002 کد 261,,,,,,790000,,,False,ترازو; تجهیزات قهوه,https://garneekcoffee.com/product/%d8%aa%d8%b1%d8%a7%d8%b2%d9%88-%d8%a8%d8%a7%d8%b1%db%8c%d8%b3%d8%aa%d8%a7-%d9%85%d8%af%d9%84-ek6002/,"ترازو باریستا مدل EK6002 
 اولین ویژگی ترازو باریستا مدل EK6002 دقت قابل قبول وزن کشی آن است. این ترازو باریستا دقتی معادل 0.1 گرم را دارد که نشان دهنده دقت قابل قبول و مناسب این محصول است. از آنجایی که دقت وزن کشی در کارهایی چون دم آوری قهوه، کار در آزمایشگاهها و&#8230; خیلی مهم است، ترازو باریستا مدل EK6002 یک محصول کاربردی و کارآمد است. 
 دومین ویژگی ترازو باریستا مدل EK، میزان تحمل وزن 3 کیلوگ"
Garneek Coffee Workshop,آسیاب دستی قهوه بدنه شیشه با کد 253,,,,Ground,,480000,,,False,آسیاب دستی,https://garneekcoffee.com/product/%d8%a2%d8%b3%db%8c%d8%a7%d8%a8-%d9%82%d9%87%d9%88%d9%87-%d8%a8%d8%af%d9%86%d9%87-%d8%b4%db%8c%d8%b4%d9%87/,"آسیاب دستی قهوه بدنه شیشه ای 
 آسیاب دستی قهوه بدنه شیشه به علت قیمت ارزان آن مناسب استفاده خانگی است. این آسیاب دستی قهوه در حجم مخزن زیری خود که نه کوچک و نه بزرگ است و حدود 150 گرم حجم دارد برای استفاده در مصارف خانگی بسیار مناسب است. 
 در این آسیاب دستی برای ریز و درشت کردن میزان آسیاب درجه پیچی تعبیه شده است تا شما به راحتی کار آسیاب کردن را انجام دهید. جنس بدنه این آسیاب پلاستیکی و مخزن آن ش"
Garneek Coffee Workshop,فنجان اسپرسو استیل کد 247,,,,,,70000,,,False,ماگ - فنجان; تجهیزات قهوه,https://garneekcoffee.com/product/%d9%81%d9%86%d8%ac%d8%a7%d9%86-%d8%a7%d8%b3%d9%be%d8%b1%d8%b3%d9%88-%d8%a7%d8%b3%d8%aa%db%8c%d9%84/,"فنجان اسپرسو استیل 
 به طور کلی فنجان قهوه Coffee cup ظرفی می باشد که برای نوشیدن مدل های مختلف قهوه استفاده می شود که مهمترین آن  اسپرسو می باشد که بسیار پر استفاده است. محصولی که در اینجا مشاهده می‌کنید، فنجان اسپرسو استیل است و کاربرد اصلی آن برای نوشیدن اسپرسو می‌باشد. 
 جنس فنجن اسپرسو از استیل است و برای استفاده در طبیعت گزینه مناسبی است و حجم آن 80 میلی لیتر می‌باشد و دارای رنگ بندی مناسبی "
Garneek Coffee Workshop,دریپر فلزی هاریو V60 سایز 02 کد 256,,,,,,790000,,,False,وی شصت,https://garneekcoffee.com/product/%d8%af%d8%b1%db%8c%d9%be%d8%b1-%d9%81%d9%84%d8%b2%db%8c-%d9%87%d8%a7%d8%b1%db%8c%d9%88-v60-%d8%b3%d8%a7%db%8c%d8%b2-02/,"دریپر فلزی هاریو V60 سایز 02 
 قهوه ساز قطره ای v60 از محبوبترین قهوه دم کن های دستی است و بسیاری از کافه ها در سراسر دنیا از این محصول استفاده می‌کنند. طراحی داخلی این دریپر فلزی با وجود سوراخ انتهایی این امکان را فراهم می‌آورد تا دم قهوه به راحتی دم کشیده شود و از دهانه پایینی خارج و در ظرف یا لیوان بریزد. تکنیک دم شدن قهوه در دریپر فلزی هاریو V60 سایز ۰۲ به صورت (pour over) و قطره ای است. 
 تکن"
Garneek Coffee Workshop,دریپر سرامیکی V60 سایز 01 هاریو کد 257,,,,,,370000,,,False,وی شصت; سایر ابزار دم آوری,https://garneekcoffee.com/product/%d8%af%d8%b1%db%8c%d9%be%d8%b1-%d8%b3%d8%b1%d8%a7%d9%85%db%8c%da%a9%db%8c-v60-%d8%b3%d8%a7%db%8c%d8%b2-01-%d9%87%d8%a7%d8%b1%db%8c%d9%88/,"دریپر سرامیکی V60 سایز 01 هاریو 
 دریپر سرامیکی V60 سایز 01 هاریو از بهترين ابزارهاي دم آوري قهوه برای استفاده خانگی است، اين ابزار  به شما این امکان را می‌دهد تا قهوه دلپذیری به دست آورید. 
 با استفاده از دریپر سرامیکی V60 سایز 01 هاریو مشکی این امکان را دارید تا به اندازه دو فنجان قهوه دم کنید. جنس این دریپر از سرامیک جامد با رنگ مشکی است که باعث حفظ دمای اين دريپر از سرامیک جامد با رنگ مشکی ساخ"
Garneek Coffee Workshop,پیچر تفلون 550 میلی لیتر کد 254,,,,,,430000,,,False,پیچر,https://garneekcoffee.com/product/%d9%be%db%8c%da%86%d8%b1-%d8%aa%d9%81%d9%84%d9%88%d9%86-550-%d9%85%db%8c%d9%84%db%8c-%d9%84%db%8c%d8%aa%d8%b1/,"پیچر تفلون 550 میلی لیتر 
 پیچر تفلون 550 میلی لیتر یک محصول کاربردی با طراحی زیبا و جذاب است. اصلی ترین کاربرد پیچر برای فوم دادن به شیر در تهیه انواع نوشیدنی‌های قهوه چون کاپوچینو، لاته، ماکیاتو و&#8230; است. 
 پیچر تفلون ۵۵۰ میلی لیتری در زیر نازل بخار قرار می‌گیرد و جهت ایجاد کف شیر به کار می‌رود، این دستگاه با بخار دستگاه اسپرسوساز به شیر داخل پیچر باعث گرم شدن آن و در نتیجه ایجاد یک لاته ضخی"
Garneek Coffee Workshop,کتل قهوه دمی استیل 400 میل کد 250,,,,,,680000,,,True,کتل; تجهیزات قهوه,https://garneekcoffee.com/product/%da%a9%d8%aa%d9%84-%d9%82%d9%87%d9%88%d9%87-%d8%af%d9%85%db%8c-%d8%a7%d8%b3%d8%aa%db%8c%d9%84-750-%d9%85%db%8c%d9%84/,"کتل قهوه دمی استیل 400 میل 
 کتل قهوه دمی استیل 400 میل یک محصول پرکاربرد و پرطرفدار مخصوصا در کافی شاپ ها می باشد. این وسیله از بدنه ای کاملا استیل ساخته شده است. 
 دسته این نوع کتل طبق آرگونومیک پلاستیکی می باشد و یک لوله باریک بلند با طراحی منحصر به فرد دارد تا شما بتوانید کنترل مناسبی روی میزان آب جوشی که روی قهوه می ریزید داشته باشید. رعایت همین نکات به ظاهر پیش پا افتاده و ساده در ساخت این و"
Garneek Coffee Workshop,قهوه فوری جاکوبز کرونانگ  100 گرمی,,,,Ground,100.0,490000,490000.0,,False,قهوه فوری; پودرهای فوری,https://garneekcoffee.com/product/%d9%82%d9%87%d9%88%d9%87-%d9%81%d9%88%d8%b1%db%8c-%d8%ac%d8%a7%da%a9%d9%88%d8%a8%d8%b2-%da%a9%d8%b1%d9%88%d9%86%d8%a7%d9%86%da%af-100-%da%af%d8%b1%d9%85%db%8c/,"تاریخچه و معرفی  قهوه فوری جاکوبز کرونانگ 
 جالب است بدانید این برند جهانی قهوه نتیجه آرزوها و تلاش یک جوان آلمانی بوده است، یوهان جاکوبز (Johann Jacobs) در سن 26 سالگی در یک کافی شاپ محلی در آلمان مشغول به کار بود که تصمیم گرفت برندی از یک قهوه ایجاد کند که بتواند خواسته های مشتریان را پاسخگو باشد. 
 موضوعی که بسیاری از مشتریان با آن مشکل داشتند مدت زمان انتظار برای آماده شدن قهوه بود، به همین خا"
Garneek Coffee Workshop,پودر کاکائو ترک,,,,Ground,250.0,600000,240000.0,,False,پودر کاکائو,https://garneekcoffee.com/product/%d9%be%d9%88%d8%af%d8%b1-%da%a9%d8%a7%da%a9%d8%a7%d8%a6%d9%88-%d8%aa%d8%b1%da%a9/,"پودر کاکائو ترک 
 کاکائو محصول دانه درخت کاکائو می باشد ، درخت کاکائو درخت کوچکی است که منشاء اولیه آن آمریکای مرکزی و کشور مکزیک می باشد. ولی امروزه به علت استفاده های فراوانی که از دانه های آن به عمل می آید در اغلب نواحی مستعد دنیا پرورش می یابد. 
 طول ساقه آن در محصول پرورش یافته به ارتفاع ۵ الی ۶ متر و در انواع وحشی به ۱۰ الی ۱۲ متر می رسد.گیاه کاکائو دارای غلافی است که دانه‌های کاکائو در داخل"
Garneek Coffee Workshop,پودر هات چاکلت ویژه,,,,Ground,250.0,475000,190000.0,,False,هات چاکلت,https://garneekcoffee.com/product/%d9%be%d9%88%d8%af%d8%b1-%d9%87%d8%a7%d8%aa-%da%86%d8%a7%da%a9%d9%84%d8%aa-%d9%88%db%8c%da%98%d9%87/,"پودر هات چاکلت ویژه 
 پودر هات چاکلت ویژه گارنیک را بیشتر بشناسیم : 
 شکلات داغ گارنیک از پودر شکلات وارداتی به همراه شیرین کننده صنعتی و پودر خامه و افزودنی های دیگر در ایران فرآوری میشود. 
 لازم به ذکر است پودر هات چاکلت ویژه را در کافه های ایران به دلیل غلظت بالا و مزه قالب شکلات دارای محبوبیت خاصی میباشد. 
 
 این محصول در محصولات مختلفی در کافه ها مصرف دارد ، از جمله: موکا، لیکور شکلات ، ماروچ"
Garneek Coffee Workshop,تخته سرو قهوه کد 47,,,,,,170000,,,False,تخته سرو قهوه,https://garneekcoffee.com/product/%d8%aa%d8%ae%d8%aa%d9%87-%d8%b3%d8%b1%d9%88-%d9%82%d9%87%d9%88%d9%87-%da%a9%d8%af-47/,"تخته سرو قهوه کد 47 
 تخته سرو  مناسب برای سرو قهوه و انواع نوشیدنی می باشد. در این تخته محل قرارگیری  فنجان  مشخص است و در کنار آن میتوان شکلات و انواع کیک ها را قرار داد.جنس تخته از چوب طبیعی یک تکه می باشد، و قابل شستشو با دست است. این تخته با روغن گیاهی پوشش داده شده است. 
 این تخته سرو چوبی طرح منحصربه‌فرد و وزن تقریبا سبکی دارد و از انواع چوب های طبیعی ساخته‌ می شود. بخش زیر لیوانی ۱ سانتی‌م"
Garneek Coffee Workshop,تخته سرو قهوه کد 49,,,,,,230000,,,False,تخته سرو قهوه,https://garneekcoffee.com/product/%d8%aa%d8%ae%d8%aa%d9%87-%d8%b3%d8%b1%d9%88-%d9%82%d9%87%d9%88%d9%87-%da%a9%d8%af-49/,"تخته سرو قهوه کد 49 
 تخته سرو  مناسب برای سرو  قهوه  و انواع نوشیدنی می باشد. در این تخته محل قرارگیری  فنجان  مشخص است و در کنار آن میتوان شکلات و انواع کیک ها را قرار داد.جنس تخته از چوب طبیعی یک تکه می باشد، و قابل شستشو با دست است. این تخته با روغن گیاهی پوشش داده شده است. 
 این تخته سرو چوبی طرح منحصربه‌فرد و وزن تقریبا سبکی دارد و از انواع چوب های طبیعی ساخته‌ می شود. بخش زیر لیوانی ۱ سانتی"
Garneek Coffee Workshop,تخته سرو قهوه کد 48,,,,,,200000,,,False,تخته سرو قهوه,https://garneekcoffee.com/product/%d8%a8%d8%b2%d8%b1%da%af%d9%86%d9%85%d8%a7%db%8c%db%8c-%d8%aa%d8%b5%d9%88%db%8c%d8%b1-%d8%aa%d8%ae%d8%aa%d9%87-%d8%b3%d8%b1%d9%88-%d9%82%d9%87%d9%88%d9%87-%da%a9%d8%af-48/,"تخته سرو قهوه کد 48 
 تخته سرو  مناسب برای سرو  قهوه  و انواع نوشیدنی می باشد. در این تخته محل قرارگیری  فنجان  مشخص است و در کنار آن میتوان شکلات و انواع کیک ها را قرار داد.جنس تخته از چوب طبیعی یک تکه می باشد، و قابل شستشو با دست است. این تخته با روغن گیاهی پوشش داده شده است. 
 این تخته سرو چوبی طرح منحصربه‌فرد و وزن تقریبا سبکی دارد و از انواع چوب های طبیعی ساخته‌ می شود. بخش زیر لیوانی ۱ سانتی"
Garneek Coffee Workshop,پیچر استیل 600ml ساده کد 235,,,,,,290000,,,False,پیچر,https://garneekcoffee.com/product/%d9%be%db%8c%da%86%d8%b1-%d8%a7%d8%b3%d8%aa%db%8c%d9%84-600ml-%d8%b3%d8%a7%d8%af%d9%87-%da%a9%d8%af-235/,"پیچر استیل 600ml ساده کد 235 
 پیچر شیر ( Pitcher ) به همان ظرف مخصوص تهیه کف شیر، گفته می‌شود که جهت استفاده، در زیر نازل بخار  دستگاه‌های اسپرسو ساز  طراحی شده است. این پیچر از جنس استیل ضد زنگ است و گنجایش آن 600 میلی لیتر است. از این ظرف با طراحی دسته‌ی محکم، پیچری خوش دست برای لاته آرت به شمار می‌رود. 
 مشخصات پیچر استیل کد 235 
 
 طراحی دسته و دماغه کاملا حرفه ای 
 فوق العاده خوش دست برای اس"
Garneek Coffee Workshop,فیلتر قهوه الوفیکس Alufix سایز 4 کد 236,,,,,,250000,,,False,فیلتر دستگاه,https://garneekcoffee.com/product/%d9%81%db%8c%d9%84%d8%aa%d8%b1-%d9%82%d9%87%d9%88%d9%87-%d8%a7%d9%84%d9%88%d9%81%db%8c%da%a9%d8%b3-alufix-%d8%b3%d8%a7%db%8c%d8%b2-4-%da%a9%d8%af-236/,"فیلتر قهوه الوفیکس Alufix سایز 4 کد 236 
 فیلتر شماره چهار یا فیلتر کف تخت، یکی از کاربردی‌ترین فیلترها در دنیای قهوه می‌باشد. اکثر دریپرهای ماشینی (قهوه ساز)  و دریپرهای دستی مانند کالیتا و کِلِور، برای دم‌آوری نیازمند این نوع بخصوص از فیلتر هستند. فیلتر کاغذی بنسبت فیلتر قابل شست و شوی پارچه‌ای و فلزی گزینه بهتری برای دم‌آوری قهوه است، زیرا که کمترین میزان جامدات حل نشده(لرد قهوه) از آن عبور می‌"
Garneek Coffee Workshop,برس تمیز کننده دستگاه اسپرسو ساز کد 237,,,,,,150000,,,True,سایر تجهیزات,https://garneekcoffee.com/product/%d8%a8%d8%b1%d8%b3-%d8%aa%d9%85%db%8c%d8%b2-%da%a9%d9%86%d9%86%d8%af%d9%87-%d8%af%d8%b3%d8%aa%da%af%d8%a7%d9%87-%d8%a7%d8%b3%d9%be%d8%b1%d8%b3%d9%88-%d8%b3%d8%a7%d8%b2-%da%a9%d8%af-237/,"برس تمیز کننده دستگاه اسپرسو ساز کد 237 
 فرچه (قلم مو )مشکی رنگ مناسب برای نظافت و تمیز کردن رسوب و جرمگیری از قسمت هدگروپ دستگاه های اسپرسو ساز صنعتی می باشد. این محصول دارای جنسی از نایلون سخت در قسمت فرچه بوده مناسب برای تمام دستگاه های پورتا فیلتر می باشد. 
 
  برس تمیز کننده پرتا فیلتر و توری های دستگاه اسپرسو ساز &#8211; با ۴ سانتی متر ارتفاع فرچه تمیز کننده &#8211; فرچه زبر و مستحکم  
   
"
Garneek Coffee Workshop,نسکافه گلد اکوادور ( قهوه فوری ),,,,,250.0,825000,330000.0,,False,قهوه فوری,https://garneekcoffee.com/product/%d9%86%d8%b3%da%a9%d8%a7%d9%81%d9%87-%da%af%d9%84%d8%af-%d8%a7%da%a9%d9%88%d8%a7%d8%af%d9%88%d8%b1-%d9%82%d9%87%d9%88%d9%87-%d9%81%d9%88%d8%b1%db%8c/,"نسکافه گلد اکوادور ( قهوه فوری ) 
   قهوه گلد اکوادور  قهوه در اوایل قرن نوزده وارد اکوادور شد و تا دهه 1970 یکی از برترین محصولات صادراتی اکوادر بود.  قهوه عربیکا ی اکوادور در دامنه غربی کوه های آند در جنوب گویاکویل کشت میشود. اکوادور کشوری با یکی از متنوع ترین اکوسیستم ها و چشم اندازهای جهان است. 
 قهوه فوری نوعی قهوه آماده است که با رست و ترکیب دانه های قهوه و سپس عصاره گیری از آنها بدست می آید"
Garneek Coffee Workshop,نسکافه کلاسیک 1000 گرمی,,,,,1000.0,2500000,250000.0,,False,قهوه فوری,https://garneekcoffee.com/product/%d9%86%d8%b3%da%a9%d8%a7%d9%81%d9%87-%da%a9%d9%84%d8%a7%d8%b3%db%8c%da%a9-1000-%da%af%d8%b1%d9%85%db%8c/,"نسکافه کلاسیک 1000 گرمی 
 قوطی قهوه فوری نسکافه کلاسیک 1000 گرم یکی از محصولات خاص کمپانی نستله می باشد. این محصول در کم ترین زمان ممکن و فقط با اضافه کردن مقداری آب داغ آماده و به دست می آید. به محض اضافه کردن آب داغ به قهوه، عطر و بو دلنشین آن کل فضا را در بر می گیرد. طعم ملایمی دارد و احساس خوشایندی به شما می دهد. قهوه فوری از دانه های مرغوب آسیاب شده به دست آمده است. 
 قوطی قهوه فوری نسکافه کل"
Garneek Coffee Workshop,دانه قهوه اوگاندا مدیوم (ربوستا),Uganda,,Medium,Whole bean,250.0,375000,150000.0,,False,قهوه روبوستا,https://garneekcoffee.com/product/%d8%af%d8%a7%d9%86%d9%87-%d9%82%d9%87%d9%88%d9%87-%d8%a7%d9%88%da%af%d8%a7%d9%86%d8%af%d8%a7-%d9%85%d8%af%db%8c%d9%88%d9%85-%d8%b1%d8%a8%d9%88%d8%b3%d8%aa%d8%a7/,"دانه قهوه اوگاندا مدیوم (ربوستا) 
 بیشتر قهوه‌ای که در اوگاندا (80٪) پرورش داده می‌شود از نوع  قهوه روبوستا  است 20٪ دیگر آن را انواع عربیکا Typica ، SL 14 ، SL 28 و Kent تشکیل می‌دهد. 
 همچنین در اوگاندا قهوه Bugishu / Bugisu نیز رشد می‌کند. این نوع در نزدیکی آبشار Sipi در دامنه‌های غربی کوهستان الگان، یکی از بلندترین کوه‌های این کشور، رشد می‌کند. برای اطلاعات بیشتر درمورد دانه قهوه اوگاندا مدیوم"
Garneek Coffee Workshop,دانه قهوه (عربیکا ) برزیل ریو,Brazil,,Medium,Whole bean,250.0,150000,60000.0,,False,,https://garneekcoffee.com/product/%d8%af%d8%a7%d9%86%d9%87-%d9%82%d9%87%d9%88%d9%87-%d8%b9%d8%b1%d8%a8%db%8c%da%a9%d8%a7-%d8%a8%d8%b1%d8%b2%db%8c%d9%84-%d8%b1%db%8c%d9%88/,"تاریخچه قهوه برزیل ریو &#8211; عربیکا (مدیوم دارک)  
  اولین گیاه قهوه در قرن 18، قهوه برزیل ریو عربیکا، توسط فرانسیسکو دی ملو پالتا در ایالت پارا در شمال برزیل کاشته شد. سپس قهوه از این ایالت در سراسر نقاط برزیل پخش شد. تا اوایل قرن نوزدهم این محصول بازار داخلی داشت اما به دلیل تقاضای فراوان به ایالات متحده و اروپا هم صادر شد.  
  قهوه تازه و باکیفیت در منطقه Cerrado میناس گرایس تولید می‌شود. تاب"
Garneek Coffee Workshop,دانه قهوه ترکیبی ملو لاین (60عربیکا 40ربوستا),,,Medium,Whole bean,250.0,1245000,498000.0,,True,قهوه ترکیبی,https://garneekcoffee.com/product/%d8%af%d8%a7%d9%86%d9%87-%d9%82%d9%87%d9%88%d9%87-%d8%aa%d8%b1%da%a9%db%8c%d8%a8%db%8c-60%d8%b9%d8%b1%d8%a8%db%8c%da%a9%d8%a7-40%d8%b1%d8%a8%d9%88%d8%b3%d8%aa%d8%a7-%d9%85%d9%84%d9%88-%d9%84%d8%a7/,"دانه قهوه ترکیبی ملو لاین (60عربیکا 40ربوستا) 
 قهوه ترکیبی ملو لاین به دلیل ترکیب دانه های ربوستا و عربیکا به مقدار یکسان، دارای بالانس طعمی است. هم چنین از لحاظ میزان کافئین و رایحه بسیار متعادل است،‌ بنابراین مناسب ترین قهوه برای تمامی سلیقه ها می باشد.  خرید قهوه ترکیبی  نیاز به شناسایی طعم مورد علاقه شما دارد، بنابراین می توانید سایر قهوه های موجود را نیز مشاهده کنید و قهوه ترکیبی دلخواهتان ر"
Garneek Coffee Workshop,آسیاب قهوه آندیمند مدل 018,Yemen,,,Ground,,7900000,,,False,آسیاب برقی,https://garneekcoffee.com/product/%d8%a2%d8%b3%db%8c%d8%a7%d8%a8-%d9%82%d9%87%d9%88%d9%87-%d9%85%d8%af%d9%84-%d8%a2%d9%86%d8%af%db%8c%d9%85%d9%86%d8%af-%d9%85%d8%af%d9%84-018/,"آسیاب قهوه آندیمند مدل 018 
 برای درست کردن یک فنجون قهوه لذیذ و خوش‌عطر باید اول دونه‌های تازه برشت (roast) رو آسیاب کنیم. حالا یا دستگاه آسیاب قهوه داریم و همون موقع تازه به تازه دونه‌های قهوه رو آسیاب می‌کنیم یا اینکه قهوه رو به صورت آسیاب شده می‌خریم. قهوه که آسیاب میشه خیلی زود کیفیت عطر و طعمش رو از دست میده چون سطح تماسش با هوا افزایش پیدا می‌کنه. برای همین خیلی بهتره با  خرید آسیاب قهوه  م"
Garneek Coffee Workshop,قوری پیرکس 550 میلی لیتر کد 221,,,,,,270000,,,False,دمنوش ساز,https://garneekcoffee.com/product/%d9%82%d9%88%d8%b1%db%8c-%d9%be%db%8c%d8%b1%da%a9%d8%b3-550-%d9%85%db%8c%d9%84%db%8c-%d9%84%db%8c%d8%aa%d8%b1/,"قوری پیرکس 550 میلی لیتر 
 قوری پیرکس 550 میلی لیتر برای دم‌کردن چای، قهوه یا دمنوش مناسب است. این قوری بر‌خلاف ظاهرش که بسیار ظریف بوده مقاومت خوبی در برابر گرما دارد و می‌توان مانند قوری‌های دیگر آن را روی شعله مستقیم گذاشت و نگران شکستن آن نبود. پیرکس ساخت کشور ایران بوده و طراحی آن به صورت ارگونومیک است. این مدل دارای رنگ‌های شاد و چشم‌نوازی است و به‌راحتی با دیگر وسایل آشپزخانه هماهنگ می‌شود "
Garneek Coffee Workshop,فرنچ پرس چوبی,,,,,,170000,,,False,فرنچ پرس,https://garneekcoffee.com/product/%d9%81%d8%b1%d9%86%da%86-%d9%be%d8%b1%d8%b3-%da%86%d9%88%d8%a8%db%8c/,"فرنچ پرس چوبی 
 قهوه ساز‌های فرنچ پرس از گذشته‌های دور وسیله‌ای ساده و با سرعت عملکرد بالا جهت آماده کردن یک فنجان قهوهٔ دم شده بوده‌اند. دستگاه فرنچ پرس چوبی در دو سایز گنجایشی معادل ۳۵۰ میلی لیتر  و 600 میلی لیتر را داشته و علاوه بر داشتن طراحی زیبا، قابلیت آماده‌سازی دو الی 4 فنجان قهوه را برای شما فراهم می‌کند. 
 جداره چوبی آن کیفیتی مرغوب دارد و به آسانی تمیز شده و از شیشه قهوه‌ساز در مقابل ض"
Garneek Coffee Workshop,تمپر دسته چوبی سایز 51 کد 216,,,,,,140000,,,False,تمپر,https://garneekcoffee.com/product/%d8%aa%d9%85%d9%be%d8%b1-%d8%af%d8%b3%d8%aa%d9%87-%da%86%d9%88%d8%a8%db%8c-%d8%b3%d8%a7%db%8c%d8%b2-51-%da%a9%d8%af-f14/,"تمپر دسته چوبی سایز 51 کد 216 
 یکی از مهم‌ترین ابزارهایی که یک باریستا نیاز دارد،یک  تمپر قهوه  خوب و مناسب است. اگر می‌خواهید اسپرسویی عالی داشته باشید، باید یک تمپر خوب هم تهیه کنید. 
 ممکن است بسیاری از افرادی که در خانه برای خود قهوه دم می‌کنند، ندانند تمپر قهوه چیست و چه کاربردی دارد. 
 علت اهمیت به کار بردن تمپر این است که این ابزار دانه‌های اسپرسو را کمپرس می‌کند. باریستاها هر بار که اسپرس"
Garneek Coffee Workshop,فنجان اسپرسو خوری کد 214,,,,,,60000,,,False,ماگ - فنجان,https://garneekcoffee.com/product/%d9%81%d9%86%d8%ac%d8%a7%d9%86-%d8%a7%d8%b3%d9%be%d8%b1%d8%b3%d9%88-%d8%ae%d9%88%d8%b1%db%8c-%da%a9%d8%af-114/,"فنجان اسپرسو خوری کد 214 
 به طور کلی  فنجان قهوه  Coffee cup ظرفی می باشد که برای نوشیدنی مدل های مختلف قهوه استفاده می شود که مهمترین آن فنجون های اسپرسو می باشد که بسیار پر استفاده می باشد. 
 در گذشته جنس و ماده اولیه ای که برای درست کردن فنجان قهوه استفاده میشد با امروزه متفاوت است. در گذشته خاک رس و چوب اصلی ترین مواد اولیه به حساب می آمدند، در حالی که امروزه سرامیک، شیشه، کاغذ و استیل می باش"
Garneek Coffee Workshop,بانکه قهوه کد 401,,,,,,200000,,,True,بانکه قهوه,https://garneekcoffee.com/product/%d8%a8%d8%a7%d9%86%da%a9%d9%87-%d9%82%d9%87%d9%88%d9%87-%da%a9%d8%af-401/,"بانکه قهوه کد 401 
 
 بانک قهوه پلاستیکی درب دار و مناسب نگهداری قهوه در حجم 300 گرم قهوه بصورت دان و یا 350 گرم قهوه بصورت آسیاب می باشد. 
 این محصول ساخت کشور ایران می باشد. 
  نکات مهم نگهداری از قهوه  
 منظور از شرایط نگهداری، در نظر گرفتن تمام نکات فیزیکی و شیمیایی است که می‌تواند بر روی قهوه و دانه‌های آن تاثیرگذار باشد. ظروف نگهداری، محیط، دما و نور مناسب از مهمترین نکاتی است که باید آن را "
Garneek Coffee Workshop,لولر قهوه گتر سایز 53 کد 225,,,,,,460000,,,False,لولر,https://garneekcoffee.com/product/%d9%84%d9%88%d9%84%d8%b1-%d9%82%d9%87%d9%88%d9%87-%da%af%d8%aa%d8%b1-%d8%a7%d8%b5%d9%84%db%8c-%d8%b3%d8%a7%db%8c%d8%b2-53-%da%a9%d8%af-225/,"لولر قهوه گتر سایز 53 کد 225 
 لولر یک وسیله برای تهیه اسپرسو می باشد که با اینکه برای کار بهتر باریستا لازم و ضروری است اما کمتر به آن توجه می شود.  لولر  یک وسیله ی بسیار ساده و کوچک می باشد که در خانواده تمپر قهوه قرار می گیرد به همین دلیل به آن تمپر گردون هم گفته می شود. وظیفه لولر این است که قهوه آسیاب شده در درون پرتافیلتر را به قرص قهوه تبدیل کند. 
 در تهیه کردن قهوه، میزان مجاورت قهوه با آ"
Garneek Coffee Workshop,لولر قهوه گتر سایز 53 کد 224,,,,,,350000,,,False,لولر,https://garneekcoffee.com/product/%d9%84%d9%88%d9%84%d8%b1-%d9%82%d9%87%d9%88%d9%87-%da%af%d8%aa%d8%b1-%d8%a7%d8%b5%d9%84%db%8c-%d8%b3%d8%a7%db%8c%d8%b2-53-%da%a9%d8%af-224/,"لولر قهوه گتر سایز 53 کد 224 
 لولر یک وسیله برای تهیه اسپرسو می باشد که با اینکه برای کار بهتر باریستا لازم و ضروری است اما کمتر به آن توجه می شود.  لولر  یک وسیله ی بسیار ساده و کوچک می باشد که در خانواده تمپر قهوه قرار می گیرد به همین دلیل به آن تمپر گردون هم گفته می شود. وظیفه لولر این است که قهوه آسیاب شده در درون پرتافیلتر را به قرص قهوه تبدیل کند. 
 در تهیه کردن  قهوه ، میزان مجاورت قهوه با"
Garneek Coffee Workshop,لولر قهوه گتر سایز 58 کد 227,,,,,,520000,,,True,لولر,https://garneekcoffee.com/product/%d9%84%d9%88%d9%84%d8%b1-%d9%82%d9%87%d9%88%d9%87-%da%af%d8%aa%d8%b1-%d8%a7%d8%b5%d9%84%db%8c-%d8%b3%d8%a7%db%8c%d8%b2-58-%da%a9%d8%af-227/,"لولر قهوه گتر  سایز 58 کد 227 
 لولر یک وسیله برای تهیه اسپرسو می باشد که با اینکه برای کار بهتر باریستا لازم و ضروری است اما کمتر به آن توجه می شود.  لولر  یک وسیله ی بسیار ساده و کوچک می باشد که در خانواده تمپر قهوه قرار می گیرد به همین دلیل به آن تمپر گردون هم گفته می شود. وظیفه لولر این است که قهوه آسیاب شده در درون پرتافیلتر را به قرص قهوه تبدیل کند. 
 در تهیه کردن قهوه، میزان مجاورت قهوه با "
Garneek Coffee Workshop,لولر قهوه گتر سایز 58 کد 226,,,,,,540000,,,True,لولر,https://garneekcoffee.com/product/%d9%84%d9%88%d9%84%d8%b1-%d9%82%d9%87%d9%88%d9%87-%da%af%d8%aa%d8%b1-%d8%a7%d8%b5%d9%84%db%8c-%d8%b3%d8%a7%db%8c%d8%b2-58-%da%a9%d8%af-226/,"لولر قهوه گتر  سایز 58 کد 226 
 لولر یک وسیله برای تهیه اسپرسو می باشد که با اینکه برای کار بهتر باریستا لازم و ضروری است اما کمتر به آن توجه می شود.  لولر  یک وسیله ی بسیار ساده و کوچک می باشد که در خانواده تمپر قهوه قرار می گیرد به همین دلیل به آن تمپر گردون هم گفته می شود. وظیفه لولر این است که قهوه آسیاب شده در درون پرتافیلتر را به قرص قهوه تبدیل کند. 
 در تهیه کردن قهوه، میزان مجاورت قهوه با "
Garneek Coffee Workshop,لولر قهوه گتر سایز 51 کد 228,,,,,,390000,,,False,لولر,https://garneekcoffee.com/product/%d9%84%d9%88%d9%84%d8%b1-%d9%82%d9%87%d9%88%d9%87-%da%af%d8%aa%d8%b1-%d8%a7%d8%b5%d9%84%db%8c-%d8%b3%d8%a7%db%8c%d8%b2-51-%da%a9%d8%af-228/,"لولر قهوه گتر سایز 51 کد 228 
 لولر یک وسیله برای تهیه اسپرسو می باشد که با اینکه برای کار بهتر باریستا لازم و ضروری است اما کمتر به آن توجه می شود.  لولر  یک وسیله ی بسیار ساده و کوچک می باشد که در خانواده تمپر قهوه قرار می گیرد به همین دلیل به آن تمپر گردون هم گفته می شود. وظیفه لولر این است که قهوه آسیاب شده در درون پرتافیلتر را به قرص قهوه تبدیل کند. 
 در تهیه کردن قهوه، میزان مجاورت قهوه با آ"
Garneek Coffee Workshop,لولر قهوه گتر سایز 51 کد 223,,,,,,530000,,,True,لولر,https://garneekcoffee.com/product/%d9%84%d9%88%d9%84%d8%b1-%d9%82%d9%87%d9%88%d9%87-%da%af%d8%aa%d8%b1-%d8%a7%d8%b5%d9%84%db%8c-%d8%b3%d8%a7%db%8c%d8%b2-51-%da%a9%d8%af-223/,"لولر قهوه گتر سایز 51 کد 223 
 لولر یک وسیله برای تهیه اسپرسو می باشد که با اینکه برای کار بهتر باریستا لازم و ضروری است اما کمتر به آن توجه می شود.  لولر  یک وسیله ی بسیار ساده و کوچک می باشد که در خانواده تمپر قهوه قرار می گیرد به همین دلیل به آن تمپر گردون هم گفته می شود. وظیفه لولر این است که قهوه آسیاب شده در درون پرتافیلتر را به قرص قهوه تبدیل کند. 
 در تهیه کردن قهوه، میزان مجاورت قهوه با آ"
Garneek Coffee Workshop,فنجان فانتزی قهوه کد 113,,,,,,130000,,,False,ماگ - فنجان,https://garneekcoffee.com/product/%d9%81%d9%86%d8%ac%d8%a7%d9%86-%d9%81%d8%a7%d9%86%d8%aa%d8%b2%db%8c-%d9%82%d9%87%d9%88%d9%87-%da%a9%d8%af-113/,"فنجان فانتزی قهوه کد 113 
 به طور کلی  فنجان قهوه  Coffee cup ظرفی می باشد که برای نوشیدنی مدل های مختلف  قهوه  استفاده می شود که مهمترین آن فنجون های اسپرسو می باشد که بسیار پر استفاده می باشد. 
 در گذشته جنس و ماده اولیه ای که برای درست کردن فنجان قهوه استفاده میشد با امروزه متفاوت است. در گذشته خاک رس و چوب اصلی ترین مواد اولیه به حساب می آمدند، در حالی که امروزه سرامیک، شیشه، کاغذ و استیل می ب"
Garneek Coffee Workshop,تمپر قهوه سایز 51 گتر کد207,,,,,,245000,,,False,تمپر,https://garneekcoffee.com/product/%d8%aa%d9%85%d9%be%d8%b1-%d9%82%d9%87%d9%88%d9%87-%d8%b3%d8%a7%db%8c%d8%b2-51-%da%af%d8%aa%d8%b1-%da%a9%d8%aff13/,"تمپر قهوه سایز 51 گتر کد 207 
 هنگام استفاده از  دستگاه اسپرسو  برای عبور آب از عصاره قهوه، قبل از بستن پورتافیلتر به دستگاه، باید قهوه آسیاب شده فشرده شود که این کار توسط یکی از  لوازم باریستا به نام  تمپر قهوه  انجام می‌گردد. قطر این تمپر ۵1 میلیمتر بوده که با توجه به قطر پورتافیلتر دستگاه‌ها باید استفاده شود.به راحتی می‌توان با انتخاب زاویه درست و فشار مناسب که به مهارت باریستا مرتبط است، قهوه "
Garneek Coffee Workshop,نیدل چوبی قهوه کد 215,,,,,,145000,,,True,نیدل,https://garneekcoffee.com/product/%d9%86%db%8c%d8%af%d9%84-%da%86%d9%88%d8%a8%db%8c-%d9%82%d9%87%d9%88%d9%87/,"نیدل چوبی قهوه 
 وقتی قهوه ی پودر شده را درون بسکت اسپرسو ساز خود میریزیم ، چه از پیش آسیاب شده باشد و چه همان لحظه آسیاب کنیم، در بسیاری از مواقع در قسمت هایی از بسکت قهوه، انباشتگی یا به هم چسبیدگی بیشتر و در قسمتی کمتر خواهیم داشت. این انباشت و چسبیدگی پیش از فشرده سازی با تمپر، امکان ایجاد چنلینگ و خلل در عصاره گیری را زیاد میکند. برای حل این مشکل از 2 ابزار استفاده میکنیم : 
 1 &#8211; نیدل ("
Garneek Coffee Workshop,اسپرسو ساز مباشی مدل ME-ECM 2038,,,,,,14450000,,,True,دستگاه اسپرسوساز نیمه اتوماتیک; دستگاه اسپرسوساز مباشی,https://garneekcoffee.com/product/%d8%a7%d8%b3%d9%be%d8%b1%d8%b3%d9%88-%d8%b3%d8%a7%d8%b2-%d9%85%d8%a8%d8%a7%d8%b4%db%8c-%d9%85%d8%af%d9%84-me-ecm-2038/,"اسپرسو ساز مباشی مدل ME-ECM 2038 
 برند مباشی در سال 2012 توسط شرکت Edgecore FZCO در ژاپن ثبت و دفتر اصلی شرکت در دبی مستقر گردید. این شرکت دارای 40 سال تجربه در زمینه لوازم خانگی و تجارت الکترونیک است. و بیش از 350 نوع محصول را در بازارهای جهانی عرضه کرده است. 
 هدف اصلی شرکت تولید محصول مطابق با بالاترین استاندارهای کیفیت. و اطمینان از رضایت مشتریان بعد از استفاده از محصول است. Mebashi هم‌چنان ی"
Garneek Coffee Workshop,کاپوچینو تروبیکا (بسته بندی جدید) اندونزی اصل,Indonesia,,,,,750000,,,False,کاپوچینو,https://garneekcoffee.com/product/%da%a9%d8%a7%d9%be%d9%88%da%86%db%8c%d9%86%d9%88-%d8%aa%d8%b1%d9%88%d8%a8%db%8c%da%a9%d8%a7-%d8%a8%d8%b3%d8%aa%d9%87-%d8%a8%d9%86%d8%af%db%8c-%d8%ac%d8%af%db%8c%d8%af-%d8%a7%d9%86%d8%af%d9%88%d9%86/,"کاپوچینو تروبیکا (بسته بندی جدید) اندونزی اصل 
 یکی از بهترین برندهای  کاپوچینو نوشیدنی فوری و خوشمزه تورابیکا  با طعمی منحصر به فرد است. کاپوچینو فوری  اولین بار در ایران با برند ترابیکا به بازار معرفی شد.این موضوع سبب شده است که بسیاری کاپوچینو فوری را تنها با نام تروبیکا  بشناسند.محبوب‌ترین و و پرطرفدارترین محصولات این برند  کاپوچینو تروبیکا  ساده است.کاپوچینو در زبان ایتالیایی به معنای کلاه کو"
Garneek Coffee Workshop,اسپرسو ساز ونتی مدل VENETI VI-5700CM,,,,,,16300000,,,False,دستگاه اسپرسوساز نیمه اتوماتیک; سایر برندها,https://garneekcoffee.com/product/%d8%a7%d8%b3%d9%be%d8%b1%d8%b3%d9%88-%d8%b3%d8%a7%d8%b2-%d9%88%d9%86%d8%aa%db%8c-%d9%85%d8%af%d9%84-veneti-vi-5700cm/,"اسپرسو ساز ونتی مدل VENETI VI-5700CM  
 یک  دستگاه نیمه صنعتی  به حساب می آید. این دستگاه دارای ظاهری زیبا ، قدرتمند و همچنین آسیاب سرخود میباشد که کارایی دستگاه را دوچندان کرده است.⁣ 
⁣ 
این دستگاه دارای توات 1620وات که نشان دهنده ی دمای بالای اسپرسوی خروجی میباشد. ⁣ 
همچنین ونتی 5700 دارای فشار بخار 20 بار میباشد که همین امر باعث میشود فوم بسیار خوبی از  قهوه  گرفته شود.⁣ 
⁣ 
از دیگر قابلییت های"
Garneek Coffee Workshop,دانه قهوه ترکیبی مورنینگ لاین (40عربیکا 60ربوستا),,,Medium,Whole bean,250.0,995000,398000.0,,True,قهوه ترکیبی,https://garneekcoffee.com/product/%d8%af%d8%a7%d9%86%d9%87-%d9%82%d9%87%d9%88%d9%87-%d8%aa%d8%b1%da%a9%db%8c%d8%a8%db%8c-40%d8%b9%d8%b1%d8%a8%db%8c%da%a9%d8%a7-60%d8%b1%d8%a8%d9%88%d8%b3%d8%aa%d8%a7-%d9%85%d9%88%d8%b1%d9%86%db%8c/,"دانه قهوه ترکیبی مورنینگ لاین (40عربیکا 60ربوستا) 
 قهوه ترکیبی مورنینگ لاین به دلیل ترکیب دانه های ربوستا و عربیکا به مقدار یکسان دارای بالانس طعمی است و مناسب افرادی است که به دنبال  خرید قهوه ترکیبی  با یک طعم و کافئین متعادل هستند. هم چنین از لحاظ میزان کافئین و رایحه متعادل است. بنابراین مناسب ترین قهوه برای تمامی سلیقه ها است. 
 ترکیب دانه های عربیکا و ربوستا به میزان یکسان هم طعم های میوه ا"
Garneek Coffee Workshop,کرم بیسکویت لوتوس اصلی 400 گرمی ا Lotus Biscuit cream 400gr,,,,,400.0,330000,82500.0,,True,دسر و شکلات,https://garneekcoffee.com/product/%da%a9%d8%b1%d9%85-%d8%a8%db%8c%d8%b3%da%a9%d9%88%db%8c%d8%aa-%d9%84%d9%88%d8%aa%d9%88%d8%b3-%d8%a7%d8%b5%d9%84%db%8c-400-%da%af%d8%b1%d9%85%db%8c-%d8%a7-lotus-biscuit-cream-400gr/,"کرم بیسکویت لوتوس اصلی 400 گرمی 
 کرم بیسکویت لوتوس سرشار از فیبر و پروتئین میباشد 
 فاقد رنگ و طعم دهنده مصنوعی و همچنین مواد نگه دارنده 
 مناسب برای صبحانه و میان وعده ها 
 هر 100 گرم حاوی 584 کالری است 
 ترکیبات کرم بسکوییت لوتوس : 
 58 درصد بیسکویت لوتوس کاراملیزه شده، آرد گندم، شکر، روغن‌های گیاهی (روغن نخل روغن کلزا)، سویا و نمک می‌باشد. 
 کره بیسکویت لوتوس سرشار از انرژی است. این محصول دارا"
Garneek Coffee Workshop,کپسول قهوه نسپرسو مدل Cosi,,,,Capsule,,850000,,,False,کپسول نسپرسو,https://garneekcoffee.com/product/%da%a9%d9%be%d8%b3%d9%88%d9%84-%d9%82%d9%87%d9%88%d9%87-%d9%86%d8%b3%d9%be%d8%b1%d8%b3%d9%88-%d9%85%d8%af%d9%84-cosi/,"کپسول قهوه نسپرسو مدل Cosi 
  کپسول قهوه نسپرسو مدل Cosi که نسپرسو نام تجاری آن است محصولی از شرکت سوئیسی نستله می باشد که آن را تولید کرده است و درون هر یک از این کپسول ها مقدار مشخصی قهوه وجود دارد. در اصل این    کپسول نسپرسو    از قهوه های بخش شرقی آفریقا و آمریکای مرکزی و جنوبی به صورت ترکیبی ساخته شده است. در کل میتوان گفت، این قهوه به صورت لایت رست شده است.  
  کپسول قهوه نسپرسو مدل Cosi، قه"
Garneek Coffee Workshop,کپسول قهوه نسپرسو مدل Volluto Decaffeinato,,,,Capsule,,850000,,,False,کپسول نسپرسو,https://garneekcoffee.com/product/%da%a9%d9%be%d8%b3%d9%88%d9%84-%d9%82%d9%87%d9%88%d9%87-%d9%86%d8%b3%d9%be%d8%b1%d8%b3%d9%88-%d9%85%d8%af%d9%84-volluto-decaffeinato/,"کپسول قهوه نسپرسو مدل Volluto Decaffeinato  
  کپسول قهوه نسپرسو Volluto Decaffeinato محصول جدیدی از شرکت نسپرسو کشور سوئیس می باشد که برخلاف سایر کپسول های تولید شده این کمپانی در ساخت آن از کافئین استفاده نشده است و کاملا بدون کافئین می باشد. در نتیجه می توان یک فنجان قهوه فوق العاده را با آن تهیه کرد و برای افرادی که نسبت به کافئین حساس هستند، بسیار مناسب می باشد. همچنین کپسول قهوه نسپرسو وولتو"
Garneek Coffee Workshop,کپسول قهوه نسپرسو مدل Ispirazione Napoli,,,,Capsule,,850000,,,False,کپسول نسپرسو,https://garneekcoffee.com/product/%da%a9%d9%be%d8%b3%d9%88%d9%84-%d9%82%d9%87%d9%88%d9%87-%d9%86%d8%b3%d9%be%d8%b1%d8%b3%d9%88-%d9%85%d8%af%d9%84-ispirazione-napoli/,"کپسول قهوه نسپرسو مدل Ispirazione Napoli  
  کپسول قهوه ناپولی Ispirazione Napoli الهام گرفته از قهوه های تلخ شهر ناپل ( ناپولی) است. قهوه در شهر ناپل فقط یک قهوه معمولی نیست بلکه یک آیین مذهبی است که توسط ساکنین شهر برگزار می شود. طبق یک سنت قدیمی در این شهر از دیرباز بیشتر مردم پول دو فنجان قهوه را پرداخت می کردند اما فقط یکی را مینوشیدند و فنجان دوم متعلق به افراد فقیری بود که پول کافی برای خری"
Garneek Coffee Workshop,کپسول قهوه نسپرسو مدل Ispirazione Firenze Arpeggio,,,,Capsule,,850000,,,False,کپسول نسپرسو,https://garneekcoffee.com/product/%da%a9%d9%be%d8%b3%d9%88%d9%84-%d9%82%d9%87%d9%88%d9%87-%d9%86%d8%b3%d9%be%d8%b1%d8%b3%d9%88-%d9%85%d8%af%d9%84-ispirazione-firenze-arpeggio/,"کپسول قهوه نسپرسو مدل Ispirazione Firenze Arpeggio  
  کپسول قهوه Ispirazione Firenze Arpeggio از ترکیب قهوه عربیکا آمریکا مرکزی و جنوبی بدست می‌آید. این قهوه به صورت دارک روست شده است. طعمی قوی و غنی دارد. مقدار کافئین این قهوه زیاد است و درجه غلظت آن 9 از 13 است.  
  در کپسول‌های قهوه برای میزان غلظت و تلخی درجه بندی از 1 تا 13 در نظر گرفته شده است هرچه درجه به یک نزدیکتر باشد قهوه غلظت کمتر و ط"
Garneek Coffee Workshop,کپسول قهوه نسپرسو مدل Cocoa Truffle,,,,Capsule,,850000,,,False,کپسول نسپرسو,https://garneekcoffee.com/product/%da%a9%d9%be%d8%b3%d9%88%d9%84-%d9%82%d9%87%d9%88%d9%87-%d9%86%d8%b3%d9%be%d8%b1%d8%b3%d9%88-%d9%85%d8%af%d9%84-cocoa-truffle/,"کپسول قهوه نسپرسو مدل Cocoa Truffle 
  طعم تلخ و سنگین شکلات تلخ مخلوط شده با نوت های غلات پایه طعم قهوه کوکوآ ترافل را تشکیل میدهند. پایه اسپرسو مخلوطی از خالص ترین عربیکای آمریکای جنوبی، بوربون شیرین برزیل در هارمونی با قهوه کلمبیا است. روست های جداگانه باعث شده که هر قهوه به خوبی خصوصیات خود را حفظ کرده و بهترین طعم ممکن را ارائه دهد. طعمی با نوت های کاکائویی متمایز با اندکی شیرینی بادام و کمی "
Garneek Coffee Workshop,کپسول قهوه نسپرسو مدل Ispirazione Palermo Kazaar,,,,Capsule,,850000,,,False,کپسول نسپرسو,https://garneekcoffee.com/product/%da%a9%d9%be%d8%b3%d9%88%d9%84-%d9%82%d9%87%d9%88%d9%87-%d9%86%d8%b3%d9%be%d8%b1%d8%b3%d9%88-%d9%85%d8%af%d9%84-ispirazione-palermo-kazaar/,"کپسول قهوه نسپرسو مدل Ispirazione Palermo Kazaar  
   کپسول نسپرسو  همیشه طعم های جدید و جذابی را به علاقمندان آن هدیه می کند کپسول قهوه کازار ترکیبی اعجاب آور از هنر قهوه سیسیلی با میراث ماندگار قهوه آفریقایی و عربی یک طعم منحصر به فرد را به ارمغان می آورد. کازار قهوه ای با طعمی بسیار قوی است که در آن تلخی و مقدار بالای فلفل با ترکیب خامه داری قوی به تعادل رسیده است.  
  روست قهوه نسپرسو کازار Is"
Garneek Coffee Workshop,کپسول قهوه نسپرسو مدل Ispirazione Ristretto Italiano,,,,Capsule,,850000,,,False,کپسول نسپرسو,https://garneekcoffee.com/product/%da%a9%d9%be%d8%b3%d9%88%d9%84-%d9%82%d9%87%d9%88%d9%87-%d9%86%d8%b3%d9%be%d8%b1%d8%b3%d9%88-%d9%85%d8%af%d9%84-ispirazione-ristretto-italiano/,"کپسول قهوه نسپرسو مدل Ispirazione Ristretto Italiano  
  قهوه یکی از نوشیدنی هایی به شمار می رود که تاریخچه و قدمت بسیار قدیمی دارد. کپسول قهوه نسپرسو Ristretto نمونه دیگری از کپسول نسپرسو های تولید شده توسط کمپانی نسپرسو است که از طعم بی نظیر و بسیار عالی بهره می برد.   
  قبل از پرداختن به ویژگی های این کپسول باید بگوییم که در اصل اسپرسو را می توان یک نوع قهوه غلیظ دانست که زمان اختراع آن در شهر"
Garneek Coffee Workshop,کپسول قهوه نسپرسو مدل Ispirazione Genova Livanto,,,,Capsule,,850000,,,False,کپسول نسپرسو,https://garneekcoffee.com/product/%da%a9%d9%be%d8%b3%d9%88%d9%84-%d9%82%d9%87%d9%88%d9%87-%d9%86%d8%b3%d9%be%d8%b1%d8%b3%d9%88-%d9%85%d8%af%d9%84-ispirazione-genova-livanto/,"کپسول قهوه نسپرسو مدل Ispirazione Genova Livanto 
  کپسول قهوه نسپرسو لیوانتو ترکیبی خالص از قهوه های عربیکای آمریکای جنوبی و مرکزی که به صورت خاص از کشورهای کلمبیا و کاستاریکا و دارای عطر کارامل رست شده می باشد  
  بررسی تخصصی  
  طعم غالب این  کپسول نسپرسو  گندمی و کمی خاکی مانند می باشد. این قهوه ترکیبی با روش های سنتی کاشت می گردند تا طعم میوه ای و مالت آن حفظ گردد. نحوه تفت دادن این قهوه با م"
Garneek Coffee Workshop,کپسول قهوه نسپرسو مدل Master Origin India,,,,Capsule,,850000,,,False,کپسول نسپرسو,https://garneekcoffee.com/product/%da%a9%d9%be%d8%b3%d9%88%d9%84-%d9%82%d9%87%d9%88%d9%87-%d9%86%d8%b3%d9%be%d8%b1%d8%b3%d9%88-%d9%85%d8%af%d9%84-master-origin-india/,"کپسول قهوه نسپرسو مدل Master Origin India  
  اسپرسو نوشیدنی پرطرفدار و البته پر از خاصیتی که بسیاری از افراد در طول روز و هنگام کار برای تمرکز و انرژی بیشتر از آن استفاده می کنند. اسپرسو و نوشیدنی‌های مشابه طی مراحل مختلفی آماده شده که گاهی زمان‌بر بوده و افراد مختلفی زمان و وقت کافی برای این مراحل را ندارند. از این رو کپسول‌های قهوه به میان آمدند که در کمترین زمان می‌توانید اسپرسو و نوشیدنی مخصو"
Garneek Coffee Workshop,کپسول قهوه نسپرسو مدل Ispirazione Venezia,,,,Capsule,,850000,,,False,کپسول نسپرسو,https://garneekcoffee.com/product/%da%a9%d9%be%d8%b3%d9%88%d9%84-%d9%82%d9%87%d9%88%d9%87-%d9%86%d8%b3%d9%be%d8%b1%d8%b3%d9%88-%d9%85%d8%af%d9%84-ispirazione-venezia/,"کپسول قهوه نسپرسو مدل Ispirazione Venezia 
 کپسول قهوه نسپرسو ونیز از 10 عدد کپسول قهوه تفت داده شده و آسیاب شده تشکیل شده است.مقدار غلظت این قهوه 8 از 13 می‌باشد و طعمی تلخ،با عطر و طعم متراکم و خامه‌ای همراه با نت‌های کلاسیک کارامل و غلات با طعم ترامیسو دارد.این  قهوه ترکیبی   می باشد و ترکیبی از عربیکای برزیل و کلمبیا و روبوستای آفریقا با رست مدیوم می‌باشد.مقادیر قهوه برای یک فنجان ریستریتو به "
Garneek Coffee Workshop,سیروپ تیزر Teisseire Syrup,,,,,,595000,,,False,دسر و شکلات,https://garneekcoffee.com/product/%d8%b3%db%8c%d8%b1%d9%88%d9%be-%d8%aa%db%8c%d8%b2%d8%b1-teisseire-syrup/,"سیروپ تیزر Teisseire Syrup 
 سیروپ تیزر یک مارک فرانسوی است که میراث آن به بیش از 300 سالمی رسد. شربتهای تیزر نوشیدنی های مورد علاقه را خاص تر می کنند. نام تجاری Teisseire در فرانسه به دلیل طعم های خلاقانه ای که دقیقاً مانند میوه یا گل هایی که بر پایه آنها قرار گرفته است طعم و مزه می گیرد، معروف است. دلیل این امر این نیست که تیزر یک دستور پنهانی یا حتی یک فرمول جادویی دارد به این دلیل است که هر نو"
Garneek Coffee Workshop,قهوه فوری گلد موونپیک INTENSE,,,,,,499000,,,False,قهوه فوری,https://garneekcoffee.com/product/%d9%82%d9%87%d9%88%d9%87-%d9%81%d9%88%d8%b1%db%8c-%da%af%d9%84%d8%af-%d9%85%d9%88%d9%88%d9%86%d9%be%db%8c%da%a9-intense/,"قهوه فوری گلد موونپیک INTENSE 
 گیاه قهوه از مناطق نیمه گرمسیری آفریقا و آسیا می باشد، اما امروزه آمریکای مرکزی و جنوبی بزرگترین تولید کنندگان قهوه در جهان هستند. 
  قهوه فوری صددرصد عربیکا  طعم قهوه قوی اما متعادل و رایحه ای عمیق به شما می بخشد.ساخته شده از یک ماده با کیفیت عالی می باشد. 
 قهوه فوری گلد صددرصد  عربیکا  ساخته شده با استفاده از دانه های بو داده مخصوص است. 
 قهوه فوری گلد صددرصد عرب"
Garneek Coffee Workshop,قهوه فوری گلد صددرصد عربیکا ۲۰۰گرم موونپیک,,,,,200.0,499000,249500.0,,False,قهوه فوری,https://garneekcoffee.com/product/%d9%82%d9%87%d9%88%d9%87-%d9%81%d9%88%d8%b1%db%8c-%da%af%d9%84%d8%af-%d8%b5%d8%af%d8%af%d8%b1%d8%b5%d8%af-%d8%b9%d8%b1%d8%a8%db%8c%da%a9%d8%a7-%db%b2%db%b0%db%b0%da%af%d8%b1%d9%85-%d9%85%d9%88%d9%88/,"قهوه فوری گلد صددرصد عربیکا ۲۰۰گرم موونپیک 
 گیاه قهوه از مناطق نیمه گرمسیری آفریقا و آسیا می باشد، اما امروزه آمریکای مرکزی و جنوبی بزرگترین تولید کنندگان قهوه در جهان هستند. 
  قهوه فوری صددرصد عربیکا  طعم قهوه قوی اما متعادل و رایحه ای عمیق به شما می بخشد.ساخته شده از یک ماده با کیفیت عالی می باشد. 
 قهوه فوری گلد صددرصد  عربیکا  ساخته شده با استفاده از دانه های بو داده مخصوص است. 
 قهوه فوری گ"
Garneek Coffee Workshop,قهوه فوری گلد نسکافه بدون کافئین 200 گرم,,,,,200.0,499000,249500.0,,False,قهوه فوری,https://garneekcoffee.com/product/%d9%82%d9%87%d9%88%d9%87-%d9%81%d9%88%d8%b1%db%8c-%da%af%d9%84%d8%af-%d9%86%d8%b3%da%a9%d8%a7%d9%81%d9%87-%d8%a8%d8%af%d9%88%d9%86-%da%a9%d8%a7%d9%81%d8%a6%db%8c%d9%86-200-%da%af%d8%b1%d9%85/,"قهوه فوری گلد نسکافه بدون کافئین 200 گرم 
 قهوه بدون کافئین یا دی کف، مدلی از قهوه است که برای افرادی قابل استفاده است که بنابر دلایلی میزان کافئین مصرفی خود را محدود می کنند. 
قهوه بدون کافئین یا دی کف (Decaf Coffee) بعد از خارج شدن کافئین از دانه های قهوه، آسیاب شده و تهیه گردیده است. 
خواص و عوارض مصرف این نوع قهوه نیز برای افراد مختلف فرق دارد ولی اگر بخواهیم به طور کلی بیان کنیم باید گفت؛  فو"
Garneek Coffee Workshop,نسکافه گلد کپ کلمبیا 200گرمی (cap colombia),Colombia,,,,200.0,499000,249500.0,,False,قهوه فوری,https://garneekcoffee.com/product/%d9%86%d8%b3%da%a9%d8%a7%d9%81%d9%87-%da%af%d9%84%d8%af-%da%a9%d9%be-%da%a9%d9%84%d9%85%d8%a8%db%8c%d8%a7-200%da%af%d8%b1%d9%85%db%8c-cap-colombia/,"نسکافه گلد کپ کلمبیا 200گرمی 
 قهوه فوری نسکافه گلد مدل  cap colombia  ( کپ کلمبیا ) 200 گرمی با  طعم میوه ای  یکی از مدلهای خاص برند نسکافه میباشد که ترکیب این محصول مرغوبترین قهوه ها بوده که با تکنیک های خاصی فرآوری شده است. قابل ذکر است در تهیه و تولید این محصول هیچ گونه مواد نگهدارنده و مصنوعی استفاده نشده است. این قهوه دارای قدرت و گیرایی بالا و نسبتا قوی میباشد . 
برند نسکافه از برند های بسی"
Garneek Coffee Workshop,قهوه فوری نسکافه گلد کرما Nescafe Gold Crema,,,,,,499000,,,False,قهوه فوری,https://garneekcoffee.com/product/%d9%82%d9%87%d9%88%d9%87-%d9%81%d9%88%d8%b1%db%8c-%d9%86%d8%b3%da%a9%d8%a7%d9%81%d9%87-%da%af%d9%84%d8%af-%da%a9%d8%b1%d9%85%d8%a7-nescafe-gold-crema/,"قهوه فوری نسکافه گلد کرما Nescafe Gold Crema 
  قهوه فوری  بر این اساس ساخته شده است که بتوان در زمانی کم و صرفا با در اختیار داشتن آب جوش، تهیه و آماده مصرف اش کرد. 
«نسکافه گلد»، با بو دادن عالی دانه‌های  ق ه وه  با کیفیت، به دست می‌آید در طول روز لحظاتی را برای بازیابی توان جسمی خود اختصاص دهید . تهیه یک فنجان قهوه فوری زمان زیادی از شما نمیگیرد اما به آسانی خستگی ناشی از کار را از شما دور میکن"
Garneek Coffee Workshop,اسپرسو ساز دلونگی مدل EC850M,,,,,,23500000,,,True,دستگاه اسپرسوساز اتوماتیک; دستگاه اسپرسوساز دلونگی,https://garneekcoffee.com/product/%d8%a7%d8%b3%d9%be%d8%b1%d8%b3%d9%88-%d8%b3%d8%a7%d8%b2-%d8%af%d9%84%d9%88%d9%86%da%af%db%8c-%d9%85%d8%af%d9%84-ec850m/,"اسپرسو ساز دلونگی مدل EC850M 
 از قوی ترین و حرفه ای ترین قهوه ساز های خانگی در بازار را شاید بشود اسپرسوساز دلونگی مدل EC850M نام برد چه که این دستگاه به لطف توان بالا و فشار بخار بالا ،کار را برای ساخت یه  قهوه  حرفه ای آسان میسازد. 
  اسپرسوساز دلونگی مدل EC850  طعم دل انگیز و واقعی قهوه را برای شما به ارمغان می‌آورد. یکی از نوشیدنی‌هایی که در چند دهه‌ی اخیر محبوبیت زیادی در بین عموم مردم پیدا "
Garneek Coffee Workshop,اسپرسو ساز  جمیلای Gemilai 3005 Espresso Maker 3005,,,,,,18500000,,,True,دستگاه اسپرسوساز نیمه اتوماتیک; دستگاه اسپرسوساز جیمیلای,https://garneekcoffee.com/product/%d8%a7%d8%b3%d9%be%d8%b1%d8%b3%d9%88-%d8%b3%d8%a7%d8%b2-%d8%ac%d9%85%db%8c%d9%84%d8%a7%db%8c-gemilai-3005-espresso-maker-3005/,"اسپرسو ساز جمیلای 3005 
  دستگاه اسپرسو ساز جمیلای 3005  با طراحی عالی یک دستگاه پر قدرت و کاملاً کاربردی برای مصارف خانگی و یا کافه ها است. اسپرسوساز جیمیلای Gemilai دارای پمپ فشار 15 بار و اجزا داخلی و لوله های بخار از فولاد ضد زنگ و قدرت 1450 وات می باشد. با فشار بخار 15 بار قدرت دستگاه 1450 وات و قدرت دم آوری 16 کاپ اسپرسو دارای مخزن جداگانه آب با گنجایش 1.7 لیتری طراحی عالی یک دستگاه پر قدرت "
Garneek Coffee Workshop,اسپرسو ساز نوا مدل 128,,,,,,38000000,,,True,دستگاه اسپرسوساز نیمه اتوماتیک; دستگاه اسپرسوساز نوآ,https://garneekcoffee.com/product/%d8%a7%d8%b3%d9%be%d8%b1%d8%b3%d9%88-%d8%b3%d8%a7%d8%b2-%d9%86%d9%88%d8%a7-%d9%85%d8%af%d9%84-128-2/,"اسپرسو ساز نوا مدل 128 
 اسپرسو ساز نوا مدل 128 یک دستگاه حرفه‌ای و نیمه صنعتی با طراحی عالی و یک دستگاه پر قدرت و کاملاً کاربردی با توان 1450 وات و فشار بخار 15 بار است. این دستگاه مجهز به عصاره گیری اتوماتیک در 24 ثانیه است که قابلیت قطع کن دستی را نیز داراست. این اسپرسو ساز مجهز به پرتافلتر صنعتی با قطر 58 میلی متر  و نازل بخار بسیار پر قدرت با قابلیت چرخش است که عملیات تهیه کف یا فوم شیر را سا"
Garneek Coffee Workshop,قهوه فوری جاکوبز کرونانگ  200 گرمی,,,,,200.0,499000,249500.0,,False,قهوه فوری,https://garneekcoffee.com/product/%d9%82%d9%87%d9%88%d9%87-%d9%81%d9%88%d8%b1%db%8c-%d8%ac%d8%a7%da%a9%d9%88%d8%a8%d8%b2-%da%a9%d8%b1%d9%88%d9%86%d8%a7%d9%86%da%af-%d8%b3%d8%a7%d8%ae%d8%aa-%d9%87%d9%84%d9%86%d8%af/,"تاریخچه و معرفی  قهوه فوری جاکوبز کرونانگ 
 جالب است بدانید این برند جهانی قهوه نتیجه آرزوها و تلاش یک جوان آلمانی بوده است، یوهان جاکوبز (Johann Jacobs) در سن 26 سالگی در یک کافی شاپ محلی در آلمان مشغول به کار بود که تصمیم گرفت برندی از یک قهوه ایجاد کند که بتواند خواسته های مشتریان را پاسخگو باشد. 
 موضوعی که بسیاری از مشتریان با آن مشکل داشتند مدت زمان انتظار برای آماده شدن قهوه بود، به همین خا"
Garneek Coffee Workshop,قهوه فوری جاکوبز مونارک Jacobs Monarch,,,,,,480000,,,False,قهوه فوری,https://garneekcoffee.com/product/%d9%82%d9%87%d9%88%d9%87-%d9%81%d9%88%d8%b1%db%8c-%d8%ac%d8%a7%da%a9%d9%88%d8%a8%d8%b2-%d9%85%d9%88%d9%86%d8%a7%d8%b1%da%a9-jacobs-monarch/,"تاریخچه و معرفی  قهوه فوری جاکوبز مونارک 
 جالب است بدانید این برند جهانی قهوه نتیجه آرزوها و تلاش یک جوان آلمانی بوده است، یوهان جاکوبز (Johann Jacobs) در سن 26 سالگی در یک کافی شاپ محلی در آلمان مشغول به کار بود که تصمیم گرفت برندی از یک قهوه ایجاد کند که بتواند خواسته های مشتریان را پاسخگو باشد. 
 موضوعی که بسیاری از مشتریان با آن مشکل داشتند مدت زمان انتظار برای آماده شدن قهوه بود، به همین خاط"
Garneek Coffee Workshop,پودر کاکائو نسکوئیک نستله وزن 420 گرم ترکیه ای,,,,Ground,420.0,480000,114286.0,,False,پودر کاکائو,https://garneekcoffee.com/product/%d9%be%d9%88%d8%af%d8%b1-%da%a9%d8%a7%da%a9%d8%a7%d8%a6%d9%88-%d9%86%d8%b3%da%a9%d9%88%d8%a6%db%8c%da%a9-%d9%86%d8%b3%d8%aa%d9%84%d9%87-%d9%88%d8%b2%d9%86-420-%da%af%d8%b1%d9%85-%d8%aa%d8%b1%da%a9/,"پودر کاکائو نسکوئیک نستله وزن 420 گرم ترکیه ای 
 مصرف مواد غذایی پروتئین‌دار برای صبحانه بسیار برای بدن مفید بوده و عضوی از هر رژیم غذایی متعادل می‌باشد. بهترین منبعی که به سادگی پروتئین لازم را برایتان تامین می‌کند، پودر شیر کاکائو نسکوئیک نستله است. شرکت نستله در تولید و بسته بندی محصولات خود بسیار دقیق عمل می‌کند و بسته بندی این پودرها را طوری طراحی کرده که نه تنها برای بزرگسالان بلکه برای کودک"
Garneek Coffee Workshop,پودر شکلات نسکوئیک نستله 900 گرم اورجینال آلمان,,,,Ground,900.0,700000,77778.0,,False,پودر کاکائو,https://garneekcoffee.com/product/%d9%be%d9%88%d8%af%d8%b1-%d8%b4%da%a9%d9%84%d8%a7%d8%aa-%d9%86%d8%b3%da%a9%d9%88%d8%a6%db%8c%da%a9-%d9%86%d8%b3%d8%aa%d9%84%d9%87-900-%da%af%d8%b1%d9%85-%d8%a7%d9%88%d8%b1%d8%ac%db%8c%d9%86%d8%a7/,"پودر شکلات نسکوئیک نستله 900 گرم اورجینال آلمان 
 
 
 
 
 مصرف مواد غذایی پروتئین‌دار برای صبحانه بسیار برای بدن مفید بوده و عضوی از هر رژیم غذایی متعادل می‌باشد. بهترین منبعی که به سادگی پروتئین لازم را برایتان تامین می‌کند، پودر شیر کاکائو نسکوئیک نستله است. شرکت نستله در تولید و بسته بندی محصولات خود بسیار دقیق عمل می‌کند و بسته بندی این پودرها را طوری طراحی کرده که نه تنها برای بزرگسالان بلکه "
Garneek Coffee Workshop,قهوه فوری دیویدوف DAVIDOFF مدل ریچ آروما (سپایسی),,,,,,490000,,,False,قهوه فوری,https://garneekcoffee.com/product/%d9%82%d9%87%d9%88%d9%87-%d9%81%d9%88%d8%b1%db%8c-%d8%af%db%8c%d9%88%db%8c%d8%af%d9%88%d9%81-davidoff-%d9%85%d8%af%d9%84-%d8%b1%db%8c%da%86-%d8%a2%d8%b1%d9%88%d9%85%d8%a7-%d8%a7%d8%b3%d9%be%d8%a7/,"قهوه فوری دیویدوف DAVIDOFF مدل ریچ آروما (اسپایسی) 
 قهوه فوری دیویدوف DAVIDOFF مدل ریچ آروما از قهوه های محلی 
و اورگانیک کوههای کلمبیا و آمریکای جنوبی تهیه شده است. 
این  قهوه فوری   خوشمزه با بهترین کیفیت با روش سرمایش و 
گرمایش بسیار سریع تولید شده است و برای متعادل کردن 
طعم آن به روش بسیار خاصی هر دانه نسکافه دیویدوف کاراملایز شده است. 
این  قهوه  دارای طعم کمی تند و تیز و اسپایسی می باشد و "
Garneek Coffee Workshop,قهوه فوری Davidoff (دیویدوف) فاین آروما,,,,,,490000,,,False,قهوه فوری,https://garneekcoffee.com/product/%d9%82%d9%87%d9%88%d9%87-%d9%81%d9%88%d8%b1%db%8c-davidoff-%d8%af%db%8c%d9%88%db%8c%d8%af%d9%88%d9%81-%d9%81%d8%a7%db%8c%d9%86-%d8%a2%d8%b1%d9%88%d9%85%d8%a7/,"قهوه فوری Davidoff (دیویدوف) فاین آروما 
  قهوه فوری دیویدوف مدل فاین آروما  (FINE AROMA) کیفیت بالا و طعمی بسیار غنی دارد. کارشناسان قهوه در شرکت دیویدوف در این مدل یک ترکیب واقعا استثنایی از طعم بی نظیر و ملایم، متعادل و لوکس ایجاد کرده اند. مدل  فاین آروما قهوه فوری دیویدوف  دارای عطر و بوی زیاد و طعمی بسیار ملایم است. کافئین کم و تلخی متوسط این قهوه آن را برای هر سلیقه ای مناسب ساخته است و نمی"
Garneek Coffee Workshop,قهوه فوری دیویدوف مدل اسپرسو 57 Dark Chocolate,,,Dark,,,890000,,,False,قهوه فوری,https://garneekcoffee.com/product/%d9%82%d9%87%d9%88%d9%87-%d9%81%d9%88%d8%b1%db%8c-%d8%af%db%8c%d9%88%db%8c%d8%af%d9%88%d9%81-%d9%85%d8%af%d9%84-%d8%a7%d8%b3%d9%be%d8%b1%d8%b3%d9%88-57-dark-chocolate/,"قهوه فوری دیویدوف مدل اسپرسو 57 Dark Chocolate 
 قهوه فوری از جمله انواع قهوه است که طرفداران فراوانی دارد. برند های بسیاری در این زمینه فعالیت می کنند. نستله، جاکوبز، دیویدوف و… همگی بهترین قهوه فوری را تولید و به بازار های بین المللی ارائه می کنند. 
  قهوه فوری دیویدوف مدل اسپرسو 57 Dark Chocolate  یکی از لذیذترین تولیدات برند دیویدوف است. این قهوه 100 درصد عربیکا است. درجه روست دارک دارد . نت ه"
Garneek Coffee Workshop,تخته سرو قهوه کد 46,,,,,,140000,,,False,تخته سرو قهوه,https://garneekcoffee.com/product/%d8%aa%d8%ae%d8%aa%d9%87-%d8%b3%d8%b1%d9%88-%d9%82%d9%87%d9%88%d9%87-%da%a9%d8%af-46/,"تخته سرو قهوه کد 46 
 تخته سرو  مناسب برای سرو قهوه و انواع نوشیدنی می باشد. در این تخته محل قرارگیری  فنجان  مشخص است و در کنار آن میتوان شکلات و انواع کیک ها را قرار داد.جنس تخته از چوب طبیعی یک تکه می باشد، و قابل شستشو با دست است. این تخته با روغن گیاهی پوشش داده شده است. 
 این تخته سرو چوبی طرح منحصربه‌فرد و وزن تقریبا سبکی دارد و از انواع چوب های طبیعی ساخته‌ می شود. بخش زیر لیوانی ۱ سانتی‌م"
Garneek Coffee Workshop,تخته سرو قهوه کد 45,,,,,,130000,,,False,تخته سرو قهوه,https://garneekcoffee.com/product/%d8%aa%d8%ae%d8%aa%d9%87-%d8%b3%d8%b1%d9%88-%d9%82%d9%87%d9%88%d9%87-%da%a9%d8%af-45/,"تخته سرو قهوه کد 45 
 تخته سرو  مناسب برای سرو  قهوه  و انواع نوشیدنی می باشد. در این تخته محل قرارگیری  فنجان  مشخص است و در کنار آن میتوان شکلات و انواع کیک ها را قرار داد.جنس تخته از چوب طبیعی یک تکه می باشد، و قابل شستشو با دست است. این تخته با روغن گیاهی پوشش داده شده است. 
 این تخته سرو چوبی طرح منحصربه‌فرد و وزن تقریبا سبکی دارد و از انواع چوب های طبیعی ساخته‌ می شود. بخش زیر لیوانی ۱ سانتی"
Garneek Coffee Workshop,تخته سرو قهوه کد 44,,,,,,130000,,,False,تخته سرو قهوه,https://garneekcoffee.com/product/%d8%aa%d8%ae%d8%aa%d9%87-%d8%b3%d8%b1%d9%88-%d9%82%d9%87%d9%88%d9%87-%da%a9%d8%af-44/,"تخته سرو قهوه کد 44 
 تخته سرو  مناسب برای سرو  قهوه  و انواع نوشیدنی می باشد. در این تخته محل قرارگیری  فنجان  مشخص است و در کنار آن میتوان شکلات و انواع کیک ها را قرار داد.جنس تخته از چوب طبیعی یک تکه می باشد، و قابل شستشو با دست است. این تخته با روغن گیاهی پوشش داده شده است. 
 این تخته سرو چوبی طرح منحصربه‌فرد و وزن تقریبا سبکی دارد و از انواع چوب های طبیعی ساخته‌ می شود. بخش زیر لیوانی ۱ سانتی"
Garneek Coffee Workshop,تخته سرو قهوه کد 43,,,,,,120000,,,False,تخته سرو قهوه,https://garneekcoffee.com/product/%d8%aa%d8%ae%d8%aa%d9%87-%d8%b3%d8%b1%d9%88-%d9%82%d9%87%d9%88%d9%87-%da%a9%d8%af-43/,"تخته سرو قهوه کد 43 
 تخته سرو  مناسب برای سرو قهوه و انواع نوشیدنی می باشد. در این تخته محل قرارگیری  فنجان  مشخص است و در کنار آن میتوان شکلات و انواع کیک ها را قرار داد.جنس تخته از چوب طبیعی یک تکه می باشد، و قابل شستشو با دست است. این تخته با روغن گیاهی پوشش داده شده است. 
 این تخته سرو چوبی طرح منحصربه‌فرد و وزن تقریبا سبکی دارد و از انواع چوب های طبیعی ساخته‌ می شود. بخش زیر لیوانی ۱ سانتی‌م"
Garneek Coffee Workshop,تخته سرو قهوه کد 42,,,,,,110000,,,False,تخته سرو قهوه,https://garneekcoffee.com/product/%d8%aa%d8%ae%d8%aa%d9%87-%d8%b3%d8%b1%d9%88-%d9%82%d9%87%d9%88%d9%87-%da%a9%d8%af-42/,"تخته سرو قهوه کد 42 
 تخته سرو  مناسب برای سرو قهوه و انواع نوشیدنی می باشد. در این تخته محل قرارگیری  فنجان  مشخص است و در کنار آن میتوان شکلات و انواع کیک ها را قرار داد.جنس تخته از چوب طبیعی یک تکه می باشد، و قابل شستشو با دست است. این تخته با روغن گیاهی پوشش داده شده است. 
 این تخته سرو چوبی طرح منحصربه‌فرد و وزن تقریبا سبکی دارد و از انواع چوب های طبیعی ساخته‌ می شود. بخش زیر لیوانی ۱ سانتی‌م"
Garneek Coffee Workshop,پرتافیلتر نیکد ( NAKED ) سایز 51,,,,,,2200000,,,True,سایر تجهیزات,https://garneekcoffee.com/product/%d9%be%d8%b1%d8%aa%d8%a7%d9%81%db%8c%d9%84%d8%aa%d8%b1-%d9%86%db%8c%da%a9%d8%af-naked-%d8%b3%d8%a7%db%8c%d8%b2-51/,"پرتافیلتر نیکد ( NAKED ) سایز 51 
  پرتافیلتر  نيکد سايز 51 خانگي دسته پلاستيکي(دلونگي)   وسیله ای است که سبد قهوه یا همان بسکت را حمل میکند و بوسیله آن میتوان به دفعات پودر های قهوه را در معرض آب جوش تحت فشار دستگاههای   اسپرسو ساز   قرار داد. 
 پرتا فیلتر نیز مانند دیگر لوازم یک اسپرسو ساز در سایز های مختلف و اشکال مختلف تولید می گردد. 
 پرتا فیلتر اورجینال   دستگاههای اسپرسو ساز   عموما دارای ی"
Garneek Coffee Workshop,فنجان قهوه خوری استارباکس کد 109,,,,,,65000,,,True,ماگ - فنجان,https://garneekcoffee.com/product/%d9%81%d9%86%d8%ac%d8%a7%d9%86-%d9%82%d9%87%d9%88%d9%87-%d8%ae%d9%88%d8%b1%db%8c-%d8%a7%d8%b3%d8%aa%d8%a7%d8%b1%d8%a8%d8%a7%da%a9%d8%b3-%da%a9%d8%af-109/,"فنجان قهوه خوری استارباکس کد 109 
 به طور کلی  فنجان قهوه  Coffee cup ظرفی می باشد که برای نوشیدنی مدل های مختلف قهوه استفاده می شود که مهمترین آن فنجون های اسپرسو می باشد که بسیار پر استفاده می باشد. 
 در گذشته جنس و ماده اولیه ای که برای درست کردن فنجان قهوه استفاده میشد با امروزه متفاوت است. در گذشته خاک رس و چوب اصلی ترین مواد اولیه به حساب می آمدند، در حالی که امروزه سرامیک، شیشه، کاغذ و استی"
Garneek Coffee Workshop,فنجان سنگی قهوه خوری استارباکس کد 108,,,,,,310000,,,False,ماگ - فنجان,https://garneekcoffee.com/product/%d9%81%d9%86%d8%ac%d8%a7%d9%86-%d8%b3%d9%86%da%af%db%8c-%d9%82%d9%87%d9%88%d9%87-%d8%ae%d9%88%d8%b1%db%8c-%d8%a7%d8%b3%d8%aa%d8%a7%d8%b1%d8%a8%d8%a7%da%a9%d8%b3-%da%a9%d8%af-108/,"فنجان سنگی قهوه خوری استارباکس کد 108 
 به طور کلی  فنجان قهوه  Coffee cup ظرفی می باشد که برای نوشیدنی مدل های مختلف قهوه استفاده می شود که مهمترین آن فنجون های اسپرسو می باشد که بسیار پر استفاده می باشد. 
 در گذشته جنس و ماده اولیه ای که برای درست کردن فنجان قهوه استفاده میشد با امروزه متفاوت است. در گذشته خاک رس و چوب اصلی ترین مواد اولیه به حساب می آمدند، در حالی که امروزه سرامیک، شیشه، کاغذ و"
Garneek Coffee Workshop,تمپر استیل گتر سایز 51 کد 57,,,,,,320000,,,False,تمپر,https://garneekcoffee.com/product/%d8%aa%d9%85%d9%be%d8%b1-%d9%82%d9%87%d9%88%d9%87-%d8%a7%d8%b3%d8%aa%db%8c%d9%84-%d8%a8%d8%b1%d9%86%d8%af-%da%af%d8%aa%d8%b1-%d8%b3%d8%a7%db%8c%d8%b2-51/,"تمپر استیل گتر سایز 51 کد 57 
 این محصول دارای جنس استیل و سنگین و مناسب برای  تمپ کردن  قهوه می باشد علت استفاده از تمپر تبدیل پودر قهوه به یک قرص فشرده‌ است که سطح آن با لبه‌ی فیلتر قهوه ساز کمی فاصله دارد.هنگامیکه شما فیلتر حاوی پودر قهوه را در پورتا‌ فیلتر قرار دادید و زیر سر اصلی دستگاه اسپرسو بستید، آب با فشار روی فیلتر حاوی پودر قهوه پاشیده می‌شود. پودر قهوه بعد از تماس با آب حجم بیشتری پید"
Garneek Coffee Workshop,مينی پرسو ۳ کاره Tanser,,,,,,1600000,,,False,مینی پرسو,https://garneekcoffee.com/product/%d9%85%d9%8a%d9%86%db%8c-%d9%be%d8%b1%d8%b3%d9%88-%db%b3-%da%a9%d8%a7%d8%b1%d9%87-tanser/,"مينی پرسو ۳ کاره Tanser 
 قهوه نوشیدنی پرطرفدار در سطح جهان است و افراد بسیاری بر این اعتقاد هستند که اگر روز خود را با یک شات قهوه‌ی داغ و خوش طعم آغاز کنند روز پر انرژی را در پیش رو خواهند داشت. برای شروع یک روز پرنشاط و لذت بردن از کِرِما حتماً نیاز به اسپرسوسازهای برقی گران قیمت نیست. یکی از محصولات جالب که برای تولید قهوه اسپرسو مورد استفاده قرار می‌گیرد مینی‌پرسو ( minipresso ) است. 
 مینی‌پ"
Garneek Coffee Workshop,مینی پرسو TRIMM مدل HS-8201,,,,,,1650000,,,True,مینی پرسو,https://garneekcoffee.com/product/%d9%85%db%8c%d9%86%db%8c-%d9%be%d8%b1%d8%b3%d9%88-trimm-%d9%85%d8%af%d9%84-hs-8201/,"مینی پرسو TRIMM مدل HS-8201 
 اسپرسو ساز مینی پرسو تریم یک  اسپرسوساز دستی  باکیفیت، پر کاربرد و با ظاهری زیبا است. استفاده از این محصول بسیار ساده و راحت می باشد. مهم ترین خاصیت این اسپرسو ساز دستی داشتن یک مخزن هسته ای می باشد، که با خارج کردن حالت قفل آن و وارد کردن فشار، قهوه مورد نظر را تهیه می کند. زمانی که شما در مکانی قرار بگیرید، که دسترسی به برق در آن جا وجود نداشته باشد. این محصول می تو"
Garneek Coffee Workshop,آسیاب قهوه دلونگی KG89,,,,Ground,,4500000,,,True,آسیاب برقی,https://garneekcoffee.com/product/%d8%a2%d8%b3%db%8c%d8%a7%d8%a8-%d9%82%d9%87%d9%88%d9%87-%d8%af%d9%84%d9%88%d9%86%da%af%db%8c-kg89/,"آسیاب قهوه دلونگی KG89 
 نقد و بررسی آسیاب قهوه دلونگی KG89 اگه عاشق قهوه هستید و میخواهید که یک قهوه ی خوش طعم و دلچسب رو توی یک کنج خونه در کمال آرامش نوش جان کنید، حتما به فکر  خرید آسیاب قهوه  باشید تا با آسیاب و پودر کردن دونه های قهوه تون، یک قهوه ی عالی داشته باشید و لذت ببرید. 
آسیاب قهوه از کمپانی و برند شناخته شده و صاحب نام دلونگی مدل KG89، یکی از بهترین آسیاب های قهوه ای هستش که توی با"
Garneek Coffee Workshop,اسپرسوساز مباشی 2036,,,,,,7100000,,,True,دستگاه اسپرسوساز خانگی; دستگاه اسپرسوساز مباشی,https://garneekcoffee.com/product/%d8%a7%d8%b3%d9%be%d8%b1%d8%b3%d9%88%d8%b3%d8%a7%d8%b2-%d9%85%d8%a8%d8%a7%d8%b4%db%8c-2036/,"اسپرسوساز مباشی 2036 
 اسپرسو ساز مباشی مدل ME-ECM 2036 یکی از آخرین مدل های اسپرسوساز مباشی است که در سال 2022 وارد بازار شده است. این دستگاه با قدرت توان خوب، فشار بخار 20 بار و سایز و اندازه نسبتا بزرگ خود دارای طراحی زیبایی است که با ذائقه و سلیقه بسیاری سازگار است. 
 مشخصات اسپرسو ساز مباشی مدل 2036 
 از مشخصات و ویژگی های اسپرسو ساز مباشی مدل  2036 می توان به فشار بخار ۲۰ بار و توان موتور 85"
Garneek Coffee Workshop,اسپرسوساز مباشی مدل  2037,,,,,,8000000,,,False,دستگاه اسپرسوساز خانگی; دستگاه اسپرسوساز مباشی,https://garneekcoffee.com/product/%d8%a7%d8%b3%d9%be%d8%b1%d8%b3%d9%88%d8%b3%d8%a7%d8%b2-%d9%85%d8%a8%d8%a7%d8%b4%db%8c-%d9%85%d8%af%d9%84-2037/,"اسپرسوساز مباشی مدل 2037 
 
 گارانتی ۱۲ ماهه مباشی ایران 
 فشار بخار : ۲۰ بار 
 توان موتور : ۱۳۵۰ وات 
 ظرفت مخزن : ۱.۵ لیتر 
 سستم کاپوچینوساز : دارد 
 نشانگر سطح آب : دارد 
 قابلیت تولید کف شیر : دارد 
 نازل بخار : دارد 
  تمپر  و پیمانه قهوه : دارد 
 سینی چکه گیر : دارد 
 گرم کن  فنجان  : دارد 
 سستم خاموشی خودکار : دارد 
 فلتر آب : ندارد 
 نوشیدنی های قابل تهیه : اسپرسو،کاپوچینو،لاته،کافه ماکی"
Garneek Coffee Workshop,قهوه جوش مسی (جذوه) 6 کاپ کد 166,,,,,,390000,,,True,قهوه جوش,https://garneekcoffee.com/product/%d9%82%d9%87%d9%88%d9%87-%d8%ac%d9%88%d8%b4-%d9%85%d8%b3%db%8c-%d8%ac%d8%b0%d9%88%d9%87-6-%da%a9%d8%a7%d9%be/,"قهوه جوش مسی (جذوه) 6 کاپ 
 قهوه جوش ترک یا همان جذوه عموما از مس ساخته می‌شود که پس از چکش‌کاری یک دسته بلند به آن متصل می‌شود. دلیل استفاده از مس به عنوان ماده اولیه تولید  قهوه جوش  قابلیت آن در انتقال حرارت است، استفاده از مس سبب می‌شود قهوه به صورت یک دست آماده شود. 
 حداقل نسبت قطر کف به دهانه قهوه جوش باید 1.5 به 1 باشد ، یعنی اگر قطر کف آن 9 سانتیمتر است قطر دهانه باید 6 سانتیمتر باشد. 
 ج"
Garneek Coffee Workshop,قهوه جوش مسی (جذوه) 2 کاپ کد 164,,,,,,140000,,,False,قهوه جوش,https://garneekcoffee.com/product/%d9%82%d9%87%d9%88%d9%87-%d8%ac%d9%88%d8%b4-%d9%85%d8%b3%db%8c-%d8%ac%d8%b0%d9%88%d9%87-2-%da%a9%d8%a7%d9%be/,"قهوه جوش مسی (جذوه) 2 کاپ 
 قهوه جوش ترک یا همان جذوه عموما از مس ساخته می‌شود که پس از چکش‌کاری یک دسته بلند به آن متصل می‌شود. دلیل استفاده از مس به عنوان ماده اولیه تولید قهوه جوش قابلیت آن در انتقال حرارت است، استفاده از مس سبب می‌شود قهوه به صورت یک دست آماده شود. 
 حداقل نسبت قطر کف به دهانه قهوه جوش باید 1.5 به 1 باشد ، یعنی اگر قطر کف آن 9 سانتیمتر است قطر دهانه باید 6 سانتیمتر باشد. 
  جذ"
Garneek Coffee Workshop,قهوه جوش مسی (جذوه) 4 کاپ کد 165,,,,,,200000,,,False,قهوه جوش,https://garneekcoffee.com/product/%d9%82%d9%87%d9%88%d9%87-%d8%ac%d9%88%d8%b4-%d9%85%d8%b3%db%8c-%d8%ac%d8%b0%d9%88%d9%87-4-%da%a9%d8%a7%d9%be/,"قهوه جوش مسی (جذوه) 4 کاپ 
 قهوه جوش ترک یا همان جذوه عموما از مس ساخته می‌شود که پس از چکش‌کاری یک دسته بلند به آن متصل می‌شود. دلیل استفاده از مس به عنوان ماده اولیه تولید  قهوه جوش  قابلیت آن در انتقال حرارت است، استفاده از مس سبب می‌شود قهوه به صورت یک دست آماده شود. 
 حداقل نسبت قطر کف به دهانه قهوه جوش باید 1.5 به 1 باشد ، یعنی اگر قطر کف آن 9 سانتیمتر است قطر دهانه باید 6 سانتیمتر باشد. 
 ج"
Garneek Coffee Workshop,لولر قهوه گتر سایز 51 کد 402,,,,,,330000,,,False,لولر,https://garneekcoffee.com/product/%d9%84%d9%88%d9%84%d8%b1-%d9%82%d9%87%d9%88%d9%87-%da%af%d8%aa%d8%b1-%d8%a7%d8%b5%d9%84%db%8c-%d8%b3%d8%a7%db%8c%d8%b2-51-%da%a9%d8%af-402/,"لولر قهوه گتر سایز 51 کد 402 
 لولر یک وسیله برای تهیه اسپرسو می باشد که با اینکه برای کار بهتر باریستا لازم و ضروری است اما کمتر به آن توجه می شود.  لولر  یک وسیله ی بسیار ساده و کوچک می باشد که در خانواده تمپر قهوه قرار می گیرد به همین دلیل به آن تمپر گردون هم گفته می شود. وظیفه لولر این است که قهوه آسیاب شده در درون پرتافیلتر را به قرص قهوه تبدیل کند. 
 در تهیه کردن قهوه، میزان مجاورت قهوه با آ"
Garneek Coffee Workshop,استند پرتافیلتر گتر سایز 51 کد 275,,,,,,4800000,,,True,استندپرتافیلتر,https://garneekcoffee.com/product/%d8%a7%d8%b3%d8%aa%d9%86%d8%af-%d9%be%d8%b1%d8%aa%d8%a7%d9%81%db%8c%d9%84%d8%aa%d8%b1-%da%af%d8%aa%d8%b1-%d8%b3%d8%a7%db%8c%d8%b2-51/,"استند پرتافیلتر گتر سایز 51 
  استند پرتافیلتر  باعث میشود تا بتوانیم به وسیله ی تمپر فشردگی دقیق تری را در بافت پودر قهوه ی داخل بسکت ایجاد نماییم، تا در نهایت از قهوه عصاره‌ بهتری بگیریم. 
 استند پرتافیلتر گتر سایز 51 یکی از با کیفیت ترین محصولات بازار می باشد، که از جنس استیل ساخته شده است و بهترین ابزار برای باریستا و بهترین نگه دارنده نیز می باشد. 
 برای استفاده خانگی و حتی استفاده در کافی شا"
Garneek Coffee Workshop,فانل مگنتی گتر سایز 51 کد 40,,,,,,320000,,,True,فانل,https://garneekcoffee.com/product/%d9%81%d8%a7%d9%86%d9%84-%d9%85%da%af%d9%86%d8%aa%db%8c-%da%af%d8%aa%d8%b1-%d8%b3%d8%a7%db%8c%d8%b2-51-%da%a9%d8%af-307/,"فانل مگنتی گتر سایز 51 کد 40 
 فانل پرتافیلتر  اسپرسوساز  (espresso dosing funnel ) یکی از لوازم جانبی پرکاربرد و لازم برای هر حرفه ای است. در کافه ها و رستوران ها و بعضا برای عاشقان قهوه در خانه ها، برای جلوگیری از کثیف شدن محیط پس از  آسیاب قهوه  و همچنین برای اندازه گیری صحیح قهوه مصرف شده، بهترین وسیله فانل است. این فانل هم برای پرتافیلترهای دستگاه های اسپرسو ساز خانگی و هم برای اسپرسوسازهای ص"
Garneek Coffee Workshop,استندپرتافیلتر گتر سایز  58 کد 170,,,,,,520000,,,False,استندپرتافیلتر,https://garneekcoffee.com/product/%d8%a7%d8%b3%d8%aa%d9%86%d8%af%d9%be%d8%b1%d8%aa%d8%a7%d9%81%db%8c%d9%84%d8%aa%d8%b1-%da%af%d8%aa%d8%b1-%d8%b3%d8%a7%db%8c%d8%b2-58/,"استندپرتافیلتر گتر سایز 58 
  استند پرتافیلتر  باعث میشود تا بتوانیم به وسیله ی تمپر فشردگی دقیق تری را در بافت پودر قهوه ی داخل بسکت ایجاد نماییم، تا در نهایت از قهوه عصاره‌ بهتری بگیریم. 
 استند پرتافیلتر گتر سایز 58 یکی از با کیفیت ترین محصولات بازار می باشد، که از جنس استیل ساخته شده است و بهترین ابزار برای باریستا و بهترین نگه دارنده نیز می باشد. دارای قیمت مناسب و به صرفه ای است. 
 برای استف"
Garneek Coffee Workshop,شات قهوه خوری کد 012,,,,,,65000,,,False,ماگ - فنجان,https://garneekcoffee.com/product/%d8%b4%d8%a7%d8%aa-%d9%82%d9%87%d9%88%d9%87-%d8%ae%d9%88%d8%b1%db%8c-%da%a9%d8%af-012/,"شات قهوه خوری کد 012 
 فنجان شات بلوری 6عددی در اندازه شات دبل ظرفیت دارد. فنجان شات یکی از جذابیت های نوشیدن اسپرسو فنجان آن یا به اصطلاح شات قهوه میباشد. این فنجان ها از زمانهای قدیم فنجان قهوه جای خود را در قفسه های هر آشپزخانه ای داشته اند. واینروزها به لطف نوشیدن زیاد این نوشیدنی دلپذیر مصرف این فنجان ها چند برابر شده است. 
 خریدشات قهوه خوری کد 012 
  شات (Shot) :  شات واحد اندازه گیری  اسپر"
Garneek Coffee Workshop,شات قهوه خوری کد 011,,,,,,35000,,,False,ماگ - فنجان,https://garneekcoffee.com/product/%d8%b4%d8%a7%d8%aa-%d9%82%d9%87%d9%88%d9%87-%d8%ae%d9%88%d8%b1%db%8c-%da%a9%d8%af-011/,"شات قهوه خوری کد 011 
 فنجان شات بلوری 6عددی در اندازه شات دبل ظرفیت دارد. فنجان شات یکی از جذابیت های نوشیدن اسپرسو فنجان آن یا به اصطلاح شات قهوه میباشد. این فنجان ها از زمانهای قدیم فنجان قهوه جای خود را در قفسه های هر آشپزخانه ای داشته اند. واینروزها به لطف نوشیدن زیاد این نوشیدنی دلپذیر مصرف این فنجان ها چند برابر شده است. 
 خریدشات قهوه خوری کد 011 
  شات (Shot) :  شات واحد اندازه گیری  اسپر"
Garneek Coffee Workshop,لیوان دلستر دسته دار بشکه ای لومینارک Luminarc,,,,,,130000,,,False,ماگ - فنجان,https://garneekcoffee.com/product/%d9%84%db%8c%d9%88%d8%a7%d9%86-%d8%af%d9%84%d8%b3%d8%aa%d8%b1-%d8%aa%d8%b1%da%a9%db%8c%d9%87-%d8%a7%db%8c/,"لیوان دلستر ترکیه ای 
 این لیوان دارای شکل مخروطی است که به خوبی کف ایجاد می کند و اندازه سخاوتمندانه به عطر و طعم آب میوه کمک می کند تا بهتر ظاهر شود و تجربه شما را از نوشیدنی افزایش می دهد. 
این محصول را قبل از استفاده برای اولین بار بشویید. 
شیشه 
قابل شستشو در ماشین ظرفشویی. 
بدون کادمیوم یا سرب اضافه شده است. 
ما می خواهیم تأثیر مثبتی بر روی کره زمین داشته باشیم. به همین دلیل است که تا سال 20"
Garneek Coffee Workshop,موکاپات سه کاپ رنگی کد 113,,,,,,320000,,,True,موکاپات,https://garneekcoffee.com/product/%d9%85%d9%88%da%a9%d8%a7%d9%be%d8%a7%d8%aa-%d8%b3%d9%87-%da%a9%d8%a7%d9%be-%d8%b1%d9%86%da%af%db%8c-%da%a9%d8%af-016/,"موکاپات سه کاپ رنگی 
 ارزان‌ترین وسیله برای درست کردن اسپرسو در خانه، موکاپات است. 
 موکاپات یک قهوه جوش رو گازی است. 
 وسیله ای ساده که در 10 دقیقه می توانید با آن قهوه درست کنید. 
  موکاپات سه کاپ مات  را می توان بر روی اجاقهای گازی و برقی استفاده نمود، اما لازم است دسته پلاستیکی آن در مجاورت مستقیم شعله یا حرارت قرار نگیرد. 
این محصول قابلیت شستشو در ماشین ظرف‌شویی را ندارد و توصیه میشود فقط با"
Garneek Coffee Workshop,بار اسپون ( قاشق بار ) رزگلد کد 313,,,,,,290000,,,False,تجهیزات بار سرد,https://garneekcoffee.com/product/%d8%a8%d8%a7%d8%b1-%d8%a7%d8%b3%d9%be%d9%88%d9%86-%d9%82%d8%a7%d8%b4%d9%82-%d8%a8%d8%a7%d8%b1-%d8%b1%d8%b2%da%af%d9%84%d8%af-%da%a9%d8%af-313/,"بار اسپون ( قاشق بار ) رزگلد کد 313 
 بار اسپون یکی از ابزار در  بار سرد  است که برای درست کردن انواع نوشیدنی و کوکتل میوه و میکسولوژی بسیار پرکاربرد است. طول بلند این قاشق و مارپیچ بودن آن، قاشق باریستا را از سایر قاشق ها متمایز می کند. طول بلند قاشق باریستا باعث می شود در تهیه نوشیدنی در انواع شیشه، پارچ و لیوان های بلند کارآمد باشد. متصدی بار و یا بارتندر به کمک این قاشق بلند مارپیچ نوشیدنی را "
Garneek Coffee Workshop,بار اسپون ( قاشق بار ) کد 312,,,,,,105000,,,False,تجهیزات بار سرد,https://garneekcoffee.com/product/%d8%a8%d8%a7%d8%b1-%d8%a7%d8%b3%d9%be%d9%88%d9%86-%d9%82%d8%a7%d8%b4%d9%82-%d8%a8%d8%a7%d8%b1-%da%a9%d8%af-312/,"بار اسپون ( قاشق بار ) کد 312 
 بار اسپون یکی از ابزار در  بار سرد  است که برای درست کردن انواع نوشیدنی و کوکتل میوه و میکسولوژی بسیار پرکاربرد است. طول بلند این قاشق و مارپیچ بودن آن، قاشق باریستا را از سایر قاشق ها متمایز می کند. طول بلند قاشق باریستا باعث می شود در تهیه نوشیدنی در انواع شیشه، پارچ و لیوان های بلند کارآمد باشد. متصدی بار و یا بارتندر به کمک این قاشق بلند مارپیچ نوشیدنی را به صور"
Garneek Coffee Workshop,استرینر ( صافی شیکر ) گتر کد 91,,,,,,290000,,,False,تجهیزات بار سرد,https://garneekcoffee.com/product/%d8%a7%d8%b3%d8%aa%d8%b1%db%8c%d9%86%d8%b1-%d8%b5%d8%a7%d9%81%db%8c-%d8%b4%db%8c%da%a9%d8%b1-%da%af%d8%aa%d8%b1-%da%a9%d8%af-91/,"استرینر ( صافی شیکر ) گتر کد 91 
 برند گتر، این استرینر جدید را برای تهیه یک نوشیدنی طبیعی به شما تقدیم می کند. استرینر یا صافی شیکر در تهیه نوشیدنی‌های طبیعی یک وسیله ی کاربردی برای استفاده از شیکر است که با طراحی فنری بر روی انواع شیکر به خوبی قرار میگیرد 
 و مانع ورود پالپ ، یخ و سایر خرده های میوه یا سبزیجات به داخل لیوان میشود . برای اینکه این مواد از شیکر وارد لیوان نشوند از استرینر شیکر است"
Garneek Coffee Workshop,استرینر ( صافی شیکر ) کوتاه کد 90,,,,,,200000,,,False,تجهیزات بار سرد,https://garneekcoffee.com/product/%d8%a7%d8%b3%d8%aa%d8%b1%db%8c%d9%86%d8%b1-%d8%b5%d8%a7%d9%81%db%8c-%d8%b4%db%8c%da%a9%d8%b1-%da%a9%d9%88%d8%aa%d8%a7%d9%87-%da%a9%d8%af-90/,"استرینر ( صافی شیکر ) کوتاه کد 90 
 استرینر استیل یا صافی  شیکر  پر استفاده ترین ابزار بار کافه شما خواهد بود و  با همه شیکر های بوستون همخوانی دارد. 
 استرینر، شیکر بار اسپون ، از مهمترین ایزارها برای سرو نوشیدنی های سرد می باشد. 
 استرینر از وارد شدن پالپ، تفالهٔ میوه و خرده‌های یخ به لیوان نهایی جلوگیری می‌کند تا نوشیدنی لذت بخش تری فراهم شود. 
توجه داشته باشید استرینر برای صاف و زلال کردن نوشی"
Garneek Coffee Workshop,تخته سرو قهوه کوچک کد 41,,,,,,75000,,,False,تخته سرو قهوه,https://garneekcoffee.com/product/%d8%aa%d8%ae%d8%aa%d9%87-%d8%b3%d8%b1%d9%88-%d9%82%d9%87%d9%88%d9%87-%da%a9%d9%88%da%86%da%a9-%da%a9%d8%af-41/,"تخته سرو قهوه کوچک کد 41 
 تخته سرو  مناسب برای سرو قهوه و انواع نوشیدنی می باشد. در این تخته محل قرارگیری  فنجان  مشخص است و در کنار آن میتوان شکلات و انواع کیک ها را قرار داد.جنس تخته از چوب طبیعی یک تکه می باشد، و قابل شستشو با دست است. این تخته با روغن گیاهی پوشش داده شده است. 
 این تخته سرو چوبی طرح منحصربه‌فرد و وزن تقریبا سبکی دارد و از انواع چوب های طبیعی ساخته‌ می شود. بخش زیر لیوانی ۱ سا"
Garneek Coffee Workshop,تخته سرو قهوه کوچک کد 40,,,,,,99000,,,False,تخته سرو قهوه,https://garneekcoffee.com/product/%d8%aa%d8%ae%d8%aa%d9%87-%d8%b3%d8%b1%d9%88-%d9%82%d9%87%d9%88%d9%87-%da%a9%d9%88%da%86%da%a9-%da%a9%d8%af-40/,"تخته سرو قهوه کوچک کد 40 
 تخته سرو  مناسب برای سرو قهوه و انواع نوشیدنی می باشد. در این تخته محل قرارگیری  فنجان  مشخص است و در کنار آن میتوان شکلات و انواع کیک ها را قرار داد.جنس تخته از چوب طبیعی یک تکه می باشد، و قابل شستشو با دست است. این تخته با روغن گیاهی پوشش داده شده است. 
 این تخته سرو چوبی طرح منحصربه‌فرد و وزن تقریبا سبکی دارد و از انواع چوب های طبیعی ساخته‌ می شود. بخش زیر لیوانی ۱ سا"
Garneek Coffee Workshop,تمپر قهوه گتر دسته چوبی سایز 58 کد 153,,,,,,420000,,,True,تمپر,https://garneekcoffee.com/product/%d8%aa%d9%85%d9%be%d8%b1-%d9%82%d9%87%d9%88%d9%87-%da%af%d8%aa%d8%b1-%d8%af%d8%b3%d8%aa%d9%87-%da%86%d9%88%d8%a8%db%8c-%d8%b3%d8%a7%db%8c%d8%b2-58/,"تمپر قهوه گتر دسته چوبی سایز 58 
 هنگام استفاده از  دستگاه اسپرسو  برای عبور آب از عصاره قهوه، قبل از بستن پورتافیلتر به دستگاه، باید قهوه آسیاب شده فشرده شود که این کار توسط یکی از  لوازم باریستا به نام   تمپر قهوه   انجام می‌گردد. قطر این تمپر ۵1 میلیمتر بوده که با توجه به قطر پورتافیلتر دستگاه‌ها باید استفاده شود.به راحتی می‌توان با انتخاب زاویه درست و فشار مناسب که به مهارت باریستا مرتبط است، "
Garneek Coffee Workshop,ناک باکس قهوه کد 131,,,,,,95000,,,False,ناک باکس,https://garneekcoffee.com/product/%d9%86%d8%a7%da%a9-%d8%a8%d8%a7%da%a9%d8%b3-%d9%82%d9%87%d9%88%d9%87-%da%a9%d8%af-206/,"ناک باکس قهوه کد 131 
 ناک باکس قهوه پرانی  ظرف جمع آوری پسماند اسپرسو است.این وسیله ظرفی است با کیفیت بسیار بالا برای تخلیه و جمع آوری پسماند های  قهوه  اسپرسو ، وقتی شما به وسیله تمپر قهوه ، قهوه را درون گروپ فشرده میکنید قهوه متراکم میشود ، بعد از آن وقتی که گروپ را بر روی دستگاه میبندید و با آن قهوه اسپرسو تهیه میکنید این تراکم بسیار بیشتر میشود . شما با کمک این وسیله میتوانید به راحتی تفاله ق"
Garneek Coffee Workshop,ترازو آشپزخانه قاشقی 500 گرمی کد 84,,,,,500.0,275000,55000.0,,False,ترازو,https://garneekcoffee.com/product/%d8%aa%d8%b1%d8%a7%d8%b2%d9%88-%d8%a2%d8%b4%d9%be%d8%b2%d8%ae%d8%a7%d9%86%d9%87-%d9%82%d8%a7%d8%b4%d9%82%db%8c-500-%da%af%d8%b1%d9%85%db%8c/,"ترازو آشپزخانه قاشقی 500 گرمی 
 ترازو قاشقی 
 اندازه گیری وزن مواد غذایی مناسب آشپزخانه و آرایشگاه ها 
 پلاستیک مقاوم درجه یک 
 عمق پیمانه 20 میلی لیتر 
 قابل اندازه گیری ..01 تا 500 گرم 
 دارای دکمه تنظیم 
 بسیار دقیق و سبک و کاربردی   اندازه گیری وزن مواد غذایی مناسب آشپزخانه 
 پلاستیک مقاوم درجه یک 
 عمق پیمانه 20 میلی لیتر 
 قابل اندازه گیری ..01 تا 500 گرم"
Garneek Coffee Workshop,فیلتر کاغذی دریپر قهوه اوریگامی کد 88,,,,,,460000,,,True,فیلتر دستگاه,https://garneekcoffee.com/product/%d9%81%db%8c%d9%84%d8%aa%d8%b1-%da%a9%d8%a7%d8%ba%d8%b0%db%8c-%d8%af%d8%b1%db%8c%d9%be%d8%b1-%d9%82%d9%87%d9%88%d9%87-%d8%a7%d9%88%d8%b1%db%8c%da%af%d8%a7%d9%85%db%8c-%d8%b3%d8%a7%db%8c%d8%b2-1/,"فیلتر کاغذی دریپر قهوه اوریگامی 
 فیلتر کاغذی دریپر در بسته های 50 عددی و مناسب دستگاه دریپر اوریگامی که یک دستگاه زاپنی است می باشد 
  قهوه ی چکانه ای یا پوراور چیست؟  
 روش پوراور متشکل از ریختن آب داغ به روی قهوه های آسیا شده ی داخل فیلتر است. آب از قهوه و فیلتر عبور می کند و به داخل سرور یا ماگ زیرین ریخته می شود. به قهوه ی به دست آمده با روش پوراور قهوه ی فیلتری یا قهوه ی چکه ای گفته می شود ک"
Garneek Coffee Workshop,تمپر مت گتر کد 73,,,,,,225000,,,False,مت تمپر,https://garneekcoffee.com/product/%d8%aa%d9%85%d9%be%d8%b1-%d9%85%d8%aa-%da%af%d8%aa%d8%b1-%d9%85%d8%af%d9%84-f22/,"تمپر مت گتر کد 73 
  مت تمپر  یکی از لوازم جانبی و اقلام مورد نیاز جهت استفاده از  دستگاه های اسپرسوساز  حرفه و نیمه حرفه ای است. بدین وسیله که پس از ریختن پودر قهوه در پرتافیلتر و قرار دادن آن روی “مت تمپر” آن را به وسیله تمپر صاف کرده و جهت عصاره گیری به دستگاه متصل می کنیم. “گتر” یکی از بهترین سازنده لوازم های جانبی اسپرسوساز است که از بهترین مواد اولیه لوازم خود را تهیه می کند. جنس این مت تمپر"
Garneek Coffee Workshop,بانکه قهوه پلاستیکی,,,,,250.0,80000,32000.0,,True,بانکه قهوه,https://garneekcoffee.com/product/%d8%a8%d8%a7%d9%86%da%a9-%d9%82%d9%87%d9%88%d9%87-%d9%be%d9%84%d8%a7%d8%b3%d8%aa%db%8c%da%a9%db%8c/,"بانکه قهوه پلاستیکی 
 بانک قهوه پلاستیکی درب دار و مناسب نگهداری قهوه در حجم 250 گرم قهوه بصورت دان و یا 350 گرم قهوه بصورت دان می باشد. 
 این محصول ساخت کشور ایران می باشد. 
  نکات مهم نگهداری از قهوه  
 منظور از شرایط نگهداری، در نظر گرفتن تمام نکات فیزیکی و شیمیایی است که می‌تواند بر روی قهوه و دانه‌های آن تاثیرگذار باشد. ظروف نگهداری، محیط، دما و نور مناسب از مهمترین نکاتی است که باید آن را کن"
Garneek Coffee Workshop,تمپر چوبی سایز 58 کد 56,,,,,,350000,,,True,تمپر,https://garneekcoffee.com/product/%d8%aa%d9%85%d9%be%d8%b1-%da%86%d9%88%d8%a8%db%8c-%d8%b3%d8%a7%db%8c%d8%b2-58/,"تمپر چوبی سایز 58 
 یکی از مهم‌ترین ابزارهایی که یک باریستا نیاز دارد،یک  تمپر قهوه  خوب و مناسب است. اگر می‌خواهید اسپرسویی عالی داشته باشید، باید یک تمپر خوب هم تهیه کنید. 
 ممکن است بسیاری از افرادی که در خانه برای خود قهوه دم می‌کنند، ندانند تمپر قهوه چیست و چه کاربردی دارد. 
 علت اهمیت به کار بردن تمپر این است که این ابزار دانه‌های اسپرسو را کمپرس می‌کند. باریستاها هر بار که اسپرسو دم می‌کنند"
Garneek Coffee Workshop,استند پرتافیلتر برند &#8220;موتا MOTTA &#8221; سایز 51,,,,,,430000,,,False,استندپرتافیلتر,https://garneekcoffee.com/product/%d8%a7%d8%b3%d8%aa%d9%86%d8%af-%d9%be%d8%b1%d8%aa%d8%a7-%d9%81%db%8c%d9%84%d8%aa%d8%b1-%d8%a8%d8%b1%d9%86%d8%af-%d9%85%d9%88%d8%aa%d8%a7-motta-%d8%b3%d8%a7%db%8c%d8%b2-51/,"استند پرتافیلتر برند &#8220;موتا MOTTA &#8221; سایز 51 
  استند پرتافیلتر  باعث میشود تا بتوانیم به وسیله ی تمپر فشردگی دقیق تری را در بافت پودر قهوه ی داخل بسکت ایجاد نماییم، تا در نهایت از قهوه عصاره‌ بهتری بگیریم. 
 استند پرتافیلتر موتا سایز 51 میلی لیتر یکی از با کیفیت ترین محصولات بازار می باشد، که از جنس سرامیک ساخته شده است و بهترین ابزار برای باریستا و بهترین نگه دارنده پرتا فیلتر نیز می ب"
Garneek Coffee Workshop,جذوه آلومینیومی قهوه جوش ترک,,,,,,150000,,,True,قهوه جوش,https://garneekcoffee.com/product/%d8%ac%d8%b0%d9%88%d9%87-%d8%a2%d9%84%d9%88%d9%85%db%8c%d9%86%db%8c%d9%88%d9%85%db%8c-%d9%82%d9%87%d9%88%d9%87-%d8%ac%d9%88%d8%b4-%d8%aa%d8%b1%da%a9/,"جذوه آلومینیومی قهوه جوش ترک 
 این نام سنتی برای  قهوه جوش ترکی  است که به آن ایبریک یا ایبریک نیز گفته می شود. این طراحی شده است تا فرآیند تهیه  قهوه ترک  را آسان و راحت کند. به طور معمول، قهوه ساز ترکی جذوه از مس یا برنج ساخته می شد. با این حال، ثروتمندان ترجیح می‌دادند ظرف‌های نقره و طلا داشته باشند. مورخان بر این باورند که قوری ترکی برای قهوه برای اولین بار در سنین میانی و عمدتاً در اواخر قرن "
Garneek Coffee Workshop,فنجان نعلبکی کاپوچینو سفید,,,,,,150000,,,False,ماگ - فنجان,https://garneekcoffee.com/product/%d9%81%d9%86%d8%ac%d8%a7%d9%86-%d9%86%d8%b9%d9%84%d8%a8%da%a9%db%8c-%da%a9%d8%a7%d9%be%d9%88%da%86%db%8c%d9%86%d9%88-%d8%b3%d9%81%db%8c%d8%af/,"فنجان نعلبکی کاپوچینو سفید 
  فنجان قهوه  (به انگلیسی:  Coffee cup ) ظرفی است که برای نوشیدن قهوه و اسپرسو از آن استفاده می‌شود.  فنجان قهوه  معمولاً از لعاب سرامیک ساخته می‌شود و یک دسته برای جابجایی دارند به خاطر این که نوشیدنی گرم است. ساخت و ساز سرامیک با توجه به عایق حرارتی اجازه می‌دهد تا یک نوشیدنی را در حالی که گرم است استفاده کرده و به سرعت با آب سرد شستشو دهید بدون ترس از شکستن در مقایسه"
Garneek Coffee Workshop,فنجان سفید لته,,,,,,250000,,,False,ماگ - فنجان,https://garneekcoffee.com/product/%d9%81%d9%86%d8%ac%d8%a7%d9%86-%d9%86%d8%b9%d9%84%d8%a8%da%a9%db%8c-%d8%b3%d9%81%db%8c%d8%af-%d9%84%d8%aa%d9%87/,"فنجان سفید لته 
 قهوه لاته معروف در ایران در واقع یک نوشیدنی اسپرسو ایتالیایی است که از مخلوط اسپرسو و شیر جوش آمده، تهیه می‌شود. شیر باعث رقیق شدن قهوه شده و طعم لاته را ملایم می‌کند. از دیگر ویژگی‌های لاته می شود به طرح‌های زیبای روی فنجان اشاره کرد. صاحبان کافه این طرح‌ها را بوسیله شیر جوش داخل فنجان پر از قهوه درست می کنند. انواع فنجان های متنوع و مناسب سرو قهوه را با برند وان کافی در اندازه ه"
Garneek Coffee Workshop,فنجان لته رنگی,,,,,,100000,,,False,ماگ - فنجان,https://garneekcoffee.com/product/%d9%81%d9%86%d8%ac%d8%a7%d9%86-%d9%84%d8%aa%d9%87-%d8%b1%d9%86%da%af%db%8c/,"فنجان لته رنگی 
 قهوه لاته معروف در ایران در واقع یک نوشیدنی اسپرسو ایتالیایی است که از مخلوط  اسپرسو  و شیر جوش آمده، تهیه می‌شود. شیر باعث رقیق شدن قهوه شده و طعم لاته را ملایم می‌کند. از دیگر ویژگی‌های لاته می شود به طرح‌های زیبای روی فنجان اشاره کرد. صاحبان کافه این طرح‌ها را بوسیله شیر جوش داخل فنجان پر از قهوه درست می کنند. انواع فنجان های متنوع و مناسب سرو قهوه را با برند وان کافی در اندازه"
Garneek Coffee Workshop,پودر رسوب زدایی اسپرسوساز خانگی Puly,,,,Ground,,100000,,,False,مواد شوینده,https://garneekcoffee.com/product/%d9%be%d9%88%d8%af%d8%b1-%d8%b1%d8%b3%d9%88%d8%a8-%d8%b2%d8%af%d8%a7%db%8c%db%8c-%d8%a7%d8%b3%d9%be%d8%b1%d8%b3%d9%88%d8%b3%d8%a7%d8%b2-%d8%ae%d8%a7%d9%86%da%af%db%8c-puly/,"پودر رسوب زدایی اسپرسوساز خانگی Puly 
  پودر رسوب زدایی اسپرسوCaf Puly  محصولی ویژه برای پاک کردن و رسوب زدایی پورتافیلتر و هدگروپ  دستگاه های اسپرسو ساز  صنعتی و …می باشد. این محصول تولید شرکت بزرگ و معتبر پولی کاف  ایتالیاست که سابقه ی درخشان و طولانی مدتی در زمینه تولید مواد رسوب زدا و پاک کننده و تمیز کننده دستگاه های قهوه ساز خانگی و صنعتی دارد. این محصول دارای تاییده از NFS می باشد. 
 در هر "
Garneek Coffee Workshop,ماگ سیلیکونی طرح استارباکس,,,,,,180000,,,True,ماگ - فنجان,https://garneekcoffee.com/product/%d9%85%d8%a7%da%af-%d8%b3%db%8c%d9%84%db%8c%da%a9%d9%88%d9%86%db%8c-%d8%b7%d8%b1%d8%ad-%d8%a7%d8%b3%d8%aa%d8%a7%d8%b1%d8%a8%d8%a7%da%a9%d8%b3/,"ماگ سیلیکونی طرح استارباکس 
  ماگ دور سیلیکونی استارباکس  دارای یک درپوش سیلیکونی است. این درپوش با قطر 10 سانتی‌متر کاملا دهانه‌ی ماگ را می‌پوشاند. این هم‌پوشانی علاوه بر حفظ نسبی درجه حرارت نوشیدنی از افتادن اشیای خارجی به دورن نوشیدنی نیز جلوگیری خواهد کرد. درپوش دارای یک یک خروجی به ابعاد 0.8 × 1.3 سانتی‌متر است. این خروجی ابتدا پلمپ بوده و در صورت تمایل می‌توان با یک برش خروجی را آزاد کرد. مه"
Garneek Coffee Workshop,اسپرسوساز مباشی مدل ECM 2030,,,,,,8800000,,,True,دستگاه اسپرسوساز نیمه اتوماتیک; دستگاه اسپرسوساز مباشی,https://garneekcoffee.com/product/%d8%a7%d8%b3%d9%be%d8%b1%d8%b3%d9%88%d8%b3%d8%a7%d8%b2-%d9%85%d8%a8%d8%a7%d8%b4%db%8c-%d9%85%d8%af%d9%84-ecm-2030/,"اسپرسوساز مباشی مدل ECM 2030 
 
  فشار بخار: ۲۰ بار  
  توان موتور: ۱۴۵۰ وات  
  ظرفیت مخزن: ۱/۲۵لیتر  
  سیستم کاپوچینوساز: دارد  
  نشانگر سطح آب: دارد  
  قابلیت تولید کف شیر: دارد  
  نازل بخار: دارد  
  تمپر و پیمانه قهوه: دارد  
  سینی چکه گیر: دارد  
  گرمکن فنجان: دارد  
  سیستم خاموشی خودکار: دارد  
  فیلتر آب: ندارد  
  وزن: ۴ کیلوگرم  
  نوشیدنیهای قابل تهیه: اسپرسو، کاپوچینو، لاته، کاف"
Garneek Coffee Workshop,تمپر قهوه گتر تمام استیل سایز 51 کد 284,,,Dark,,,430000,,,True,تمپر,https://garneekcoffee.com/product/%d8%aa%d9%85%d9%be%d8%b1-%d9%82%d9%87%d9%88%d9%87-%da%af%d8%aa%d8%b1-%d8%aa%d9%85%d8%a7%d9%85-%d8%a7%d8%b3%d8%aa%db%8c%d9%84-%d8%b3%d8%a7%db%8c%d8%b2-51/,"تمپر قهوه گتر تمام استیل سایز 51 
 علت استفاده از تمپر، تبدیل پودر قهوه به یک قرص فشرده‌ است که سطح آن با لبه‌ی فیلتر قهوه ساز کمی فاصله دارد. هنگامیکه شما فیلتر حاوی پودر قهوه را در پورتا‌ فیلتر قرار دادید و زیر سر اصلی دستگاه اسپرسو بستید، آب با فشار روی فیلتر حاوی پودر قهوه پاشیده می‌شود. پودر قهوه بعد از تماس با آب حجم بیشتری پیدا خواهد کرد و اگر فاصله ی پودر قهوه تا لبه ی فیلتر وجود نداشته با"
Garneek Coffee Workshop,آسیاب قهوه مباشی مدل ME-CG2288,,,,Ground,,5400000,,,False,آسیاب برقی,https://garneekcoffee.com/product/%d8%a2%d8%b3%db%8c%d8%a7%d8%a8-%d9%82%d9%87%d9%88%d9%87-%d9%85%d8%a8%d8%a7%d8%b4%db%8c-%d9%85%d8%af%d9%84-me-cg2288/,"آسیاب قهوه مباشی مدل ME-CG2288 
  آسیاب قهوه مباشی  مدل ME-CG2288 یکی از محصولات برند مباشی است که به همراه آسیاب قهوه مباشی مدل ME-CG2289 در دو رنگ مشکی وسفید روانه بازار شده است. 
 این آسیاب با قدرت توان مصرفی 180 وات قادر است دانه قهوه را با 16 درجه مختلف آسیاب کند. این آسیاب می تواند انتخاب بسیار مناسبی برای مصارف خانگی و حتی کافه های کوچک باشد. 
 برای استفاده از پرتافیلتر به صورت مستقیم می تو"
Garneek Coffee Workshop,فلاسک کوهنوردی دماسنج دار,,,,,,410000,,,True,فلاسک قهوه,https://garneekcoffee.com/product/%d9%81%d9%84%d8%a7%d8%b3%da%a9-%da%a9%d9%88%d9%87%d9%86%d9%88%d8%b1%d8%af%db%8c-%d8%af%d9%85%d8%a7%d8%b3%d9%86%d8%ac-%d8%af%d8%a7%d8%b1/,"فلاسک کوهنوردی دماسنج دار 
 
 یکی از بهترین لذت‌ها در هنگام پیمایش و صعود در آب‌وهوای سرد، نوشیدن یک لیوان چای یا قهوه گرم است، اما در خیلی از برنامه‌ها جهت تهیه آب‌جوش فرصت یا تجهیزات لازم را نداریم، در این مواقع داشتن یک فلاسک آب‌جوش می‌تواند بهترین گزینه برای تهیه یک نوشیدنی گرم باشد. 
 
 
 :ویژگی‌های فلاسک‌های کوهنوردی 
 جداره داخلی: 
 از آنجاییکه هنگام فعالیت در طبیعت و بخصوص محیط‌های خشن مان"
Garneek Coffee Workshop,فلاسک خرگوشی لیوان دار,,,,,,350000,,,False,فلاسک قهوه,https://garneekcoffee.com/product/%d9%81%d9%84%d8%a7%d8%b3%da%a9-%d8%ae%d8%b1%da%af%d9%88%d8%b4%db%8c-%d9%84%db%8c%d9%88%d8%a7%d9%86-%d8%af%d8%a7%d8%b1/,"فلاسک خرگوشی لیوان دار 
  فلاسک خرگوشی    فلاسک       نوزادی دخترانه و پسرانه  که به رنگ سبز روشن است و دارای طرح خرگوش با گوش های برجسته می باشد. ظرفیت این فلاسک 450 میلی لیتر می باشد و ارتفاع آن 26 سانتی متر است و اندازه مناسبی دارد و به راحتی می توانید آن را در ساک نوزاد دلبندتان قرار دهید. 
 طرح و دیزاین فلاسک نیز خاص است و از آنجا که طرحی کودکانه دارد برای نوزاد و کودک کاملا مناسب است و در رن"
Garneek Coffee Workshop,فلاسک درب دار کوهنوردی,,,,,,420000,,,True,فلاسک قهوه,https://garneekcoffee.com/product/%d9%81%d9%84%d8%a7%d8%b3%da%a9-%d8%af%d8%b1%d8%af%d8%a7%d8%b1-%da%a9%d9%88%d9%87%d9%86%d9%88%d8%b1%d8%af%db%8c/,"فلاسک دردار کوهنوردی 
 
 یکی از بهترین لذت‌ها در هنگام پیمایش و صعود در آب‌وهوای سرد، نوشیدن یک لیوان چای یا قهوه گرم است، اما در خیلی از برنامه‌ها جهت تهیه آب‌جوش فرصت یا تجهیزات لازم را نداریم، در این مواقع داشتن یک فلاسک آب‌جوش می‌تواند بهترین گزینه برای تهیه یک نوشیدنی گرم باشد. 
 
 
 :ویژگی‌های فلاسک‌های کوهنوردی 
 جداره داخلی: 
 از آنجاییکه هنگام فعالیت در طبیعت و بخصوص محیط‌های خشن مانند کو"
Garneek Coffee Workshop,چای کرک KARAK TEA,,,,Ground,,250000,,,False,پودرهای فوری,https://garneekcoffee.com/product/%da%86%d8%a7%db%8c-%da%a9%d8%b1%da%a9-%d9%86%d8%b4%d9%82%d8%b4/,"چای کرک KARAK TEA 
  چای کرک  یکی از انواع نوشیدنی ها می باشد. چای همواره یکی از بهترین و خوشمزه نوشیدنی های گرم در سراسر دنیا می باشد که رسپی های مختلفی برای تهیه آن وجود دارد. اما چای کرک که اصالت آن به کشورهای  عربی  باز می گردد ولی هندی ها نیز اعتقاد دارند این چای به این کشور تعلق دارد اما در بیشتر خاورمیانه و آسیا نیز تهیه می شود و از محبوبیت زیادی برخوردار است همچنین چای کرک در شهرهای جنوبی "
Garneek Coffee Workshop,ناک باکس قهوه مربعی کد 133,,,,,,120000,,,True,ناک باکس,https://garneekcoffee.com/product/%d9%86%d8%a7%da%a9-%d8%a8%d8%a7%da%a9%d8%b3-%d9%82%d9%87%d9%88%d9%87-%d9%85%d8%b1%d8%a8%d8%b9%db%8c-%da%a9%d9%88%da%86%da%a9/,"ناک باکس قهوه مربعی کد 133 
  ناک باکس  قهوه مربعی کوچک ، ظرف جمع آوری پسماند اسپرسو است.این وسیله ظرفی است با کیفیت بسیار بالا برای تخلیه و جمع آوری پسماند های قهوه اسپرسو ، وقتی شما به وسیله تمپر قهوه ، قهوه را درون گروپ فشرده میکنید قهوه متراکم میشود ، بعد از آن وقتی که گروپ را بر روی دستگاه میبندید و با آن قهوه اسپرسو تهیه میکنید این تراکم بسیار بیشتر میشود . شما با کمک این وسیله میتوانید به ر"
Garneek Coffee Workshop,ترازو آشپزخانه کد 82,,,,,,250000,,,False,ترازو,https://garneekcoffee.com/product/%d8%aa%d8%b1%d8%a7%d8%b2%d9%88-%d8%a2%d8%b4%d9%be%d8%b2%d8%ae%d8%a7%d9%86%d9%87/,"ترازو آشپزخانه  
 
 
 
  ابعاد: 220×190×80 میلی‌متر  
  وزن: 0.95 کیلوگرم  
  حداکثر ظرفیت قابل اندازه‌گیری: 5 کیلوگرم  
  دقت اندازه‌گیری (خطا): 1 گرم  
  قابلیت اندازه‌گیری: گرم , کیلوگرم , اونس , پوند  
  نحوه تنظیم: اتوماتیک  
  دستگاه نمایش وضعیت: نمایشگر LCD  
  -دارای دکه پارسنگ  
  ساخت ایران  
 
   توضیحات:   
  -خاموش شدن خودکار بعد از ۱ دقیقه عدم استفاده   
  &#8211;  ابعاد ترازو ۲۰x۱۴٫"
Garneek Coffee Workshop,تراول ماگ Titiz,,,,,,180000,,,True,تراول ماگ,https://garneekcoffee.com/product/%d8%aa%d8%b1%d8%a7%d9%88%d9%84-%d9%85%d8%a7%da%af-titiz/,"تراول ماگ  Titiz 
 تراول ماگ titiz یکی از با کیفیت ترین تراول ماگ های پلاستیکی است که هم نگهداری دما دارد و هم درب آن لولایی و  تراول ماگ  با قیمت مناسبی است. 
 این تراول ماگ را در ماشین و رو میز میتوانید استفاده کنید. 
 تراول ماگ تیتیز ضد ضربه می‌باشد. 
 گنجایش 600 میل، قابل شستشو راحت و بدنه تراول ماگ  تیتیز  دست شما را نمی‌سوزاند. 
 تراول ماگ تیتیز بدلیل دوجداره بودن بدنه اش نگهداری دما دارد. 
"
Garneek Coffee Workshop,تراول ماگ نی دار Titiz (استوانه ای),,,,,,160000,,,True,تراول ماگ,https://garneekcoffee.com/product/%d8%aa%d8%b1%d8%a7%d9%88%d9%84-%d9%85%d8%a7%da%af-%d9%86%db%8c-%d8%af%d8%a7%d8%b1-titiz-%d8%a7%d8%b3%d8%aa%d9%88%d8%a7%d9%86%d9%87-%d8%a7%db%8c/,"تراول ماگ نی دار Titiz (استوانه ای) 
 تراول ماگ titiz یکی از با کیفیت ترین تراول ماگ های پلاستیکی است که هم نگهداری دما دارد و هم درب آن لولایی و  تراول ماگ  با قیمت مناسبی است. 
 این تراول ماگ را در ماشین و رو میز میتوانید استفاده کنید. 
 تراول ماگ تیتیز ضد ضربه می‌باشد. 
 گنجایش 600 میل، قابل شستشو راحت و بدنه تراول ماگ  تیتیز  دست شما را نمی‌سوزاند. 
 تراول ماگ تیتیز بدلیل دوجداره بودن بدنه اش "
Garneek Coffee Workshop,تراول ماگ نی دار Titiz,,,,,,150000,,,True,تراول ماگ,https://garneekcoffee.com/product/%d8%aa%d8%b1%d8%a7%d9%88%d9%84-%d9%85%d8%a7%da%af-%d9%86%db%8c-%d8%af%d8%a7%d8%b1-titiz/,"تراول ماگ نی دار Titiz 
 تراول ماگ titiz یکی از با کیفیت ترین تراول ماگ های پلاستیکی است که هم نگهداری دما دارد و هم درب آن لولایی و تراول ماگ با قیمت مناسبی است. 
 این تراول ماگ را در ماشین و رو میز میتوانید استفاده کنید. 
 تراول ماگ تیتیز ضد ضربه می‌باشد. 
 گنجایش 600 میل، قابل شستشو راحت و بدنه تراول ماگ  تیتیز  دست شما را نمی‌سوزاند. 
 تراول ماگ تیتیز بدلیل دوجداره بودن بدنه اش نگهداری دما دار"
Garneek Coffee Workshop,تراول ماگ ۵۰۰ میل استپ دار,,,,,,330000,,,False,تراول ماگ,https://garneekcoffee.com/product/%d8%aa%d8%b1%d8%a7%d9%88%d9%84-%d9%85%d8%a7%da%af-%db%b5%db%b0%db%b0-%d9%85%db%8c%d9%84-%d8%a7%d8%b3%d8%aa%d9%be-%d8%af%d8%a7%d8%b1/,"تراول ماگ ۵۰۰ میل استپ دار 
 
 حجم ۵۰۰ میل 
 در ۶ رنگ 
 دارای لبی آسان نوش 
 استیل دوجداره ۳۰۴ 
 نگهداری دمای سرد و گرم 
 این کار درون کیف بهتر است ایستاده قرار گیرد 
 دارای استپ در زیر تراول ماگ که وقتی بر روی میز قرار دادید تکان نخورد 
 ارتفاع ۱۸ سانت 
 
  موجود در رنگهای آبی, سفید, سورمه ای, صورتی, طوسی, مشکی  
 تراول ماگ چیست؟ 
 اگر می‌خواهید در هزینه‌تان صرفه‌جویی کنید، دوستدار محیط‌ زیست باش"
Garneek Coffee Workshop,بانکه قهوه استیل 250 گرمی کد 25,,,,,250.0,240000,96000.0,,True,بانکه قهوه,https://garneekcoffee.com/product/%d8%a8%d8%a7%d9%86%da%a9-%d8%a7%d8%b3%d8%aa%db%8c%d9%84-%d9%82%d9%87%d9%88%d9%87-250-%da%af%d8%b1%d9%85%db%8c/,"بانکه قهوه استیل 250 گرمی 
 چرا مسئله نگهداری قهوه بسیار حائز اهمیت است؟ پاسخ روشن است: قهوه دوستان، عاشق عطر و طعم قهوه تازه هستند به همین دلیل سعی می کنند که قهوه خام، دانه رست شده یا قهوه آسیاب شده خود را به گونه ای نگهداری کنند که، تازگی خود را حفظ کند. 
 شرایط نگهداری قهوه، چندان پیچیده نیست، کافیست برای نگهداری دانه و پودر قهوه به چند نکته توجه کنید. در شرایط مناسب نگهداری، دانه سبز قهوه زما"
Garneek Coffee Workshop,فلاسک مسافرتی استارباکس کد 11,,,,,,450000,,,False,فلاسک قهوه,https://garneekcoffee.com/product/%d9%81%d9%84%d8%a7%d8%b3%da%a9-%d9%85%d8%b3%d8%a7%d9%81%d8%b1%d8%aa%db%8c-%d8%a7%d8%b3%d8%aa%d8%a7%d8%b1%d8%a8%d8%a7%da%a9%d8%b3/,"فلاسک مسافرتی استارباکس 
  یکی از پرفروش ترین فلاسک ها که از ابعاد و گنجایش مناسبی برخوردار است و به خوبی تا چند ساعت متوالی می تواند دمای نوشیدنی ها را حفظ کند این مدل  فلاسک  دسته دار استارباکس می باشد .  
  درب این محصول به خوبی چفت می شود و از ورود و خروج هوا نیز جلوگیری می کند و از همه مهم تر حتی با کج کردن آن خیالتان راحت باشد که چیزی از مایع به بیرون تراوش نمی کند .  
  این مدل فلاسک دسته د"
Garneek Coffee Workshop,مت تمپر تندیس کد 77,,,,,,150000,,,False,مت تمپر,https://garneekcoffee.com/product/%d9%85%d8%aa-%d8%aa%d9%85%d9%be%d8%b1-%d8%aa%d9%86%d8%af%db%8c%d8%b3-%d8%a8%d8%b2%d8%b1%da%af/,"مت تمپر تندیس بزرگ 
  مت تمپر  یکی از لوازم جانبی و اقلام مورد نیاز جهت استفاده از  دستگاه های اسپرسوساز  حرفه و نیمه حرفه ای است. بدین وسیله که پس از ریختن پودر قهوه در پرتافیلتر و قرار دادن آن روی &#8220;مت تمپر&#8221; آن را به وسیله تمپر صاف کرده و جهت عصاره گیری به دستگاه متصل می کنیم. &#8220;مت تمپر تندیس&#8221; یکی از بهترین سازنده لوازم های جانبی اسپرسوساز است که از بهترین مواد اولیه لوازم "
Garneek Coffee Workshop,ست بار سرد 11 تکه کد 604,,,,,,1650000,,,False,تجهیزات بار سرد,https://garneekcoffee.com/product/%d8%b3%d8%aa-%d8%a8%d8%a7%d8%b1-%d8%b3%d8%b1%d8%af-11-%d8%aa%da%a9%d9%87/,"ست بار سرد 11 تکه کد 604 
 بارسرد شامل تجهیزاتی می شود که بارتندر به کمک آن نوشیدنی های سرد کافه را آماده می کند. این لوازم شامل شیکر، جیجر یا جیگر، باراسپون، مودلر یا مادلر، استرینر و یا صافی شیکر، سرسیروپ و … می باشد. از این لوازم برای آماده سازی انواع کوکتل، شیک، موکتل، نوشیدنی سرد و … استفاده می شود. جنس تمامی ابزارها استیل بوده که در تماس با آب زنگ نمی زند همچنین در طعم مواد تغییری ایجاد نمیک"
Garneek Coffee Workshop,ست بار سرد 9 تکه کد 608,,,,,,2350000,,,False,تجهیزات بار سرد,https://garneekcoffee.com/product/%d8%b3%d8%aa-%d8%a8%d8%a7%d8%b1-%d8%b3%d8%b1%d8%af-8%d8%aa%da%a9%d9%87-%d8%af%d9%88%d8%af%db%8c-%d8%b1%d9%86%da%af/,"ست بار سرد 9 تکه 
 بارسرد شامل تجهیزاتی می شود که بارتندر به کمک آن نوشیدنی های سرد کافه را آماده می کند. این لوازم شامل شیکر، جیجر یا جیگر، باراسپون، مودلر یا مادلر، استرینر و یا صافی شیکر، سرسیروپ و … می باشد. از این لوازم برای آماده سازی انواع کوکتل، شیک، موکتل، نوشیدنی سرد و … استفاده می شود. جنس تمامی ابزارها استیل بوده که در تماس با آب زنگ نمی زند همچنین در طعم مواد تغییری ایجاد نمیکند. تمام"
Garneek Coffee Workshop,ست بار سرد 11 تکه طلایی کد 603,,,,,,2100000,,,False,تجهیزات بار سرد,https://garneekcoffee.com/product/%d8%b3%d8%aa-%d8%a8%d8%a7%d8%b1-%d8%b3%d8%b1%d8%af-9-%d8%aa%da%a9%d9%87-%da%a9%d8%af-108/,"ست بار سرد 11 تکه طلایی کد 603 
 بارسرد شامل تجهیزاتی می شود که بارتندر به کمک آن نوشیدنی های سرد کافه را آماده می کند. این لوازم شامل شیکر، جیجر یا جیگر، باراسپون، مودلر یا مادلر، استرینر و یا صافی شیکر، سرسیروپ و … می باشد. از این لوازم برای آماده سازی انواع کوکتل، شیک، موکتل، نوشیدنی سرد و … استفاده می شود. جنس تمامی ابزارها استیل بوده که در تماس با آب زنگ نمی زند همچنین در طعم مواد تغییری ایجا"
Garneek Coffee Workshop,پیچر طرح موتا مشکی 350 میلی لیتر MOTTA,,,,,,494000,,,False,پیچر,https://garneekcoffee.com/product/%d9%be%db%8c%da%86%d8%b1-%d8%b7%d8%b1%d8%ad-%d9%85%d9%88%d8%aa%d8%a7-%d9%85%d8%b4%da%a9%db%8c-350-%d9%85%db%8c%d9%84%db%8c-%d9%84%db%8c%d8%aa%d8%b1-motta/,
Garneek Coffee Workshop,کتل  استیل دسته چوبی کد 304,,,,,,940000,,,False,کتل,https://garneekcoffee.com/product/%da%a9%d8%aa%d9%84-%d9%85%d8%b4%da%a9%db%8c-%d8%af%d8%b3%d8%aa%d9%87-%da%86%d9%88%d8%a8%db%8c/,"کتل استیل دسته چوبی 
 در موج سوم قهوه موجی موسوم به قهوه های دمی لوازم زیادی کاربرد دارند که یکی از آن ها کتل مشکی دسته چوبی است. 
 کتل ها همان کتری ها هستند که به دلیل شکل نازل، دقت در ریزشِ آب را بالاتر می برند. 
 شکل های مختلف کتل باعث می شوند تا بتوانید سرعت و شدتِ آبِ خروجی را کنترل کنید. 
 بالا رفتن دقت در دم آوری باعث می شود تا قهوه ی خروجی، طعمی بالانس تر و جذاب تر داشته باشد. 
 کتل ها در "
Garneek Coffee Workshop,کتل قهوه هفت رنگ,,,,,,850000,,,True,کتل,https://garneekcoffee.com/product/%da%a9%d8%aa%d9%84-%d9%82%d9%87%d9%88%d9%87-%d9%87%d9%81%d8%aa-%d8%b1%d9%86%da%af/,"کتل قهوه هفت رنگ 
 در موج سوم قهوه موجی موسوم به قهوه های دمی لوازم زیادی کاربرد دارند که یکی از آن ها کتل هفت رنگ است. 
 کتل ها همان کتری ها هستند که به دلیل شکل نازل، دقت در ریزشِ آب را بالاتر می برند. 
 شکل های مختلف کتل باعث می شوند تا بتوانید سرعت و شدتِ آبِ خروجی را کنترل کنید. 
 بالا رفتن دقت در دم آوری باعث می شود تا قهوه ی خروجی، طعمی بالانس تر و جذاب تر داشته باشد. 
 کتل ها در شکل های مخ"
Garneek Coffee Workshop,قهوه ساز موکا کرم 3 کاپ,,,,,,665000,,,True,موکاپات,https://garneekcoffee.com/product/%d9%82%d9%87%d9%88%d9%87-%d8%b3%d8%a7%d8%b2-%d9%85%d9%88%da%a9%d8%a7-%da%a9%d8%b1%d9%85-3-%da%a9%d8%a7%d9%be/,"اسپرسو ساز موکا کرم چیست؟ 
 اگر بخواهیم به طور ساده موکا کرم Moka Crem رو تعریف کنیم و آن را بشناسیم باید گفت این قهوه ساز در واقع ترکیبی از موکاپات و فرنچ پرس می باشد. 
 به همین خاطر ما یک توضیح مختصر از قهوه ساز های  موکاپات  و  فرنچ پرس  برای شما خواهیم داد تا بیشتر با طرز کار موکا کرم آشنا شوید. 
 روش کار با قهوه ساز موکا کرم 
 موکا کرم دقیقاً مانند موکاپات از سه بخش تشکیل شده، اون هم؛ بخش اول"
Garneek Coffee Workshop,کتل ترمومتردار یک لیتری کد 298,,,,,,980000,,,False,کتل,https://garneekcoffee.com/product/%da%a9%d8%aa%d9%84-%d9%85%d8%b4%da%a9%db%8c-%d8%aa%d8%b1%d9%85%d9%88%d9%85%d8%aa%d8%b1%d8%af%d8%a7%d8%b1-%db%8c%da%a9-%d9%84%db%8c%d8%aa%d8%b1%db%8c/,"کتل ترمومتردار یک لیتری 
 یک پیشنهاد حیرت انگیز برای سورپرایز دوستانتان است. شما می توانید این هدیه بی نظیر را برای علاقه مندان نوشیدنی های گرم و  قهوه‌خورهای حرفه‌ای و محبوبتان تهیه کنید و آنها را شگفت زده کنید. 
 در کنار انواع کتل هایی که برای تهیه قهوه های دم کردنی یا قهوه های فیلتری به کار می رود این نوع کتل می تواند کیفیت و طعم استثنایی قهوه را آشکار کند. 
 با این همه نمونه های بی‌کیفیت نیز د"
Garneek Coffee Workshop,زنگ رومیزی کافه بزرگ,,,,,,230000,,,False,سایر تجهیزات,https://garneekcoffee.com/product/%d8%b2%d9%86%da%af-%d8%b1%d9%88%d9%85%db%8c%d8%b2%db%8c-%da%a9%d8%a7%d9%81%d9%87/,"زنگ رومیزی کافه 
 
 
 نوع کلید :کلید شستی 
 
 
 تعداد کلید :یک عدد 
 
 مقاومت در برابر آب : 
 نوع ارتباط با کلید :بی سیم 
 
 تعداد زنگ :یک عدد 
 
 
 محل نصب :روکار 
 
 
 منبع تغذیه کلید :باتری 
 
 
 جنس کلید :فلز 
 
 
 منبع تغذیه زنگ :باتری 
 
 
 جنس زنگ :فلز 
 
 زنگ اخبار کافی شاپ رومیزی مخصوص و مناسب کافی شاپ ها و هتل ها و رستوران ها می باشد . این محصول از جنس استیل می باشد و مناسب برای قرار گرف"
Garneek Coffee Workshop,پیچر مدرج استیل ۱۰۰۰ میلی لیتر,,,,,,600000,,,False,پیچر,https://garneekcoffee.com/product/%d9%be%db%8c%da%86%d8%b1-%d9%85%d8%af%d8%b1%d8%ac-%d8%a7%d8%b3%d8%aa%db%8c%d9%84-%db%b1%db%b0%db%b0%db%b0-%d9%85%db%8c%d9%84%db%8c-%d9%84%db%8c%d8%aa%d8%b1/,"پیچر مدرج استیل ۱۰۰۰ میلی لیتر 
 پیچر وسیله ای شبیه پارچ است که از آن برای طراحی روی قهوه استفاده می‌شود. [کلمه پیچر در فرانسه قدیم به معنی نوشیدن بوده است.] 
 پیچرهایی که در صنعت قهوه به کار می‌روند همگی با تغییرات اندک در طراحی ظاهری، بیشتر برای تهیه کف شیر و بخارزدن شیر مورد استفاده قرار می‌گیرند. 
 پیچر شما باید وزن، توازن و کنترل حرارت مناسب را داشته باشد. [همچنین باید دقت کنید که موقع طرح زد"
Garneek Coffee Workshop,قهوه ساز کمکس 3 کاپ مدرج,,,,,,690000,,,False,کمکس,https://garneekcoffee.com/product/%d9%82%d9%87%d9%88%d9%87-%d8%b3%d8%a7%d8%b2-%da%a9%d9%85%da%a9%d8%b3-3-%da%a9%d8%a7%d9%be-%d9%85%d8%af%d8%b1%d8%ac/,"قهوه ساز کمکس 3 کاپ مدرج 
  کمکس  (Chemex) نام تجاری قهوه‌‌سازی‌ دستی‌ است که در سال ۱۹۴۱ در ماساچوست آمریکا ابداع شد و از آن روز درست با همان طراحی اولیه تولید و به بازار عرضه می‌شود. شکل ظاهری کمکس شبیه ساعت شنی‌ست و گردنی و تسمه‌ی چرمی دور آن از ویژگی‌های منحصر به‌فرد این قهوه‌ساز شیشه‌ای به‌حساب می‌آید. تهیه‌ی قهوه با کمکس جزو روش‌های فیلتری-چکه‌ای طبقه‌بندی می‌شود. 
 طرز تهیه قهوه با کمکس 
 ف"
Garneek Coffee Workshop,قهوه ساز کمکس 6 کاپ مدرج ( اورجینال ),,,,,,800000,,,False,کمکس,https://garneekcoffee.com/product/%d9%82%d9%87%d9%88%d9%87-%d8%b3%d8%a7%d8%b2-%da%a9%d9%85%da%a9%d8%b3-6-%da%a9%d8%a7%d9%be-%d9%85%d8%af%d8%b1%d8%ac/,"قهوه ساز کمکس 6 کاپ مدرج 
    قهوه ساز کمکس  6 کاپ   ابزاری مدرن و یکی از محبوب‌ترین  ابزارهای دم‌آوری  است که با استفاده از  فیلترهای کاغذی  منحصربه‌فرد قهوه‌ای با طعم دلپذیر، اسیدیته‌ی بالا و بادی سبک را  در کمتر از 4 دقیقه  برای شما آماده می‌کند. 
 از آنجایی که قهوه‌ی بدست‌آمده از کمکس  بسیار خالص و شفاف  است، از این ابزار می‌توان در تهیه‌ی  قهوه‌ی سرد  نیز استفاده کرد. 
  کمکس 6 کاپ  با ظرفیت "
Garneek Coffee Workshop,قهوه ساز کمکس 6 کاپ,,,,,,650000,,,False,کمکس,https://garneekcoffee.com/product/%d9%82%d9%87%d9%88%d9%87-%d8%b3%d8%a7%d8%b2-%da%a9%d9%85%da%a9%d8%b3-6-%da%a9%d8%a7%d9%be/,"قهوه ساز کمکس 6 کاپ 
    قهوه ساز کمکس  6 کاپ   ابزاری مدرن و یکی از محبوب‌ترین  ابزارهای دم‌آوری  است که با استفاده از  فیلترهای کاغذی  منحصربه‌فرد قهوه‌ای با طعم دلپذیر، اسیدیته‌ی بالا و بادی سبک را  در کمتر از 4 دقیقه  برای شما آماده می‌کند. 
 از آنجایی که قهوه‌ی بدست‌آمده از کمکس  بسیار خالص و شفاف  است، از این ابزار می‌توان در تهیه‌ی  قهوه‌ی سرد  نیز استفاده کرد. 
 &nbsp; 
  کمکس 6 کاپ  با ظر"
Garneek Coffee Workshop,شات قهوه خوری الیسیا ELYSIA تُرک,,,,,,420000,,,False,ماگ - فنجان,https://garneekcoffee.com/product/%d8%b4%d8%a7%d8%aa-%d9%82%d9%87%d9%88%d9%87-%d8%ae%d9%88%d8%b1%db%8c-%d8%a7%d9%84%db%8c%d8%b3%db%8c%d8%a7-elysia-%d8%aa%d9%8f%d8%b1%da%a9/,"شات قهوه خوری الیسیا ELYSIA تُرک 
 فنجان شات قهوه خوری الیسیا ترک 6عددی در اندازه شات دبل ظرفیت دارد. فنجان شات یکی از جذابیت های نوشیدن اسپرسو فنجان آن یا به اصطلاح شات قهوه میباشد. این فنجان ها از زمانهای قدیم فنجان قهوه جای خود را در قفسه های هر آشپزخانه ای داشته اند. واینروزها به لطف نوشیدن زیاد این نوشیدنی دلپذیر مصرف این فنجان ها چند برابر شده است. 
 خرید شات قهوه خوری الیسیا ELYSIA تُرک 
  "
Garneek Coffee Workshop,پیچر استیل مدرج 550ml کد 144,,,,,,410000,,,True,پیچر,https://garneekcoffee.com/product/%d9%be%db%8c%da%86%d8%b1-%d8%a7%d8%b3%d8%aa%db%8c%d9%84-%d9%85%d8%af%d8%b1%d8%ac-550-%d9%85%db%8c%d9%84%db%8c-%d9%84%db%8c%d8%aa%d8%b1%db%8c/,"پیچر استیل مدرج 550ml کد 144  
  پیچر  (pitcher) ابزاری کاربردی برای فوم گیری شیر است. این وسیله دارای یک دهانه بزرگ و یک دسته است که علاوه بر کافه‌ها در منازل نیز برای عاشقان انواع نوشیدنی‌های مختلف اعم از لاته بسیار پرکاربرد است. 
استفاده از پیچر یکی از مرسوم‌ترین و استانداردترین روش‌ها برای تهیه فوم شیر است. پیچر این امکان را به شما می‌دهد که شما فوم گیری شیر را به‌صورت یک‌نواخت و با دقت داخل  "
Garneek Coffee Workshop,شیر ریز کوچک,,,,,,130000,,,False,سایر تجهیزات,https://garneekcoffee.com/product/%d8%b4%db%8c%d8%b1-%d8%b1%db%8c%d8%b2-%da%a9%d9%88%da%86%da%a9/,"شیر ریز کوچک 
 ابعاد 
 
 ۶.۵x۵.۵x۷.۵ سانتی‌متر 
 
 
 
 وزن۱۶۰ گرم 
 
 
 جنس بدنه :چینی 
 
 
 
 ابعاد : ۶.۵x۵.۵x۷.۵ سانتی‌متر 
 
 
 وزن : ۱۶۰ گرم 
  تاثیر افزودن شیر به قهوه  
 در دنیای قهوه با استفاده از شیر برای تهیه انواع نوشیدنی ها استفاده می شود. باریستاها و مردم بسیاری برای طعم متفاوت و کم کردن تلخی قهوه به آن خود شیر و کف و فوم آن اضافه می کنند. همانطور که می دانید تهیه کف شیر چندان هم ساده "
Garneek Coffee Workshop,فنجان نعلبکی لته رنگی,,,,,,135000,,,False,ماگ - فنجان,https://garneekcoffee.com/product/%d9%81%d9%86%d8%ac%d8%a7%d9%86-%d9%86%d8%b9%d9%84%d8%a8%da%a9%db%8c-%d9%84%d8%aa%d9%87-%d8%b1%d9%86%da%af%db%8c/,"فنجان نعلبکی لته رنگی 
 قهوه لاته معروف در ایران در واقع یک نوشیدنی اسپرسو ایتالیایی است که از مخلوط اسپرسو و شیر جوش آمده، تهیه می‌شود. شیر باعث رقیق شدن قهوه شده و طعم لاته را ملایم می‌کند. از دیگر ویژگی‌های لاته می شود به طرح‌های زیبای روی فنجان اشاره کرد. صاحبان کافه این طرح‌ها را بوسیله شیر جوش داخل فنجان پر از قهوه درست می کنند. انواع فنجان های متنوع و مناسب سرو قهوه را با برند وان کافی در ا"
Garneek Coffee Workshop,شیکر استیل 550 میلی لیتر,,,,,,360000,,,True,تجهیزات بار سرد,https://garneekcoffee.com/product/%d8%b4%db%8c%da%a9%d8%b1-%d8%a7%d8%b3%d8%aa%db%8c%d9%84-550-%d9%85%db%8c%d9%84%db%8c-%d9%84%db%8c%d8%aa%d8%b1/,"شیکر استیل 550 میلی لیتر 
 امروزه  شیکرها  از ابزار و تجهیزات تخصصی و کاربردی بار سرد کافی شاپ ها در تهیه انواع نوشیدنی های سرد و تازه ترکیبی محسوب می شوند. اگر شما نیز عاشق نوشیدنی های تازه، ترکیبی، طبیعی، خنک و دلچسب هستید، یک شیکر مناسب می تواند بهترین گزینه برای انجام این کار چه در منزل و چه در کافی شاپ ها باشد. شیکرها در واقع برای ترکیب و سرد کردن یا همان آیس کردن مواد اولیه و موردنیاز برای ت"
Garneek Coffee Workshop,شیکر تمام استیل 750 میلی لیتری,,,,,,450000,,,False,تجهیزات بار سرد,https://garneekcoffee.com/product/%d8%b4%db%8c%da%a9%d8%b1-%d8%aa%d9%85%d8%a7%d9%85-%d8%a7%d8%b3%d8%aa%db%8c%d9%84-750-%d9%85%db%8c%d9%84%db%8c-%d9%84%db%8c%d8%aa%d8%b1%db%8c/,"شیکر تمام استیل 750 میلی لیتری 
 
 
 امروزه شیکرها از ابزار و تجهیزات تخصصی و کاربردی بار سرد کافی شاپ ها در تهیه انواع نوشیدنی های سرد و تازه ترکیبی محسوب می شوند. اگر شما نیز عاشق نوشیدنی های تازه، ترکیبی، طبیعی، خنک و دلچسب هستید، یک شیکر مناسب می تواند بهترین گزینه برای انجام این کار چه در منزل و چه در کافی شاپ ها باشد. شیکرها در واقع برای ترکیب و سرد کردن یا همان آیس کردن مواد اولیه و موردنیا"
Garneek Coffee Workshop,شیکر بوستون ونیتا (Venita) 750ml,,,,,,750000,,,True,تجهیزات بار سرد,https://garneekcoffee.com/product/%d8%b4%db%8c%da%a9%d8%b1-%d8%a8%d9%88%d8%b3%d8%aa%d9%88%d9%86-%d9%88%d9%86%db%8c%d8%aa%d8%a7-venita-750ml/,"شیکر بوستون ونیتا (Venita) 750ml 
  شیکر  استیل بوستون یک تکه از استیل با دوام و به صورت یک تکه و بدون جوش ساخته شده است. این شیکر به طور کلی 2 تکه دارد. به تکۀ کوچکتر شیکر بوستون، میکسینگ گلس یا اسمال تین (Mixing Glass -Or- Small Tin) می گویند. همچنین به قسمت بزگتر آن لارج متال تین (Large Metal Tin) گفته می شود. (Metal) به معنای فلزی است، زیرا همیشه قسمت بزرگتر از جنس فلز است. قسمت کوچکتر نیز می "
Garneek Coffee Workshop,تمپر مت گتر کد 76,,,,,,180000,,,True,مت تمپر,https://garneekcoffee.com/product/%d8%aa%d9%85%d9%be%d8%b1-%d9%85%d8%aa-%da%af%d8%aa%d8%b1-%d9%85%d8%af%d9%84-f21/,"تمپر مت گتر کد 76 
  مت تمپر  یکی از لوازم جانبی و اقلام مورد نیاز جهت استفاده از  دستگاه های اسپرسوساز  حرفه و نیمه حرفه ای است. بدین وسیله که پس از ریختن پودر قهوه در پرتافیلتر و قرار دادن آن روی &#8220;مت تمپر&#8221; آن را به وسیله تمپر صاف کرده و جهت عصاره گیری به دستگاه متصل می کنیم. &#8220;گتر&#8221; یکی از بهترین سازنده لوازم های جانبی اسپرسوساز است که از بهترین مواد اولیه لوازم خود را تهیه"
Garneek Coffee Workshop,تمپر مت گتر کد 74,,,,,,185000,,,False,مت تمپر,https://garneekcoffee.com/product/%d8%aa%d9%85%d9%be%d8%b1-%d9%85%d8%aa-%da%af%d8%aa%d8%b1-%d9%85%d8%af%d9%84-yf-24/,"تمپر مت گتر کد 74 
  
  مت تمپر  یکی از لوازم جانبی و اقلام مورد نیاز جهت استفاده از  دستگاه های اسپرسوساز  حرفه و نیمه حرفه ای است. بدین وسیله که پس از ریختن پودر قهوه در پرتافیلتر و قرار دادن آن روی &#8220;مت تمپر&#8221; آن را به وسیله تمپر صاف کرده و جهت عصاره گیری به دستگاه متصل می کنیم. &#8220;گتر&#8221; یکی از بهترین سازنده لوازم های جانبی اسپرسوساز است که از بهترین مواد اولیه لوازم خود را ت"
Garneek Coffee Workshop,مت بار سرد کد 232,,,,,,220000,,,True,تجهیزات بار سرد; مت تمپر,https://garneekcoffee.com/product/%d9%85%d8%aa-%d8%a8%d8%a7%d8%b1-%d8%b3%d8%b1%d8%af-%da%af%d8%aa%d8%b1-gater/,"مت بار سرد کد 232 
 &#8220;بارمت&#8221; بار سرد پد سیلیکونی بار سرد می باشد که برای استفاده در  بار سرد ، چیدمان وسایل بارتندری، جلوگیری از شکستن و سر خوردن لیوان و در نهایت تمیزی بار استفاده می شود. این مت در سایزهای مختلف برای چیدمان تجهیزات نوشیدنی سرد استفاده میشود. جنس این محصول از سیلیکون بسیار با کیفیت می باشد. 
    
 
 برند : گتر 
 وزن 860 گرم 
 
 ابعاد ۱×۳۰×۴۵ جنس از سیلیکون بسیار مرغوب"
Garneek Coffee Workshop,استند پرتافیلتر سرامیکی گتر Gater سایز 58,,,,,,360000,,,False,استندپرتافیلتر,https://garneekcoffee.com/product/%d8%a7%d8%b3%d8%aa%d9%86%d8%af-%d9%be%d8%b1%d8%aa%d8%a7%d9%81%db%8c%d9%84%d8%aa%d8%b1-%d8%b3%d8%b1%d8%a7%d9%85%db%8c%da%a9%db%8c-%da%af%d8%aa%d8%b1-gater-%d8%b3%d8%a7%db%8c%d8%b2-58/,"استند پرتافیلتر سرامیکی گتر Gater سایز 58 
  استند پرتافیلتر  باعث میشود تا بتوانیم به وسیله ی تمپر فشردگی دقیق تری را در بافت پودر قهوه ی داخل بسکت ایجاد نماییم، تا در نهایت از قهوه عصاره‌ بهتری بگیریم. 
 استند پرتافیلتر گتر سایز 58 یکی از با کیفیت ترین محصولات بازار می باشد، که از جنس سرامیک ساخته شده است و بهترین ابزار برای باریستا و بهترین نگه دارنده نیز می باشد. دارای قیمت مناسب و به صرفه ای "
Garneek Coffee Workshop,استند پرتافیلتر سرامیکی گتر Gater سایز 51,,,,,,310000,,,False,استندپرتافیلتر,https://garneekcoffee.com/product/%d8%a7%d8%b3%d8%aa%d9%86%d8%af-%d9%be%d8%b1%d8%aa%d8%a7%d9%81%db%8c%d9%84%d8%aa%d8%b1-%d8%b3%d8%b1%d8%a7%d9%85%db%8c%da%a9%db%8c-%da%af%d8%aa%d8%b1-gater-%d8%b3%d8%a7%db%8c%d8%b2-51/,"استند پرتافیلتر سرامیکی گتر Gater سایز 51 
  استند پرتافیلتر  باعث میشود تا بتوانیم به وسیله ی تمپر فشردگی دقیق تری را در بافت پودر قهوه ی داخل بسکت ایجاد نماییم، تا در نهایت از قهوه عصاره‌ بهتری بگیریم. 
 استند پرتافیلتر گتر سایز 51 یکی از با کیفیت ترین محصولات بازار می باشد، که از جنس سرامیک ساخته شده است و بهترین ابزار برای نمای آشپزخانه و بهترین نگه دارنده نیز می باشد. دارای قیمت مناسب و به صر"
Garneek Coffee Workshop,ناک باکس قهوه گتر Gater کد 132,,,,,,270000,,,True,ناک باکس,https://garneekcoffee.com/product/%d9%86%d8%a7%da%a9-%d8%a8%d8%a7%da%a9%d8%b3-%d9%82%d9%87%d9%88%d9%87-%da%af%d8%aa%d8%b1-gater/,"ناک باکس قهوه گتر Gater کد 132 
  ناک باکس  گتر مدل وان جهت جمع آوری پسماند اسپرسو است که به دلیل سهولت کار باریستا ها در کافی شاپ و نظافت بیشتر در منزل مورد استفاده قرار میگیرد،به طور کلی ناک باکس جهت استفاده های گوناگون در منزل به بانوان و قهوه خور ها پیشنهاد می گردد. 
 کیفیت عالی مناسب برای جمع آوری تفاله قهوه بدنه از جنس پلاستیک مستحکم مناسب برای کافیشاپها، فروشگاه های قهوه، هتل ها و کلیه دارن"
Garneek Coffee Workshop,لولر قهوه برند گتر سایز 51,,,,,,350000,,,False,لولر,https://garneekcoffee.com/product/%d9%84%d9%88%d9%84%d8%b1-%d9%82%d9%87%d9%88%d9%87-%d8%a8%d8%b1%d9%86%d8%af-%da%af%d8%aa%d8%b1-%d8%b3%d8%a7%db%8c%d8%b2-51/,"لولر قهوه برند گتر سایز 51 
 هنگام استفاده از دستگاه  اسپرسو ساز  برای عبور آب از عصاره قهوه، قبل از بستن پورتا فیلتر به دستگاه، باید قهوه آسیاب شده فشرده شود که این کار توسط یکی از لوازم باریستا به نام تمپر قهوه انجام می‌گردد. لولر قهوه گتر (GATER) قطر 51 قابل تنظیم جهت میزان فشردگی قهوه طراحی و ساخته شده است. وزن آن سبک بوده و به‌ راحتی می‌توان با انتخاب زاویه درست و فشار مناسب که به مهارت باریس"
Garneek Coffee Workshop,لولر قهوه برندگتر سایز 51 ( طراحی ویژه) کد 5,,,,,,340000,,,False,لولر,https://garneekcoffee.com/product/%d9%84%d9%88%d9%84%d8%b1-%d9%82%d9%87%d9%88%d9%87-%d8%a8%d8%b1%d9%86%d8%af%da%af%d8%aa%d8%b1-%d8%b3%d8%a7%db%8c%d8%b2-51-%d8%b7%d8%b1%d8%a7%d8%ad%db%8c-%d9%88%db%8c%da%98%d9%87/,"لولر قهوه برندگتر سایز 51 ( طراحی ویژه) 
  لولر  وسیله‌ای است که دارای دو، سه یا چند پره است و به صورت گردان با چرخش پره ها باعث یکنواختی بافت پودر اسپرسو درون بسکت پرتافیلتر میگردد. 
 به این سبب باعث یکنواختی عصاره گیری و افزایش عمر مفید دستگاه خواهد شد. 
 لولر در اشکال و رنگهای متنوع عرضه میشود. 
 این لولر سه تکه بوده و فلزی است، کیفیت آن نیز مناسب میباشد. 
 دقت کنید سایز آن با پرتا فیلتر دستگاه"
Garneek Coffee Workshop,تمپر  جوفریکس سایز 51 کد 313,,,,,,650000,,,True,تمپر,https://garneekcoffee.com/product/%d8%aa%d9%85%d9%be%d8%b1-%d8%aa%da%a9%d9%86%db%8c%da%a9%d8%a7%d9%84-%d8%ac%d9%88%d9%81%d8%b1%db%8c%da%a9%d8%b3-%d8%b3%d8%a7%db%8c%d8%b2-51/,"تمپر تکنیکال قهوه برند جوفریکس سایز 51 
  تمپر تکنیکال جوفریکس سایز ۵1 وسیله ای برای متراکم سازی قهوه داخل پرتافیلتر است.   
  اگر می‌خواهید اسپرسویی عالی داشته باشید، باید یک تمپر خوب هم تهیه کنید . 
  کاربردِ تمپر این است که این ابزار دانه‌های اسپرسو را فشرده کرده و باعث می شود آب به سختی از بین ذرات قهوه عبور کند تا در نهایت عصاره قهوه (اسپرسو) آماده شود.  
  قبل از این‌که پرتافیلتر بر روی قهوه"
Garneek Coffee Workshop,فورس تمپر قهوه گتر 51 کد 43,,,Dark,,,540000,,,False,تمپر,https://garneekcoffee.com/product/%d9%81%d9%88%d8%b1%d8%b3-%d8%aa%d9%85%d9%be%d8%b1-%da%af%d8%aa%d8%b1-51/,"فورس تمپر قهوه گتر 51 
 
 
 
  تمپر  گتر مدل فورس تکنیکال می باشد که می تواند تنها با یک فشار نیرویی معادل 8 الی 21 کیلو به پورتافیلتر وارد کند. مدل جدید فورس  تمپر گتر  در سه سایز51، 53 و 58 با کف شیار دار همراه با دسته فلزی با وزن مناسب عمل تمپرینگ اسپرسو را برای شما سهل می کند. این تمپر به گونه ای طراحی شده که در زمان تمپ کردن کاملا در دستان شما نشسته و عمل تمپ به راحتی هر چه تمام تر انجام می گ"
Garneek Coffee Workshop,تمپر قهوه گتر سایز 51 ( آرگونومیک ) کد 51,,,,,,360000,,,False,تمپر,https://garneekcoffee.com/product/%d8%aa%d9%85%d9%be%d8%b1-%d8%b1%d9%86%da%af%db%8c-gater-%d8%b3%d8%a7%db%8c%d8%b2-51/,"تمپر قهوه گتر سایز 51 ( آرگونومیک ) 
 علت استفاده از تمپر، تبدیل پودر قهوه به یک قرص فشرده‌ است که سطح آن با لبه‌ی فیلتر قهوه ساز کمی فاصله دارد. هنگامیکه شما فیلتر حاوی پودر قهوه را در پورتا‌ فیلتر قرار دادید و زیر سر اصلی دستگاه اسپرسو بستید، آب با فشار روی فیلتر حاوی پودر قهوه پاشیده می‌شود. پودر قهوه بعد از تماس با آب حجم بیشتری پیدا خواهد کرد و اگر فاصله ی پودر قهوه تا لبه ی فیلتر وجود نداشته"
Garneek Coffee Workshop,دانه قهوه (عربیکا) مکزیک,Mexico,,Medium,Whole bean,250.0,160000,64000.0,,False,,https://garneekcoffee.com/product/%d8%af%d8%a7%d9%86%d9%87-%d9%82%d9%87%d9%88%d9%87-%d8%b9%d8%b1%d8%a8%db%8c%da%a9%d8%a7-%d9%85%da%a9%d8%b2%db%8c%da%a9/,"دانه قهوه عربیکا مکزیک  
  در مکزیک انواع قهوه های مختلف با کیفیت بالا تولید می شوند. پردازش قهوه در این کشور معمولا به صورت مرطوب است. (در فرایند مرطوب، دانه ها شسته می شوند.)  
  بعضی از بهترین‌ قهوه‌های مکزیک در Oaxaca، Coatepec و Chiapas تولید می شوند. در این کشور دانه های خوب قهوه در مزارع ارگانیک کوچک کشت می شوند. صنعت بزرگ و رو به رشد تولید قهوه با کیفیت در مکزیک، دانه هایی بیش از صرفا یک ک"
Garneek Coffee Workshop,دانه قهوه (عربیکا) کنیا AA,Kenya,,Medium,Whole bean,250.0,575000,230000.0,,False,,https://garneekcoffee.com/product/%d8%af%d8%a7%d9%86%d9%87-%d9%82%d9%87%d9%88%d9%87-%d8%b9%d8%b1%d8%a8%db%8c%da%a9%d8%a7-%da%a9%d9%86%db%8c%d8%a7-aa/,"دانه قهوه عربیکا کنیا AA  
  کنیا کشوری واقع در شرق آفریقا است. در سال 2012 تخمین زده شد که حدود 150000 کشاورز قهوه در کنیا وجود دارد و دیگر تخمین ها بیانگر این است که شش میلیون کنیایی به طور مستقیم یا غیر مستقیم در صنعت قهوه مشغول به کار شدند.   
  مزارع قهوه در کنیا به دلیل رشد در ارتفاعات بالا، خاک های اسیدی، مقدار مناسب نور خورشید و باران مناسب شرایط خوبی را برای رشد قهوه در کنیا فراهم آورده، "
Garneek Coffee Workshop,آسیاب قهوه دلونگی مدل DELONGHI KG79,,,,Ground,,4700000,,,False,آسیاب برقی,https://garneekcoffee.com/product/%d8%a2%d8%b3%db%8c%d8%a7%d8%a8-%d9%82%d9%87%d9%88%d9%87-%d8%af%d9%84%d9%88%d9%86%da%af%db%8c-%d9%85%d8%af%d9%84-delonghi-kg79/,"آسیاب قهوه دلونگی مدل DELONGHI KG79 
 مجهز به پایه های ضدلغزش 
• امکان آسیاب دانه‌ های چرب 
• دارای قابلیت جدا شدن ظرف 
• مجهز به سیستم قفل ایمنی 
• امکان آسیاب در درجه‌ های مختلف 
• دارای قابليت شستشوي اجزا در ماشين ظرفشويي 
 دارای ظرف پودر قهوه متحرک 
مناسب برای 12 فنجان در هر بار استفاده 
– دارای دکمه خاموش و روشن 
– تیغه ی رویی برای نظافت آسانتر قابل جدا شدن است 
– آسیاب از درجات نرم تا درشت ."
Garneek Coffee Workshop,آسیاب قهوه روپل مدل RPL- GM5060,,,,Ground,,4550000,,,False,آسیاب برقی,https://garneekcoffee.com/product/%d8%a2%d8%b3%db%8c%d8%a7%d8%a8-%d9%82%d9%87%d9%88%d9%87-%d8%b1%d9%88%d9%be%d9%84-%d9%85%d8%af%d9%84-rpl-gm5060/,"آسیاب قهوه روپل مدل RPL- GM5060 
  31 حالت تنظیم درجه آسیاب از قهوه ترک تا فرانسه درشت  
  دارای 2 عدد نگهدارنده ی مخصوص پرتافیلتر با سایزهای 51 و 58 میلی متر  
  سرعت چرخش تیغه ها 600 دور در دقیقه بدون ایجاد گرمای زیاد  
  صدای بسیار کم درحین استفاده (کمتر از 72 دسی بل)  
  صفحه ال ای دی تمام لمسی  
 آسیاب قهوه روپل مدل RPL-GM5060 یکی دیگر از محصولات با کیفیت و تخصصی روپل در زمینه قهوه و تجهیزات "
Garneek Coffee Workshop,آسیاب قهوه دستی استیل مثلثی کد 104,,,,Ground,,550000,,,False,آسیاب دستی,https://garneekcoffee.com/product/%d8%a2%d8%b3%db%8c%d8%a7%d8%a8-%d9%82%d9%87%d9%88%d9%87-%d8%af%d8%b3%d8%aa%db%8c-%d8%a7%d8%b3%d8%aa%db%8c%d9%84-%d9%85%d8%ab%d9%84%d8%ab%db%8c-%d8%a7-coffee-grinder-gater/,"آسیاب قهوه دستی استیل مثلثی 
 بسیاری از افراد که علاقمند به  خرید آسیاب قهوه  هستند، به دنبال این هستند تا همیشه قهوه تازه و خوش عطر داشته باشند، آسیاب قهوه دستی یک محصول مناسب برای افرادی است که به دنبال استفاده از آن در منازل خود هستند. 
 استفاده از  آسیاب قهوه دستی  مدل مثلثی باعث حفظ تازگی و عطر قهوه خواهد شد. طعم قهوه ی دم شده با پودر قهوه تازه آسیاب شده بسیار متفاوت است. بدنه ی آسیاب قهوه دس"
Garneek Coffee Workshop,اسپرسوساز نوا مدل 139 ا NOVA,,,,,,6950000,,,True,دستگاه اسپرسوساز خانگی; دستگاه اسپرسوساز نوآ,https://garneekcoffee.com/product/%d8%a7%d8%b3%d9%be%d8%b1%d8%b3%d9%88%d8%b3%d8%a7%d8%b2-%d9%86%d9%88%d8%a7-%d9%85%d8%af%d9%84-%db%b1%db%b2%db%b7-nova-%d8%a7-nova-127/,"اسپرسوساز نوا مدل 139 ا NOVA  
 
 اسپرسوساز نوا NOVA 139 با دارا بودن 1000 وات قدرت جز و اسپرسوساز های پرقدرتی قرار می گیرد، که توانایی روزانه تا 20 فنجان را دار می باشد. از این رو هم در کافه و هم در آشپزخانه های خانگی کاربرد دارد. بهره گیری از جنس غالب استیل ضد زنگ در بدنه و پلاستیک با کیفیت در بعضی نقاط باعث شده بدنه و لوازم این اسپرسوساز از مقاومت زیادی برخوردار باشد. وزن این اسپرسوساز 4.5 کیلو"
Garneek Coffee Workshop,اسپرسو ساز نوا مدل NCM-153,,,,,,4800000,,,True,دستگاه اسپرسوساز خانگی; دستگاه اسپرسوساز نوآ,https://garneekcoffee.com/product/%d8%a7%d8%b3%d9%be%d8%b1%d8%b3%d9%88-%d8%b3%d8%a7%d8%b2-%d9%86%d9%88%d8%a7-%d9%85%d8%af%d9%84-ncm-153exps/,"اسپرسو ساز نوا مدل NCM-153 
 اسپرسو ساز نوا مدل NCM 153EXPS، با برخورداری از بهترین کیفیت و توان 850 وات، امکان تهیه تازه ترین و خوشمزه ترین قهوه را در عرض چند دقیقه فراهم می کند. 
 اسپرسو ساز نوا مدل NCM 153EXPS به لطف مخزن 1.6 لیتری قادر است، به تمام نیازهای قهوه شما پاسخ دهد. برای لحظات خاص خود از قهوه های مورد علاقه خود لذت ببرید. خواه به اسپرسو، کافه یا دستور العمل شیر نیاز دارید، این محصول س"
Garneek Coffee Workshop,اسپرسوساز مباشی مدل ECM2020,,,,,,7800000,,,True,دستگاه اسپرسوساز خانگی; دستگاه اسپرسوساز مباشی,https://garneekcoffee.com/product/%d8%a7%d8%b3%d9%be%d8%b1%d8%b3%d9%88%d8%b3%d8%a7%d8%b2-%d9%85%d8%a8%d8%a7%d8%b4%db%8c-%d9%85%d8%af%d9%84-ecm2020-%d8%a7-mebashi-ecm2020-espresso-maker/,"اسپرسوساز مباشی مدل ECM2020 
 اگر به دنبال  خرید دستگاه اسپرسوساز  با طراحی خلاقانه، قدرت بالا و طراحی نوستالژیک هستید، توصیه ما به شما خرید اسپرسوساز مباشی ECM2020خواهد بود. استفاده از موتور قدرتمند ایتالیایی در ساخت اسپرسوساز مباشی ECM2020 موجب شده که شما یک اسپرسوساز قدرتمند با امکانات ایده آل داشته باشید. موتور به کار برده در تولید این اسپرسوساز با قدرت فشار خروجی ۲۰ بار و همچنین توان  1350 وا"
Garneek Coffee Workshop,اسپرسوساز مباشی مدل ECM2022,,,,,,8000000,,,True,دستگاه اسپرسوساز خانگی; دستگاه اسپرسوساز مباشی,https://garneekcoffee.com/product/%d8%a7%d8%b3%d9%be%d8%b1%d8%b3%d9%88%d8%b3%d8%a7%d8%b2-%d9%85%d8%a8%d8%a7%d8%b4%db%8c-%d9%85%d8%af%d9%84-ecm2022-%d8%a7-mebashi-ecm2022-espresso-machine/,"اسپرسوساز مباشی مدل ECM2022 
 
 
 نوشیدنی های کافئین دار همواره مورد علاقه بسیاری از افراد بوده است که طرز تهیه آن در کیفیت و طعم آن اهمیت ویژه ای دارد.  اسپرسوساز مباشی مدل ME-ECM2022  می تواند گزینه خوبی برای چشیدن یک نوشیدنی باکیفیت باشد. اسپرسو ساز مباشی مدل ME-EC M2022 اولین اسپرسوساز دیجیتالی برند مباشی است که در مقایسه با دیگر مد ل های این برند، دارای صفحه نمایش جذاب و لمسی است. این دستگاه "
Garneek Coffee Workshop,اسپرسو ساز جمیلای مدل CRM3601,,,,,,13700000,,,True,دستگاه اسپرسوساز نیمه اتوماتیک; دستگاه اسپرسوساز جیمیلای,https://garneekcoffee.com/product/%d8%a7%d8%b3%d9%be%d8%b1%d8%b3%d9%88-%d8%b3%d8%a7%d8%b2-%d8%ac%d9%85%db%8c%d9%84%d8%a7%db%8c-%d9%85%d8%af%d9%84-crm3601-%d8%a7-gemilai-crm3601-espresso-maker/,"اسپرسو ساز جمیلای مدل CRM3601  
 اسپرسو ساز جمیلای مدل CRM3601 یک اسپرسوساز نیمه صنعتی محسوب میشود که مناسب برای مصارف خانگی و فروشگاه های کوچک و بین راهی است. اسپرسوساز جیمیلای مدل 3601 gimilai دارای فشار 15 بار توان مصرفی 1450 وات جزء اسپرسوسازهای نیمه صنعتی ارزان قیمت و باکیفیت است که دارای بدنه استیل و ضد زنگ است. دستگاه نیمه صنعتی جیمیلای دارای سیستم ترمو بلاک است که از سوختن قهوه جلوگیری میک"
Garneek Coffee Workshop,اسپرسو ساز المانی کوخ 1980 KOUCH,,,,,,13500000,,,True,دستگاه اسپرسوساز خانگی; سایر برندها,https://garneekcoffee.com/product/%d8%a7%d8%b3%d9%be%d8%b1%d8%b3%d9%88-%d8%b3%d8%a7%d8%b2-%d8%a7%d9%84%d9%85%d8%a7%d9%86%db%8c-%da%a9%d9%88%d8%ae-1980-kouch-2/,"اسپرسو ساز المانی کوخ 1980 KOUCH 
 اسپرسو نوشیدنی پرطرفداری بین افراد مختلف در بیشتر کشورهای دنیا می‎‌باشد که بسیاری افراد روز خود را با یک فنجان از این نوشیدنی رویایی آغاز می‌کنند که تمرکز و انرژی لازم را برای یک روز سخت کاری داشته باشند. اسپرسو با عبور آب داغ از پودر مخصوص با فشار زیاد تهیه می‌شود از این رو وجود دستگاهی که بتوانید در طول روز نوشیدنی مورد نظر خود را تهیه کنید ضروری است. اسپرسوساز"
Garneek Coffee Workshop,لیوان پیرکس گود مورنینگ سایز بزرگ,,,,,,210000,,,False,ماگ - فنجان,https://garneekcoffee.com/product/%d9%84%db%8c%d9%88%d8%a7%d9%86-%d9%be%db%8c%d8%b1%da%a9%d8%b3-%da%af%d9%88%d8%af-%d9%85%d9%88%d8%b1%d9%86%db%8c%d9%86%da%af-%d8%b3%d8%a7%db%8c%d8%b2-%d8%a8%d8%b2%d8%b1%da%af/,"لیوان پیرکس گود مورنینگ سایز بزرگ  
 لیوان های پیرکس good morning مناسب برای انواع نوشیدنی سرد و گرم شعله مستقيم 
 محصول وارداتی بسیار زیبا کیفیت عالی 
 سایز بزرگ ابعاد : 11×8 سانتی متر 
 کاری شیک و خاص. یک هدیه متفاوت برای دوستان و عزیزانمان. 
 مقاوم در برابر حرارت و شعله مستقیم 
 مناسب برای باریستا های عزیز برای قراردادن بر روی شعله و هیتر    جنس:   پیرکس  
  ارتفاع:   11 سانتی متر  
  قطر:   8 "
Garneek Coffee Workshop,ست بار سرد باریستا کد 382,,,,,,1990000,,,False,تجهیزات بار سرد,https://garneekcoffee.com/product/%d8%b3%d8%aa-%d8%a8%d8%a7%d8%b1-%d8%b3%d8%b1%d8%af-%d8%a8%d8%a7%d8%b1%db%8c%d8%b3%d8%aa%d8%a7/,"ست بار سرد باریستا  
 بارسرد شامل تجهیزاتی می شود که بارتندر به کمک آن نوشیدنی های سرد کافه را آماده می کند. این لوازم شامل شیکر، جیجر یا جیگر، باراسپون، مودلر یا مادلر، استرینر و یا صافی شیکر، سرسیروپ و … می باشد. از این لوازم برای آماده سازی انواع کوکتل، شیک، موکتل، نوشیدنی سرد و … استفاده می شود. جنس تمامی ابزارها استیل بوده که در تماس با آب زنگ نمی زند همچنین در طعم مواد تغییری ایجاد نمیکند. ت"
Garneek Coffee Workshop,فانل مشکی گتر سایز 51 کد 39,,,,,,270000,,,False,فانل,https://garneekcoffee.com/product/%d9%81%d8%a7%d9%86%d9%84-%d9%82%d9%87%d9%88%d9%87-%d9%85%d8%b4%da%a9%db%8c-%da%af%d8%aa%d8%b1-51-%d9%85%db%8c%d9%84%db%8c%d9%85%d8%aa%d8%b1-gater/,"فانل مشکی گتر سایز 51 
 فانل پرتافیلتر اسپرسوساز (espresso dosing funnel ) یکی از لوازم جانبی پرکاربرد و لازم برای هر حرفه ای است. در کافه ها و رستوران ها و بعضا برای عاشقان قهوه در خانه ها، برای جلوگیری از کثیف شدن محیط پس از آسیاب قهوه و همچنین برای اندازه گیری صحیح قهوه مصرف شده، بهترین وسیله فانل است. این فانل هم برای پرتافیلترهای دستگاه های اسپرسو ساز خانگی و هم برای اسپرسوسازهای صنعتی مناسب "
Garneek Coffee Workshop,فانل مگنتی گتر سایز GATER 58 کد 30,,,,,,350000,,,True,فانل,https://garneekcoffee.com/product/%d9%81%d8%a7%d9%86%d9%84-%d9%85%da%af%d9%86%d8%aa%db%8c-%da%af%d8%aa%d8%b1-%d8%b3%d8%a7%db%8c%d8%b2-gater-58/,"فانل مگنتی گتر سایز GATER 58 کد 30 
 فانل پرتافیلتر  اسپرسوساز  (espresso dosing funnel ) یکی از لوازم جانبی پرکاربرد و لازم برای هر حرفه ای است. در کافه ها و رستوران ها و بعضا برای عاشقان قهوه در خانه ها، برای جلوگیری از کثیف شدن محیط پس از  آسیاب قهوه  و همچنین برای اندازه گیری صحیح قهوه مصرف شده، بهترین وسیله فانل است. این فانل هم برای پرتافیلترهای دستگاه های اسپرسو ساز خانگی و هم برای اسپرسوسا"
Garneek Coffee Workshop,پیچر استیل مدرج 350 میلی لیتری کد 234,,,,,,350000,,,True,پیچر,https://garneekcoffee.com/product/%d9%be%db%8c%da%86%d8%b1-%d8%a7%d8%b3%d8%aa%db%8c%d9%84-%d9%85%d8%af%d8%b1%d8%ac-350-%d9%85%db%8c%d9%84%db%8c-%d9%84%db%8c%d8%aa%d8%b1%db%8c/,"پیچر استیل مدرج 350 میلی لیتری 
 پیچر (pitcher) ابزاری کاربردی برای فوم گیری شیر است. این وسیله دارای یک دهانه بزرگ و یک دسته است که علاوه بر کافه‌ها در منازل نیز برای عاشقان انواع نوشیدنی‌های مختلف اعم از لاته بسیار پرکاربرد است. 
استفاده از پیچر یکی از مرسوم‌ترین و استانداردترین روش‌ها برای تهیه فوم شیر است. پیچر این امکان را به شما می‌دهد که شما فوم گیری شیر را به‌صورت یک‌نواخت و با دقت داخل فن"
Garneek Coffee Workshop,پیچر استیل مدرج هفت رنگ 350ml کد 146,,,,,,400000,,,False,پیچر,https://garneekcoffee.com/product/%d9%be%db%8c%da%86%d8%b1-%d8%a7%d8%b3%d8%aa%db%8c%d9%84-%d9%85%d8%af%d8%b1%d8%ac-%d9%87%d9%81%d8%aa-%d8%b1%d9%86%da%af-350-%d9%85%db%8c%d9%84%db%8c-%d9%84%db%8c%d8%aa%d8%b1/,"پیچر استیل مدرج هفت رنگ &#8211; 350 میلی لیتر  
  بخار دادن شیر و تهیه‌ی لاته آرت زیبا و هدر ندادن شیر جزو موارد ضروری است. پیچر مدرج هفت رنگ وسیله‌ای مناسب برای اضافه کردن شیر بخار داده شده به قهوه است. مرحله اضافه کردن شیر به فنجان برای به دست آوردن فوم مطلوب (میکروفوم) به وسیله این پیچر ها قابل حصول است. پیچر شیر هفت برنگ دارای طراحی زیبا و شکلی منحصر به فرد است که شما را قادر می سازد برای تهیه"
Garneek Coffee Workshop,پیچر استیل مدرج هفت رنگ 550ml کد 145,,,,,,490000,,,True,پیچر,https://garneekcoffee.com/product/%d9%be%db%8c%da%86%d8%b1-%d8%a7%d8%b3%d8%aa%db%8c%d9%84-%d9%85%d8%af%d8%b1%d8%ac-%d9%87%d9%81%d8%aa-%d8%b1%d9%86%da%af-550-%d9%85%db%8c%d9%84%db%8c-%d9%84%db%8c%d8%aa%d8%b1/,"پیچر استیل مدرج هفت رنگ 550ml کد 145 
  بخار دادن شیر و تهیه‌ی لاته آرت زیبا و هدر ندادن شیر جزو موارد ضروری است. پیچر مدرج هفت رنگ وسیله‌ای مناسب برای اضافه کردن شیر بخار داده شده به قهوه است. مرحله اضافه کردن شیر به فنجان برای به دست آوردن فوم مطلوب (میکروفوم) به وسیله این پیچر ها قابل حصول است. پیچر شیر هفت برنگ دارای طراحی زیبا و شکلی منحصر به فرد است که شما را قادر می سازد برای تهیه کاپوچینو "
Garneek Coffee Workshop,تمپر قهوه گتر دسته چوبی سایز 51 کد 42,,,,,,390000,,,True,تمپر,https://garneekcoffee.com/product/%d8%aa%d9%85%d9%be%d8%b1-%d9%82%d9%87%d9%88%d9%87-%da%af%d8%aa%d8%b1-%d9%85%d8%af%d9%84-%d8%af%d8%b3%d8%aa%d9%87-%da%86%d9%88%d8%a8%db%8c-%d8%b3%d8%a7%db%8c%d8%b2-51-%d8%a7-gater-wood-coffee-tamper-51/,"تمپر قهوه گتر دسته چوبی سایز 51 کد 42 
 هنگام استفاده از  دستگاه اسپرسو  برای عبور آب از عصاره قهوه، قبل از بستن پورتافیلتر به دستگاه، باید قهوه آسیاب شده فشرده شود که این کار توسط یکی از  لوازم باریستا به نام  تمپر قهوه  انجام می‌گردد. قطر این تمپر ۵1 میلیمتر بوده که با توجه به قطر پورتافیلتر دستگاه‌ها باید استفاده شود.به راحتی می‌توان با انتخاب زاویه درست و فشار مناسب که به مهارت باریستا مرتبط ا"
Garneek Coffee Workshop,تمپر گرانیتی گتر سایز ۵۸ ( آرگونومیک ) کد 55,,,,,,390000,,,False,تمپر,https://garneekcoffee.com/product/%d8%aa%d9%85%d9%be%d8%b1-%da%af%d8%b1%d8%a7%d9%86%db%8c%d8%aa%db%8c-%da%af%d8%aa%d8%b1-%d8%b3%d8%a7%db%8c%d8%b2-%db%b5%db%b8/,"تمپر گرانیتی گتر سایز ۵۸ ( آرگونومیک ) 
 علت استفاده از تمپر، تبدیل پودر قهوه به یک قرص فشرده‌ است که سطح آن با لبه‌ی فیلتر قهوه ساز کمی فاصله دارد. هنگامیکه شما فیلتر حاوی پودر قهوه را در پورتا‌ فیلتر قرار دادید و زیر سر اصلی دستگاه اسپرسو بستید، آب با فشار روی فیلتر حاوی پودر قهوه پاشیده می‌شود. پودر قهوه بعد از تماس با آب حجم بیشتری پیدا خواهد کرد و اگر فاصله ی پودر قهوه تا لبه ی فیلتر وجود ندا"
Garneek Coffee Workshop,تمپر فلزی لوگو دار سایز 51 کد 49,,,,,,250000,,,False,تمپر,https://garneekcoffee.com/product/%d8%aa%d9%85%d9%be%d8%b1-%d9%81%d9%84%d8%b2%db%8c-%d9%84%d9%88%da%af%d9%88-%d8%af%d8%a7%d8%b1-%d8%b3%d8%a7%db%8c%d8%b2-51/,"تمپر فلزی لوگو دار سایز 51  
 تمپر دسته مشکی 51میلی متری محصولی مناسب برای تِمپ انواع قهوه در پورتافیلتر های 51 میلی متری می باشد. این محصول دارای جنس استیل و نسبتا سنگین و مناسب برای تمپ کردن می باشد و دسته ی آن از پلاستیک و قطر تمپر 51 میلیمتر می باشد و همچنین ارتفاع آن 8 سانتی متر می باشد. علت استفاده از تمپر تبدیل پودر قهوه به یک قرص فشرده‌ است که سطح آن با لبه‌ی فیلتر قهوه ساز کمی فاصله دارد."
Garneek Coffee Workshop,مادلر فلزی گتر مشکی GATER MUDDLER کد 330,,,,,,250000,,,False,تجهیزات بار سرد,https://garneekcoffee.com/product/%d9%85%d8%a7%d8%af%d9%84%d8%b1-%d9%81%d9%84%d8%b2%db%8c-%da%af%d8%aa%d8%b1-%d9%85%d8%b4%da%a9%db%8c-gater-muddler/,"مادلر فلزی گتر مشکی GATER MUDDLER کد 330 
 مادلر گتر ته پلاستیکی یکی از لوازم پر کاربرد در کافه است و برای آماده سازی نوشیدنی های سرد مورد استفاده قرار می گیرد. 
 مادلر گتر ته پلاستیکی وسیله ی مناسبی برای کوبیدن و له کردن انواع میوه ها و سبزیجات است. استفاده از مادلر طعم تازگی انواع میوه ها، سبزیجات و ادویه ها را در نوشیدنی ایجاد می کند. 
 روش استفاده از مادلر 
 در ابتدا میوه، سبزی و یا هرنوع دانه"
Garneek Coffee Workshop,مادلر دودی (Muddler) کد 331,,,,,,230000,,,False,تجهیزات بار سرد,https://garneekcoffee.com/product/%d9%85%d8%a7%d8%af%d9%84%d8%b1-%d8%af%d9%88%d8%af%db%8c-muddler/,"مادلر دودی (Muddler) کد 331 
 مادلر دودی یکی از لوازم پر کاربرد در کافه است و برای آماده سازی نوشیدنی های سرد مورد استفاده قرار می گیرد. 
 مادلر دودی وسیله ی مناسبی برای کوبیدن و له کردن انواع میوه ها و سبزیجات است. استفاده از مادلر طعم تازگی انواع میوه ها، سبزیجات و ادویه ها را در نوشیدنی ایجاد می کند. 
 روش استفاده از مادلر 
 در ابتدا میوه، سبزی و یا هرنوع دانه ی ادویه ای مثل دانه ی فلفل سیاه را"
Garneek Coffee Workshop,مادلر تمام استیل (Muddler) کد 332,,,,,,210000,,,False,تجهیزات بار سرد,https://garneekcoffee.com/product/%d9%85%d8%a7%d8%af%d9%84%d8%b1-%d8%aa%d9%85%d8%a7%d9%85-%d8%a7%d8%b3%d8%aa%db%8c%d9%84-muddler/,"مادلر تمام استیل (Muddler) کد 332 
 مادلر تمام استیل یکی از لوازم پر کاربرد در کافه است و برای آماده سازی نوشیدنی های سرد مورد استفاده قرار می گیرد. 
 مادلر تمام استیل وسیله ی مناسبی برای کوبیدن و له کردن انواع میوه ها و سبزیجات است. استفاده از مادلر طعم تازگی انواع میوه ها، سبزیجات و ادویه ها را در نوشیدنی ایجاد می کند. 
 روش استفاده از مادلر 
 در ابتدا میوه، سبزی و یا هرنوع دانه ی ادویه ای مثل د"
Garneek Coffee Workshop,مادلر استیل اورجینال کد333,,,,,,230000,,,True,تجهیزات بار سرد,https://garneekcoffee.com/product/%d9%85%d8%a7%d8%af%d9%84%d8%b1-%d8%a7%d8%b3%d8%aa%db%8c%d9%84-%d8%a7%d9%88%d8%b1%d8%ac%db%8c%d9%86%d8%a7%d9%84/,"مادلر استیل اورجینال کد333 
  مادلر استیل 20 سانتی متر  برای خردکردن و له کردن مناسب و ایده آل مواد تشکیل دهنده نوشیدنی و کوکتل استفاده می‌ شود. از مادلر به طور عمده برای کوبیدن میوه‌ ها و شکر در کوکتل‌ هایی که نیاز به کوبیده شدن دارند، مانند موهیتو استفاده می‌ شود. مادلر همچنین به عنوان وسیله خرد کردن یخ نیز کاربرد دارند، کافی است یخ در ظرف فلزی شیکر بریزید و آن را خرد کنید. مادلر، استرینر، شیکر،"
Garneek Coffee Workshop,فانل قهوه سایز 51 (Funnel ) کد 6,,,,,,180000,,,False,فانل,https://garneekcoffee.com/product/%d9%81%d8%a7%d9%86%d9%84-%d9%be%d8%b1%d8%aa%d8%a7%d9%81%db%8c%d9%84%d8%aa%d8%b1-%d9%85%da%af%d9%86%d8%aa%db%8c-%d8%b3%d8%a7%db%8c%d8%b2-51-funnel/,"فانل قهوه سایز 51 (Funnel ) کد 6 
 فانل ( Funnel ) یا قیف پورتافیلتر اسپرسو با سایز 51 میلیمتری ابزار مناسب جهت جلوگیری از. هدر رفتن قهوه و دوزینگ مناسب قهوه در زمانیست که پورتافیلتر را در زیر نازل آسیاب قهوه میگذارید، میباشد. 
 این ابزار باعث میشود تا بصورت دقیق تری  پرتاف  ی  لتر  را با قهوه پرکنید و از هدر رفتن و دورریخته شدن آن دور دستگاه جلوگیری میکنید. 
 همچنین این ابزار باعث میشود که پروسه "
Garneek Coffee Workshop,فانل قهوه سایز 58 (Funnel ) کد 31,,,,,,180000,,,False,فانل,https://garneekcoffee.com/product/%d9%81%d8%a7%d9%86%d9%84-%d9%be%d8%b1%d8%aa%d8%a7%d9%81%db%8c%d9%84%d8%aa%d8%b1-%d9%85%da%af%d9%86%d8%aa%db%8c-%d8%b3%d8%a7%db%8c%d8%b2-58-funnel/,"فانل قهوه سایز 58 (Funnel ) کد 31 
 فانل ( Funnel ) یا قیف پورتافیلتر اسپرسو با سایز 58 میلیمتری ابزار مناسب جهت جلوگیری از. هدر رفتن قهوه و دوزینگ مناسب قهوه در زمانیست که پورتافیلتر را در زیر نازل  آسیاب قهوه  میگذارید، میباشد. 
 این ابزار باعث میشود تا بصورت دقیق تری  پورتاف  ی  لتر  را با قهوه پرکنید و از هدر رفتن و دورریخته شدن آن دور دستگاه جلوگیری میکنید. 
 همچنین این ابزار باعث میشود که پر"
Garneek Coffee Workshop,نیدل قهوه گتر GATER مشکی کد 208,,,,,,245000,,,False,نیدل,https://garneekcoffee.com/product/%d9%86%db%8c%d8%af%d9%84-%d9%82%d9%87%d9%88%d9%87-%da%af%d8%aa%d8%b1-gater-%d9%85%d8%b4%da%a9%db%8c/,"نیدل قهوه گتر GATER مشکی 
 وقتی  قهوه  ی پودر شده را درون بسکت اسپرسو ساز خود میریزیم ، چه از پیش آسیاب شده باشد و چه همان لحظه آسیاب کنیم، در بسیاری از مواقع در قسمت هایی از بسکت قهوه، انباشتگی یا به هم چسبیدگی بیشتر و در قسمتی کمتر خواهیم داشت. این انباشت و چسبیدگی پیش از فشرده سازی با تمپر، امکان ایجاد چنلینگ و خلل در عصاره گیری را زیاد میکند. برای حل این مشکل از 2 ابزار استفاده میکنیم : 
  1- "
Garneek Coffee Workshop,تمپر قهوه دسته چوبی لوگو دار سایز 58 کد 45,,,,,,420000,,,True,تمپر,https://garneekcoffee.com/product/%d8%aa%d9%85%d9%be%d8%b1-%d9%82%d9%87%d9%88%d9%87-%d8%af%d8%b3%d8%aa%d9%87-%da%86%d9%88%d8%a8%db%8c-%d9%84%d9%88%da%af%d9%88-%d8%af%d8%a7%d8%b1-%d8%b3%d8%a7%db%8c%d8%b2-58/,"تمپر قهوه دسته چوبی لوگو دار سایز 58  
 هنگام استفاده از دستگاه اسپرسو برای عبور آب از عصاره قهوه، قبل از بستن پورتافیلتر به دستگاه، باید قهوه آسیاب شده فشرده شود که این کار توسط یکی از لوازم باریستابه نام تمپر قهوه انجام می‌گردد. قطر این تمپر 51 میلیمتر بوده که با توجه به قطر پورتافیلتر دستگاه‌ها باید استفاده شود. وزن آن سبک بوده و به‌راحتی می‌توان با انتخاب زاویه درست و فشار مناسب که به مهارت با"
Garneek Coffee Workshop,تمپر قهوه دسته چوبی لوگو دار سایز 51 کد 46,,,,,,130000,,,False,تمپر,https://garneekcoffee.com/product/%d8%aa%d9%85%d9%be%d8%b1-%d9%82%d9%87%d9%88%d9%87-%d8%af%d8%b3%d8%aa%d9%87-%da%86%d9%88%d8%a8%db%8c-%d9%84%d9%88%da%af%d9%88-%d8%af%d8%a7%d8%b1-%d8%b3%d8%a7%db%8c%d8%b2-51/,"تمپر قهوه دسته چوبی لوگو دار سایز 51 
 هنگام استفاده از دستگاه اسپرسو برای عبور آب از عصاره قهوه، قبل از بستن پورتافیلتر به دستگاه، باید قهوه آسیاب شده فشرده شود که این کار توسط یکی از لوازم باریستابه نام تمپر قهوه انجام می‌گردد. قطر این تمپر 51 میلیمتر بوده که با توجه به قطر پورتافیلتر دستگاه‌ها باید استفاده شود. وزن آن سبک بوده و به‌راحتی می‌توان با انتخاب زاویه درست و فشار مناسب که به مهارت بار"
Garneek Coffee Workshop,مت تمپر سیلیسکونی کد 197,,,,,,180000,,,True,مت تمپر,https://garneekcoffee.com/product/%d9%85%d8%aa-%d8%aa%d9%85%d9%be%d8%b1-%d8%b3%db%8c%d9%84%db%8c%d8%b3%da%a9%d9%88%d9%86%db%8c-%d8%b3%d8%a7%db%8c%d8%b2-58/,"مت تمپر سیلیسکونی   
 این وسیله  معمولا از لاستیک نسبتا ضخیم تولید میشود 
 برای جلوگیری از ضربه زدن پورتافیلتر به محلی که دستگاه اسپرسو ساز شما روی آن قرار دارد مورد استفاده قرار میگیرد 
 امکان قرار دادن تمپر با سایز 58 و پرتافیلتر هنگام تمپ کردن قهوه کارایی دارد . از آسیب زدن و ضربه زدن و همچنین ریختن قهوه به خارج از پرتافیلتر کمک می کند 
  تمپر مت قهوه چیست؟  چه کاربردی دارد؟ لازمه ی تهیه یک قهو"
Garneek Coffee Workshop,مت تمپر تک سایز 51 کد 75,,,,,,75000,,,True,مت تمپر,https://garneekcoffee.com/product/%d9%85%d8%aa-%d8%aa%d9%85%d9%be%d8%b1-%d8%aa%da%a9-%d8%b3%d8%a7%db%8c%d8%b2-51/,"مت تمپر تک سایز 51 
 برای سرو اسپرسو و استفاده و جای گیری پرتافیلتر وسیله ای طراحی شده به نام مت که میز کار کوچکی برای باریستا محسوب میشود. در مدل مت تمپر تک این صفحه ی سیلیکونی قسمتی برای قرار گیری تمپر و قسمتی برای قرار گیری پرتافیلتر برای ثابت ماندن آن حین عملیات تمپ و قسمتی به فرم L برای جایگیری محکم و دقیق بر لبه ی میز کار تعبیه شده است. 
  تمپر مت قهوه چیست؟  چه کاربردی دارد؟ لازمه ی تهیه یک"
Garneek Coffee Workshop,مت بار سرد سیلیکونی سایز 30*15 سانتیمتر,,,,,,180000,,,True,تجهیزات بار سرد,https://garneekcoffee.com/product/%d9%85%d8%aa-%d8%a8%d8%a7%d8%b1-%d8%b3%d8%b1%d8%af-%d8%b3%db%8c%d9%84%db%8c%da%a9%d9%88%d9%86%db%8c-%d8%b3%d8%a7%db%8c%d8%b2-3015-%d8%b3%d8%a7%d9%86%d8%aa%db%8c%d9%85%d8%aa%d8%b1/,"مت بار سرد   پد سیلیکونی بار سرد می باشد که برای استفاده در بار سرد، چیدمان وسایل بارتندری، جلوگیری از شکستن و سر خوردن لیوان و در نهایت تمیزی بار استفاده می شود. این مت در سایزهای مختلف برای چیدمان تجهیزات نوشیدنی سرد استفاده میشود. جنس این محصول از سیلیکون بسیار با کیفیت می باشد.   ابعاد : 30 در 15 سانتیمتر 
 وزن : 300 گرم 
 جنس پلاستیک 
 رنگ : مشکی"
Garneek Coffee Workshop,اسپرسو ساز مباشی مدل ME-CCM 2051,,,,,,24700000,,,True,دستگاه اسپرسوساز نیمه اتوماتیک; دستگاه اسپرسوساز مباشی,https://garneekcoffee.com/product/%d8%a7%d8%b3%d9%be%d8%b1%d8%b3%d9%88-%d8%b3%d8%a7%d8%b2-%d9%85%d8%a8%d8%a7%d8%b4%db%8c-%d9%85%d8%af%d9%84-me-ccm-2051/,"اسپرسو ساز مباشی مدل ME-CCM 2051  قدرتمندترین اسپرسوساز میان رده در بین محصولات مباشی قرار دارد. این دستگاه دارای توان 1350 وات و فشار بخار 20 بار است. 
 اسپرسو ساز مباشی مدل ME-CCM 2051 یک اسپرسو ساز نیمه صنعتی محسوب می شود با پرتافیلتر شماره 58 صنعتی و دو نازل آب و بخار جداگانه، بدنه این دستگاه از استیل ضد زنگ و با طراحی چشم نواز و فوق العاده ای ساخته شده است. 
 توان این اسپرسوساز بی نظیر بسیار "
Garneek Coffee Workshop,آسیاب قهوه دلونگی مدل DELONGHI KG 521.M,,,,Ground,,10950000,,,False,آسیاب برقی,https://garneekcoffee.com/product/%d8%a2%d8%b3%db%8c%d8%a7%d8%a8-%d9%82%d9%87%d9%88%d9%87-%d8%af%d9%84%d9%88%d9%86%da%af%db%8c-%d9%85%d8%af%d9%84-delonghi-kg-521-m/,"مشخصات آسیاب قهوه دلونگی KG521.M 
  آسیاب قهوه دلونگی KG521.M  یکی از پر قدرت ترین آسیاب‌های قهوه است که با درجه‌های مختلفی می‌تواند دانه‌های قهوه را آسیاب کند. همان طور که می‌دانید برای داشتن نوشیدنی‌های متنوعی که نوعی قهوه به شمار می‌روند و یا در ترکیبات خود نوعی قهوه دارند؛ باید از پودر قهوه استفاده کنید. دانه‌های قهوه نیاز به آسیاب قدرتمندی دارند تا بتوانند با درجه‌های مختلفی پودر شوند و نوشید"
Garneek Coffee Workshop,آسیاب قهوه روپل مدل RPL-GM5050,,,,Ground,,4450000,,,False,آسیاب برقی,https://garneekcoffee.com/product/%d8%a2%d8%b3%db%8c%d8%a7%d8%a8-%d9%82%d9%87%d9%88%d9%87-%d8%b1%d9%88%d9%be%d9%84-%d9%85%d8%af%d9%84-rpl-gm5050/,"آسیاب قهوه روپل مدل RPL-GM5050  محصولی باکیفیت ازاین برند معتبر می باشد که توسط شرکت نام آوران سلامت پاد عرضه می گردد.  
  این محصول برای کافه های کوچک و مصارف خانگی طراحی شده است.   
  برای نوشیدن قهوه ای با طعم و بوی عالی بهترین راه آسیاب کردن دان قهوه قبل از مصرف میباشد.  
  زیرا قهوه آسیاب شده در طول زمان عطر و بوی خود را از دست خواهد داد.  
  توان    آسیاب قهوه   روپل، 180 وات است و مخزن آن گ"
Garneek Coffee Workshop,آسیاب قهوه مباشی مدل ME-CG 2290,,,,Ground,,7950000,,,False,آسیاب برقی,https://garneekcoffee.com/product/%d8%a2%d8%b3%db%8c%d8%a7%d8%a8-%d9%82%d9%87%d9%88%d9%87-%d9%85%d8%a8%d8%a7%d8%b4%db%8c-%d9%85%d8%af%d9%84-me-cg-2290/,آسیاب قهوه مباشی MECG   2290  یکی از باکیفیت ترین آسیاب های موجود در بازار است، اگر مایل به  خرید آسیاب قهوه  هستید، خرید این محصول را توصیه می کنیم. بی شک برای طرفداران نوشیدنی قهوه، حفظ اصالت طعم و عطر نوشیدنی موردنظر از اهمیت بالایی برخوردار است. از همین رو بسیاری از مصرف‌کنندگان ابتدایی ترین مراحل تهیه نوشیدنی که همان آسیاب دانه‌های قهوه است را نیز خود انجام می‌دهند. آسیاب قهوه مباشی MECG2290 
Garneek Coffee Workshop,آسیاب قهوه نوا مدل NM-3660CG,,,,Ground,,3800000,,,False,آسیاب برقی,https://garneekcoffee.com/product/%d8%a2%d8%b3%db%8c%d8%a7%d8%a8-%d9%82%d9%87%d9%88%d9%87-%d9%86%d9%88%d8%a7-%d9%85%d8%af%d9%84-nm-3660cg/,آسیاب قهوه برقی نوا مدل 3660 برای کافه های کوچک و استفاده ی خانگی طراحی شده است و مجهز به 16 درجه برای تنظیم زبری و نرمی پودر قهوه است.مخزن این آسیاب گنجایش 500 گرم دانه قهوه را دارد.این آسیاب توان آسیاب کردن 12 کیلوگرم قهوه را در ساعت دارد. آسیاب قهوه برقی دارای مخزن کوچکی برای قهوه های آسیاب شده است که قهوه ها بعد از آسیاب شدن درون آن ریخته شده و از هدر رفتن پودر جلوگیری می شود.از ویژگی های مهم 
Garneek Coffee Workshop,اسپرسو ساز مباشی مدل ECM2024,,,,,,9800000,,,True,دستگاه اسپرسوساز خانگی; دستگاه اسپرسوساز مباشی,https://garneekcoffee.com/product/%d8%a7%d8%b3%d9%be%d8%b1%d8%b3%d9%88-%d8%b3%d8%a7%d8%b2-%d9%85%d8%a8%d8%a7%d8%b4%db%8c-%d9%85%d8%af%d9%84-ecm2024/,"اسپرسو ساز مباشی مدل ECM2024 
 جهت استفاده از این دستگاه توجه به برخی از نکات ضروری است. برای نتیجه و رضایت بهتر از این دستگاه به این نکات توجه فرمائید. این اسپرسوساز مباشی MEBASHI دارای کیفیت ساخت مطلوب است که اگر به درستی از آن استفاده شود طول عمر دستگاه بیشتر خواهد شد و همچنین نوشیدنی ای که با آن تهیه می کنید از مزه‌ی بسیار بهتری برخوردار خواهد بود. این دستگاه به دلیل داشتن پمپ قوی با فشار 20 ب"
Garneek Coffee Workshop,اسپرسو ساز مباشی مدل ECM2019,,,,,,8500000,,,True,دستگاه اسپرسوساز خانگی; دستگاه اسپرسوساز مباشی,https://garneekcoffee.com/product/%d8%a7%d8%b3%d9%be%d8%b1%d8%b3%d9%88-%d8%b3%d8%a7%d8%b2%d9%85%d8%a8%d8%a7%d8%b4%db%8c-%d9%85%d8%af%d9%84-ecm2019/,"اسپرسو ساز مباشی مدل ECM2019 
  اسپرسو سازمباشی مدل ECM2019  مجهز به پیچ تنظیم بخار میباشد که امکان تهیه فوم شیر با غلظت های متفاوت را با تنظیم بخار خروجی فراهم می آورد.از جمله ویژگیهای این دستگاه داشتن نشانگر عقربه ای دما میباشد که هم به دستگاه زیبایی خاصی داده و هم اینکه کاربر راحت تر میتواند با دستگاه کار کند. اسپرسوساز مباشی مدل ECM2019 مجهز به صفحه گرم نگهداره فنجان است که به شما کمک می کند ت"
Garneek Coffee Workshop,اسپرسو ساز مباشی مدل ECM2015,,,,,,8900000,,,True,دستگاه اسپرسوساز خانگی; دستگاه اسپرسوساز مباشی,https://garneekcoffee.com/product/%d8%a7%d8%b3%d9%be%d8%b1%d8%b3%d9%88-%d8%b3%d8%a7%d8%b2-%d9%85%d8%a8%d8%a7%d8%b4%db%8c-%d9%85%d8%af%d9%84-ecm2015/,"اسپرسو ساز مباشی مدل ECM2015 
 شرکت مباشی محصول جدید، قدرتمند و زیبای خود را به نام اسپرسوساز مباشی مدل ECM2015 با بدنه استیل ضدزنگ به بازار عرضه کرده است. از جمله ویژگیهای این محصول داشتن موتور با فشار 20 بار و ظرفیت 1450 وات است که نتیجه ی آن قهوه خروجی با غلظت عالی است.بخار خروجی دستگاه نیز فوق العاده قوی میباشد. اسپرسوسازمباشی مدل ECM2015 مجهز به پیچ تنظیم بخار است که امکان تهیه فوم شیر با غلظ"
Garneek Coffee Workshop,اسپرسو ساز دلونگی مدل EC685,,,,,,11200000,,,True,دستگاه اسپرسوساز خانگی; دستگاه اسپرسوساز دلونگی,https://garneekcoffee.com/product/%d8%a7%d8%b3%d9%be%d8%b1%d8%b3%d9%88-%d8%b3%d8%a7%d8%b2-%d8%af%d9%84%d9%88%d9%86%da%af%db%8c-%d9%85%d8%af%d9%84-ec685/,"اسپرسو ساز دلونگی مدل EC685  
  دلونگی در سال‌های فعالیتش توانسته است با تولید محصولات با کیفیت و البته متنوع نظر کاربران را در سراسر دنیا به خود جلب نماید. فعالیت اصلی این کمپانی در زمینه محصولات خانگی است و یکی از اولین‌ها در بازارهای جهانی به حساب می آید.   
  یکی از مهمترین زمینه های فعالیت این کمپانی نام آشنای جهانی طراحی و تولید اسپرسوسازهای متنوع است. یکی از اسپرسو سازهایی که کمپانی دلونگی "
Garneek Coffee Workshop,اسپرسو ساز دلونگی  3121.Bk,,,,,,6500000,,,False,دستگاه اسپرسوساز خانگی; دستگاه اسپرسوساز دلونگی,https://garneekcoffee.com/product/%d8%a7%d8%b3%d9%be%d8%b1%d8%b3%d9%88-%d8%b3%d8%a7%d8%b2-%d8%af%d9%84%d9%88%d9%86%da%af%db%8c-3321-bk/,"اسپرسو ساز دلونگی 3121.Bk 
 کمپانی دلونگی یک شرکت ایتالیایی است که عمده محصولات تولیدی آن مربوط به لوازم خانگی و الکترونیکی می‌باشد. 
 این برند مشهور سال‌های متمادی است که به تولید و توزیع انواع وسایل خانگی جهت تهیه و پخت غذا، نظافت و اتو ، تهویه مطبوع، بخاری‌های قابل حمل، قهوه ساز، ساعت‌ و محصولات بسیار دیگری می‌باشد. یکی از این محصولات تولیدی بسیار کاربردی جهت تهیه انواع نوشیدنی گرم،  اسپرسو ساز"
Garneek Coffee Workshop,اسپرسو ساز نوا مدل ۱۲۷ NOVA,,,,,,9000000,,,False,دستگاه اسپرسوساز نیمه اتوماتیک; دستگاه اسپرسوساز نوآ,https://garneekcoffee.com/product/%d8%a7%d8%b3%d9%be%d8%b1%d8%b3%d9%88-%d8%b3%d8%a7%d8%b2-%d9%86%d9%88%d8%a7-%d9%85%d8%af%d9%84-%db%b1%db%b2%db%b7-nova-%d8%a7-nova-127/,"اسپرسو ساز نوا مدل ۱۲۷ NOVA 
 اسپرسو ساز نوا مدل ncm-127exps یکی از نمونه های برتر برند چینی نوا می باشد که دارای طراحی فوق العاده و امکانات بی نظیری است. یکی از ویژگی های این دستگاه قرار دادن گیج فشار عقربه ای در قسمت جلو و بالایی آن می باشد. با استفاده از جابجایی عقربه متوجه خواهید شد که چه میزان بخار برای درست کردن قهوه نیاز است. همچنین از یک دبل شات تشکیل شده که می تواند در یک زمان دو فنجان اس"
Garneek Coffee Workshop,اسپرسو ساز نوا مدل 155EXP20,,,,,,6800000,,,False,دستگاه اسپرسوساز خانگی; دستگاه اسپرسوساز نوآ,https://garneekcoffee.com/product/%d8%a7%d8%b3%d9%be%d8%b1%d8%b3%d9%88-%d8%b3%d8%a7%d8%b2-%d9%86%d9%88%d8%a7-%d9%85%d8%af%d9%84-155exp20/,"اسپرسو ساز نوا مدل 155EXP20  
 اسپرسو ساز نوا مدل 155اسپرسو ساز نوا مدل 155 مشخصات خرید دستگاه اسپرسوساز نوا مدل NCM 155 EXP20در واقع یک نوع دستگاه اسپرسوساز نیمه صنعتی است که برای استفاده خانگی و یا در کافه‌های کوچک و جمع و جور، یک گزینه بسیار عالی محسوب می‌شود. بدنه این مدل از دستگاه برند نوا از جنس استیل و پلاستیک است و یک دستگاه کوچک است که می‌تواند بر روی کابینت آشپزخانه قرار بگیرد و هر روز ص"
Garneek Coffee Workshop,اسپرسو ساز مباشی مدل ME-ECM 2033,,,,,,12500000,,,False,دستگاه اسپرسوساز خانگی; دستگاه اسپرسوساز مباشی,https://garneekcoffee.com/product/%d8%a7%d8%b3%d9%be%d8%b1%d8%b3%d9%88-%d8%b3%d8%a7%d8%b2-%d9%85%d8%a8%d8%a7%d8%b4%db%8c-%d9%85%d8%af%d9%84-me-ecm-2033/,"ا سپرسو ساز مباشی مدل   ME-ECM 2033  
 اسپرسوساز مباشی با بدنه پلاستیک فشرده ABS تولید و روانه بازار شده است. این دستگاه با توان 1350 وات و فشار بخار 20 بار باعث شده که قهوه خروجی و دیگر نوشیدنی ها غلظت عالی داشته باشند. همچنین این دستگاه مجهز به ولوم تنظیم بخار است که امکان تهیه فوم شیر با غلظت دلخواه را برای شما فراهم می‌کند. 
 این محصول دارای نشانگر عقربه‌ای دما است که علاوه بر زیبایی سبب استفا"
Garneek Coffee Workshop,نسپرسو ساز کروپس آلمان Krups Essenza Mini XN1108 schwarz,,,,,,5900000,,,False,دستگاه اسپرسوساز خانگی,https://garneekcoffee.com/product/%d9%86%d8%b3%d9%be%d8%b1%d8%b3%d9%88-%d8%b3%d8%a7%d8%b2-%da%a9%d8%b1%d9%88%d9%be%d8%b3-%d8%a2%d9%84%d9%85%d8%a7%d9%86-krups-essenza-mini-xn1108-schwarz/,"کد محصول 
 Krups Essenza Mini XN1108 schwarz 
 
 
 مشخصات کلی 
 برنامه ریزی تک فنجان با عملکرد توقف جریان. فشار پمپ 19 بار برای بهترین کیفیت قهوه . شبکه قطره ای قابل جابجایی برای عینک های بلند لاکی ماکیاتو. مخزن آب قابل جدا شدن 0.7 لیتری ، دوباره پر کردن آن آسان است. بیرون انداختن خودکار کپسول های استفاده شده هنگام باز کردن. 
 
 
 توضیحات 
 مزایای دیگر عملکرد توقف جریان هوشمند: خاموش شدن خودکار ، "
Garneek Coffee Workshop,اسپرسو ساز مباشی مدل ECM 2023,,,,,,8500000,,,False,دستگاه اسپرسوساز خانگی; دستگاه اسپرسوساز مباشی,https://garneekcoffee.com/product/%d8%a7%d8%b3%d9%be%d8%b1%d8%b3%d9%88-%d8%b3%d8%a7%d8%b2-%d9%85%d8%a8%d8%a7%d8%b4%db%8c-%d9%85%d8%af%d9%84-ecm-2023/,اسپرسو ساز مباشی   ECM 2023  دارای طراحی شیک و ساده‌ای است که با ابعاد متناسبی که دارد مناسب هر آشپزخانه و کافی‌بار کوچک نیز می‌باشد. این دستگاه بدنه‌ای به رنگ سفید داشته که آن را منحصر به فرد کرده است. این دستگاه دارای پرتافیلتر بوده که مجهز به دو خروجی قهوه بوده که امکان تهیه 2 فنجان نوشیدنی را به شما می‌دهد. کنترل پنل این دستگاه در قسمت بالا و جلوی دستگاه قرار گرفته که با کمک آن می‌توانید تنظیم
Garneek Coffee Workshop,اسپرسو ساز مباشی ME-ECM2016,,,,,,8900000,,,True,دستگاه اسپرسوساز خانگی; دستگاه اسپرسوساز مباشی,https://garneekcoffee.com/product/%d8%a7%d8%b3%d9%be%d8%b1%d8%b3%d9%88-%d8%b3%d8%a7%d8%b2-%d9%85%d8%a8%d8%a7%d8%b4%db%8c-me-ecm2016/,اسپرسو ساز مباشی ME-ECM2016  با موتور پر قدرت 1350 واتی و فشار 20 بار می تواند، یک اسپرسو با کرمای غلیظ و پر حجم را برای شما فراهم کند. مشکی، سفید، قرمز در جنس استیل شکل ظاهر این اسپرسوساز است، که می تواند طیف وسیعی از نظرات را به خود جلب کند. وزن این اسپرسوساز 4 کیلوگرم است و برای کاربر خانگی و صنعتی سهولت در امکان جابه جایی را فراهم کرده است. سیستم کنترل این اسپرسوساز زیبا از نوع دکمه ای و چرخشی
Garneek Coffee Workshop,اسپرسو ساز مباشی نیمه صنعتی مدل 2014,,,,,,9000000,,,True,دستگاه اسپرسوساز نیمه اتوماتیک; دستگاه اسپرسوساز مباشی,https://garneekcoffee.com/product/%d8%a7%d8%b3%d9%be%d8%b1%d8%b3%d9%88-%d8%b3%d8%a7%d8%b2-%d9%85%d8%a8%d8%a7%d8%b4%db%8c-%d9%86%db%8c%d9%85%d9%87-%d8%b5%d9%86%d8%b9%d8%aa%db%8c-%d9%85%d8%af%d9%84-2014/,"اسپرسو ساز مباشی نیمه صنعتی مدل 2014  
 جهت استفاده از این دستگاه توجه به برخی از نکات ضروری است. برای نتیجه و رضایت بهتر از این دستگاه به این نکات توجه فرمائید. این اسپرسوساز مباشی MEBASHI دارای کیفیت ساخت مطلوب است که اگر به درستی از آن استفاده شود طول عمر دستگاه بیشتر خواهد شد و همچنین نوشیدنی ای که با آن تهیه می کنید از مزه‌ی بسیار بهتری برخوردار خواهد بود. 
 ابتدا سبد یا بسکت تک یا دوبل را در"
Garneek Coffee Workshop,اسپرسو ساز دلونگیECP 35.31,,,,,,7500000,,,False,دستگاه اسپرسوساز خانگی; دستگاه اسپرسوساز دلونگی,https://garneekcoffee.com/product/%d8%a7%d8%b3%d9%be%d8%b1%d8%b3%d9%88-%d8%b3%d8%a7%d8%b2-%d8%af%d9%84%d9%88%d9%86%da%af%db%8c-ecp-35-31/,"اسپرسو ساز دلونگی ECP 35.31  
 طراحی منحصر به‌فرد 
 ظاهر اسپرسو به این دلیل که در معرض دید است و کاربرد زیادی دارد مهم است و از این رو باید به گونه‌ای باشد که با دیگر وسایل آشپزخانه شما ست شود. اسپرسو ساز دلونگی ECP35.31 یکی از دستگاه هایی است که طراحی منحص به فردی داشته و همین امر ارتباط مستقیمی با کیفیت دستگاه نیز دارد. این اسپرسو ساز بدنه ای از جنس پلاستیک فشرده و استیل دارد. بدنه و اطراف دستگا"
Garneek Coffee Workshop,اسپرسو ساز دلونگی مدل BCO431,,,,,,12900000,,,False,دستگاه اسپرسوساز اتوماتیک; دستگاه اسپرسوساز دلونگی,https://garneekcoffee.com/product/%d8%a7%d8%b3%d9%be%d8%b1%d8%b3%d9%88-%d8%b3%d8%a7%d8%b2-%d8%af%d9%84%d9%88%d9%86%da%af%db%8c-%d9%85%d8%af%d9%84-bco431-%d8%a7-delonghi-bco431-espresso-machine/,"اسپرسوساز دلونگی BCO431.S  
 وسیله ای اتومات و پر طرفدار در بین قهوه دوستان است. با این اسپرسوساز قهوه ای خوش عطر و طعم در مدت زمان کم تهیه خواهید کرد. این دستگاه علاوه بر قهوه کلاسیک، اسپرسو، کاپوچینو، لاته و شکلات داغ نیز آماده می کند. 
 اسپرسوساز دلونگی BCO431.S موتوری با توان 1750 وات دارد و فشار بخاری معادل 15 بار برای تهیه قهوه ای دل انگیز به شما می دهد. این فشار در بهتر شدن عطر و طعم قهوه ت"
Garneek Coffee Workshop,اسپرسو ساز دلونگی مدل BCO421,,,,,,15500000,,,False,دستگاه اسپرسوساز اتوماتیک; دستگاه اسپرسوساز دلونگی,https://garneekcoffee.com/product/%d8%a7%d8%b3%d9%be%d8%b1%d8%b3%d9%88-%d8%b3%d8%a7%d8%b2-%d8%af%d9%84%d9%88%d9%86%da%af%db%8c-%d9%85%d8%af%d9%84-bco421-%d8%a7-bco421-espresso-maker/,"اسپرسو ساز دلونگی مدل BCO421  
 قهوه ساز دلونگی مدل BCO421 محصولی بسیار کاربردی و با امکانات پیشرفته می باشد. امکانات و کاربرد های آن ، این دستگاه را به یک قهوه ساز حرفه ای تبدیل کرده است. به گونه ای که می توان علاوه بر مصارف شخصی در منزل ، از آن در کافه های کوچک و محل کار نیز استفاده نمود. کار با آن به سادگی انجام می شود و بیشتر فرایند های تهیه نوشیدنی توسط خود دستگاه انجام می شود. طیف نوشیدنی ها"
Garneek Coffee Workshop,اسپرسو ساز دلونگی مدل BCO420-1,,,,,,15000000,,,False,دستگاه اسپرسوساز اتوماتیک; دستگاه اسپرسوساز دلونگی,https://garneekcoffee.com/product/%d8%a7%d8%b3%d9%be%d8%b1%d8%b3%d9%88-%d8%b3%d8%a7%d8%b2-%d8%af%d9%84%d9%88%d9%86%da%af%db%8c-%d9%85%d8%af%d9%84-bco420-1-%d8%a7-delonghi-bco420-1-espresso-maker/,"اسپرسو ساز دلونگی مدل   BCO420-1  
  اسپرسوساز دلونگی  مدل BCO 420 یک دستگاه اسپرسوساز عالی و با کیفیت است و جز جدیدترین مدل‌های  اسپرسو ساز دلونگی  ، بدنه‌ی آن از استیل ساخته شده است. 
این دستگاه امکان تهیه‌ی قهوه فرانسه، کاپوچینو و اسپرسو را دارد. 
برای تهیه‌ی قهوه فرانسه یک مخزن قهوه و آب مجزا در قسمت چپ دستگاه وجود دارد. 
داخل مخزن قهوه‌ی فرانسه یک فیلتر دائمی وجود دارد و به‌راحتی می‌توان آن ر"
Garneek Coffee Workshop,همزن کف ساز شارژی کد 66,,,,,,450000,,,False,سایر تجهیزات,https://garneekcoffee.com/product/%d9%87%d9%85%d8%b2%d9%86-%da%a9%d9%81-%d8%b3%d8%a7%d8%b2-%d8%b4%d8%a7%d8%b1%da%98%db%8c-foamer/,"همزن کف ساز شارژی   
 یک کف ساز فوق العاده کارامد و با کیفیت 
 این همزن ۲ تا سر مختلف داره که هم میتونین برای تهیه کف و فوم شیر ازش استفاده کنین هم برای زدن تخم مرغ و یا تهیه کرم دالگونا. 
 یه کابل یو اس بی داره که باهاش شارژ میشه و میتونین چندین بار بدون شارژ مجدد ازش استفاده کنین . 
 سرها به راحتی جدا و شسته میشن و استیل هستن . 
 در ضمن قدرت همزن قابل تغییره و میتونین بسته به حجم نوشیدنی اون رو "
Garneek Coffee Workshop,همزن دستی ( باطری خور ),,,,,,95000,,,False,سایر تجهیزات,https://garneekcoffee.com/product/%d9%87%d9%85%d8%b2%d9%86-%d8%af%d8%b3%d8%aa%db%8c-%d8%a8%d8%a7%d8%b7%d8%b1%db%8c-%d8%ae%d9%88%d8%b1/,"همزن دستی ( باطری خور )  
 وسیله ای کاربردی جهت هم زدن انواع مواد غذایی مایع مانند: تخم مرغ، شیر، کاپوچینو، نسکافه، قهوه… و حتی شیک­ کردن مواد غذایی با یکدیگر می باشد. منبع تغذیه این  همزن دستی ۲ عدد باطری قلمی می باشد. این دستگاه دارای قدرت و سرعت چرخش بسیار مناسب می باشد.  همزن دستی باطری خور در قیاس با همزن های برقی بزرگ دارای مزیت هایی همچون: سبک بودن، جابه جایی آسان، قیمت ارزان، سهولت در شستش"
Garneek Coffee Workshop,فیلتر وی شصت گتر سایز 2 تا 4 کاپ 40 عددی کد 89,,,,,,245000,,,True,فیلتر دستگاه,https://garneekcoffee.com/product/%d9%81%db%8c%d9%84%d8%aa%d8%b1-%d9%88%db%8c-%d8%b4%d8%b5%d8%aa-%da%af%d8%aa%d8%b1-%d8%b3%d8%a7%db%8c%d8%b2-2-4-%da%a9%d8%a7%d9%be/,"فیلتر کاغذی قهوه گتر Gater سایز 2-4 کاپ 
 فیلتر وی شصت گتر به شکل مخروطی بوده و برای  قهوه ساز V60  و قهوه سازهایی که متناسب با این فیلتر هستند استفاده می‌شود. جنس این فیلترها از کاغذ بامبو می‌باشد که مورد تایید اتحادیه اروپا نیز قرار دارد. در هر بسته از این فیلتر تعداد ۴۰ عدد موجود است. 
  فیلتر قهوه  
 وقتی  قهوه  دم می‌کنیم آب جوش رو با پودر قهوه ترکیب می‌کنیم. بعد از این که آب جوش ترکیبات طعم‌"
Garneek Coffee Workshop,فیلتر وی شصت گتر سایز  1/2 کد 90,,,,,,240000,,,True,فیلتر دستگاه,https://garneekcoffee.com/product/%d9%81%db%8c%d9%84%d8%aa%d8%b1-%d9%88%db%8c-%d8%b4%d8%b5%d8%aa-%da%af%d8%aa%d8%b1-%d8%b3%d8%a7%db%8c%d8%b2-%db%b1-%db%b2/,"فیلتر وی شصت گتر سایز 1/2 کد 90  
 فیلتر وی شصت گتر به شکل مخروطی بوده و برای قهوه ساز V60 و قهوه سازهایی که متناسب با این فیلتر هستند استفاده می‌شود. جنس این فیلترها از کاغذ بامبو می‌باشد که مورد تایید اتحادیه اروپا نیز قرار دارد. در هر بسته از این فیلتر تعداد ۴۰ عدد موجود است.  همچنین این فیلتر برای قهوه ساز هایی با سایز های ۲ – ۱ مناسب است. 
 
  فیلتر قهوه  
 وقتی قهوه دم می‌کنیم آب جوش رو با پ"
Garneek Coffee Workshop,بطری آب شیشه ای کاور دار,,,,,,180000,,,False,تراول ماگ,https://garneekcoffee.com/product/%d8%a8%d8%b7%d8%b1%db%8c-%d8%a2%d8%a8-%d8%b4%db%8c%d8%b4%d9%87-%d8%a7%db%8c-%da%a9%d8%a7%d9%88%d8%b1-%d8%af%d8%a7%d8%b1/,"بطری آب شیشه ای کاور دار 
 وارداتی کیفیت درجه یک 
 مناسب برای نوشیدنی سرد و گردم 
 جنس بدنه اکرولیک نشکن 
 دارای درب خروجی چرخشی و کاملا وکیوم بدون نشتی 
 دارای دستگیره قابل حمل 
 مقاوم در برابر سرما منفی ۲۰ و گرما مثبت ۱۰۰   ظرفیت : 500 میلی لیتر 
 جنس  : شیشه مقاوم در برابر گرما و سرما 
 دارای درب محکم و پیچی 
 دارای کاور بطری برای جلوگیری از شکستن بطری در صورت برخورد با اجسام سخت 
  مناسب برای "
Garneek Coffee Workshop,کتل استیل طرح هریو 1 لیتری کد 94,,,,,,700000,,,False,کتل,https://garneekcoffee.com/product/%da%a9%d8%aa%d9%84-%d8%a7%d8%b3%d8%aa%db%8c%d9%84-%d8%b7%d8%b1%d8%ad-%d9%87%d8%b1%db%8c%d9%88-1-%d9%84%db%8c%d8%aa%d8%b1%db%8c/,"کتل (کتری) طرح Hario با دهانه ی باریک بلندی که برای آن طراحی شده به شما اجازه میدهد در زمان ریختن آب جوش در قهوه ساز (دم کن های قهوه) میزان استاندارد آب جوش را در درون قهوه بریزید که قطعا تاثیر زیادی در نحوه دم کردن قهوه شما را داراست.این محصول از بدنه ی کاملا استیل همراه با دسته ی ارگونومیک پلاستیکی و دارای حجم یک لیتری میباشد.   جنس بدنه : استیل 18/10 
 جنس دستگیره : پلاستیک 
 قابلیت شست و شوی :"
Garneek Coffee Workshop,دریپ کتل مشکی 400میلی لیتر کد 357,,,,,,680000,,,True,کتل,https://garneekcoffee.com/product/%d8%af%d8%b1%db%8c%d9%be-%da%a9%d8%aa%d9%84-%d9%85%d8%b4%da%a9%db%8c-350-%d9%85%db%8c%d9%84%db%8c-%d9%84%db%8c%d8%aa%d8%b1/,"دریپ کتل مشکی 400 میلی لیتر تفلون که مخصوص دم کردن قهوه های دمی طراحی و ساخته شده است با ظاهری زیبا و کارایی عالی آن گزینه بسیار مناسبی جهت آن دسته از کسانی است که مایل به تهیه قهوه های دمی هستند. 
 دریپ کتل یا اصطلاحا کتری قهوه وسیله ای است مانند کتری اما با دهانه خروجی آب کشیده و باریکی که می تواند آب را با کنترل بر روی قهوه بریزد. 
 از این وسیله خاص برای دم کردن انواع قهوه دمی مانند کمس، وی 60 "
Garneek Coffee Workshop,دریپ کتل 250 میلی لیتر کد 365,,,,,,495000,,,False,کتل,https://garneekcoffee.com/product/%d8%af%d8%b1%db%8c%d9%be-%da%a9%d8%aa%d9%84-%d9%85%d8%b4%da%a9%db%8c-220-%d9%85%db%8c%d9%84%db%8c-%d9%84%db%8c%d8%aa%d8%b1-%d8%b7%d8%b1%d8%ad-%d9%be%db%8c%da%86%d8%b1/,"دریپ کتل مشکی 250 میلی لیتر طرح پیچر از جنس استیل ضد زنگ 304 ساخته شده است. ظرفیت آن 250 میلی لیتر است و بسیار مناسب جهت تهیه یک فنجان قهوه یا چای می باشد. 
 نازل گردن غاز و طراحی نوک ظریف حرفه ای می تواند سرعت، اندازه جریان و جهت جریان آب را به طور پایدار کنترل کند. مشاهده نقطه خروجی جریان آب و ریختن دقیق آن برای کاربران راحت است. آب را می توان به صورت عمودی در 90 درجه ریخت که ریختن آن راحت تر اس"
Garneek Coffee Workshop,فرنچ پرس مدل M800,,,,,,340000,,,False,فرنچ پرس,https://garneekcoffee.com/product/%d9%81%d8%b1%d9%86%da%86-%d9%be%d8%b1%d8%b3-%d9%85%d8%af%d9%84-m800/,"قهوه ساز‌های فرنچ پرس از گذشته‌های دور وسیله‌ای ساده و با سرعت عملکرد بالا جهت آماده کردن یک فنجان قهوهٔ دم شده بوده‌اند. دستگاه فرنچ پرس مدل M350 گنجایشی معادل ۳۵۰ میلی لیتر را داشته و علاوه بر داشتن طراحی زیبا، قابلیت آماده‌سازی دو فنجان قهوه را برای شما فراهم می‌کند. 
 جداره پلاستیکی آن کیفیتی مرغوب دارد و به آسانی تمیز شده و از شیشه قهوه‌ساز در مقابل ضربات محافظت به عمل می‌آورد. از این وسیله ب"
Garneek Coffee Workshop,فرنچ پرس مدل M600,,,,,,250000,,,False,فرنچ پرس,https://garneekcoffee.com/product/%d9%81%d8%b1%d9%86%da%86-%d9%be%d8%b1%d8%b3-%d9%85%d8%af%d9%84-m600/,"قهوه ساز‌های فرنچ پرس از گذشته‌های دور وسیله‌ای ساده و با سرعت عملکرد بالا جهت آماده کردن یک فنجان قهوهٔ دم شده بوده‌اند. دستگاه فرنچ پرس مدل M350 گنجایشی معادل ۳۵۰ میلی لیتر را داشته و علاوه بر داشتن طراحی زیبا، قابلیت آماده‌سازی دو فنجان قهوه را برای شما فراهم می‌کند. 
 جداره پلاستیکی آن کیفیتی مرغوب دارد و به آسانی تمیز شده و از شیشه قهوه‌ساز در مقابل ضربات محافظت به عمل می‌آورد. از این وسیله ب"
Garneek Coffee Workshop,تمپر مت قهوه کد 213,,,,,,90000,,,True,مت تمپر,https://garneekcoffee.com/product/%d8%aa%d9%85%d9%be%d8%b1-%d9%85%d8%aa-%d9%82%d9%87%d9%88%d9%87/,"تمپر مت قهوه 
 تمپر مت قهوه: زیر تمپری (جا تمپری) پلاستیکی (از جنس نرم سیلیکونی) مناسب برای کافی شاپ داران و یا باریستا ها که به آنها این امکان را خواهد داد تا با خیال راحت و بدون اینکه نگران خط و خش افتادن و یا کثیف شدن سطح تمپر خود باشند آن را در جایگاه مناسب خود قرار دهند . همچنین جایگاه مناسب برای قرار گرفتن پورتافیلتر نیز در این زیر تمپی تعبیه شده تا به آسانی در زمان نیاز جایگاهی ثابت برای تم"
Garneek Coffee Workshop,تمپر مت  دوقلو قهوه کد 78,,,,,,190000,,,True,مت تمپر,https://garneekcoffee.com/product/%d8%aa%d9%85%d9%be%d8%b1-%d9%85%d8%aa-%d8%af%d9%88%d9%82%d9%84%d9%88-%d9%82%d9%87%d9%88%d9%87/,"تمپر مت دوقلو قهوه 
 
  
 تمپر مت قهوه: زیر تمپری (جا تمپری) پلاستیکی (از جنس نرم سیلیکونی) مناسب برای کافی شاپ داران و یا باریستا ها که به آنها این امکان را خواهد داد تا با خیال راحت و بدون اینکه نگران خط و خش افتادن و یا کثیف شدن سطح تمپر خود باشند آن را در جایگاه مناسب خود قرار دهند . همچنین جایگاه مناسب برای قرار گرفتن پورتافیلتر نیز در این زیر تمپی تعبیه شده تا به آسانی در زمان نیاز جایگاهی ث"
Garneek Coffee Workshop,تمپر قهوه دسته پلاستیک سایز 51 کد 48,,,,,,140000,,,False,تمپر,https://garneekcoffee.com/product/%d8%aa%d9%85%d9%be%d8%b1-%d9%82%d9%87%d9%88%d9%87-%d8%af%d8%b3%d8%aa%d9%87-%d9%be%d9%84%d8%a7%d8%b3%d8%aa%db%8c%da%a9-%d8%b3%d8%a7%db%8c%d8%b2-51/,"تمپر قهوه دسته پلاستیک سایز 51 کد 48 
 وسیله ای برای متراکم سازی قهوه داخل پرتافیلتر است. تمپر قهوه از دو قسمت دسته و سر تشکیل شده است. 
 سر تمپرها اشکال مختلفی دارند که یک نوع آن محدب است که و به دو نوع تمپر محدب امریکایی ( American Curve ) و تمپر محدب اروپایی ( Euro Curve ) تقسیم می‌شود. 
 نوع دیگری از تمپر‌ها تخت ( Flat ) هستند. نوع دیگری نیز وجود دارد که شیاردار ( Ripple ) است.قطر سر تمپر ها ب"
Garneek Coffee Workshop,استند پرتافیلتر سایز 58,,,,,,250000,,,True,استندپرتافیلتر,https://garneekcoffee.com/product/%d8%a7%d8%b3%d8%aa%d9%86%d8%af-%d9%be%d8%b1%d8%aa%d8%a7%d9%81%db%8c%d9%84%d8%aa%d8%b1-%d8%b3%d8%a7%db%8c%d8%b2-58/,"استند پرتافیلتر 58 
 استند پرتا فیلتر کارایی بسیار ساده اما مهمی دارد. پرتافیلتر در داخل استند قرار گرفته و تکان نمی خورد. 
 این امر باعث می شود بتوانید به بهترین شکل قهوه را تمپ کنید که باعث افزایش کیفیت قههو می شود. 
 سایز دهانه این استند 58 است که برای اکثر دستگاه های اسپرسوساز خانگی و نیمه صنعتی (مباشی، رومانتیک، فوما و …) مناسب است. 
 جنس استند  از استیل ضدزنگ است که علاوه بر زیبایی ظاهری، شس"
Garneek Coffee Workshop,استند پرتافیلتر سایز  51 کد 53,,,,,,230000,,,True,استندپرتافیلتر,https://garneekcoffee.com/product/%d8%a7%d8%b3%d8%aa%d9%86%d8%af-%d9%be%d8%b1%d8%aa%d8%a7%d9%81%db%8c%d9%84%d8%aa%d8%b1-%d8%b3%d8%a7%db%8c%d8%b2-51/,"استند پرتافیلتر  
 استند پرتا فیلتر کارایی بسیار ساده اما مهمی دارد. پرتافیلتر در داخل استند قرار گرفته و تکان نمی خورد. 
 این امر باعث می شود بتوانید به بهترین شکل قهوه را تمپ کنید که باعث افزایش کیفیت قههو می شود. 
 سایز دهانه این استند 51 است که برای اکثر دستگاه های اسپرسوساز خانگی و نیمه صنعتی (مباشی، رومانتیک، فوما و …) مناسب است. 
 جنس استند  از استیل ضدزنگ است که علاوه بر زیبایی ظاهری، شستش"
Garneek Coffee Workshop,کف ساز شیر استیل 800 میلی لیتر,,,,,,660000,,,True,سایر تجهیزات,https://garneekcoffee.com/product/%da%a9%d9%81-%d8%b3%d8%a7%d8%b2-%d8%b4%db%8c%d8%b1-%d8%a7%d8%b3%d8%aa%db%8c%d9%84-800-%d9%85%db%8c%d9%84%db%8c-%d9%84%db%8c%d8%aa%d8%b1/,"کف ساز شیر  یا همان فوم ساز دستی استیل 400 میلی لیتر، وسیله ای کاربردی است که شما را قادر می سازد بدون دردسر، کف و فوم شیری عالی و با دوام را استخراج نمایید. 
 کافی است تا کمی شیر ترجیحا پر چرب را داخل ظرف بریزید و کف ساز دستی استیل را بر روی شعله قرار بدهید. پس از گذشت چند دقیقه آن را برداشته و با دسته ی تعبیه شده بر روی آن چندین بار پمپ کنید. حالا کف شیر شما آماده است. با فوم ساز دستی شیر از جنس"
Garneek Coffee Workshop,کف ساز شیر استیل 500 میلی لیتر,,,,,,550000,,,True,سایر تجهیزات,https://garneekcoffee.com/product/%da%a9%d9%81-%d8%b3%d8%a7%d8%b2-%d8%b4%db%8c%d8%b1-%d8%a7%d8%b3%d8%aa%db%8c%d9%84-500-%d9%85%db%8c%d9%84%db%8c-%d9%84%db%8c%d8%aa%d8%b1/,"کف ساز شیر  یا همان فوم ساز دستی استیل 500 میلی لیتر، وسیله ای کاربردی است که شما را قادر می سازد بدون دردسر، کف و فوم شیری عالی و با دوام را استخراج نمایید. 
 کافی است تا کمی شیر ترجیحا پر چرب را داخل ظرف بریزید و کف ساز دستی استیل را بر روی شعله قرار بدهید. پس از گذشت چند دقیقه آن را برداشته و با دسته ی تعبیه شده بر روی آن چندین بار پمپ کنید. حالا کف شیر شما آماده است. با فوم ساز دستی شیر از جنس"
Garneek Coffee Workshop,کف ساز شیر استیل 400 میلی لیتر,,,,,,610000,,,True,سایر تجهیزات,https://garneekcoffee.com/product/%da%a9%d9%81-%d8%b3%d8%a7%d8%b2-%d8%b4%db%8c%d8%b1-%d8%a7%d8%b3%d8%aa%db%8c%d9%84-400-%d9%85%db%8c%d9%84%db%8c-%d9%84%db%8c%d8%aa%d8%b1/,"کف ساز شیر  یا همان فوم ساز دستی استیل 400 میلی لیتر، وسیله ای کاربردی است که شما را قادر می سازد بدون دردسر، کف و فوم شیری عالی و با دوام را استخراج نمایید. 
 کافی است تا کمی شیر ترجیحا پر چرب را داخل ظرف بریزید و کف ساز شیر دستی استیل را بر روی شعله قرار بدهید. پس از گذشت چند دقیقه آن را برداشته و با دسته ی تعبیه شده بر روی آن چندین بار پمپ کنید. حالا کف شیر شما آماده است. با فوم ساز دستی شیر از"
Garneek Coffee Workshop,تمپر قهوه سابز 51دسته چوبی کد 50,,,,,,180000,,,True,تمپر,https://garneekcoffee.com/product/%d8%aa%d9%85%d9%be%d8%b1-%d9%82%d9%87%d9%88%d9%87-%d8%af%d8%b3%d8%aa%d9%87-%da%86%d9%88%d8%a8%db%8c-%da%a9%d8%af-90/,"دستورالعمل استفاده از  تمپر قهوه  : 
 ابتدا فیلتر دستگاه را کاملاً تمیز و خشک کنید . 
 پودر قهوه را به میزان لازم داخل فیلتر بریزید .هدف این است که یک تپه‌ی کوچک از قهوه در فیلتر ایجاد کنید. 
 برای اسپرسو تک حدود ۹ گرم و برای اسپرسو دوبل ۱۸ گرم پودر لازم دارید. 
 با استفاده از تمپر قهوه را بکوبید. 
 میزان فشاری ک نیاز است با دست به ان وارد کنید دقیقا بسته به میزان اسیاب قهوه شما 
 ٬ دمای دستگاه شم"
Garneek Coffee Workshop,پیچر استیل 600ml دماسنج دار کد 147,,,,,,460000,,,False,پیچر,https://garneekcoffee.com/product/%d9%be%db%8c%da%86%d8%b1-%d8%a7%d8%b3%d8%aa%db%8c%d9%84-600ml-%d8%af%d9%85%d8%a7%d8%b3%d9%86%d8%ac-%d8%af%d8%a7%d8%b1/,"پیچر استیل 600ml دماسنج دار کد 147 
 پیچر شیر دماسنج دار  ( thermometer Pitcher ) یکی از لوازم جانبی مورد نیاز برای هر باریستای حرفه ای است. پیچر به همان ظرف مخصوص تهیه کف شیر، گفته می‌شود که جهت استفاده، در زیر نازل بخار دستگاه‌های  اسپرسو ساز طراحی شده است. 
 یکی از خصوصیت های منحصر به فرد این پیچر وجود دماسنج بر روی بدنه‌ی پیچر است به صورتی که با تغییر دمای مایع درون ظرف ،دمای موجود را با تغییر"
Garneek Coffee Workshop,پیچر استیل 350ml دماسنج دار کد 148,,,,,,390000,,,True,پیچر,https://garneekcoffee.com/product/%d9%be%db%8c%da%86%d8%b1-%d8%a7%d8%b3%d8%aa%db%8c%d9%84-350ml-%d8%af%d9%85%d8%a7%d8%b3%d9%86%d8%ac-%d8%af%d8%a7%d8%b1/,"پیچر استیل 350ml دماسنج دار کد 148 
 پیچر شیر دماسنج دار  ( thermometer Pitcher ) یکی از لوازم جانبی مورد نیاز برای هر باریستای حرفه ای است. پیچر به همان ظرف مخصوص تهیه کف شیر، گفته می‌شود که جهت استفاده، در زیر نازل بخار دستگاه‌های  اسپرسو ساز طراحی شده است. 
 یکی از خصوصیت های منحصر به فرد این پیچر وجود دماسنج بر روی بدنه‌ی پیچر است به صورتی که با تغییر دمای مایع درون ظرف ،دمای موجود را با تغییر"
Garneek Coffee Workshop,لولر قهوه طلایی سایز 58,,,,,,230000,,,False,لولر,https://garneekcoffee.com/product/%d9%84%d9%88%d9%84%d8%b1-%d9%82%d9%87%d9%88%d9%87-%d8%b7%d9%84%d8%a7%db%8c%db%8c-%d8%b3%d8%a7%db%8c%d8%b2-58/,"لولر  : 
 &nbsp; 
 لولر یا تمپر یک وسیله برای تهیه اسپرسو می باشد که با اینکه برای کار بهتر باریستا لازم و ضروری است اما کمتر به آن توجه می شود. لولر یک وسیله ی بسیار ساده و کوچک می باشد که در خانواده تمپر قهوه قرار می گیرد به همین دلیل به آن تمپر گردون هم گفته می شود. وظیفه لولر این است که قهوه آسیاب شده در درون پرتافیلتر را به قرص قهوه تبدیل کند. 
 در تهیه کردن قهوه، میزان مجاورت قهوه با آب در ط"
Garneek Coffee Workshop,تمپر تمام استیل سایز 51 کد 371,,,,,,360000,,,True,تمپر,https://garneekcoffee.com/product/%d8%aa%d9%85%d9%be%d8%b1-%d8%aa%d9%85%d8%a7%d9%85-%d8%a7%d8%b3%d8%aa%db%8c%d9%84-%d8%b3%d8%a7%db%8c%d8%b2-51/,"تمپر تمام استیل سایز 51 
 این محصول دارای جنس استیل و سنگین و مناسب برای تمپ کردن می باشد علت استفاده از تمپر تبدیل پودر قهوه به یک قرص فشرده‌ است که سطح آن با لبه‌ی فیلتر قهوه ساز کمی فاصله دارد.هنگامیکه شما فیلتر حاوی پودر قهوه را در پورتا‌ فیلتر قرار دادید و زیر سر اصلی دستگاه اسپرسو بستید، آب با فشار روی فیلتر حاوی پودر قهوه پاشیده می‌شود. پودر قهوه بعد از تماس با آب حجم بیشتری پیدا خواهد کرد "
Garneek Coffee Workshop,تمپر تمام استیل سایز 58 کد 44,,,,,,440000,,,False,تمپر,https://garneekcoffee.com/product/%d8%aa%d9%85%d9%be%d8%b1-%d8%aa%d9%85%d8%a7%d9%85-%d8%a7%d8%b3%d8%aa%db%8c%d9%84-%d8%b3%d8%a7%db%8c%d8%b2-58/,"تمپر تمام استیل سایز 58 
 این محصول دارای جنس استیل و سنگین و مناسب برای تمپ کردن می باشد علت استفاده از تمپر تبدیل پودر قهوه به یک قرص فشرده‌ است که سطح آن با لبه‌ی فیلتر قهوه ساز کمی فاصله دارد.هنگامیکه شما فیلتر حاوی پودر قهوه را در پورتا‌ فیلتر قرار دادید و زیر سر اصلی دستگاه اسپرسو بستید، آب با فشار روی فیلتر حاوی پودر قهوه پاشیده می‌شود. پودر قهوه بعد از تماس با آب حجم بیشتری پیدا خواهد کرد "
Garneek Coffee Workshop,تمپر قهوه فنری سایز 53 کد 33,,,,,,340000,,,False,تمپر,https://garneekcoffee.com/product/%d8%aa%d9%85%d9%be%d8%b1-%d9%82%d9%87%d9%88%d9%87-%d9%be%d9%86%d9%88%d9%85%d8%a7%d8%aa%db%8c%da%a9-%d8%b3%d8%a7%db%8c%d8%b2-53-%d8%a8%d8%b1%d9%86%d8%af-gater/,"تمپر قهوه فنری سایز 53 کد 33 
  تمپر قهوه 53 میلی متر پنوماتیک  دارای وزن سبک بوده و به‌ راحتی می‌ توان با انتخاب زاویه درست و فشار مناسب  قهوه را به اندازه لازم تمپ کرد. قطر این تمپر 53 میلی متر بوده که با توجه به قطر پرتافیلتر دستگاه‌ ها باید استفاده شود تمپر قهوه 53 میلی متر بهترین وسیله در بین  لوازم کافه  برای  تمپ انواع قهوه در دستگاه های اسپرسو ساز  خانگی می باشد به دلیل ارتفاع و قطر مناسب "
Garneek Coffee Workshop,دماسنج ترمومتر دیجیتال مایعات,,,,,,170000,,,False,دماسنج,https://garneekcoffee.com/product/%d8%af%d9%85%d8%a7%d8%b3%d9%86%d8%ac-%d8%aa%d8%b1%d9%85%d9%88%d9%85%d8%aa%d8%b1-%d8%af%db%8c%d8%ac%db%8c%d8%aa%d8%a7%d9%84-%d9%85%d8%a7%db%8c%d8%b9%d8%a7%d8%aa/,"دماسنج دیجیتال مایعات : 
  
  
 یکی از انواع دماسنج دماسنج مخصوص مایعات است.به وسیله این دماسنج می توانید درجه حرارت مایعات را ببینید. در بسیاری از دستورها میزان حرارت مایعات مورد استفاده اهمیت دارد و باید این مواد را با درجه حرارت مشخص با یک دیگر ترکیب کنید. با خرید دماسنج مخصوص مایعات می توانید دما آن ها را به دمای دلخواه درآورید. این دماسنج یکی از انواع دماسنج میله ای می باشد که البته قیمت دماس"
Garneek Coffee Workshop,دماسنج ترمومتر آنالوگ,,,,,,320000,,,False,دماسنج,https://garneekcoffee.com/product/%d8%af%d9%85%d8%a7%d8%b3%d9%86%d8%ac-%d8%aa%d8%b1%d9%85%d9%88%d9%85%d8%aa%d8%b1-%d8%a2%d9%86%d8%a7%d9%84%d9%88%da%af/,"دماسنج  حرفه ای آنالوگ شیر و مایعات موتا بسیار دقیق بوده و مجهز به یک کلیپس برای اتصال به پیچر میباشد. از این ترمومتر برای اندازه گیری دقیق دمای شیر، هنگام تهیه فوم شیر با نازل بخار و همچنین برای اندازه گیری دمای آب برای دم آوری انواع قهوه با قهوه سازهای نسل سوم استفاده میشود.   
 
  دماسنج :  
 ابعاد 
 
 12*2*4 سانتی‌متر 
 
 
 
 وزن50  گرم 
 
 
 جنس بدنه استیل"
Garneek Coffee Workshop,دماسنج ترمومتر دیجیتال کاور دار,,,,,,360000,,,False,دماسنج,https://garneekcoffee.com/product/%d8%af%d9%85%d8%a7%d8%b3%d9%86%d8%ac-%d8%aa%d8%b1%d9%85%d9%88%d9%85%d8%aa%d8%b1-%d8%af%db%8c%d8%ac%db%8c%d8%aa%d8%a7%d9%84-%da%a9%d8%a7%d9%88%d8%b1-%d8%af%d8%a7%d8%b1/,"دماسنج دیجیتالی مایعات :  
 ترمومتر دیجیتال وسیله ای است برای اندازه گیری دمای مایعات که در قهوه های دمی و شیر بسیار کاربرد دارد.در دم کردن قهوه با ابزارهای دستی به دلیل اهمیت داشتن دمای آب، شما می توانید به کمک ترمومتر دیجیتال دمای آب را کنترل نمایید.    دماسنج دیجیتالی مایعات  
 طول 235 میلی متر 
 اندازه صفحه نمایش 20*8 میلی متر 
 وزن خالص 23 گرم 
 وزن بسته بندی 44 گرم 
 خاموش شدن خودکار پس از 1"
Garneek Coffee Workshop,ناک باکس قهوه بزرگ کد 80,,,,,,120000,,,True,ناک باکس,https://garneekcoffee.com/product/%d9%86%d8%a7%da%a9-%d8%a8%d8%a7%da%a9%d8%b3-%d9%82%d9%87%d9%88%d9%87-%d9%be%d8%b1%d8%a7%d9%86%db%8c-abs-%da%a9%d8%af-107/,"ناک باکس قهوه بزرگ کد 80 
 ناک باکس قهوه پرانی  ظرف جمع آوری پسماند اسپرسو است.این وسیله ظرفی است با کیفیت بسیار بالا برای تخلیه و جمع آوری پسماند های قهوه اسپرسو ، وقتی شما به وسیله تمپر قهوه ، قهوه را درون گروپ فشرده میکنید قهوه متراکم میشود ، بعد از آن وقتی که گروپ را بر روی دستگاه میبندید و با آن قهوه اسپرسو تهیه میکنید این تراکم بسیار بیشتر میشود . شما با کمک این وسیله میتوانید به راحتی تفاله"
Garneek Coffee Workshop,هیتر برقی استیل  مخصوص باریستا,,,,,,650000,,,False,هیتر,https://garneekcoffee.com/product/%d9%87%db%8c%d8%aa%d8%b1-%d8%a8%d8%b1%d9%82%db%8c-%d8%a7%d8%b3%d8%aa%db%8c%d9%84-%d9%85%d8%ae%d8%b5%d9%88%d8%b5-%d8%a8%d8%a7%d8%b1%db%8c%d8%b3%d8%aa%d8%a7/,"هیتر برقی استیل :  
 اجاق های برقی یا هیتر های برقی از آن دسته لوازم آشپزخانه ای می باشند که می بایست در هر خانه ای وجود داشته باشند تا کار دم کردن قهوه را به ساده ترین شکل ممکن، عملی کنند. هیتر های برقی در واقع اجاق های کوچکی هستند که مناسب برای دم کردن انواع قهوه می باشند. هیتر های برقی با اینکه بسیار کوچک و جم و جور می باشند ولی از قدرت بالایی برای دم کردن و یا گرم کردن قهوه شما بر خوردار می با"
Garneek Coffee Workshop,لولر قهوه سایز  51 کد 29,,,,,,210000,,,False,لولر,https://garneekcoffee.com/product/%d9%84%d9%88%d9%84%d8%b1-%d9%82%d9%87%d9%88%d9%87-%d8%b3%d8%a7%db%8c%d8%b2-leveler51/,"لولر قهوه سایز 51 
 لولر یک وسیله برای تهیه اسپرسو می باشد که با اینکه برای کار بهتر باریستا لازم و ضروری است اما کمتر به آن توجه می شود.  لولر  یک وسیله ی بسیار ساده و کوچک می باشد که در خانواده تمپر قهوه قرار می گیرد به همین دلیل به آن تمپر گردون هم گفته می شود. وظیفه لولر این است که قهوه آسیاب شده در درون پرتافیلتر را به قرص قهوه تبدیل کند. 
 در تهیه کردن قهوه، میزان مجاورت قهوه با آب در طعم و "
Garneek Coffee Workshop,تمپر فنری سایز  51 کد 32,,,,,,385000,,,False,تمپر,https://garneekcoffee.com/product/%d8%aa%d9%85%d9%be%d8%b1-%d9%81%d9%86%d8%b1%db%8c-%d8%b3%d8%a7%db%8c%d8%b2-51/,"تمپر فنری سایز 51  
 تمپر فنری قهوه سایز 51 میلی متر پنوماتیک دارای وزن سبک بوده و به‌ راحتی می‌ توان با انتخاب زاویه درست و فشار مناسب  قهوه را به اندازه لازم تمپ کرد. قطر این تمپر 51 میلی متر بوده که با توجه به قطر پرتافیلتر دستگاه‌ ها باید استفاده شود تمپر قهوه 51 میلی متر بهترین وسیله در بین  لوازم کافه  برای  تمپ انواع قهوه در دستگاه های اسپرسو ساز  خانگی می باشد به دلیل ارتفاع و قطر مناسب ای"
Garneek Coffee Workshop,ماگ بزرگ کد 18,,,,,,115000,,,False,ماگ - فنجان,https://garneekcoffee.com/product/%d9%85%d8%a7%da%af-%d8%a8%d8%b2%d8%b1%da%af-%da%a9%d8%af-18/,"ماگ: 
  
 خرید ماگ قهوه با کیفیت یک سرمایه گذاری ارزشمند است، به ویژه اگر تمایل دارید چندین بار در روز از آن استفاده کنید. بر اساس نظرسنجی انجام شده توسط انجمن ملی قهوه در سال ۲۰۲۰، افرادی در ایالات متحده به قهوه علاقه دارند به طور متوسط ​​۳.۲ فنجان در روز مصرف می‌ کنند. این آمار شامل همه مصرف‌ کنندگان چای و هات چاکلت می‌ شود که آن‌ ها نیز به یک لیوان مناسب نیاز دارند و خرید ماگ باکیفیت برای آن‌ ه"
Garneek Coffee Workshop,ماگ بزرگ کد 17,,,,,,250000,,,True,ماگ - فنجان,https://garneekcoffee.com/product/%d9%85%d8%a7%da%af-%d8%a8%d8%b2%d8%b1%da%af-%da%a9%d8%af-17/,خرید ماگ قهوه با کیفیت یک سرمایه گذاری ارزشمند است، به ویژه اگر تمایل دارید چندین بار در روز از آن استفاده کنید. بر اساس نظرسنجی انجام شده توسط انجمن ملی قهوه در سال ۲۰۲۰، افرادی در ایالات متحده به قهوه علاقه دارند به طور متوسط ​​۳.۲ فنجان در روز مصرف می‌ کنند. این آمار شامل همه مصرف‌ کنندگان چای و هات چاکلت می‌ شود که آن‌ ها نیز به یک لیوان مناسب نیاز دارند و خرید ماگ باکیفیت برای آن‌ ها ضروری اس
Garneek Coffee Workshop,ماگ بزرگ کد 16,,,,,,115000,,,False,ماگ - فنجان,https://garneekcoffee.com/product/%d9%85%d8%a7%da%af-%d8%a8%d8%b2%d8%b1%da%af-%da%a9%d8%af-16/,خرید ماگ قهوه با کیفیت یک سرمایه گذاری ارزشمند است، به ویژه اگر تمایل دارید چندین بار در روز از آن استفاده کنید. بر اساس نظرسنجی انجام شده توسط انجمن ملی قهوه در سال   ۲۰۲۰  ، افرادی در ایالات متحده به قهوه علاقه دارند به طور متوسط   ​​۳.۲   فنجان در روز مصرف می‌ کنند. این آمار شامل همه مصرف‌ کنندگان چای و هات چاکلت می‌ شود که آن‌ ها نیز به یک لیوان مناسب نیاز دارند و خرید ماگ باکیفیت برای آن‌ ها 
Garneek Coffee Workshop,ماگ بزرگ کد 15,,,,,,140000,,,False,ماگ - فنجان,https://garneekcoffee.com/product/%d9%85%d8%a7%da%af-%d8%a8%d8%b2%d8%b1%da%af-%da%a9%d8%af-15/,خرید ماگ قهوه با کیفیت یک سرمایه گذاری ارزشمند است، به ویژه اگر تمایل دارید چندین بار در روز از آن استفاده کنید. بر اساس نظرسنجی انجام شده توسط انجمن ملی قهوه در سال   ۲۰۲۰  ، افرادی در ایالات متحده به قهوه علاقه دارند به طور متوسط   ​​۳.۲   فنجان در روز مصرف می‌ کنند. این آمار شامل همه مصرف‌ کنندگان چای و هات چاکلت می‌ شود که آن‌ ها نیز به یک لیوان مناسب نیاز دارند و خرید ماگ باکیفیت برای آن‌ ها 
Garneek Coffee Workshop,ماگ بزرگ کد14,,,,,,115000,,,False,ماگ - فنجان,https://garneekcoffee.com/product/%d9%85%d8%a7%da%af-%d8%a8%d8%b2%d8%b1%da%af-%da%a9%d8%af14/,خرید ماگ قهوه با کیفیت یک سرمایه گذاری ارزشمند است، به ویژه اگر تمایل دارید چندین بار در روز از آن استفاده کنید. بر اساس نظرسنجی انجام شده توسط انجمن ملی قهوه در سال   ۲۰۲۰  ، افرادی در ایالات متحده به قهوه علاقه دارند به طور متوسط   ​​۳.۲   فنجان در روز مصرف می‌ کنند. این آمار شامل همه مصرف‌ کنندگان چای و هات چاکلت می‌ شود که آن‌ ها نیز به یک لیوان مناسب نیاز دارند و خرید ماگ باکیفیت برای آن‌ ها 
Garneek Coffee Workshop,ماگ بزرگ کد 13,,,,,,95000,,,False,ماگ - فنجان,https://garneekcoffee.com/product/%d9%85%d8%a7%da%af-%d8%a8%d8%b2%d8%b1%da%af-%da%a9%d8%af-13/,خرید ماگ قهوه با کیفیت یک سرمایه گذاری ارزشمند است، به ویژه اگر تمایل دارید چندین بار در روز از آن استفاده کنید. بر اساس نظرسنجی انجام شده توسط انجمن ملی قهوه در سال   ۲۰۲۰  ، افرادی در ایالات متحده به قهوه علاقه دارند به طور متوسط   ​​۳.۲   فنجان در روز مصرف می‌ کنند. این آمار شامل همه مصرف‌ کنندگان چای و هات چاکلت می‌ شود که آن‌ ها نیز به یک لیوان مناسب نیاز دارند و خرید ماگ باکیفیت برای آن‌ ها 
Garneek Coffee Workshop,ماگ بزرگ کد12,,,,,,140000,,,False,ماگ - فنجان,https://garneekcoffee.com/product/%d9%85%d8%a7%da%af-%d8%a8%d8%b2%d8%b1%da%af-%da%a9%d8%af12/,خرید ماگ قهوه با کیفیت یک سرمایه گذاری ارزشمند است، به ویژه اگر تمایل دارید چندین بار در روز از آن استفاده کنید. بر اساس نظرسنجی انجام شده توسط انجمن ملی قهوه در سال   ۲۰۲۰  ، افرادی در ایالات متحده به قهوه علاقه دارند به طور متوسط   ​​۳.۲   فنجان در روز مصرف می‌ کنند. این آمار شامل همه مصرف‌ کنندگان چای و هات چاکلت می‌ شود که آن‌ ها نیز به یک لیوان مناسب نیاز دارند و خرید ماگ باکیفیت برای آن‌ ها 
Garneek Coffee Workshop,ماگ مورنینگ Morning,,,,,,130000,,,False,ماگ - فنجان,https://garneekcoffee.com/product/%d9%85%d8%a7%da%af-%d9%85%d9%88%d8%b1%d9%86%db%8c%d9%86%da%af-morning/,"ماگ مورنینگ Morning 
  خرید ماگ قهوه با کیفیت یک سرمایه گذاری ارزشمند است، به ویژه اگر تمایل دارید چندین بار در روز از آن استفاده کنید. بر اساس نظرسنجی انجام شده توسط انجمن ملی قهوه در سال   ۲۰۲۰  ، افرادی در ایالات متحده به قهوه علاقه دارند به طور متوسط   ​​۳.۲   فنجان در روز مصرف می‌ کنند. این آمار شامل همه مصرف‌ کنندگان چای و هات چاکلت می‌ شود که آن‌ ها نیز به یک لیوان مناسب نیاز دارند و خرید م"
Garneek Coffee Workshop,فنجان اسپرسو  COFFEE کد 106,,,,,,60000,,,False,ماگ - فنجان,https://garneekcoffee.com/product/%d9%81%d9%86%d8%ac%d8%a7%d9%86-%d8%a7%d8%b3%d9%be%d8%b1%d8%b3%d9%88-%da%a9%d8%af108/,"فنجان اسپرسو COFFEE کد 106 
 به طور کلی  فنجان قهوه Coffee cup  ظرفی می باشد که برای نوشیدنی مدل های مختلف قهوه استفاده می شود که مهمترین آن فنجون های اسپرسو می باشد که بسیار پر استفاده می باشد. 
 در گذشته جنس و ماده اولیه ای که برای درست کردن فنجان قهوه استفاده میشد با امروزه متفاوت است. در گذشته خاک رس و چوب اصلی ترین مواد اولیه به حساب می آمدند، در حالی که امروزه سرامیک، شیشه، کاغذ و استیل می ب"
Garneek Coffee Workshop,فنجان اسپرسو دریم Dream کد 135,,,,,,65000,,,False,ماگ - فنجان,https://garneekcoffee.com/product/%d9%81%d9%86%d8%ac%d8%a7%d9%86-%d8%a7%d8%b3%d9%be%d8%b1%d8%b3%d9%88-%d8%af%d8%b1%db%8c%d9%85-dream/,"فنجان اسپرسو دریم Dream کد 135 
 به طور کلی   فنجان قهوه  Coffee cup  ظرفی می باشد که برای نوشیدنی مدل های مختلف قهوه استفاده می شود که مهمترین آن فنجون های اسپرسو می باشد که بسیار پر استفاده می باشد. 
 در گذشته جنس و ماده اولیه ای که برای درست کردن فنجان قهوه استفاده میشد با امروزه متفاوت است. در گذشته خاک رس و چوب اصلی ترین مواد اولیه به حساب می آمدند، در حالی که امروزه سرامیک، شیشه، کاغذ و استی"
Garneek Coffee Workshop,فنجان اسپرسو سرامیکی رنگی کد 103,,,,,,50000,,,False,ماگ - فنجان,https://garneekcoffee.com/product/%d9%81%d9%86%d8%ac%d8%a7%d9%86-%d8%a7%d8%b3%d9%be%d8%b1%d8%b3%d9%88-%d8%b3%d8%b1%d8%a7%d9%85%db%8c%da%a9%db%8c-%d8%b1%d9%86%da%af%db%8c/,"فنجان اسپرسو سرامیکی رنگی کد 103 
 به طور کلی   فنجان قهوه  Coffee cup  ظرفی می باشد که برای نوشیدنی مدل های مختلف قهوه استفاده می شود که مهمترین آن فنجون های اسپرسو می باشد که بسیار پر استفاده می باشد. 
 در گذشته جنس و ماده اولیه ای که برای درست کردن فنجان قهوه استفاده میشد با امروزه متفاوت است. در گذشته خاک رس و چوب اصلی ترین مواد اولیه به حساب می آمدند، در حالی که امروزه سرامیک، شیشه، کاغذ و اس"
Garneek Coffee Workshop,ماگ مینیمال,,,,,,130000,,,True,ماگ - فنجان,https://garneekcoffee.com/product/%d9%85%d8%a7%da%af-%d9%85%db%8c%d9%86%db%8c%d9%85%d8%a7%d9%84/,"ماگ مینیمال 
  خرید ماگ قهوه با کیفیت یک سرمایه گذاری ارزشمند است، به ویژه اگر تمایل دارید چندین بار در روز از آن استفاده کنید. بر اساس نظرسنجی انجام شده توسط انجمن ملی قهوه در سال   ۲۰۲۰  ، افرادی در ایالات متحده به قهوه علاقه دارند به طور متوسط   ​​۳.۲   فنجان در روز مصرف می‌ کنند. این آمار شامل همه مصرف‌ کنندگان چای و هات چاکلت می‌ شود که آن‌ ها نیز به یک لیوان مناسب نیاز دارند و خرید ماگ باکیف"
Garneek Coffee Workshop,فرنچ پرس مدل  350 TRENDY,,,,,,230000,,,False,فرنچ پرس,https://garneekcoffee.com/product/%d9%81%d8%b1%d9%86%da%86-%d9%be%d8%b1%d8%b3-%d9%85%d8%af%d9%84-350-trendy/,"قهوه ساز‌های   فرنچ پرس   از گذشته‌های دور وسیله‌ای ساده و با سرعت عملکرد بالا جهت آماده کردن یک فنجان قهوهٔ دم شده بوده‌اند. دستگاه فرنچ پرس مدل 350 trendyگنجایشی معادل ۳۵۰ میلی لیتر را داشته و علاوه بر داشتن طراحی زیبا، قابلیت آماده‌سازی دو فنجان قهوه را برای شما فراهم می‌کند. 
 جداره پلاستیکی آن کیفیتی مرغوب دارد و به آسانی تمیز شده و از شیشه قهوه‌ساز در مقابل ضربات محافظت به عمل می‌آورد. از ای"
Garneek Coffee Workshop,فرنچ پرس مدل M350,,,,,,170000,,,False,فرنچ پرس,https://garneekcoffee.com/product/%d9%81%d8%b1%d9%86%da%86-%d9%be%d8%b1%d8%b3-%d9%85%d8%af%d9%84-m350/,"قهوه ساز‌های  فرنچ پرس  از گذشته‌های دور وسیله‌ای ساده و با سرعت عملکرد بالا جهت آماده کردن یک فنجان قهوهٔ دم شده بوده‌اند. دستگاه فرنچ پرس مدل M350 گنجایشی معادل ۳۵۰ میلی لیتر را داشته و علاوه بر داشتن طراحی زیبا، قابلیت آماده‌سازی دو فنجان قهوه را برای شما فراهم می‌کند. 
 جداره پلاستیکی آن کیفیتی مرغوب دارد و به آسانی تمیز شده و از شیشه قهوه‌ساز در مقابل ضربات محافظت به عمل می‌آورد. از این وسیله"
Garneek Coffee Workshop,برنر قهوه فندک دار (مینی گاز)burner,,,,,,850000,,,False,هیتر,https://garneekcoffee.com/product/%d8%a8%d8%b1%d9%86%d8%b1-%d9%82%d9%87%d9%88%d9%87-%d9%81%d9%86%d8%af%da%a9-%d8%af%d8%a7%d8%b1-%d9%85%db%8c%d9%86%db%8c-%da%af%d8%a7%d8%b2burner/,"برنر قهوه فندک دار (مینی گاز)burner 
  برنر قهوه  باعث می‌ شود هنگام دم کردن  قهوه ترک  نهایت تسلط را داشته باشید. خصوصاً با نزدیک شدن فرآیند تهیه ی قهوه به مراحل پایانی، توانایی کاهش گرما بسیار اهمیت دارد زیرا مانع از آن می‌ شود که جوش و خروش طبیعی قهوه بسیار شدید شود. این تسلط به شما اجازه خواهد داد فوم  یکدست بر روی قهوه حفظ شود و عصاره گیری مناسب انجام شود. به همین دلیل، اجاق کوچک با کنترل شعل"
Garneek Coffee Workshop,فیلتر کاغذی وی  60 کد 86,,,,,,240000,,,False,فیلتر دستگاه,https://garneekcoffee.com/product/%d9%81%db%8c%d9%84%d8%aa%d8%b1-%da%a9%d8%a7%d8%ba%d8%b0%db%8c-%d9%88%db%8c-60/,"فیلتر کاغذی وی 60 کد 86  
 برای ابزار قهوه‌ساز وی ۶۰، مناسب است. شاید لازم به یادآوری باشد که برای اینکه یک فنجان قهوه خوب داشته باشید لازم است از فیلتر قهوه مناسبی استفاده کنید. شکل نیم‌دایره و مخروطی این فیلتر برای عصاره‌گیری قهوه در این ابزار مناسب است. فیلتر قهوه می‌تواند از ورود عوامل موثر بر تلخی، روغن و تفاله قهوه به داخل فنجان جلوگیری کند. و این سبب می‌شود تا قهوه دلنشینی را تجربه کنید. 
 "
Garneek Coffee Workshop,تراول ماگ LC1916,,,,,,290000,,,False,تراول ماگ,https://garneekcoffee.com/product/%d8%aa%d8%b1%d8%a7%d9%88%d9%84-%d9%85%d8%a7%da%af-lc1916/,"تراول ماگ   
 مسلما هیچ کدام از ما تمایل به نوشیدن قهوه سرد شده و یا نوشیدنی خنکی که گرم شده است را نداریم. به خصوص هنگام سفر، استفاده از لیوان های معمولی جهت نوشیدن در فضای باز بسیار نامناسب است و قبل از آن که نوشیدنی خود را تمام کنید ، دمای آن تغییر خواهد کرد. اما راه حل چیست؟ 
 ماگ سفری یا لیوان های مسافرتی نوعی از لیوان هستند که با بدنه عایق یندی شده مانع از تغییر دمای نوشیدنی می شوند. یک نعمت"
Garneek Coffee Workshop,تراول ماگ دماسنج دار نیم لیتری,,,,,,350000,,,False,تراول ماگ,https://garneekcoffee.com/product/%d8%aa%d8%b1%d8%a7%d9%88%d9%84-%d9%85%d8%a7%da%af-%d8%af%d9%85%d8%a7%d8%b3%d9%86%d8%ac-%d8%af%d8%a7%d8%b1-%d9%86%db%8c%d9%85-%d9%84%db%8c%d8%aa%d8%b1%db%8c/,"تراول ماگ دماسنج دار نیم لیتری  
 خوشت دست بودن این ماگ دیجیتالی و استوانه ایی بودن این محصول منحصر به فرد است و خیلی خوب روی دست قرار میگیرد. 
 موقع کوهنوردی، سفر و… به همراه داشتن آب سرد یا گرم به شرط این که دمای آب تغییر نکند لازم است. فلاسک دماسنج دار با طراحی هوشمندانه و دارای سنسور دمای هوشمند برای اندازه گیری دما است که به راحتی میتوانید با ضربه زدن روی صفحه LCD آن از داغ بودن یا سرد بودن م"
Garneek Coffee Workshop,تراول ماگ 180 میل کاواله,,,,,,420000,,,True,تراول ماگ,https://garneekcoffee.com/product/%d8%aa%d8%b1%d8%a7%d9%88%d9%84-%d9%85%d8%a7%da%af-mt-8522/,"تراول ماگ 180 میل کاواله 
 مسلما هیچ کدام از ما تمایل به نوشیدن قهوه سرد شده و یا نوشیدنی خنکی که گرم شده است را نداریم. به خصوص هنگام سفر، استفاده از لیوان های معمولی جهت نوشیدن در فضای باز بسیار نامناسب است و قبل از آن که نوشیدنی خود را تمام کنید ، دمای آن تغییر خواهد کرد. اما راه حل چیست؟ 
 تراول ماگ 180 میل کاواله یا لیوان های مسافرتی نوعی از لیوان هستند که با بدنه عایق یندی شده مانع از تغییر "
Garneek Coffee Workshop,تراول ماگ LC1891,,,,,,400000,,,True,تراول ماگ,https://garneekcoffee.com/product/%d8%aa%d8%b1%d8%a7%d9%88%d9%84-%d9%85%d8%a7%da%af-lc1891/,"تراول ماگ LC1891 
 مسلما هیچ کدام از ما تمایل به نوشیدن قهوه سرد شده و یا نوشیدنی خنکی که گرم شده است را نداریم. به خصوص هنگام سفر، استفاده از لیوان های معمولی جهت نوشیدن در فضای باز بسیار نامناسب است و قبل از آن که نوشیدنی خود را تمام کنید ، دمای آن تغییر خواهد کرد. اما راه حل چیست؟ 
 ماگ سفری یا لیوان های مسافرتی نوعی از لیوان هستند که با بدنه عایق یندی شده مانع از تغییر دمای نوشیدنی می شوند. یک"
Garneek Coffee Workshop,سرور گلس سایز 3 کد 240,,,,,,300000,,,False,وی شصت; اوریگامی,https://garneekcoffee.com/product/%d8%b3%d8%b1%d9%88%d8%b1-%da%af%d9%84%d8%b3-%d9%88%db%8c-%d8%b4%d8%b5%d8%aa-%d9%88-%d8%a7%d9%88%d8%b1%db%8c%da%af%d8%a7%d9%85%db%8c-%d8%b3%d8%a7%db%8c%d8%b2-3/,"سرور گلس وی شصت و اوریگامی سایز 3  
 یک ظرف (جام)، استاندارد برای روش های دمی قهوه به صورت دستی همچون ، pourover که به راحتی می توان از آن هم در منزل و هم در کافی شاپ ها بهره گرفت.  این سرور در اندازه 800میلی لیتر ساخت کشور چین می باشد 
 از ویژگی های منحصر به فرد این محصول می توان به شیشه ضخیم و بسیار با کیفیت  ، با درب شیشه ای و قاب پلاستیکی که باعث بسته شدن محکمتر درب سرور می شودو کیپ شدن کامل ب"
Garneek Coffee Workshop,سرور گلس سایز 1 برند L-Beans,,,,Whole bean,,450000,,,True,وی شصت; اوریگامی,https://garneekcoffee.com/product/%d8%b3%d8%b1%d9%88%d8%b1-%da%af%d9%84%d8%b3-%d9%88%db%8c-%d8%b4%d8%b5%d8%aa-%d9%88-%d8%a7%d9%88%d8%b1%db%8c%da%af%d8%a7%d9%85%db%8c-%d8%b3%d8%a7%db%8c%d8%b2-1/,"سرور گلس سایز 1 برند L-Beans  
 یک ظرف (جام)، استاندارد برای روش های دمی قهوه به صورت دستی همچون ، pourover که به راحتی می توان از آن هم در منزل و هم در کافی شاپ ها بهره گرفت.  این سرور در اندازه 300میلی لیتر ساخت کشور چین می باشد 
 از ویژگی های منحصر به فرد این محصول می توان به شیشه ضخیم و بسیار با کیفیت  ، با درب شیشه ای و قاب پلاستیکی که باعث بسته شدن محکمتر درب سرور می شودو کیپ شدن کامل بدون ن"
Garneek Coffee Workshop,قهوه ساز وی شصت سرامیکی کد 97,,,,,,470000,,,True,وی شصت,https://garneekcoffee.com/product/%d9%82%d9%87%d9%88%d9%87-%d8%b3%d8%a7%d8%b2-%d9%88%db%8c-%d8%b4%d8%b5%d8%aa-%d8%b3%d8%b1%d8%a7%d9%85%db%8c%da%a9%db%8c-v60/,"قهوه ساز وی 60  سرامیکی  یکی از محبوبترین روش دم کردن قهوه می باشد. جذابیت درست کردن قهوه در وی 60 یا دریپر سرامیکی به عشق و علاقه و صبروحوصله شما بستگی دارد. دریپر یا قطره چکان قهوه برای دم کردن قهوه جهت استفاده شخصی و کافی شاپ‌ها مورد استفاده قرار می گیرد. 
 بدلیل مخروطی شکل بودن این قهوه ساز که با زاویه 60 درجه طراحی شده است این امکان را به آب می دهد تا مرکز بالا آمده و جریان داشته باشد. و زمان"
Garneek Coffee Workshop,دریپر اوریگامی Origami dripper,,,,,,260000,,,True,اوریگامی,https://garneekcoffee.com/product/%d9%82%d9%87%d9%88%d9%87-%d8%b3%d8%a7%d8%b2-%d8%a7%d9%88%d8%b1%db%8c%da%af%d8%a7%d9%85%db%8c-origami-dripper/,"دریپر اوریگامی   
  برای دم کردن قهوه  
   
دم افزاری که داری شیار های عمودی هست که کمک میکنه به تنظیم سرعت عصاره گیری تا طعمی یکنواخت از عصاره گیری قهوه به ما دهد.  
   
عبور هوا از بین شیار ها و فیلتر باعث تنظیم سرعت عصاره گیری می شود  
 &nbsp; 
 لازم به ذکر است استفاده از این ابزار نیاز به وسایلی و مهارت های خاص خودش را دارد ولی تجربه ای جدید و بی نظیر از عطر و طعم قهوه را برای شما عزیزان به ار"
Garneek Coffee Workshop,تراول ماگ کد 239,,,,,,370000,,,True,تراول ماگ,https://garneekcoffee.com/product/%d8%aa%d8%b1%d8%a7%d9%88%d9%84-%d9%85%d8%a7%da%af-mic/,"تراول ماگ کد 239 
 اگر شما هم جزو آن دسته از افرادی هستید که قهوه صبحگاهی یا نوشیدنی دلخواه‌تان را در طول مسیر به محل کار، دانشگاه یا سفر می‌نوشید،  تراول ماگ درب‌دار  دقیقاً همان چیزی‌ست که به آن نیاز دارید. این لیوان مسافرتی زیبا و کاربردی، نوشیدن را راحت‌تر، لذت‌بخش‌تر و ایمن‌تر می‌کند. 
 
 ویژگی‌های برجسته محصول: 
 ✅  نگهداری دمای عالی (گرم یا سرد)  
 تراول ماگ گارنیک با بدنه دوجداره‌ی عایق‌دا"
Garneek Coffee Workshop,بانکه قهوه (جنس استیل) قهوه ای رنگ,,,,,,170000,,,False,بانکه قهوه,https://garneekcoffee.com/product/%d8%a8%d8%a7%d9%86%da%a9%d9%87-%d9%82%d9%87%d9%88%d9%87-%d8%ac%d9%86%d8%b3-%d8%a7%d8%b3%d8%aa%db%8c%d9%84/,"محصولی ساخت کشور چین 
 برای نگهداری  قهوه، دمنوش و سایر خوراکی های خشک که نیاز به دمای یخچال ندارن، قوطی فلزی بهترین انتخاب می تونه باشه. 
 این جای  قهوه از جنس استیل ساخته شده. برای جلوگیری از زنگ زدگی داخل قوطی با لایه ای از فلز قلع پوشانده شده. به این عملیات قلع اندود کردن گفته میشه. برای همین هست که داخل قوطی سفید و براق بوده و از مواد خشک داخلش به خوبی مراقبت می کنه و اثر سو بر روی مواد غذایی"
Garneek Coffee Workshop,بانکه قهوه(جنس استیل ) مشکی رنگ,,,,,,150000,,,False,بانکه قهوه,https://garneekcoffee.com/product/%d8%a8%d8%a7%d9%86%da%a9%d9%87-%d9%82%d9%87%d9%88%d9%87%d8%ac%d9%86%d8%b3-%d8%a7%d8%b3%d8%aa%db%8c%d9%84/,"محصولی ساخت کشور چین 
 برای نگهداری  قهوه، دمنوش و سایر خوراکی های خشک که نیاز به دمای یخچال ندارن، قوطی فلزی بهترین انتخاب می تونه باشه. 
 این جای  قهوه از جنس استیل ساخته شده. برای جلوگیری از زنگ زدگی داخل قوطی با لایه ای از فلز قلع پوشانده شده. به این عملیات قلع اندود کردن گفته میشه. برای همین هست که داخل قوطی سفید و براق بوده و از مواد خشک داخلش به خوبی مراقبت می کنه و اثر سو بر روی مواد غذایی"
Garneek Coffee Workshop,موکاپات سه کاپ مخروطی کد 111,,,,,,460000,,,False,موکاپات,https://garneekcoffee.com/product/%d9%82%d9%87%d9%88%d9%87-%d8%ac%d9%88%d8%b4-%d8%a7%d8%b3%d9%be%d8%b1%d8%b3%d9%88-%d8%b3%d8%a7%d8%b2-%d8%af%d8%b3%d8%aa%db%8c-%d9%85%d9%88%da%a9%d8%a7%d9%be%d8%a7%d8%aa-%d8%b3%d9%87-%da%a9%d8%a7-5/,"موکاپات سه کاپ مخروطی 
 موکاپات یک قهوه جوش رو گازی است. 
 وسیله ای ساده که در 10 دقیقه می توانید با آن قهوه درست کنید. 
  موکاپات سه کاپ مات  را می توان بر روی اجاقهای گازی و برقی استفاده نمود، اما لازم است دسته پلاستیکی آن در مجاورت مستقیم شعله یا حرارت قرار نگیرد. 
این محصول قابلیت شستشو در ماشین ظرف‌شویی را ندارد و توصیه میشود فقط با دست و آب گرم شسته و با حوله کاملاً خشک شود. 
 نباید این محصو"
Garneek Coffee Workshop,موکاپات سه کاپ استوانه ای کد 116,,,,,,290000,,,False,موکاپات,https://garneekcoffee.com/product/%d9%82%d9%87%d9%88%d9%87-%d8%ac%d9%88%d8%b4-%d8%a7%d8%b3%d9%be%d8%b1%d8%b3%d9%88-%d8%b3%d8%a7%d8%b2-%d8%af%d8%b3%d8%aa%db%8c-%d9%85%d9%88%da%a9%d8%a7%d9%be%d8%a7%d8%aa-%d8%b3%d9%87-%da%a9%d8%a7-4/,"موکاپات سه کاپ استوانه ای 
 موکاپات یک قهوه جوش رو گازی است. 
 وسیله ای ساده که در 10 دقیقه می توانید با آن قهوه درست کنید. 
  موکاپات سه کاپ مات  را می توان بر روی اجاقهای گازی و برقی استفاده نمود، اما لازم است دسته پلاستیکی آن در مجاورت مستقیم شعله یا حرارت قرار نگیرد. 
این محصول قابلیت شستشو در ماشین ظرف‌شویی را ندارد و توصیه میشود فقط با دست و آب گرم شسته و با حوله کاملاً خشک شود. 
 نباید این "
Garneek Coffee Workshop,موکاپات سه کاپ ربوستا کد 112,,,,,,350000,,,False,موکاپات,https://garneekcoffee.com/product/%d9%82%d9%87%d9%88%d9%87-%d8%ac%d9%88%d8%b4-%d8%a7%d8%b3%d9%be%d8%b1%d8%b3%d9%88-%d8%b3%d8%a7%d8%b2-%d8%af%d8%b3%d8%aa%db%8c-%d9%85%d9%88%da%a9%d8%a7%d9%be%d8%a7%d8%aa-%d8%b3%d9%87-%da%a9%d8%a7-3/,"موکاپات سه کاپ ربوستا 
 موکاپات یک قهوه جوش رو گازی است. 
 وسیله ای ساده که در 10 دقیقه می توانید با آن قهوه درست کنید. 
  موکاپات سه کاپ مات  را می توان بر روی اجاقهای گازی و برقی استفاده نمود، اما لازم است دسته پلاستیکی آن در مجاورت مستقیم شعله یا حرارت قرار نگیرد. 
این محصول قابلیت شستشو در ماشین ظرف‌شویی را ندارد و توصیه میشود فقط با دست و آب گرم شسته و با حوله کاملاً خشک شود. 
 نباید این محصو"
Garneek Coffee Workshop,موکاپات سه کاپ رنگی کد 114,,,,,,290000,,,False,موکاپات,https://garneekcoffee.com/product/%d9%82%d9%87%d9%88%d9%87-%d8%ac%d9%88%d8%b4-%d8%a7%d8%b3%d9%be%d8%b1%d8%b3%d9%88-%d8%b3%d8%a7%d8%b2-%d8%af%d8%b3%d8%aa%db%8c-%d9%85%d9%88%da%a9%d8%a7%d9%be%d8%a7%d8%aa-%d8%b3%d9%87-%da%a9%d8%a7-2/,"موکاپات سه کاپ رنگی 
 ارزان‌ترین وسیله برای درست کردن اسپرسو در خانه، موکاپات است. 
 موکاپات یک قهوه جوش رو گازی است. 
 وسیله ای ساده که در 10 دقیقه می توانید با آن قهوه درست کنید. 
  موکاپات سه کاپ مات  را می توان بر روی اجاقهای گازی و برقی استفاده نمود، اما لازم است دسته پلاستیکی آن در مجاورت مستقیم شعله یا حرارت قرار نگیرد. 
این محصول قابلیت شستشو در ماشین ظرف‌شویی را ندارد و توصیه میشود فقط با"
Garneek Coffee Workshop,اسپرسو ساز جمیلای مدل CRM3605,,,,,,8400000,,,False,دستگاه اسپرسوساز نیمه اتوماتیک; دستگاه اسپرسوساز جیمیلای,https://garneekcoffee.com/product/%d8%a7%d8%b3%d9%be%d8%b1%d8%b3%d9%88-%d8%b3%d8%a7%d8%b2-%d8%ac%d9%85%db%8c%d9%84%d8%a7%db%8c-%d9%85%d8%af%d9%84-crm3605-%d8%a8%d8%a7-%d8%aa%d9%88%d8%a7%d9%86-%d9%85%d8%b5%d8%b1%d9%81%db%8c-1450-%d9%88/,"اسپرسو ساز جمیلای مدل CRM3605  
 
 اسپرسوساز نیمه صنعتی جیمیلای مدل Gemilai CRM3605 با قدرت بخار 15 بار و قدرت توان مصرفی 1450 وات با نشانگر درجه فشار بخار عقربه ای یک  قهوه ساز و اسپرسو ساز نیمه صنعتی  و بسیار قوی محسوب می شود. 
 اسپرسو خارج شده از این دستگاه با گرمای عالی نشان دهنده ی قدرت بسیار خوب جیمیلای است. جیمیلای مدل Gemilai CRM3605 مجهز به نازل تولید بخار و آب جوش است که از آن برای تهیه "
Garneek Coffee Workshop,قهوه فوری کاپوچینو ساشه ای استارباکس,,,,,,350000,,,False,سه در یک,https://garneekcoffee.com/product/%d9%82%d9%87%d9%88%d9%87-%d9%81%d9%88%d8%b1%db%8c-%da%a9%d8%a7%d9%be%d9%88%da%86%db%8c%d9%86%d9%88-%d8%b3%d8%a7%d8%b4%d9%87-%d8%a7%db%8c-%d8%a7%d8%b3%d8%aa%d8%a7%d8%b1%d8%a8%d8%a7%da%a9%d8%b3/,"قهوه فوری کاپوچینو ساشه ای استارباکس  
 کالا پیش رو یکی از بهترین برندهای قهوه در سطح جهان می باشد که البته این روزها کمی کمیاب و نادر نیز هست، زیرا کیفیت فوق العاده بالایی دارد و افراد بیشماری طرفدار آن هستند. محصول فوق شامل 10 عدد ساشه  قهوه فوری  کاملا خرد شده می باشد که به راحتی می توانید آن را در انواع ماگ سرو نمایید . با استفاده از آن لذت چشیدن یک قهوه خوش طعم را تجربه خواهید کرد. لازم به ذک"
Garneek Coffee Workshop,ساشه قهوه فوری کارامل لاته استارباکس,,,,,,350000,,,False,سه در یک,https://garneekcoffee.com/product/%d8%b3%d8%a7%d8%b4%d9%87-%d9%82%d9%87%d9%88%d9%87-%d9%81%d9%88%d8%b1%db%8c-%da%a9%d8%a7%d8%b1%d8%a7%d9%85%d9%84-%d9%84%d8%a7%d8%aa%d9%87-%d8%a7%d8%b3%d8%aa%d8%a7%d8%b1%d8%a8%d8%a7%da%a9%d8%b3/,"ساشه قهوه فوری کارامل لاته استارباکس  
 کالا پیش رو یکی از بهترین برندهای قهوه در سطح جهان می باشد که البته این روزها کمی کمیاب و نادر نیز هست، زیرا کیفیت فوق العاده بالایی دارد و افراد بیشماری طرفدار آن هستند. محصول فوق شامل 10 عدد ساشه  قهوه فوری  کاملا خرد شده می باشد که به راحتی می توانید آن را در انواع ماگ سرو نمایید . با استفاده از آن لذت چشیدن یک قهوه خوش طعم را تجربه خواهید کرد. لازم به ذک"
Garneek Coffee Workshop,قهوه فوری کافه لاته استارباکس,,,,,,350000,,,False,سه در یک,https://garneekcoffee.com/product/%d9%82%d9%87%d9%88%d9%87-%d9%81%d9%88%d8%b1%db%8c-%da%a9%d8%a7%d9%81%d9%87-%d9%84%d8%a7%d8%aa%d9%87-%d8%a7%d8%b3%d8%aa%d8%a7%d8%b1%d8%a8%d8%a7%da%a9%d8%b3/,"قهوه فوری کافه لاته استارباکس  
 قهوه فوری کافه لاته استارباکس 14 گرمی ،  از دانه های عربیکا و پودر شیر نیم چرب در کشور ترکیه تهیه شده است. 
این محصول استارباکس با طعم کافه لاته هم بسیار خوشمزه و هم بسیار خوش رایحه می باشد. 
طعم بی نظیر  قهوه فوری  با لایه ایی از کف شیری استارباکس را تجربه خواهید کرد. مانع از خواب آلودگی می شد. خستگی را از بین می برد و موجب شادی و افزایش انرژی می گردد. 
استفاده بس"
Garneek Coffee Workshop,ساشه قهوه فوری استارباکس با طعم موکا,,,,,,350000,,,False,سه در یک,https://garneekcoffee.com/product/%d8%b3%d8%a7%d8%b4%d9%87-%d9%82%d9%87%d9%88%d9%87-%d9%81%d9%88%d8%b1%db%8c-%d8%a7%d8%b3%d8%aa%d8%a7%d8%b1%d8%a8%d8%a7%da%a9%d8%b3-%d8%a8%d8%a7-%d8%b7%d8%b9%d9%85-%d9%85%d9%88%da%a9%d8%a7/,"ساشه قهوه فوری استارباکس با طعم موکا  
 قهوه فوری استارباکس طعم کاکائو یکی از خوش طعم ترین قهوه های فوری استارباکس است. برای تهیه این نوشیدنی کافی است  پودر قهوه فوری  را در فنجان ریخته و به آن آب داغ اضافه نماید و نوشیدنی خود را نوش جان کنید.    ساشه قهوه فوری استارباکس با طعم موکا  
 هر بسته شامل 10 ساشه 14گرمی 
 طعم شکلات موکا 
 فوری و بدون نیاز به دم آوری 
 اورجینال کشور ترکیه"
Garneek Coffee Workshop,ساشه قهوه فوری استارباکس با طعم وانیل لاته,,,,,,350000,,,False,سه در یک,https://garneekcoffee.com/product/%d8%b3%d8%a7%d8%b4%d9%87-%d9%82%d9%87%d9%88%d9%87-%d9%81%d9%88%d8%b1%db%8c-%d8%a7%d8%b3%d8%aa%d8%a7%d8%b1%d8%a8%d8%a7%da%a9%d8%b3-%d8%a8%d8%a7-%d8%b7%d8%b9%d9%85-%d9%88%d8%a7%d9%86%db%8c%d9%84-%d9%84/,"ساشه قهوه فوری استارباکس با طعم وانیل لاته  
 قهوه فوری کافه لاته استارباکس 14 گرمی ،  از دانه های عربیکا و پودر شیر نیم چرب در کشور ترکیه تهیه شده است. 
این محصول استارباکس با طعم کافه لاته هم بسیار خوشمزه و هم بسیار خوش رایحه می باشد. 
طعم بی نظیر  قهوه فوری  با لایه ایی از کف شیری استارباکس را تجربه خواهید کرد. مانع از خواب آلودگی می شد. خستگی را از بین می برد و موجب شادی و افزایش انرژی می گردد"
Garneek Coffee Workshop,بسته کافی میت نستله  1 کیلویی,,,,,1000.0,480000,48000.0,,False,کافی میت,https://garneekcoffee.com/product/%d8%a8%d8%b3%d8%aa%d9%87-%da%a9%d8%a7%d9%81%db%8c-%d9%85%db%8c%d8%aa-%d9%86%d8%b3%d8%aa%d9%84%d9%87-1-%da%a9%db%8c%d9%84%d9%88%db%8c%db%8c/,"بسته کافی میت نستله 1 کیلویی  
 امروزه در دنیای مدرن نوشیدنی هایی وارد بازار شده اند که خیلی معروف شده اند. یکی از نوشیدنیهایی که بسیار معروف و محبوب شد کافی میت بود. کافی میت با استفاده از خواص و طعم فوق العاده ای که دارد توانست خیلی ها را مجذوب خود کند و یکی از بی نظیر ترین نوشیدنی های جهان را از آن خود کند. 
 کافی میت یکی ازبهترین نوشیدنی های جهان است و خیلی ها در سر تا سر جهان مشتری و طرفدار ا"
Garneek Coffee Workshop,کافی میت قوطی نستله اورجینال 400 گرمی,,,,,400.0,450000,112500.0,,False,کافی میت,https://garneekcoffee.com/product/%da%a9%d8%a7%d9%81%db%8c-%d9%85%db%8c%d8%aa-%d9%82%d9%88%d8%b7%db%8c-%d9%86%d8%b3%d8%aa%d9%84%d9%87-%d8%a7%d9%88%d8%b1%d8%ac%db%8c%d9%86%d8%a7%d9%84-400-%da%af%d8%b1%d9%85%db%8c/,"کافی میت قوطی نستله اورجینال 400 گرمی  
 کافی میت نستله یک افزودنی عالی و خوشمزه برای قهوه، این پودر غیر لبنی که  فاقد لاکتوز  
 و  کلسترول  است، قهوه ی شما را خامه ای کرده و آن را مقوی تر و خوش مزه تر می سازد و 
 سبب می شود قهوه ی شما طعمی عالی به خود بگیرد. 
 برخوردار بودن از قیمت بسیار مناسب از ویژگی های این محصول است. 
 «کافی میت»،«Coffee-Mate» در اشکال مختلف و به صورت مایع، پودر، تغلیظ شده، ک"
Garneek Coffee Workshop,کافی میت نستله اورجینال 200 گرم,,,,,200.0,250000,125000.0,,False,کافی میت,https://garneekcoffee.com/product/%da%a9%d8%a7%d9%81%db%8c-%d9%85%db%8c%d8%aa-%d9%86%d8%b3%d8%aa%d9%84%d9%87-%d8%a7%d9%88%d8%b1%d8%ac%db%8c%d9%86%d8%a7%d9%84-200-%da%af%d8%b1%d9%85/,"کافی میت نستله اورجینال 200 گرم  
 کافی میت نستله یک افزودنی عالی و خوشمزه برای قهوه، این پودر غیر لبنی که فاقد لاکتوز و کلسترول است، قهوه ی شما را خامه ای کرده و آن را مقوی تر و خوش مزه تر می سازد و سبب می شود قهوه ی شما طعمی عالی به خود بگیرد. 
برخوردار بودن از قیمت بسیار مناسب از ویژگی های این محصول است. «کافی میت»،«Coffee-Mate» در اشکال مختلف و به صورت مایع، پودر، تغلیظ شده، کم چرب و رژیمی (بد"
Garneek Coffee Workshop,پودر قهوه علی کافه مدل Black Gold بسته 20 عددی,,,,Ground,,2500000,,,False,سه در یک,https://garneekcoffee.com/product/%d9%be%d9%88%d8%af%d8%b1-%d9%82%d9%87%d9%88%d9%87-%d8%b9%d9%84%db%8c-%da%a9%d8%a7%d9%81%d9%87-%d9%85%d8%af%d9%84-black-gold-%d8%a8%d8%b3%d8%aa%d9%87-20-%d8%b9%d8%af%d8%af%db%8c/,"پودر قهوه علی کافه مدل Black Gold بسته 20 عددی  
 قهوه فوری علی کافه با طعم جنسینگ،بدوت شکر میباشد که دارای طعم و بوی کاملا طبیعی، برگرفته از بهترین دانه قهوه عربیکا است.از مزایای  قهوه فوری  میتوان به سرعت آماده سازی،وزن و حجم کم در مقایسه با دانه قهوه اشاره کرد که به افراد این امکان را میدهد با افزودن اب داغ، قهوه را به سرعت تهیه کنند.    پودر قهوه علی کافه مدل Black Gold بسته 20 عددی  
 2در 1 
"
Garneek Coffee Workshop,پودر قهوه علی کافه &#8211; 135 گرم بسته 40 عددی,,,,Ground,135.0,370000,274074.0,,False,سه در یک,https://garneekcoffee.com/product/%d9%be%d9%88%d8%af%d8%b1-%d9%82%d9%87%d9%88%d9%87-%d8%b9%d9%84%db%8c-%da%a9%d8%a7%d9%81%d9%87-135-%da%af%d8%b1%d9%85-%d8%a8%d8%b3%d8%aa%d9%87-40-%d8%b9%d8%af%d8%af%db%8c/,"قهوه فوری علی کافه با طعم جنسینگ،بدوت شکر میباشد که دارای طعم و بوی کاملا طبیعی، برگرفته از بهترین دانه  قهوه عربیکا  است.از مزایای قهوه فوری میتوان به سرعت آماده سازی،وزن و حجم کم در مقایسه با دانه قهوه اشاره کرد که به افراد این امکان را میدهد با افزودن اب داغ، قهوه را به سرعت تهیه کنند.   2 در 1 
 بدون شکر 
 40عددی 
 محصول کشور مالزی"
Garneek Coffee Workshop,قهوه فوری دیویدوف DAVIDOFF مدل ریچ آروما,,,,,,490000,,,False,قهوه فوری,https://garneekcoffee.com/product/%d9%82%d9%87%d9%88%d9%87-%d9%81%d9%88%d8%b1%db%8c-%d8%af%db%8c%d9%88%db%8c%d8%af%d9%88%d9%81-%d9%81%d8%a7%db%8c%d9%86-%d8%a2%d8%b1%d9%88%d9%85%d8%a7/,"قهوه فوری دیویدوف DAVIDOFF مدل ریچ آروما 
 قهوه فوری دیویدوف DAVIDOFF مدل ریچ آروما از قهوه های محلی 
و اورگانیک کوههای کلمبیا و آمریکای جنوبی تهیه شده است. 
این  قهوه فوری   خوشمزه با بهترین کیفیت با روش سرمایش و 
گرمایش بسیار سریع تولید شده است و برای متعادل کردن 
طعم آن به روش بسیار خاصی هر دانه نسکافه دیویدوف کاراملایز شده است. 
این قهوه دارای طعم بسیار متعادل ، 
یکنخواخت و خوش طعم است. عطر آن"
Garneek Coffee Workshop,قهوه فوری گلد نسکافه &#8211; 190 گرم,,,,,190.0,450000,236842.0,,False,قهوه فوری,https://garneekcoffee.com/product/%d9%82%d9%87%d9%88%d9%87-%d9%81%d9%88%d8%b1%db%8c-%da%af%d9%84%d8%af-%d9%86%d8%b3%da%a9%d8%a7%d9%81%d9%87-190-%da%af%d8%b1%d9%85/,"قهوه فوری گلد نسکافه &#8211; 190 گرم   
  برای درست کردن قهوه فوری نسکافه، آب با دمای   ۸۰   درجه سانتیگراد را به لیوان خود اضافه کنید. سپس   ۲   گرم (  ۱   قاشق چای خوری) نسکافه به آن اضافه کرده و خوب هم بزنید. توجه کنید که شما می توانید با توجه به طعم مورد علاقه تان، به لیوان قهوه خود شکر، شیر و حتی کافی میت اضافه کنید.      قهوه فوری گلد نسکافه  
  
  وزن   190 گرم   
  وزن بسته‌بندی   400 گرم "
Garneek Coffee Workshop,کاپوچینو تورابیکا رژیمی بدون قند Torabika,,,,,,600000,,,True,سه در یک; کاپوچینو,https://garneekcoffee.com/product/%da%a9%d8%a7%d9%be%d9%88%da%86%db%8c%d9%86%d9%88-%d8%aa%d9%88%d8%b1%d8%a7%d8%a8%db%8c%da%a9%d8%a7-%d8%b1%da%98%db%8c%d9%85%db%8c-%d8%a8%d8%af%d9%88%d9%86-%d9%82%d9%86%d8%af-torabika/,"کاپوچینو تورابیکا رژیمی بدون قند Torabika 
 برند ترابیکا Torabika یک نام تجاری تولید قهوه و کافی میکس است که از زیرمجموعه های کمپانی مواد غذایی اندونزیایی مایورا Mayora محسوب می شود. محصولات ترابیکا از بهترین نوع  قهوه عربیکا  و روبوستا همچنین شکر قهوه ای، شیر و خامه درجه یک و طبیعی ساخته شده اند. این نوع خاص از کاپوچینوی ترابیکا کاملا بدون قند و شکر است و به افراد دارای رژیم لاغری و بیماران دیابت"
Garneek Coffee Workshop,کاپوچینو تروبیکا (20 پک) اندونزی اصل,Indonesia,,,,,350000,,,False,سه در یک; کاپوچینو,https://garneekcoffee.com/product/%da%a9%d8%a7%d9%be%d9%88%da%86%db%8c%d9%86%d9%88-%d8%aa%d8%b1%d9%88%d8%a8%db%8c%da%a9%d8%a7-20-%d9%be%da%a9-%d8%a7%d9%86%d8%af%d9%88%d9%86%d8%b2%db%8c-%d8%a7%d8%b5%d9%84/,"کاپوچینو تروبیکا (20 پک) اندونزی اصل   
  
  میزان ارزش غذایی محصول در هر 256 گرم براساس اطلاعات سازمان غذا و دارو:   
  
   – انرژی : 108کیلوکالری   
  
   – قند : 10.75 گرم   
  
   – چربی : 5 گرم   
  
   – فاقد نمک و اسیدهای چرب ترانس   
  
  
   – حاوی 20 عدد ساشه 25 گرمی   
  
   – همراه هر ساشه کاپوچینو، یک بسته Choco Granule قرار گرفته      کاپوچینو تورابیکا (20 پک) اندونزی اصل  
  محتوی 2"
Garneek Coffee Workshop,پودر کاپوچینو فوری,,,,Ground,250.0,235000,94000.0,,False,کاپوچینو,https://garneekcoffee.com/product/%d9%be%d9%88%d8%af%d8%b1-%da%a9%d8%a7%d9%be%d9%88%da%86%db%8c%d9%86%d9%88-%d9%81%d9%88%d8%b1%db%8c/,"پودر کاپوچینو فوری  
 کاپوچینو از دسته نوشیدنی‌های قهوه با شیر بوده که ترکیب اصلی آن: اسپرسو، شیر و فوم (کف) شیر است. کاپوچینو نوعی  قهوه فوری  است که به سرعت و راحت آماده شده و برای تهیه آن نیاز به ابزار خاصی ندارید. برای فرآوری این محصول از قهوه و مواد اولیه با کیفیت استفاده شده است. 
 طرز تهیه کاپوچینو فوری 
 مرحله اول 
 برای تهیه کاپوچینو ابتدا قهوه فوری، شکر و آب جوش را در لیوان (فرانسوی) می "
Garneek Coffee Workshop,اسپرسو ساز نوا مدل 140,,,,,,8950000,,,True,دستگاه اسپرسوساز خانگی,https://garneekcoffee.com/product/%d8%a7%d8%b3%d9%be%d8%b1%d8%b3%d9%88-%d8%b3%d8%a7%d8%b2-%d9%86%d9%88%d8%a7-%d9%85%d8%af%d9%84-140-%d8%a7-nova-140-espersso-maker/,"اسپرسو ساز نوا مدل 140  
 قهوه ساز  140 NOVA  با طراحی عالی یک دستگاه پر قدرت و کاملاً کاربردی برای مصارف خانگی و یا کافه های کوچک است.اسپرسو ساز نوا 140 با قدرت بخار 15 بار یک قهوه ساز و اسپرسو ساز قوی محسوب می شود.اسپرسو خارج شده از این دستگاه با کرمای عالی نشان دهنده ی قدرت بسیار خوب نوا 140 است.نوا 140 مجهز به نازل تولید بخار و آب جوش است که از آن برای تهیه کاپوچینو و کف شیر و انواع نوشیدنیهای"
Garneek Coffee Workshop,اسپرسو ساز نوا مدل NOVA 149,,,,,,11500000,,,True,دستگاه اسپرسوساز خانگی,https://garneekcoffee.com/product/%d8%a7%d8%b3%d9%be%d8%b1%d8%b3%d9%88-%d8%b3%d8%a7%d8%b2-%d9%86%d9%88%d8%a7-%d9%85%d8%af%d9%84-nova-149-%d8%a7-nova-149-espresso-maker/,"اسپرسو ساز نوا مدل NOVA 149 
 با طراحی عالی، یک دستگاه پر قدرت و کاملاً کاربردی برای مصارف خانگی و یا کافه های کوچک می باشد. 
 اسپرسو ساز نوا 149 با قدرت بخار 15 بار و اجزا داخلی و لوله های بخار از فولاد ضد زنگ و قدرت 1250 وات می باشد، که یک قهوه ساز و اسپرسوساز قوی به شمار می رود. 
 اسپرسوساز نوا مدل 149 NOVA 
 اسپرسو خارج شده از این دستگاه با گرمای عالی، نشان دهنده ی قدرت بسیار خوب اسپرسوساز نوا"
Garneek Coffee Workshop,اسپرسو ساز مباشی مدل ME-ECM 2034,,,,,,10700000,,,False,دستگاه اسپرسوساز خانگی; دستگاه اسپرسوساز مباشی,https://garneekcoffee.com/product/%d8%a7%d8%b3%d9%be%d8%b1%d8%b3%d9%88-%d8%b3%d8%a7%d8%b2-%d9%85%d8%a8%d8%a7%d8%b4%db%8c-%d9%85%d8%af%d9%84-me-ecm-2034/,"اسپرسو ساز مباشی مدل ME-ECM 2034 
 مباشی 2034 یکی از 3 مدل دستگاه های خانگی شرکت مباشی است که یک مرحله از دستگاه های خانگی فراتر رفته و در طراز  دستگاه های نیمه صنعتی  سنجیده میشود اما دستگاه تماما نیمه صنعتی نیست و دلیل روشن آن 51 میلیمتر بودن سایز بسکت پرتافیلتر آن است که در دستگاه های نیمه صنعتی و صنعتی 58 میلیمتر است. 
 شرکت  مباشی  در 3 مدل 2014 ، 2033 و 2034 دستگاه های خانگی خود را ارتقا داد"
Garneek Coffee Workshop,اسپرسو ساز ساچی مدل NL-COF-7060S,,,,,,7500000,,,False,دستگاه اسپرسوساز خانگی; سایر برندها,https://garneekcoffee.com/product/%d8%a7%d8%b3%d9%be%d8%b1%d8%b3%d9%88-%d8%b3%d8%a7%d8%b2-%d8%b3%d8%a7%da%86%db%8c-%d9%85%d8%af%d9%84-nl-cof-7060s/,"اسپرسو ساز ساچی مدل NL-COF-7060S  
 پمپ فشار بخار اتوماتیک: 15 بار 
حداکثر ظرفیت دیگ بخار: 130 میلی لیتر 
شیر فشار بخار 
دارای جت بخار گردان برای پف کردن شیر 
مخزن شفاف و قابل جدا شدن 1.5 لیتر آب 
فیلتر قهوه آلومینیومی با قفل ایمنی و  ترازو  
بشقاب استراحت با عملکرد گرمایش اضافی 
خاموش شدن خودکار در صورت عدم استفاده به مدت 25 دقیقه    اسپرسو ساز ساچی مدل NL-COF-7060S  
 پمپ فشار بخار اتوماتیک: 15 "
Garneek Coffee Workshop,اسپرسو ساز مباشی مدل ME-ECM 2032,,,,,,7250000,,,False,دستگاه اسپرسوساز خانگی; دستگاه اسپرسوساز مباشی,https://garneekcoffee.com/product/%d8%a7%d8%b3%d9%be%d8%b1%d8%b3%d9%88-%d8%b3%d8%a7%d8%b2-%d9%85%d8%a8%d8%a7%d8%b4%db%8c-%d9%85%d8%af%d9%84-me-ecm-2032/,"ا سپرسو ساز مباشی مدل ME-ECM 2032  
  از جمله ویژگیهای این محصول داشتن موتور با فشار 20 بار و ظرفیت 1250 وات میباشد که باعث شده قهوه خروجی دارای کرمای با غلظت عالی باشد.  
  دارای بخار خروجی فوق العاده قوی میباشد.  
  دستگاه اسپرسوساز مباشی مدل 2032 مجهز به پیچ بخار   که امکان تهیه فوم شیر با غلظت های متفاوت را با تنظیم بخار خروجی فراهم می آورد.  
 مجهز به صفحه گرم نگهداره فنجان است که به شما کمک "
Garneek Coffee Workshop,اسپرسو ساز مباشی مدل 2031,,,,,,6700000,,,True,دستگاه اسپرسوساز خانگی; دستگاه اسپرسوساز مباشی,https://garneekcoffee.com/product/%d8%a7%d8%b3%d9%be%d8%b1%d8%b3%d9%88-%d8%b3%d8%a7%d8%b2-%d9%85%d8%a8%d8%a7%d8%b4%db%8c-%d9%85%d8%af%d9%84-2031/,"اسپرسو ساز مباشی مدل 2031 
  اسپرسوساز مباشی  مدل ECM 2031 آخرین مدل تولید شده از شرکت ژاپنی مباشی در سال 2021 است. اسپرسوساز مباشی ECM 2031 مثل دیگر دستگاه های شرکت مباشی در کمال سادگی از زیبایی همچنین جذابیت خاصی برخوردار است. 
 طراحان مدرن شرکت بی نظیر مباشی اسپرسوساز ECM 2031 را در سه رنگ مشکی, سفید یا شیری, قرمز طراحی کرده, سپس روانه ی بازار کردند. 
  قابلیت های اسپرسوساز مباشی 2031:  
 اسپرس"
Garneek Coffee Workshop,اسپرسو ساز دلونگی 351,,,,,,14000000,,,False,دستگاه اسپرسوساز خانگی; دستگاه اسپرسوساز دلونگی,https://garneekcoffee.com/product/%d8%a7%d8%b3%d9%be%d8%b1%d8%b3%d9%88-%d8%b3%d8%a7%d8%b2-%d8%af%d9%84%d9%88%d9%86%da%af%db%8c-351-%d8%a7-espresso-coffee-machine-delonghi-351/,"اسپرسو ساز دلونگی 351  
 اسپرسوساز دلونگی ECZ 351 با بهره گیری از سیستم مخصوص کاپوچینو ساز و تنظیمات مختلف در میزان بخار خروجی و ارتفاع باعث سهولت در استفاده برای افراد مبتدی و حرفه ای شده است. توان مصرفی این اسپرسوساز 1100 وات است، که با میزان فشار 15 بار می تواند انتخاب بسیار مناسبی برای تهیه انواع کاپوچینو و قهوه باشد. برای عمل آوری قهوه در این دستگاه می توان هم از پد و هم پودر قهوه استفاده کرد"
Garneek Coffee Workshop,فیلتر کاغذی قهوه (مدل کمکس 6 کاپ) کد 85,,,,,,450000,,,True,فیلتر دستگاه,https://garneekcoffee.com/product/%d9%81%db%8c%d9%84%d8%aa%d8%b1-%da%a9%d8%a7%d8%ba%d8%b0%db%8c-%d9%82%d9%87%d9%88%d9%87-%d9%85%d8%af%d9%84-%da%a9%d9%85%da%a9%d8%b3-6-%da%a9%d8%a7%d9%be-%d8%a8%d8%b3%d8%aa%d9%87-40%d8%b9%d8%af%d8%af/,"فیلتر کاغذی قهوه مدل کمکس 6 کاپ 
 مخصوص دم افزار  کمکس 6 کاپ  می باشد، فیلترهای کمکس 20-30% نسبت به سایر فیلتر ها ضخیم تر هستند که ریزترین ذرات رسوبی، روغن و چربی ها را به خود میگیرد و اجازه ی عبور آنها به داخل نوشیدنی را نمیدهد . فرمولاسیون این فیلترها با تنظیم میزان فیلتراسیون ، زمان دقیقی برای اینفیوژن یا تزریق فراهم میکند که نه خیلی کند باشد نه خیلی تند و سریع . اینفیوژن یا تزریق مناسب از سابه"
Garneek Coffee Workshop,ترازوی دیجیتال 3 کیلوگرم باریستا تایمردار کد 81,,,,,3000.0,680000,22667.0,,False,ترازو,https://garneekcoffee.com/product/%d8%aa%d8%b1%d8%a7%d8%b2%d9%88%db%8c-%d8%af%db%8c%d8%ac%db%8c%d8%aa%d8%a7%d9%84-%d8%a8%d8%a7-%d8%b8%d8%b1%d9%81%db%8c%d8%aa-3-%da%a9%db%8c%d9%84%d9%88%da%af%d8%b1%d9%85-%d8%a8%d8%a7%d8%b1%db%8c%d8%b3/,"ترازوی دیجیتال با ظرفیت 3 کیلوگرم باریستا تایمردار  
 محصولی مختص برای استفاده روش دم آوری قهوه بصورت قطره ای و پور اوور می باشد که به شما امکان اندازه گیری و نظارت دقیق در فرایند تهیه قهوه بصورت قطره ای می دهد. تایمر دقیق در کنار ترازوی دقیق می باشد که از  0.1 گرم تا 3 کیلوگرم  را به شما نشان می دهد. 
اندازه گیری دقیق تا دقت 0.1 گرمی که به شما دقت فوق العاده در تهیه رسپی و قهوه را به شما خواهد دا"
Garneek Coffee Workshop,قهوه جوش مسی (جذوه) 3نفره,,,,,,290000,,,True,قهوه جوش,https://garneekcoffee.com/product/%d9%82%d9%87%d9%88%d9%87-%d8%ac%d9%88%d8%b4-%d9%85%d8%b3%db%8c-%d8%ac%d8%b0%d9%88%d9%87-3%d9%86%d9%81%d8%b1%d9%87/,"قهوه جوش مسی (جذوه) 3نفره  
 قهوه جوش ترک یا همان جذوه عموما از مس ساخته می‌شود که پس از چکش‌کاری یک دسته بلند به آن متصل می‌شود. دلیل استفاده از مس به عنوان ماده اولیه تولید قهوه جوش قابلیت آن در انتقال حرارت است، استفاده از مس سبب می‌شود قهوه به صورت یک دست آماده شود. 
 حداقل نسبت قطر کف به دهانه قهوه جوش باید 1.5 به 1 باشد ، یعنی اگر قطر کف آن 9 سانتیمتر است قطر دهانه باید 6 سانتیمتر باشد. 
 جذ"
Garneek Coffee Workshop,دماسنج (ترموتر) ضدآب Thermo,,,,,,290000,,,False,دماسنج,https://garneekcoffee.com/product/%d8%af%d9%85%d8%a7%d8%b3%d9%86%d8%ac-%d8%aa%d8%b1%d9%85%d9%88%d8%aa%d8%b1-%d8%b6%d8%af%d8%a2%d8%a8-thermo/,"دماسنج (ترموتر) ضدآب  Thermo 
 دماسنج سوزنی ترموتر دقیق یکی از دماسنج هایی می باشد که هم استفاده صنعتی دارد و هم استفاده خانگی . این مدل برای اندازه گیری دمای مایعات می باشد. در منزل برای اندازه گیری دمای غذا و آب جوش و مواردی ازاین قبیل و در محیط های صنعتی هم جهت اندازه گیری موادشیمیایی و مایعات . همچنین می توان آن را در آزمایشگاه های صنایع غذائی بکار برد . اين نوع دماسنج در انواع مختلف ظاهری و ر"
Garneek Coffee Workshop,پودر شستشوی دستگاه اسپرسو ساز SPM,,,,Ground,,590000,,,False,مواد شوینده,https://garneekcoffee.com/product/%d9%be%d9%88%d8%af%d8%b1-%d8%b4%d8%b3%d8%aa%d8%b4%d9%88%db%8c-%d8%af%d8%b3%d8%aa%da%af%d8%a7%d9%87-%d8%a7%d8%b3%d9%be%d8%b1%d8%b3%d9%88-%d8%b3%d8%a7%d8%b2-spm/,"پودر شستشوی دستگاه اسپرسو ساز SPM  
 یکی از ابزارهای مهم و تاثیر گذار در کیفیت و عطر و طعم قهوه، دستگاه اسپرسو ساز است. نگهداری از این دستگاه علاوه بر افزایش طول عمر آن مستقیما بر کیفیت قهوه نیز تاثیر می گذارد. رسوباتی که در قسمت های مختلف دستگاه نشسته است اثری مستقیم بر کیفیت و سلامت آب در جریان مجرا و در نتیجه قهوه ای که عصاره گیری می کنید، دارد. برای حفظ سلامت دستگاه شما و از بین بردن چربی ها و"
Garneek Coffee Workshop,تمپر قهوه رزین سایز 51 کد 34,,,,,,40000,,,False,تمپر,https://garneekcoffee.com/product/%d8%aa%d9%85%d9%be%d8%b1-%d9%82%d9%87%d9%88%d9%87-%d8%b1%d8%b2%db%8c%d9%86-%d8%b3%d8%a7%db%8c%d8%b2-51/,"تمپر قهوه رزین سایز 51 
 یکی از مهم‌ترین ابزارهایی که یک باریستا نیاز دارد،یک تمپر قهوه خوب و مناسب است. اگر می‌خواهید اسپرسویی عالی داشته باشید، باید یک تمپر خوب هم تهیه کنید. 
 علت اهمیت به کار بردن تمپر این است که این ابزار دانه‌های اسپرسو را کمپرس می‌کند. باریستاها هر بار که اسپرسو دم می‌کنند، پورتافیلتر قهوه‌ساز را با پودر قهوه پر می‌کنند. 
 قبل از این‌که پورتافیلتر در قهوه‌ساز گذاشته شود، با"
Garneek Coffee Workshop,لولر قهوه سایز 58 کد 161,,,,,,265000,,,False,لولر,https://garneekcoffee.com/product/%d9%84%d9%88%d9%84%d8%b1-%d9%82%d9%87%d9%88%d9%87-%d8%b3%d8%a7%db%8c%d8%b2-58/,"لولر قهوه سایز 58  
 لولر یا تمپر یک وسیله برای تهیه اسپرسو می باشد که با اینکه برای کار بهتر باریستا لازم و ضروری است اما کمتر به آن توجه می شود. لولر یک وسیله ی بسیار ساده و کوچک می باشد که در خانواده تمپر قهوه قرار می گیرد به همین دلیل به آن تمپر گردون هم گفته می شود. وظیفه لولر این است که قهوه آسیاب شده در درون پرتافیلتر را به قرص قهوه تبدیل کند. 
 در تهیه کردن قهوه، میزان مجاورت قهوه با آب در"
Garneek Coffee Workshop,لولر قهوه سایز 51 کد 35,,,,,,210000,,,False,لولر,https://garneekcoffee.com/product/%d9%84%d9%88%d9%84%d8%b1-%d9%82%d9%87%d9%88%d9%87-%d8%b3%d8%a7%db%8c%d8%b2-51/,"لولر قهوه سایز 51  
 لولر یا تمپر یک وسیله برای تهیه اسپرسو می باشد که با اینکه برای کار بهتر باریستا لازم و ضروری است اما کمتر به آن توجه می شود. لولر یک وسیله ی بسیار ساده و کوچک می باشد که در خانواده تمپر قهوه قرار می گیرد به همین دلیل به آن تمپر گردون هم گفته می شود. وظیفه لولر این است که قهوه آسیاب شده در درون پرتافیلتر را به قرص قهوه تبدیل کند. 
 در تهیه کردن قهوه، میزان مجاورت قهوه با آب در"
Garneek Coffee Workshop,موکاپات سه کاپ ساده کد 115,,,,,,240000,,,False,موکاپات,https://garneekcoffee.com/product/%d9%82%d9%87%d9%88%d9%87-%d8%ac%d9%88%d8%b4-%d8%a7%d8%b3%d9%be%d8%b1%d8%b3%d9%88-%d8%b3%d8%a7%d8%b2-%d8%af%d8%b3%d8%aa%db%8c-%d9%85%d9%88%da%a9%d8%a7%d9%be%d8%a7%d8%aa-%d8%b3%d9%87-%da%a9%d8%a7/,"موکاپات سه کاپ ساده 
 ارزان‌ترین وسیله برای درست کردن اسپرسو در خانه، موکاپات است. 
 موکاپات یک قهوه جوش رو گازی است. 
 وسیله ای ساده که در 10 دقیقه می توانید با آن قهوه درست کنید. 
  موکاپات سه کاپ مات  را می توان بر روی اجاقهای گازی و برقی استفاده نمود، اما لازم است دسته پلاستیکی آن در مجاورت مستقیم شعله یا حرارت قرار نگیرد. 
این محصول قابلیت شستشو در ماشین ظرف‌شویی را ندارد و توصیه میشود فقط با"
Garneek Coffee Workshop,ظرف نگهداری قهوه,,,,,,55000,,,False,بانکه قهوه,https://garneekcoffee.com/product/%d8%b8%d8%b1%d9%81-%d9%86%da%af%d9%87%d8%af%d8%a7%d8%b1%db%8c-%d9%82%d9%87%d9%88%d9%87/,"ظرف نگهداری قهوه  
 مناسب برای نگهداری قهوه و پودرهای  قهوه فوری  و کافی میت به همراه درب از قسمت بالای ظرف 
  ساخت: ایران 
  جنس: پلاستیک فشرده 
  درب واشردار و کاملا پلمپ 
  ارتفاع: 13 سانت 
  قطر دهانه: 9 سانت 
  قطر بدنه: 29 سانت 
  رنگ بندی: مشکی 
  ظرفیت: حدود 300 گرم 
  کیفیت: درجه یک   
  ظرف نگهداری قهوه  
 جنس پلاستیک فشرده 
 فقط رنگبندی مشکی موجود می باشد 
 مناسب برای نگهداری 300گرم قهو"
Garneek Coffee Workshop,تمپر قهوه پنوماتیک سایز 58 کد 62,,,,,,400000,,,True,تمپر,https://garneekcoffee.com/product/%d8%aa%d9%85%d9%be%d8%b1-%d9%82%d9%87%d9%88%d9%87-%d9%be%d9%86%d9%88%d9%85%d8%a7%d8%aa%db%8c%da%a9-%d8%b3%d8%a7%db%8c%d8%b2-58/,"تمپر قهوه پنوماتیک سایز 58  
    دارای وزن سبک بوده و به‌ راحتی می‌ توان با انتخاب زاویه درست و فشار مناسب  قهوه را به اندازه لازم تمپ کرد. قطر این تمپر 58 میلی متر بوده که با توجه به قطر پرتافیلتر دستگاه‌ ها باید استفاده شود تمپر قهوه 58 میلی متر بهترین وسیله در بین  لوازم کافه  برای  تمپ انواع قهوه در دستگاه های اسپرسو ساز  ضنعتی و نیمه صنعتی می باشد به دلیل ارتفاع و قطر مناسب این تمپر به راحتی "
Garneek Coffee Workshop,تمپر  فنری قهوه سایز 51 برند GATER کد 242,,,,,,295000,,,True,تمپر,https://garneekcoffee.com/product/%d8%aa%d9%85%d9%be%d8%b1-%d9%81%d9%86%d8%b1%db%8c-%d9%82%d9%87%d9%88%d9%87-%d8%b3%d8%a7%db%8c%d8%b2-51-%d8%a8%d8%b1%d9%86%d8%af-gater/,"تمپر فنری قهوه سایز 51 برند GATER 
  
    دارای وزن سبک بوده و به‌ راحتی می‌ توان با انتخاب زاویه درست و فشار مناسب  قهوه را به اندازه لازم تمپ کرد. قطر این تمپر 51 میلی متر بوده که با توجه به قطر پرتافیلتر دستگاه‌ ها باید استفاده شود تمپر قهوه 51 میلی متر بهترین وسیله در بین  لوازم کافه  برای  تمپ انواع قهوه در دستگاه های اسپرسو ساز  خانگی می باشد به دلیل ارتفاع و قطر مناسب این تمپر به راحتی در د"
Garneek Coffee Workshop,ناک باکس قهوه ABS کد 152,,,,,,130000,,,True,ناک باکس,https://garneekcoffee.com/product/%d9%86%d8%a7%da%a9-%d8%a8%d8%a7%da%a9%d8%b3-%d9%82%d9%87%d9%88%d9%87-%d9%be%d8%b1%d8%a7%d9%86%db%8c-abs-%da%a9%d8%af-108/,"ناک باکس قهوه ABS کد 152 
  ناک باکس قهوه   ظرف جمع آوری پسماند اسپرسو است.این وسیله ظرفی است با کیفیت بسیار بالا برای تخلیه و جمع آوری پسماند های قهوه اسپرسو ، وقتی شما به وسیله تمپر قهوه ، قهوه را درون گروپ فشرده میکنید قهوه متراکم میشود ، بعد از آن وقتی که گروپ را بر روی دستگاه میبندید و با آن قهوه اسپرسو تهیه میکنید این تراکم بسیار بیشتر میشود . شما با کمک این وسیله میتوانید به راحتی تفاله قهو"
Garneek Coffee Workshop,ناک باکس قهوه کد 151,,,,,,150000,,,True,ناک باکس,https://garneekcoffee.com/product/%d9%86%d8%a7%da%a9-%d8%a8%d8%a7%da%a9%d8%b3-%d9%82%d9%87%d9%88%d9%87-%d9%be%d8%b1%d8%a7%d9%86%db%8c/,"ناک باکس قهوه کد 151 
 
 ناک باکس قهوه پرانی  ظرف جمع آوری پسماند اسپرسو است.این وسیله ظرفی است با کیفیت بسیار بالا برای تخلیه و جمع آوری پسماند های قهوه اسپرسو ، وقتی شما به وسیله تمپر قهوه ، قهوه را درون گروپ فشرده میکنید قهوه متراکم میشود ، بعد از آن وقتی که گروپ را بر روی دستگاه میبندید و با آن قهوه اسپرسو تهیه میکنید این تراکم بسیار بیشتر میشود . شما با کمک این وسیله میتوانید به راحتی تفاله ق"
Garneek Coffee Workshop,تمپر قهوه سایز 51 کد 243,,,,,,140000,,,False,تمپر,https://garneekcoffee.com/product/%d8%aa%d9%85%d9%be%d8%b1-%d9%82%d9%87%d9%88%d9%87-%d8%b3%d8%a7%db%8c%d8%b2-51/,"تمپر قهوه سایز 51  
 علت اهمیت به کار بردن تمپر این است که این ابزار دانه‌های اسپرسو را کمپرس می‌کند. باریستاها هر بار که اسپرسو دم می‌کنند، پورتافیلتر قهوه‌ساز را با پودر قهوه پر می‌کنند. 
 قبل از این‌که پورتافیلتر در قهوه‌ساز گذاشته شود، باید پودر قهوه را فشرده کرد. از تمپر برای انجام عمل فشرده‌سازی، استفاده می‌شود. 
 فشرده کردن پودر قهوه اهمیت زیادی دارد و علت آن، این است که هر چه پودر قهوه فشر"
Garneek Coffee Workshop,چای ماسالا,,,,,250.0,250000,100000.0,,True,چای ماسالا,https://garneekcoffee.com/product/%da%86%d8%a7%db%8c-%d9%85%d8%a7%d8%b3%d8%a7%d9%84%d8%a7/,"چای ماسالا 
 این چای هندی دارای ترکیبات گیاهی و طبیعی زیادی مانند  دارچین، زنجبیل، هل، فلفل سیاه، جوز هندی، رازیانه، بادیان خطائی، میخک  و &#8230; می باشد. وجود همه این ترکیبات سبب می شود که این چای بسیار خوشبو و خوش طعم شود و از خواص درمانی زیادی برخوردار شود. 
 ادویه گرم دارچین یکی از مهم ترکیبات این چای می باشد که تاثیر زیادی بر طعم آن دارد. البته ما ایرانی ها نیز از این ادویه در تهیه بسیاری از"
Garneek Coffee Workshop,پودر شیر فوری فله (لهستانی),,,,Ground,250.0,125000,50000.0,,True,کافی میت,https://garneekcoffee.com/product/%da%a9%d8%a7%d9%81%db%8c-%d9%85%db%8c%d8%aa-%d9%81%d9%84%d9%87-%d9%84%d9%87%d8%b3%d8%aa%d8%a7%d9%86%db%8c/,"پودر شیر فوری  یک افزودنی بسیار مقوی و عالی است که برای خامه ای کردن طعم قهوه از آن استفاده می شود 
 این پودر شیر مانند کافی میت  با کف بیشتر و عطر و طعم فوق العاده &#8211; مناسب برای استفاده با انواع قهوه، چای و نسکافه &#8211; حاوی پودر خامه ای کننده غیر لبنی &#8211; حاوی پرو تئین شیر 
 به طور کلی می توان گفت انواع کافی میت از مواد زیر تولید می شود: 
 آب 
 شربت ذرت 
 دانه سویای هیدروژنه 
 روغن پن"
Garneek Coffee Workshop,دانه قهوه ترکیبی گُلدن لاین (70عربیکا 30 ربوستا),,,Medium,Whole bean,250.0,1340000,536000.0,,True,قهوه ترکیبی,https://garneekcoffee.com/product/%d8%af%d8%a7%d9%86%d9%87-%d9%82%d9%87%d9%88%d9%87-%d8%aa%d8%b1%da%a9%db%8c%d8%a8%db%8c-70%d8%b9%d8%b1%d8%a8%db%8c%da%a9%d8%a7-30-%d8%b1%d8%a8%d9%88%d8%b3%d8%aa%d8%a7%da%af%d9%8f%d9%84%d8%af%d9%86/,"دانه قهوه ترکیبی گلدن لاین (70عربیکا 30 ربوستا) 
 
 درجه برشته کاری: متوسط 
 خواستگاه: آمریکای جنوبی و آفریقای شمالی 
 رایحه: بالا 
 تلخی: کم 
 شیرینی: زیاد 
 کافئین: کم 
 طعم یاد: ملایم گلی، نت های میوه، توت، مرکبات، سیب، کارامل و بلوبری 
 تن واری: کم 
 مناسب برای پذیرایی، قهوه عصرگاهی و یا شب 
 
 در  خرید قهوه ترکیبی  مسائل مختلفی مدنظر است که هرکدام روی انتخاب و  خرید قهوه  تاثیرگذار است، برای "
Garneek Coffee Workshop,قهوه ترک مدیوم,,,Medium,,250.0,725000,290000.0,,True,قهوه ترکیبی,https://garneekcoffee.com/product/%d9%82%d9%87%d9%88%d9%87-%d8%aa%d8%b1%da%a9-%d9%85%d8%af%db%8c%d9%88%d9%85/,"قهوه ترک مدیوم 
  قهوهٔ ترک،  شیوه‌ای برای سرو قهوه است که دانه‌های برشته شده و سپس کاملاً پودر شدهٔ قهوه در قهوه جوشی به نام جذوه جوشانده و در فنجان سرو می‌شوند. دانه‌های پودر شدهٔ قهوه در فنجان می‌توانند تهنشین شوند و میتوان برای طعم دادن به قهوه از شکر استفاده کرد. این شیوهٔ سرو قهوه در خاورمیانه، شمال آفریقا، قفقاز و بالکان دیده می‌شود. 
 برای تهیه قهوه ترک از وسیله‌ای بنام  جذوه  استفاده می‌ک"
Garneek Coffee Workshop,دانه قهوه  ویتنام مدیوم (ربوستا),Vietnam,,Medium,Whole bean,250.0,700000,280000.0,,True,قهوه روبوستا,https://garneekcoffee.com/product/%d8%af%d8%a7%d9%86%d9%87-%d9%82%d9%87%d9%88%d9%87-%d9%88%db%8c%d8%aa%d9%86%d8%a7%d9%85-%d9%85%d8%af%db%8c%d9%88%d9%85-%d8%b1%d8%a8%d9%88%d8%b3%d8%aa%d8%a7/,"طعم قهوه ویتنام 
 قهوه روبوستا ویتنام به اسیدیته پایین و طعم بسیار تلخ شبیه پلاستیک سوخته آن شناخته شده و به دلیل طعم قوی آن برای درست کردن قهوه فوری و افزودن به ترکیبات قهوه عربیکا استفاده می شود. این قهوه اگرچه نسبت به قهوه عربیکا نیاز به مراقبت کمتری داشته و حساسیت آن به آفات کمتر است، اما کیفیت آن نیز هرگز به پای قهوه های مرغوب عربیکا نمی رسد. کافئین موجود در  قهوه روبوستا  دو برابر عربیکا است"
Garneek Coffee Workshop,دانه قهوه عربیکا کلمبیا سوپریمو,Colombia,,Medium,Whole bean,250.0,1675000,670000.0,,True,,https://garneekcoffee.com/product/%d8%af%d8%a7%d9%86%d9%87-%d9%82%d9%87%d9%88%d9%87-%d8%b9%d8%b1%d8%a8%db%8c%da%a9%d8%a7-%da%a9%d9%84%d9%85%d8%a8%db%8c%d8%a7-%d8%b3%d9%88%d9%be%d8%b1%db%8c%d9%85%d9%88/,"قهوه سوپریمو 
  دانه قهوه عربیکا کلمبیا سوپریمو  
 
  100 درصد عربیکا  
  اسپشیال کافی  
  ارتفاع و محل کشت: کوهستان فونیکس در ارتفاع 1200 تا 2000 متر  
  عطر و طعم: شیرین، کاکائویی، کاراملی، مرکباتی، فندقی  
  تن واری: متوسط  
  رایحه: قوی  
  مناسب برای کلیه متدهای دم آوری  
 
   خرید قهوه    برای عاشقان این نوشیدنی علاوه بر این که عملی لذت بخش است، بسیار سخت نیز می باشد. طرفداران قهوه همیشه به "
Garneek Coffee Workshop,دانه قهوه ( ربوستا ) پی بی هند,,,Medium,Whole bean,250.0,775000,310000.0,,True,قهوه روبوستا,https://garneekcoffee.com/product/%d8%af%d8%a7%d9%86%d9%87-%d9%82%d9%87%d9%88%d9%87-%d8%b1%d8%a8%d9%88%d8%b3%d8%aa%d8%a7-%d9%be%db%8c-%d8%a8%db%8c-%d9%87%d9%86%d8%af/,"دانه قهوه (ربوستا) پی بی هند 
    دانه های peaberry  کوچکتر گردتر و متراکم تر از دیگر دانه های قهوه است که همه این ویژگی ها بر فرآیند برشته کردن تأثیر می گذارد. Peaberries تمایل به برشته شدن یکنواخت‌تر دارد و نیاز به تنظیمات متفاوتی برای سطح حرارت و زمان برشته شدن دارد. به طور خاص، به دلیل تراکم این دانه ها، انجام یک برشته آهسته، پیوسته و دقیق مورد نیاز است تا اطمینان حاصل شود که طعم ها به طور کام"
Garneek Coffee Workshop,پودر اسپرسو فوری,,,,Ground,250.0,500000,200000.0,,False,پودرهای فوری; قهوه فوری,https://garneekcoffee.com/product/%d9%be%d9%88%d8%af%d8%b1-%d8%a7%d8%b3%d9%be%d8%b1%d8%b3%d9%88-%d9%81%d9%88%d8%b1%db%8c/,"پودر اسپرسو فوری  
 این محصول بدون نیاز به وسایل دم آوری می باشد 
 این محصول از قهوه ربوستا بدست می آید . بدون هیچگونه افزودنی 
 رایحه : کم 
 کافئین : بالا 
 تن واری : کم 
 مناسب برای دفترکار و شرکت هایی که زمان  دم آوری  قهوه ندارند. 
 به دلیل داشتن کافئین بالا و اماده سازی راحت برای دانشجویان و کارمندان مناسب است. اگر به قهوه علاقه دارید ولی زمان کافی برای دم اوری ندارید این محصول رو به شما پیشن"
Garneek Coffee Workshop,نسکافه گلد برزیل (قهوه فوری ),Brazil,,,,250.0,400000,160000.0,,False,قهوه فوری,https://garneekcoffee.com/product/%d9%82%d9%87%d9%88%d9%87-%d9%81%d9%88%d8%b1%db%8c-%d9%86%d8%b3%da%a9%d8%a7%d9%81%d9%87-%da%af%d9%84%d8%af-%d8%a7%da%a9%d9%88%d8%a7%d8%af%d9%88%d8%b1/,"نسکافه گلد برزیل (قهوه فوری)  
 &nbsp; 
 نسکافه گلد (برزیل) که از انواع قهوه روبوستای رشد یافته در دامنه کوه های این کشور درست میشود دارای کیفیت بسیار بالایی می باشد. عطر و طعم این قهوه فوری گلد بسیار لذت بخش بوده و طعم واقعی قهوه را به شما نشان میده 
  اگر به قهوه علاقه دارید ولی زمان کافی برای دم اوری ندارید این محصول رو به شما پیشنهاد میدیم.  
  مناسب برای دفاتر کاری و کارمندان  
 نسکافه گلد (ب"
Garneek Coffee Workshop,دانه قهوه ( ربوستا ) اندونزی AP1,Indonesia,,Medium,Whole bean,250.0,775000,310000.0,,True,قهوه روبوستا,https://garneekcoffee.com/product/%d8%af%d8%a7%d9%86%d9%87-%d9%82%d9%87%d9%88%d9%87-%d8%b1%d8%a8%d9%88%d8%b3%d8%aa%d8%a7-%d8%ac%d8%a7%d9%88%d9%87-%d8%a7%d9%86%d8%af%d9%88%d9%86%d8%b2%db%8c/,"دانه قهوه ( ربوستا ) اندونزی AP1 
 
 دانه قهوه  ربوستا اندونزی AP1  یکی از باکیفیت‌ترین قهوه‌های ربوستا در جهان است که از مزارع مرتفع و حاصلخیز اندونزی برداشت می‌شود. این قهوه با مشخصه‌های طعمی خاص، کافئین بالا، و عطر منحصربه‌فرد خود، گزینه‌ای ایده‌آل برای علاقه‌مندان به قهوه‌های قوی و پرانرژی است. 
  ویژگی‌های برجسته قهوه ربوستا اندونزی AP1  
 
  نوع دانه:  
این قهوه از گونه ربوستا است که به دلیل"
Garneek Coffee Workshop,پودر کاکائو هلندی,,,,Ground,250.0,650000,260000.0,,False,پودر کاکائو,https://garneekcoffee.com/product/%d9%be%d9%88%d8%af%d8%b1-%da%a9%d8%a7%da%a9%d8%a7%d8%a6%d9%88-%d9%87%d9%84%d9%86%d8%af%db%8c/,"پودر کاکائو هلندی 
 محل کشت : آمریکای جنوبی 
 نوع فرآوری : هلندی 
 عاشقان کاکائو روز به روز بیشتر می شوند و این محصول خوشمزه و دوست داشتنی یک اکسیر سلامتی بوده و برای شما مفید است. کاکائو از دانه های پر خاصیتی تشکیل شده است و بسیار خوش طعم است. کاکائو از خوشمزه ترین هدایای کشور مکزیک به دنیا است. 
  با درخت کاکائو آشنا شوید!  
 کاکائو گیاهی از تیره پنیرکیان است. 
 نام علمی این گیاه تئوبروما است و "
Garneek Coffee Workshop,دانه قهوه (عربیکا) برزیل سانتوس,Brazil,,Medium,Whole bean,250.0,1400000,560000.0,,True,,https://garneekcoffee.com/product/%d8%af%d8%a7%d9%86%d9%87-%d9%82%d9%87%d9%88%d9%87-%d8%b9%d8%b1%d8%a8%db%8c%da%a9%d8%a7-%d8%a8%d8%b1%d8%b2%db%8c%d9%84-%d8%b3%d8%a7%d9%86%d8%aa%d9%88%d8%b3/,"در این بخش از محصولات قصد داریم به بررسی و معرفی دانه قهوه برزیل سانتوس بپردازیم.   
 دانه قهوه عربیکا برزیل سانتوس 
 
  BRAZIL &#8211; قهوه سانتوس برزیل   
  100 درصد عربیکا  
  اسپشیال کافی  
  درجه برشته کاری: متوسط  
  نوع فرآوری: متوسط  
  ارتفاع کشت: 1300 متر از سطح دریا  
  رایحه: قوی  
  کافئین: کم  
  طعم یاد: تلخ، شیرین، شکلات، کارامل، آجیل  
 
   خرید قهوه عربیکا    از نوع قهوه سانتوس ب"
Garneek Coffee Workshop,دانه قهوه عربیکا اتیوپی یرگاچف,Ethiopia,,Medium,Whole bean,250.0,250000,100000.0,,False,,https://garneekcoffee.com/product/%d8%af%d8%a7%d9%86%d9%87-%d9%82%d9%87%d9%88%d9%87-%d8%b9%d8%b1%d8%a8%db%8c%da%a9%d8%a7-%d8%a7%d8%aa%db%8c%d9%88%d9%be%db%8c-%d9%84%da%a9%d9%85%d9%be%d8%aa%db%8c/,"&nbsp; 
     
     
 &nbsp;"
Garneek Coffee Workshop,دانه قهوه ترکیبی بلو لاین (50عربیکا 50 ربوستا),,,Medium,Whole bean,250.0,1150000,460000.0,,True,قهوه ترکیبی,https://garneekcoffee.com/product/%d8%af%d8%a7%d9%86%d9%87-%d9%82%d9%87%d9%88%d9%87-%d8%aa%d8%b1%da%a9%db%8c%d8%a8%db%8c-50%d8%b9%d8%b1%d8%a8%db%8c%da%a9%d8%a7-50-%d8%b1%d8%a8%d9%88%d8%b3%d8%aa%d8%a7-%d8%a8%d9%84%d9%88-%d9%84%d8%a7/,"دانه قهوه ترکیبی بلو لاین (50عربیکا 50 ربوستا) 
 
 BLUE LINE 
 50درصد عربیکا ، 50 درصد  ربوستا  
 درجه برشته کاری : متوسط 
 خواستگاه : آفریقا ، آسیای جنوب شرقی 
 رایحه : متوسط 
 تلخی : کم 
 شیرینی : متوسط 
 کافئین : متوسط رو به بالا 
 طعم یاد : شکلات تلخ ، آجیل ، مرکبات ، توت ، نارنج 
 تن واری : بالا 
 مناسب برای تمامی سلیقه ها 
 
 اگر در  خرید قهوه ترکیبی  به دنبال قهوه ای با رایحه متوسط، تلخی کم"
Garneek Coffee Workshop,دانه قهوه ترکیبی فلاور لاین (100عربیکا),,,Medium,Whole bean,250.0,1525000,610000.0,,True,قهوه ترکیبی,https://garneekcoffee.com/product/%d8%af%d8%a7%d9%86%d9%87-%d9%82%d9%87%d9%88%d9%87-%d8%aa%d8%b1%da%a9%db%8c%d8%a8%db%8c-100%d8%b9%d8%b1%d8%a8%db%8c%da%a9%d8%a7-%d9%81%d9%84%d8%a7%d9%88%d8%b1-%d9%84%d8%a7%db%8c%d9%86/,"دانه قهوه ترکیبی فلاور لاین (100عربیکا) 
 
 FLOWER LINE 
 100درصد عربیکا 
 درجه برشته کاری : متوسط 
 خواستگاه : آمریکای جنوبی ، آفریقای شمالی 
 رایحه : بالا 
 تلخی : کم 
 شیرینی : زیاد 
 کافئین : کم 
 طعم یاد : ملایم گلی ، نت های میوه ، توت ، مرکبات ، سیب ، کارامل ، بلوبری 
 تن واری : کم 
 مناسب برای پذیرایی ، قهوه عصرگاهی و یا شب 
 
    قهوه ترکیبی فلاور لاین با کیفیت بالا طعم کمی شیرین با رایحه "
Garneek Coffee Workshop,دانه قهوه ترکیبی جیم لاین (80ربوستا 20عربیکا ),,,Medium,Whole bean,250.0,855000,342000.0,,True,قهوه ترکیبی,https://garneekcoffee.com/product/%d8%af%d8%a7%d9%86%d9%87-%d9%82%d9%87%d9%88%d9%87-%d8%aa%d8%b1%da%a9%db%8c%d8%a8%db%8c-80%d8%b1%d8%a8%d9%88%d8%b3%d8%aa%d8%a7-20%d8%b9%d8%b1%d8%a8%db%8c%da%a9%d8%a7-%d8%ac%db%8c%d9%85-%d9%84%d8%a7/,"تاریخچه دانه قهوه ترکیبی جیم لاین (80ربوستا 20عربیکا) 
 قهوه در قرن هفدهم درجنوب شرقی آسیا توسط مستعمره های هلندی به ساکنین جزیره جاوا معرفی شد. بوته های قهوه در سراسر جزایر رشد کردند واندونزی هم اکنون یکی از تولید کنندگان بزرگ قهوه جهان است. قهوه عربیکا اصلی ترین محصول به شمارمی رفت تا زمانی که بیماری زنگ قهوه مشهوردرسال 1887 میلادی شیوع پیدا کرد. درحال حاضر این گونه درحدود10درصد تولید می گردد، گ"
Garneek Coffee Workshop,دانه قهوه ترکیبی لاین پُرکافئین (100ربوستا),,,Medium,Whole bean,250.0,725000,290000.0,,True,قهوه ترکیبی,https://garneekcoffee.com/product/%d8%af%d8%a7%d9%86%d9%87-%d9%82%d9%87%d9%88%d9%87-%d8%aa%d8%b1%da%a9%db%8c%d8%a8%db%8c-100%d8%b1%d8%a8%d9%88%d8%b3%d8%aa%d8%a7-%d9%84%d8%a7%db%8c%d9%86-%d9%be%d9%8f%d8%b1%da%a9%d8%a7%d9%81%d8%a6/,"دانه قهوه ترکیبی لاین پُرکافئین   (100ربوستا)  
 دانه ربوستا نسبت به عربیکا تلخ تر و چربی و قندش نسبت به عربیکا کمتر است. میزان کافئین موجود در دانه ربوستا تقریبا دو برابر دانه عربیکا  است بنابراین اگر به انرژی زیاد نیاز دارید، به بیدار ماندن نیازمندید و یا فعالیت‌هایی با دقت بالا را می‌خواهید انجام دهید، نوشیدن یک فنجان قهوه ترکیبی لاین پرکافئین ربوستا را به شما توصیه می‌کنیم. 
 مقدار زیاد کافئین"
Kazhvan Coffee,چای کژوان,,,,,,,,,True,انواع چای,https://kazhvancoffee.com/product/%da%86%d8%a7%db%8c-%da%a9%da%98%d9%88%d8%a7%d9%86/,
Kazhvan Coffee,قهوه ترک مدیوم,,,Medium,,1000.0,,,,True,قهوه ترک; قهوه,https://kazhvancoffee.com/product/%d9%82%d9%87%d9%88%d9%87-%d8%aa%d8%b1%da%a9-%d9%85%d8%af%db%8c%d9%88%d9%85/,"قهوه‌ای با آسیاب بسیار ریز و بافتی غلیظ 
 با عطر و طعمی قوی و ماندگار. 
 مناسب برای تهیه به روش سنتی قهوه ترک و لذت بردن از یک فنجان قهوه اصیل و خوش‌عطر. ☕️ 
 ارسال فوری به سراسر تهران 
 جهت ثبت سفارش تماس بگیرید."
Kazhvan Coffee,کافی میکس 2 در 1,,,,Ground,1000.0,600000,60000.0,,True,پودر های ترکیبی,https://kazhvancoffee.com/product/%da%a9%d8%a7%d9%81%db%8c-%d9%85%db%8c%da%a9%d8%b3-2-%d8%af%d8%b1-1/,کافی میکس 2 در 1   کافی میکس 2 در 1
Kazhvan Coffee,دانه قهوه ویتنام,Vietnam,,,Whole bean,1000.0,800000,80000.0,,True,قهوه; دانه قهوه,https://kazhvancoffee.com/product/%d8%af%d8%a7%d9%86%d9%87-%d9%82%d9%87%d9%88%d9%87-%d9%88%db%8c%d8%aa%d9%86%d8%a7%d9%85/,"قهوه ویتنام چیست؟ 
 یکی از بهترین محصولات در صنعت قهوه، قهوه ویتنام است که حدود 17 درصد از تولید جهانی را به خود اختصاص می‌دهد. این کشور به تولید قهوه روبوستا شهرت دارد و 90 درصد از تولیداتش را شامل می‌شود. روبوستا با اسیدیته کم، تلخی بالا، کافئین زیاد و رایحه‌ای تلخ، از بهترین قهوه‌های دنیا است. 
  درختان قهوه ویتنام در شرایط آب‌وهوایی ایده‌آل رشد می‌کنند و میوه‌های آن به ‌صورت دستی برداشت می‌شود"
Kazhvan Coffee,چای ماسالا زعفرانی,,,,,1000.0,600000,60000.0,,True,انواع چای,https://kazhvancoffee.com/product/%da%86%d8%a7%db%8c-%d9%85%d8%a7%d8%b3%d8%a7%d9%84%d8%a7-%d8%b2%d8%b9%d9%81%d8%b1%d8%a7%d9%86%db%8c/,"چای ماسالا زعفرانی 
 خوش عطر 
 پر زعفران 
 ارسال فوری"
Kazhvan Coffee,قهوه sweet عربیکا 70 درصد,,,,,1000.0,900000,90000.0,,True,بلند عربیکا,https://kazhvancoffee.com/product/%d9%82%d9%87%d9%88%d9%87-sweet-%d8%b9%d8%b1%d8%a8%db%8c%da%a9%d8%a7-70-%d8%af%d8%b1%d8%b5%d8%af-500-%da%af%d8%b1%d9%85%db%8c/,"قهوه sweet عربیکا 70 درصد به عنوان یکی از نوشیدنی‌های محبوب جهانی، در بسیاری از فرهنگ‌ها و سراسر جهان تاریخچه ویژه‌ای دارد. یکی از نوع‌های ممتاز قهوه، قهوه 70 درصد عربیکا است که از ترکیب دانه‌های قهوه عربیکا به میزان 70 درصد و سایر ترکیبات به عنوان 30 درصد دیگر تهیه می‌شود. 
   
 دانه‌های قهوه عربیکا دارای مزه‌ای ملایم و ترکیبی از اسیدیته مناسب هستند که به قهوه عربیکا عطر و طعمی ویژه می‌دهند. قهوه"
Kazhvan Coffee,قهوه صد روبوستا,,,,,1000.0,700000,70000.0,,True,بلند روبوستا,https://kazhvancoffee.com/product/%d9%82%d9%87%d9%88%d9%87-heat-%d8%b1%d9%88%d8%a8%d9%88%d8%b3%d8%aa%d8%a7-100-%d8%af%d8%b1%d8%b5%d8%af-500-%da%af%d8%b1%d9%85%db%8c/,"قهوه صد روبوستا چیست ؟ 
 سیاهی قهوه برای دوست داران آن از هر رنگی جذاب تر است. ترکیب رنگ سیاه با طعم تلخ خاطره های متفاوتی برای ما رقم می زند. این قهوه ترکیبات و کافئین بالایی دارد که در مواقع ضروری خواب و خستگی را از شما دور کرده و با خیال راحت می توانید ادامه کار را انجام دهید. از طرفی دیگر برای افزایش تمرکز نیز بسیار موثر بوده و با طعم فوق العاده اش، لحظاتی شاد به شما هدیه می دهد. اما قهوه صد ر"
Kazhvan Coffee,قهوه صد عربیکا,,,,,1000.0,1400000,140000.0,,True,بلند عربیکا,https://kazhvancoffee.com/product/%d9%82%d9%87%d9%88%d9%87-star-night-%d8%b9%d8%b1%d8%a8%db%8c%da%a9%d8%a7-100-%d8%af%d8%b1%d8%b5%d8%af-250-%da%af%d8%b1%d9%85%db%8c/,"قهوه صد عربیکا 
 یکی از پرطرفدارترین قهوه های جهان، قهوه صد عربیکا ست که به دلیل کیفیت بالا و ویژگی های خاص همواره مورد انتخاب قرار می گیرد. این محصول گزینه ای عالی برای کسانی که به طعم و عطر قهوه اهمیت می دهند، خواهد بود و با خیال راحت از کیفیت بالا می توانید آن را استفاده نمایید. دانه های صد عربیکا برخلاف دانه های روبوستا در ارتفاعات بالا رشد می کنند و همین مورد سبب شده تا اسیدیته کم و کنترل شده"
Kazhvan Coffee,قهوه light night عربیکا 100 درصد,,,Light,,250.0,1500000,600000.0,,True,بلند عربیکا,https://kazhvancoffee.com/product/%d9%82%d9%87%d9%88%d9%87-light-night-%d8%b9%d8%b1%d8%a8%db%8c%da%a9%d8%a7-100-%d8%af%d8%b1%d8%b5%d8%af-250-%da%af%d8%b1%d9%85%db%8c/,"مشخصات محصول  
 میزان کافئین: بالا 
 دارای عطر و طعمی گیرا 
 زمان آسیاب قبل از ارسال 
 
 در توضیحات محصول  درجه اسیاب  ذکر شود"
Kazhvan Coffee,قهوه aromatic عربیکا 50 درصد,,,Medium,,1000.0,900000,90000.0,,True,بلند عربیکا,https://kazhvancoffee.com/product/%d9%82%d9%87%d9%88%d9%87-aromatic-%d8%b9%d8%b1%d8%a8%db%8c%da%a9%d8%a7-50-%d8%af%d8%b1%d8%b5%d8%af-250-%da%af%d8%b1%d9%85%db%8c/,"قهوه aromatic عربیکا 50 درصد یکی از محبوب‌ترین انواع قهوه است که توانسته به دل‌های میلیون‌ها انسان حول دنیا نفوذ کند. این نوع قهوه ترکیبی است که نیمی از ترکیب آن از دانه‌های نوع عربیکا تشکیل شده و به ویژگی‌های خاصی از قهوه عربیکا افزوده می‌شود. با مزه‌ی ملایم عربیکا و ترکیب‌های دیگر، این قهوه یک تجربه دلچسب و دلنشین را در فنجان شما ایجاد می‌کند. 
   
 در قهوه aromatic عربیکا 50 درصد، نیمی از ترکیب"
Kazhvan Coffee,قهوه flick روبوستا 70 درصد,,,,,1000.0,800000,80000.0,,True,بلند روبوستا,https://kazhvancoffee.com/product/%d9%82%d9%87%d9%88%d9%87-flick-%d8%b1%d9%88%d8%a8%d9%88%d8%b3%d8%aa%d8%a7-70-%d8%af%d8%b1%d8%b5%d8%af-250-%da%af%d8%b1%d9%85%db%8c/,یکی از ویژگی‌های جذاب قهوه روبوستا این است که دارای میزان کافئین بالایی است. این افزایش کافئین می‌تواند به افراد احساس بیداری و انرژی بیشتری بدهد. بنابراین، اگر شما یک عاشق قهوه با طعم تلخ و اثرات بیدارکننده هستید، قهوه flick روبوستا 70 درصد می‌تواند انتخاب عالی برای شما باشد. طعم قهوه روبوستا نیز به طور کلی تلخ و ممتاز است و ترکیب این قهوه با عربیکا میتواند به عنوان یک ویژگی منحصر به فرد در دنیای
Kazhvan Coffee,قهوه strong روبوستا 80 درصد,,,Medium,,1000.0,750000,75000.0,,True,بلند روبوستا,https://kazhvancoffee.com/product/%d9%82%d9%87%d9%88%d9%87-strong-%d8%b1%d9%88%d8%a8%d9%88%d8%b3%d8%aa%d8%a7-80-%d8%af%d8%b1%d8%b5%d8%af-250-%da%af%d8%b1%d9%85%db%8c/,"قهوه یکی از نوشیدنی‌های محبوب و مورد علاقه بسیاری از افراد در سراسر جهان است. اما آیا شما تاکنون با قهوه strong روبوستا 80 درصد آشنا شده‌اید؟ این نوع خاص از قهوه به دلیل ویژگی‌های خود به عنوان یکی از بهترین انتخاب‌ها برای دوستداران قهوه شناخته می‌شود. 
   
 مزایای قهوه 80 درصد روبوستا 
 میزان کافئین بالا 
 قهوه 80 درصد روبوستا دارای میزان کافئین بسیار بالایی است که انرژی و بیداری بیشتری به افراد م"
Kazhvan Coffee,پودر هات چاکلت,,,Medium,Ground,1000.0,450000,45000.0,,True,پودر های ترکیبی,https://kazhvancoffee.com/product/%d9%be%d9%88%d8%af%d8%b1-%d9%87%d8%a7%d8%aa-%da%86%d8%a7%da%a9%d9%84%d8%aa-1-%da%a9%db%8c%d9%84%d9%88%da%af%d8%b1%d9%85%db%8c/,"هات چاکلت چیست ؟ 
 هات چاکلت یکی از نوشیدنی‌های گرم و محبوب است که از ترکیب شکلات و شیر یا آب تهیه می‌گردد. این نوشیدنی در روزهای سرد سال بسیار مورد استقبال قرار می‌گیرد. برای درست کردن هات چاکلت، معمولاً از شکلات تلخ یا شکلات خامه‌ای استفاده می‌کنند و با افزودن شیر یا آب گرم و کمی شکر، طعمی شیرین و غنی به دست می‌آید. پودر هات چاکلت که از شکلات تلخ یا شکلات خامه‌ای ساخته می‌گردد، پایه اصلی تهیه ای"
Kazhvan Coffee,قهوه اتیوپی,Ethiopia,,,Whole bean,1000.0,320000,32000.0,,False,تک خاستگاه; دانه قهوه; قهوه,https://kazhvancoffee.com/product/%d8%af%d8%a7%d9%86-%d9%82%d9%87%d9%88%d9%87-%d8%a7%d8%aa%db%8c%d9%88%d9%be%db%8c-250-%da%af%d8%b1%d9%85%db%8c/,"دانه قهوه اتیوپی چیست؟ 
 دانه قهوه اتیوپی یکی از معروف‌ترین و باکیفیت‌ترین انواع قهوه در جهان است که طعمی منحصر به فرد و خاص دارد. این قهوه با نت‌های میوه‌ای، عطری گلی و اسیدیته‌ای روشن شناخته می‌شود. ترکیب عطر و طعم آن بسیار پیچیده و غنی بوده و تجربه‌ای متفاوت از نوشیدن قهوه را ارائه می‌دهد. اتیوپی به ‌عنوان زادگاه قهوه عربیکا، تاریخی غنی در تولید قهوه دارد و مردم این کشور برای آن مراسم ویژه‌ای ب"
Kazhvan Coffee,پودر قهوه فوری گلد,,,,Ground,100.0,400000,400000.0,,True,پودر های ترکیبی,https://kazhvancoffee.com/product/%d9%82%d9%87%d9%88%d9%87-%da%af%d9%84%d8%af/,"قهوه گلد  واقعاً یک اضافه‌کننده جذاب به عالم قهوه محسوب می‌شود. برای افرادی که به دنبال افزایش مقدار کافئین در قهوه خود هستند، این محصول یک جایگزین مناسب به نظر می‌آید، بدون افزایش تلخی مشابه رست‌های سنتی. 
 گاهی اوقات، افراد ممکن است این محصول را با رست بلوند اشتباه بگیرند، اما باید توجه داشت که قهوه طلایی دسته‌بندی خودش را دارد و با رست‌های دیگر تفاوت‌های معنی‌داری دارد. این تنوع جدید در دنیای ق"
Kazhvan Coffee,خرید پودر قهوه اسپرسو,,,,Ground,1000.0,1000000,100000.0,,True,پودر های ترکیبی,https://kazhvancoffee.com/product/%d9%be%d9%88%d8%af%d8%b1-%d9%82%d9%87%d9%88%d9%87-%d8%a7%d8%b3%d9%be%d8%b1%d8%b3%d9%88/,پودر قهوه اسپرسو (Espresso)، یک نوع پودر قهوه است که به ویژه برای تهیه اسپرسو تهیه می‌شود. اسپرسو یک نوع قهوه‌ای تقلیدی و مخصوص است که با استفاده از فشار بالا به دست می‌آید. پودر قهوه اسپرسو به طور عمومی به شکل بسیار ریزتر و نرمتر از پودر قهوه عادی تهیه می‌شود. بیشتر افراد بر این باور هستند که هیچ رقیبی برای یک فنجان قهوه اسپرسو وجود ندارد. طعم بینظیر و کافئین بالای این قهوه طرفداران بسیاری دارد. 
Kazhvan Coffee,دانه قهوه کلمبیا,Colombia,,,Whole bean,1000.0,1500000,150000.0,,True,تک خاستگاه; دانه قهوه; قهوه,https://kazhvancoffee.com/product/%d8%af%d8%a7%d9%86-%d9%82%d9%87%d9%88%d9%87-%da%a9%d9%84%d9%85%d8%a8%db%8c%d8%a7/,قهوه کلمبیا یکی از محبوب‌ترین و باکیفیت‌ترین قهوه‌های جهان است که در شرایط جغرافیایی منحصربه‌فردی تولید می‌شود. این کشور با آب‌وهوای گرمسیری، خاک غنی و بارندگی فراوان، محیطی ایده‌آل برای پرورش دانه قهوه عربیکا فراهم کرده است. دانه‌های قهوه کلمبیا در ارتفاعات کشت می‌شوند که این شرایط، طعمی ملایم با ته‌مزه‌های شکلاتی و میوه‌ای را به قهوه می‌بخشد. برخلاف بسیاری از کشورها که برداشت قهوه به‌صورت ماشینی
Kazhvan Coffee,دانه قهوه کنیا,Kenya,,,Whole bean,1000.0,1000000,100000.0,,False,دان قهوه کنیا; تک خاستگاه; دانه قهوه; قهوه,https://kazhvancoffee.com/product/%d8%af%d8%a7%d9%86-%d9%82%d9%87%d9%88%d9%87-%da%a9%d9%86%db%8c%d8%a7/,"قهوه کنیا چیست؟ 
 قهوه کنیا یکی از خاص‌ترین و باکیفیت‌ترین قهوه‌های جهان است که در ارتفاعات کشور کنیا کشت می‌شود. این قهوه برای اولین بار بین سال‌های ۱۸۸۹ تا ۱۸۹۳ توسط انگلیسی‌ها به این کشور وارد شد و کشیش‌ها نقش مهمی در توسعه کشت آن داشتند. ابتدا قهوه کنیا تنها برای صادرات به انگلیس تولید می‌شد، اما بعدها کنیایی‌ها امتیاز فروش آن را به دست آوردند. 
 قهوه کنیا از نوع عربیکا بوده و به دلیل اسیدیته "
Kazhvan Coffee,دانه قهوه اندونزی,Indonesia,,,Whole bean,1000.0,700000,70000.0,,True,تک خاستگاه; دانه قهوه; قهوه,https://kazhvancoffee.com/product/%d8%af%d8%a7%d9%86-%d9%82%d9%87%d9%88%d9%87-%d8%a7%d9%86%d8%af%d9%88%d9%86%d8%b2%db%8c/,"قهوه اندونزی چیست؟ 
 قهوه اندونزی یکی از انواع قهوه‌های محبوب و متنوع در جهان است که طرفداران زیادی دارد. این کشور با داشتن زمین‌های زراعی وسیع، یکی از بزرگترین صادرکنندگان قهوه در دنیا به شمار میرود. قهوه اندونزی انواع مختلفی دارد که از جمله محبوبترین آن‌ها میتوان به قهوه روبوستا و عربیکا اشاره کرد. علاوه بر این، قهوه‌های خاصی مانند کاپی لوواک نیز در این کشور تولید می‌شوند و طرفداران خاص خود را د"
Kazhvan Coffee,دانه قهوه برزیل,Brazil,,,Whole bean,1000.0,900000,90000.0,,True,تک خاستگاه; دانه قهوه; قهوه,https://kazhvancoffee.com/product/%d8%af%d8%a7%d9%86-%d9%82%d9%87%d9%88%d9%87-%d8%a8%d8%b1%d8%b2%db%8c%d9%84/,دانه‌های قهوه روبوستا به‌ عنوان یکی از گزینه‌های بسیار محبوب در اروپا، خاورمیانه و آفریقا شناخته شده‌ است. قهوه روبوستای برزیل به‌ خاطر طعم بسیار قوی و گاهی زمخت شهرت پیدا کرده‌ است. این نوع قهوه کافئین بسیار بالایی دارد و به‌ خاطر طعم خاص طرفداران منحصربه‌فردی دارد. با توجه به سهولت رشد و برداشت قهوه روبوستا برزیل در مقایسه با دانه‌های عربیکا بسیاری از کشاورزان ترجیح می‌دهند که این نوع قهوه را تو
Kazhvan Coffee,کاپوچینو کلاسیک,,,Medium,Ground,1000.0,400000,40000.0,,True,پودر های ترکیبی,https://kazhvancoffee.com/product/%da%a9%d8%a7%d9%be%d9%88%da%86%db%8c%d9%86%d9%88-%da%a9%d9%84%d8%a7%d8%b3%db%8c%da%a9/,"در دنیای قهوه‌سازی، کاپوچینو یکی از پرطرفدارترین نوشیدنی‌ها است. این نوشیدنی خوشمزه که از ترکیب اسپرسو، شیر و خامه تشکیل شده است، برای افرادی که از طعم‌های بی‌نظیر قهوه لذت می‌برند، یک انتخاب ایده‌آل است. با ترکیبی از عشق به قهوه و شیر، کاپوچینو یکی از نوشیدنی‌هایی است که طرفداران بسیاری دارد. این نوشیدنی ایتالیایی با طعم بی‌نظیر و تاریخچه‌ای جذاب، قطعاً باید امتحان شود. 
   
  کاپوچینو کلاسیک  
 "
Kazhvan Coffee,کافی میکس 1*3 کلاسیک,,,Medium,Ground,1000.0,750000,75000.0,,True,پودر های ترکیبی,https://kazhvancoffee.com/product/%da%a9%d8%a7%d9%81%db%8c-%d9%85%db%8c%da%a9%d8%b3-%da%a9%d9%84%d8%a7%d8%b3%db%8c%da%a9/,"قهوه‌ای داغ و خوشمزه، اما زمان کم؟ کافی میکس کلاسیک به عنوان یک راه حل سریع و لذت‌بخش به شما کمک می‌کند. این نوشیدنی فوق‌العاده با ترکیبی از قهوه، شکر و شیر تازگی و انرژی را به روز شما باز می‌گرداند. این ترکیب منحصر به فرد باعث می‌شود که کافی میکس کلاسیک یک تجربه خوشمزه و انرژی‌بخش باشد. 
   
  کافی میکس 1*3 کلاسیک  
 کافی میکس 1*3 کلاسیک یک نوشیدنی خوشمزه و محبوب است که در تهیه قهوه یا نوشیدنی‌ها"
Kazhvan Coffee,چای لاته کاراملی,,,Medium,,1000.0,400000,40000.0,,True,انواع چای,https://kazhvancoffee.com/product/%da%86%d8%a7%db%8c-%d9%84%d8%a7%d8%aa%d9%87-%da%a9%d8%a7%d8%b1%d8%a7%d9%85%d9%84%db%8c/,"چای لاته کاراملی یکی از نوشیدنی‌های دلچسب و خوشمزه‌ای است که به تازگی در دنیای نوشیدنی‌ها محبوبیت یافته است. این نوشیدنی با ترکیب چای معطر و لایه‌هایی از کارامل و شیر یک تجربه طعم منحصر به فرد را ارائه می‌دهد. در این مقاله، به شما نشان خواهیم داد که چگونه می‌توانید در خانه چای لاته کاراملی خود را تهیه کنید و از لذت این نوشیدنی گرم و دلچسب بهره‌برید. 
   
  طرز تهیه چای لاته کاراملی  
 چای لاته کار"
Kazhvan Coffee,چای ماسالا,,,,,1000.0,400000,40000.0,,True,انواع چای,https://kazhvancoffee.com/product/%da%86%d8%a7%db%8c-%d9%85%d8%a7%d8%b3%d8%a7%d9%84%d8%a7/,"چای ماسالا یکی از نوشیدنی‌های محبوب در سراسر جهان است که اصالتش به هند برمی‌گردد. این نوع چای با ترکیب منحصر به فردی از چای سیاه و انواع گیاهان دارویی و ادویه‌ها ساخته می‌شود. طعم گرم و خوشمزه ماسالا باعث شده تا افراد زیادی از این نوشیدنی لذت ببرند. 
 چای ماسالا با ترکیب چای سیاه و ادویه‌هایی مانند دارچین، هل، زنجبیل، و فلفل سیاه ساخته می‌شود. این ترکیب منحصر به فرد به چای ماسالا طعمی گرم و خوشمزه"
Set Coffee,دانه قهوه گواتمالا اسپشیالیتی فراوری نوین (Natural Anaerobic ) مقدار 250 گرم,Ethiopia,Natural,Medium,Whole bean,250.0,1690000,676000.0,,True,قهوه اسپشیالیتی; محصولات ویژه; همه موارد,https://set-coffee.com/product/%d8%af%d8%a7%d9%86%d9%87-%d9%82%d9%87%d9%88%d9%87-%da%af%d9%88%d8%a7%d8%aa%d9%85%d8%a7%d9%84%d8%a7-%d8%a7%d8%b3%d9%be%d8%b4%db%8c%d8%a7%d9%84%db%8c%d8%aa%db%8c-%d9%81%d8%b1%d8%a7%d9%88%d8%b1%db%8c-2/,"Guatemala, Atitlan  
    قهوه گواتمالا 
 Region :  Atitlan 
   Variety : Caturra 
  Farm   :    Finca Las   Pampojilá  s    
    Altitude: 1550 masl 
 Notes : Blood orange , white chocolate , Caramel 
 
  بررسی محصول  
 &nbsp; 
 &nbsp; 
   
 &nbsp; 
 قهوه‌های گواتمالا از نوع کلاسیک هستند و در میان دوستداران قهوه در سرتاسر دنیا از نوع قهوه‌های شناخته شده و محبوب به شمار می‌روند. در واقع قهوه گواتما"
Set Coffee,کپسول قهوه SETpresso سازگار با دستگاه نسپرسو &#8211; قرمز 10 عددی (RWANDA Washed) Limited Edition,Rwanda,Washed,,Capsule,,760000,,,True,جدیدترین محصولات; کپسول قهوه; محصولات ویژه,https://set-coffee.com/product/%da%a9%d9%be%d8%b3%d9%88%d9%84-%d9%82%d9%87%d9%88%d9%87-setpresso-%d8%b3%d8%a7%d8%b2%da%af%d8%a7%d8%b1-%d8%a8%d8%a7-%d8%af%d8%b3%d8%aa%da%af%d8%a7%d9%87-%d9%86%d8%b3%d9%be%d8%b1%d8%b3%d9%88-%d9%82/,"کپسول نسپرسو ایرانی قهوه ست مدل RED  ، یک قهوه تک‌خاستگاه 100٪ عربیکا از کشور کنیا است که با دستگاه‌های نسپرسو سازگار بوده و تجربه‌ای نزدیک به specialty coffee را تنها با فشردن یک دکمه ارائه می‌دهد. این کپسول Limited Edition با برشته‌کاری ملایم تا متوسط، اسیدیته‌ای روشن، طعمی شفاف و رایحه‌ای میوه‌ای دارد و برای کسانی طراحی شده که به دنبال قهوه‌ای متفاوت از طعم‌های تلخ و سنگین معمول هستند. 
  ✓ ساز"
Set Coffee,دانه قهوه ترکیبی 80R 20A (82R+) دویست و پنجاه گرمی,Brazil,Natural,Medium,Whole bean,,935000,,,True,قهوه; قهوه تجاری; محصولات ویژه; همه موارد,https://set-coffee.com/product/%d8%af%d8%a7%d9%86%d9%87-%d9%82%d9%87%d9%88%d9%87-%d8%aa%d8%b1%da%a9%db%8c%d8%a8%db%8c-80r-20a-82r-%d8%af%d9%88%db%8c%d8%b3%d8%aa-%d9%88-%d9%be%d9%86%d8%ac%d8%a7%d9%87-%da%af%d8%b1%d9%85%db%8c/,"ویژگی های دانه قهوه ترکیبی 82R 
 این دانه قهوه ترکیبی با ترکیب ۲۰% دانه‌های عربیکا و ۸۰% روبوستا، طعمی قوی با نت‌های شکلات تلخ، کارامل و کمی ادویه ارائه می‌دهد. این قهوه لایت رست بوده و بین اسیدیته عربیکا و تلخی روبوستا، تعادل ایجاد میکند. تن‌واری سنگین آن، حس خوشایندی در دهان به جا می‌گذارد. 
 این قهوه برای آسیاب به صورت پودر قهوه بسیار ریز برای قهوه ترک یا متوسط برای اسپرسو، موکاپات و حتی فرنچ پ"
Set Coffee,قهوه فوری گلد Freeze dried (Gold) (200 گرمی),Ethiopia,Washed,,,200.0,1260000,630000.0,,False,جدیدترین محصولات; قهوه تجاری; محصولات ویژه; همه موارد,https://set-coffee.com/product/%d9%82%d9%87%d9%88%d9%87-%d9%81%d9%88%d8%b1%db%8c-%da%af%d9%84%d8%affreeze-dried-gold-200-%da%af%d8%b1%d9%85%db%8c/,"Instant Coffee &#8211; Freeze Dried (GOLD) 
 قهوه فوری از دانه های عصاره‌گیری‌شده تهیه میشود و دم کردن آن زمان زیادی نمیبرد. کافی است 150 میلی لیتر آب داغ یا شیر داغ به 2 گرم پودر قهوه فوری اضافه کنید. 
 قهوه فوری گلد قهوه ست به روش فریز درای تولید شده و طعم واقعی دانه‌های قهوه، بدون تلخی زیاد در این پودر احساس میشود. پودر قهوه گلد از برند قهوه ست برای کسانی که وقت کافی برای دم کردن قهوه ندارند یک"
Set Coffee,دانه قهوه کلمبیا Colombia مقدار 250 گرم,Ethiopia,Washed,Medium,Whole bean,250.0,1500000,600000.0,,True,قهوه; قهوه پرمیوم; محصولات ویژه; همه موارد,https://set-coffee.com/product/%d9%82%d9%87%d9%88%d9%87-%da%a9%d9%84%d9%85%d8%a8%db%8c%d8%a7-colombia-%d9%85%d9%82%d8%af%d8%a7%d8%b1-250-%da%af%d8%b1%d9%85/,"دانه قهوه کلمبیا Colombia , Huila 
 
 Region: Central Huila 
 Variety: Caturra, Castillo 
 Processing: Coocentral Cooperative 
 Notes: Orange, Yellow Fruit, Milk Chocolate 
 Altitude: 1700  masl 
 Country: Colombia 
 
 بررسی محصول دانه قهوه کلمبیا 
   
 کلمبیا سومین تولید کننده بزرگ قهوه پس از برزیل و ویتنام است. تا همین چند سال پیش که روبوستای ویتنام در دنیا فراگیر نشده بود مقام دوم تولید دانه قه"
Set Coffee,قهوه فوری گلد Freeze dried (Gold) (100گرمی),Ethiopia,Washed,,,100.0,655000,655000.0,,True,جدیدترین محصولات; قهوه تجاری; محصولات ویژه; همه موارد,https://set-coffee.com/product/%d9%82%d9%87%d9%88%d9%87-%d9%81%d9%88%d8%b1%db%8c-%da%af%d9%84%d8%af-freeze-dried-gold/,"Instant Coffee &#8211; Freeze Dried (GOLD) 
   
 قهوه فوری یک نوشیدنی برگرفته از دانه های قهوه عصاره گیری شده است که مصرف کننده  را قادر می سازد با افزودن آب داغ یا شیر داغ به مواد جامد قهوه که به صورت پودر یا کریستال شده یا گرانول مانند در آمده ، نوشیدنی قهوه خود را به سرعت تهیه کنند. تاریخچه آن  به سال 1890 بر می گردد. در حقیقت در این روش ابتدا قهوه عصاره گیری شده و پس از جداسازی مواد نامحلول آن"
Set Coffee,پودر قهوه ترک ویژه  عربیکا ۷۰ درصد مقدار ۲۵۰ گرم,Brazil,Natural,,Ground,250.0,1000000,400000.0,,True,قهوه پرمیوم; محصولات ویژه; همه موارد,https://set-coffee.com/product/%d9%be%d9%88%d8%af%d8%b1-%d9%82%d9%87%d9%88%d9%87-%d8%ac%d8%b0%d9%88%d9%87/,اگر به دنبال خرید پودر قهوه ترک با کیفیت بالا هستید، پودر قهوه ترک ویژه عربیکا 70 درصد انتخابی بی‌نظیر برای تجربه یک فنجان قهوه ترک اصیل است. این قهوه با ترکیب 70% دانه‌های عربیکا و رست مدیوم- دارک، عطر و طعمی غنی و متعادل ارائه می‌دهد که برای تهیه قهوه مخصوص جذوه ایده‌آل است. چه بخواهید روز خود را با یک فنجان قهوه ترک شروع کنید یا در جمع دوستان از طعم آن لذت ببرید، این محصول شما را شگفت‌زده خواهد
Set Coffee,دانه قهوه 70A-30R کلاسیکو &#8211; یک کارتن 8 کیلویی,Brazil,Natural,Medium,Whole bean,8000.0,36500000,456250.0,,True,جدیدترین محصولات; قهوه اسپرسو; همه موارد; هورکا,https://set-coffee.com/product/%d8%af%d8%a7%d9%86%d9%87-%d9%82%d9%87%d9%88%d9%87-70a-30r-%da%a9%d9%84%d8%a7%d8%b3%db%8c%da%a9-%db%8c%da%a9-%da%a9%d8%a7%d8%b1%d8%aa%d9%86/,"دانه قهوه Caffè crema CLASSICO با ترکیب هنرمندانه 70% عربیکا و 30% روبوستا، طعمی متعادل با اسیدیته کم دارد. نت‌های غنی شکلات تلخ، آجیل و کشمش خشک (dried raisin) همراه با تن‌واری دلپذیر و پس‌مزه‌ای ماندگار، این قهوه را به گزینه‌ای محبوب برای دوستداران قهوه ترکیبی تبدیل کرده است. 
 فراوری شسته و نچرال، همراه با رست مدیوم، طعمی کلاسیک ایتالیایی را با ذائقه ایرانی هماهنگ کرده و این قهوه را برای محیط‌ه"
Set Coffee,دانه قهوه ترکیبی 82R+ &#8211; (80R/20A) یک کارتن 8 کیلویی,Brazil,Natural,Medium,Whole bean,8000.0,28500000,356250.0,,True,قهوه; قهوه تجاری; همه موارد; هورکا,https://set-coffee.com/product/%d8%af%d8%a7%d9%86%d9%87-%d9%82%d9%87%d9%88%d9%87-%d8%aa%d8%b1%da%a9%db%8c%d8%a8%db%8c-80r-20a-82r-%db%8c%da%a9-%da%a9%d8%a7%d8%b1%d8%aa%d9%86/,"برای تجربه قهوه‌ای قوی و پرانرژی، دانه قهوه ترکیبی 82R+ با ترکیب 80% روبوستا و 20% عربیکا در بسته‌بندی کارتنی یک کیلوگرمی، انتخابی بی‌نظیر است. این قهوه روبوستا عربیکا با کافئین بالا و طعمی جسورانه، برای مصارف حرفه‌ای در کافه‌ها، سازمان‌ها و سیستم HORECA طراحی شده است. 
 اگر به دنبال خرید دانه قهوه برای اسپرسوهای غلیظ، قهوه ترک یا نوشیدنی‌های صبحگاهی پرقدرت هستید، این محصول با کیفیت ممتاز و قیمت ق"
Set Coffee,دانه قهوه ترکیبی +80R/20A) 82R) یک کیلوگرمی,Brazil,Natural,Medium,Whole bean,1000,3700000,370000.0,,True,فروش سازمانی; قهوه; قهوه تجاری; همه موارد,https://set-coffee.com/product/%d8%af%d8%a7%d9%86%d9%87-%d9%82%d9%87%d9%88%d9%87-%d8%aa%d8%b1%da%a9%db%8c%d8%a8%db%8c-80r-20a-82r-%db%8c%da%a9-%da%a9%db%8c%d9%84%d9%88%da%af%d8%b1%d9%85%db%8c/,"دانه قهوه ترکیبی 82R از دانه‌های روبوستای پرانرژی آسیای جنوب شرقی و عربیکای آمریکای مرکزی منتخب از مزارع برتر ترکیب شده است. برشته‌کاری دقیق و حرفه‌ای، طعمی غنی با نت‌های کاکائو، کارامل سوخته و رایحه‌ای خاکی ایجاد کرده که با تن‌واری قوی و کافئین بالا، برای دوستداران  قهوه با کافئین بالا  بی‌نظیر است. 
 این قهوه برای آسیاب به صورت  پودر قهوه ترکیبی  ریز برای قهوه ترک یا متوسط برای اسپرسو مناسب است "
Set Coffee,دانه قهوه ترکیبی عربیکا % ۱۰۰ House Blend &#8211; یک کارتن ۸ کیلویی,Brazil,Washed,Medium,Whole bean,1000.0,41500000,4150000.0,,True,قهوه; قهوه پرمیوم; همه موارد; هورکا,https://set-coffee.com/product/%d8%af%d8%a7%d9%86%d9%87-%d9%82%d9%87%d9%88%d9%87-%d8%aa%d8%b1%da%a9%db%8c%d8%a8%db%8c-%d8%b9%d8%b1%d8%a8%db%8c%da%a9%d8%a7-%db%b1%db%b0%db%b0-house-blend-%db%8c%da%a9-%da%a9%d8%a7%d8%b1%d8%aa%d9%86/,"برای تجربه قهوه‌ای خوش‌عطر و متعادل، دانه قهوه ترکیبی House Blend 100% عربیکا در بسته‌بندی کارتنی یک کیلوگرمی، انتخابی عالی است. این قهوه عربیکا 100 درصد با ترکیبی هنرمندانه از دانه‌های منتخب مناطق برتر قهوه‌خیز، طعمی نرم و دلپذیر ارائه می‌دهد که برای مصارف حرفه‌ای در کافه‌ها، سازمان‌ها و سیستم HORECA طراحی شده است. 
 اگر به دنبال خرید دانه قهوه برای اسپرسوهای ملایم، قهوه دمی یا نوشیدنی‌های صبحگاه"
Set Coffee,دانه قهوه 70A-30R Leo– یک کارتن 8 کیلویی,Brazil,Natural,Medium,Whole bean,1000.0,33000000,3300000.0,,True,قهوه; قهوه تجاری; همه موارد; هورکا,https://set-coffee.com/product/%d8%af%d8%a7%d9%86%d9%87-%d9%82%d9%87%d9%88%d9%87-70a-30r-leo-%db%8c%da%a9-%da%a9%d8%a7%d8%b1%d8%aa%d9%86/,"ویژه مصارف بالا سازمانها، دفاتر کار، سیستم (HORECA) 
 ویژه مصارف بالا سازمانها، دفاتر کار، سیستم (HORECA) 
 دانه قهوه ترکیبی LEO Blend از ترکیب دانه های Robusta ۳۰٪ که در آفریقا و آسیا کشت شده و Arabica ۷۰٪ که در آمریکای جنوبی و آمریکای مرکزی کشت شده با درجه برشته شدن متوسط رو به تیره تهیه شده است. 
 این دانه های قهوه ویژگی های قهوه ربوستا و عربیکا را همزمان دارند که نوشیدن قهوه تهیه شده از آن را "
Set Coffee,دانه قهوه ترکیبی (Black and White (50A/50R &#8211; یک کارتن 8 کیلویی,Brazil,Natural,Medium,Whole bean,8000.0,31500000,393750.0,,True,قهوه; قهوه تجاری; همه موارد; هورکا,https://set-coffee.com/product/%d8%af%d8%a7%d9%86%d9%87-%d9%82%d9%87%d9%88%d9%87-%d8%aa%d8%b1%da%a9%db%8c%d8%a8%db%8c-black-and-white-50a-50r-%db%8c%da%a9-%da%a9%d8%a7%d8%b1%d8%aa%d9%86/,"ویژه مصارف بالا سازمانها، دفاتر کار، سیستم (HORECA) 
 دانه قهوه ترکیبی Black and White (عربیکا ۵۰٪، روبوستا ۵۰٪) &#8211; یک کارتن 8 عددی 
 دانه قهوه ترکیبی Black and White از ترکیب مساوی دانه های قهوه عربیکای کشت شده در مزارع آمریکای جنوبی و روبوستای کشت شده در آفریقا و آسیا تولید شده است. 
 برای ترکیب کردن انواع قهوه و دست یابی به دانه هایی که پس از برشته شدن، دارای توازن در طعم، اسیدیته مناسب، ت"
Set Coffee,کپسول قهوه SETpresso سازگار با دستگاه نسپرسو (Selection) ۱۰ عددی,Ethiopia,Natural,,Capsule,,700000,,,True,کپسول قهوه; همه موارد,https://set-coffee.com/product/%da%a9%d9%be%d8%b3%d9%88%d9%84-%d9%82%d9%87%d9%88%d9%87-setpresso-%d8%b3%d8%a7%d8%b2%da%af%d8%a7%d8%b1-%d8%a8%d8%a7-%d8%af%d8%b3%d8%aa%da%af%d8%a7%d9%87-%d9%86%d8%b3%d9%be%d8%b1%d8%b3%d9%88-selectio/,"۱۰ عددی (SELECTION) SETpresso 
 NESPRESSO COMPATIBLE COFFEE CAPSULE (Selection) 
 کپسول قهوه ست مدل Selection سازگار با دستگاههای کپسولی نسپرسو می باشد. حاوی تمام رنگهای موجود ست پرسو می باشد. مناسب افرادی که قصد مقایسه و انتخاب بین 5 رنگ موچود کپسولهای SETpresso را دارند و یا رنگهای مختلف را در ساعات مختلف روز و به شیوه های متفاوت تهیه می کنند. 
 کپسولهای دیگر رده Limited Edition 
 مشکی (BLACK): "
Set Coffee,کپسول قهوه SETpresso سازگار با دستگاه نسپرسو (Green) ۱۰ عددی,Brazil,Natural,,Capsule,,685000,,,True,کپسول قهوه; همه موارد,https://set-coffee.com/product/%d9%82%d9%87%d9%88%d9%87-%da%a9%d9%be%d8%b3%d9%88%d9%84%db%8c-setpresso-%d8%b3%d8%a7%d8%b2%da%af%d8%a7%d8%b1-%d8%a8%d8%a7-%d8%af%d8%b3%d8%aa%da%af%d8%a7%d9%87-%d9%86%d8%b3%d9%be%d8%b1%d8%b3%d9%88/,"۱۰ عددی SETpresso (Green) 
 Central America and Africa (Arabica/Robusta) 
 NESPRESSO COMPATIBLE COFFEE CAPSULE (GREEN) 
 کپسول قهوه ایرانی ست مدل Green کپسول قهوه سازگار با دستگاه‌های کپسولی نسپرسو است. ترکیب این قهوه عربیکا و روبوستا بوده و با برشته‌کاری متوسط رو به پایین درجاتی از اسیدیته به همراه تن‌واری متوسط به واسطه داشتن روبوستا را داراست. در کپسول ست پرسو ترکیب دانه‌های قهوه از آمریکای مرک"
Set Coffee,کپسول قهوه SETpresso سازگار با دستگاه نسپرسو (Gold) ۱۰ عددی,Brazil,Natural,,Capsule,,740000,,,True,کپسول قهوه; همه موارد,https://set-coffee.com/product/%da%a9%d9%be%d8%b3%d9%88%d9%84-%d9%82%d9%87%d9%88%d9%87-gold-setpresso/,"10 عددی (SETpresso (GOLD 
 South and Central America and Africa (100% ARABICA) 
 NESPRESSO COMPATIBLE COFFEE CAPSULE  (GOLD) 
 کپسول نسپرسو ایرانی قهوه ست مدل Gold سازگار با دستگاه‌های کپسولی نسپرسو است. ترکیب این کپسول قهوه ایرانی 100% عربیکا بوده و با برشته‌کاری متوسط به بالا از اسیدیته متوسط و بسیار خوشایند و متوازن به همراه تلخی متوسط به پایین به همراه تن‌واری متوسط است. 
 کپسول قهوه Gold Setp"
Set Coffee,کپسول قهوه SETpresso سازگار با دستگاه نسپرسو (Black) ۱۰ عددی,Brazil,Natural,,Capsule,,665000,,,True,کپسول قهوه; همه موارد,https://set-coffee.com/product/%d9%82%d9%87%d9%88%d9%87-%da%a9%d9%be%d8%b3%d9%88%d9%84%db%8c-black-%d8%b3%d8%a7%d8%b2%da%af%d8%a7%d8%b1-%d8%a8%d8%a7-%d8%af%d8%b3%d8%aa%da%af%d8%a7%d9%87-%d9%86%d8%b3%d9%be%d8%b1%d8%b3%d9%88/,"SETpresso (BLACK) ۱۰ عددی 
 Central and South America and East Asia (Arabica/Robusta  Blend) 
 NESPRESSO COMPATIBLE COFFEE CAPSULE (BLACK) 
 کپسول قهوه ست مدل Black یک کپسول قهوه ایرانی و سازگار با دستگاه‌های کپسولی نسپرسو است. ترکیب قهوه کپسول ایرانی setpresso عربیکا و روبوستا بوده و درصد روبوستای بیشتری نسبت به کپسول ست پرسو مدل Green دارد. این محصول با برشته‌کاری متوسط  رو به بالا  از اسیدیته ک"
Set Coffee,کپسول قهوه SETpresso سازگار با دستگاه نسپرسو (Blue) ۱۰ عددی,Brazil,Natural,,Capsule,,695000,,,True,کپسول قهوه; همه موارد,https://set-coffee.com/product/%d9%82%d9%87%d9%88%d9%87-%da%a9%d9%be%d8%b3%d9%88%d9%84%db%8c-%d8%b3%d8%a7%d8%b2%da%af%d8%a7%d8%b1-blue-%d8%a8%d8%a7-%d8%af%d8%b3%d8%aa%da%af%d8%a7%d9%87-%d9%86%d8%b3%d9%be%d8%b1%d8%b3%d9%88/,"۱۰ عددی SETpresso (BLUE) 
 South America and Africa (100% ARABICA) 
 NESPRESSO COMPATIBLE COFFEE CAPSULE (BLUE) 
 کپسول نسپرسو ایرانی قهوه ست مدل Blue سازگار با دستگاه‌های کپسولی نسپرسو است. ترکیب این کپسول قهوه ایرانی 100% عربیکا بوده و با برشته‌کاری متوسط از اسیدیته متوسط به بالا به همراه تن‌واری متوسط است. کپسول قهوه setpresso ترکیب با شیر مناسبی نیز ایجاد می‌کند. اگر دستگاه کف‌ساز شیر خانگی در"
Set Coffee,دانه قهوه اتیوپی Ethiopia Sidama مقدار 250 گرم,Ethiopia,Washed,Medium,Whole bean,250.0,1500000,600000.0,,True,قهوه; قهوه پرمیوم; محصولات ویژه; همه موارد,https://set-coffee.com/product/%d8%af%d8%a7%d9%86%d9%87-%d9%82%d9%87%d9%88%d9%87-%d8%a7%d8%aa%db%8c%d9%88%d9%be%db%8c-ethiopia-sidama-%d9%85%d9%82%d8%af%d8%a7%d8%b1-250-%da%af%d8%b1%d9%85/,"قهوه اتیوپی سیداما (ETHIOPIA &#8211; SIDAMA) 
 
 Region: Sidama , SNNPR region 
 Variety: Native Heirloom Varieties 
 Processing: Washed 
 Farm: Daye bensa 
 Altitude: 1,900 metres above sea level 
 Country: Ethiopia 
 
 قهوه اتیوپی یه طور عام 
   
 خوش‌نامی قهوه اتیوپی در سپهر صنعت جهانی قهوه، حاصل دهه‌ها تلاش و تحقیقات کشاورزی روی این محصول استراتژیک است. برشته‌کاری نیست که گوشه‌چشمی به این خاست"
Set Coffee,دانه قهوه 70A-30R Leo &#8211; یک کیلوگرمی,Brazil,Natural,Medium,Whole bean,1000,4300000,430000.0,,True,فروش سازمانی; قهوه; قهوه تجاری; همه موارد,https://set-coffee.com/product/%d8%af%d8%a7%d9%86%d9%87-%d9%82%d9%87%d9%88%d9%87-70a-30r-leo-%db%8c%da%a9-%da%a9%db%8c%d9%84%d9%88%da%af%d8%b1%d9%85%db%8c/,"دانه قهوه ترکیبی LEO Blend (عربیکا ۷۰٪ &#8211; روبوستا ۳۰٪) &#8211; یک کیلوگرمی 
 دانه قهوه ترکیبی LEO Blend از ترکیب دانه های Robusta ۳۰٪ که در آفریقا و آسیا کشت شده و Arabica ۷۰٪ که در آمریکای جنوبی و آمریکای مرکزی کشت شده با درجه برشته شدن متوسط رو به تیره تهیه شده است. 
 این دانه های قهوه ویژگی های قهوه ربوستا و عربیکا را همزمان دارند که نوشیدن قهوه تهیه شده از آن را واقعا لذت بخش و به یادماند"
Set Coffee,دانه قهوه 70A-30R کلاسیک &#8211; یک کیلوگرمی,Brazil,Natural,Medium,Whole bean,1000,4750000,475000.0,,True,جدیدترین محصولات; فروش سازمانی; قهوه اسپرسو; همه موارد,https://set-coffee.com/product/%d8%af%d8%a7%d9%86%d9%87-%d9%82%d9%87%d9%88%d9%87-70a-30r-%da%a9%d9%84%d8%a7%d8%b3%db%8c%da%a9-%db%8c%da%a9-%da%a9%db%8c%d9%84%d9%88%da%af%d8%b1%d9%85%db%8c/,"دانه قهوه Caffè Crema &#8211; CLASSICO (عربیکا ۷۰٪ &#8211; روبوستا ۳۰٪) &#8211; یک کیلوگرمی 
 دانه قهوه Caffè crema CLASSICO از ترکیب دو نوع قهوه زیر طی فرایند Natural و washed  process تهیه شده است: 
 
 عربیکا از آمریکای مرکزی و آمریکای جنوبی 
 روبوستای مرغوب از آسیای جنوب شرقی و آمریکای مرکزی 
 
 نحوه ترکیب کردن دو نوع قهوه عربیکا و ربوستا و نسبت ترکیب آنها، نیاز به دانش و خلاقیت دارد. صدها گونه"
Set Coffee,دانه قهوه ترکیبی عربیکا  %۱۰۰ House Blend &#8211; یک کیلوگرمی,Brazil,Natural,Medium,Whole bean,1000,5350000,535000.0,,True,فروش سازمانی; قهوه; قهوه پرمیوم; همه موارد,https://set-coffee.com/product/%d8%af%d8%a7%d9%86%d9%87-%d9%82%d9%87%d9%88%d9%87-%d8%aa%d8%b1%da%a9%db%8c%d8%a8%db%8c-%d8%b9%d8%b1%d8%a8%db%8c%da%a9%d8%a7-%db%b1%db%b0%db%b0-house-blend-%db%8c%da%a9-%da%a9%db%8c%d9%84%d9%88%da%af/,"دانه قهوه ترکیبی عربیکا ۱۰۰ House Blend &#8211; یک کیلوگرمی 
 قهوه ترکیبی House Blendیک ترکیب اختصاصی از دانه‌های مختلف تولید شده در مزارع آمریکای مرکزی، آمریکای جنوبی، آسیای شرقی و آفریقا است. البته قهوه آمریکای جنوبی، پایه اصلی این ترکیب است و سایر قهوه ها، تکمیل کننده طعم آن می باشند. 
  این قهوه که ۱۰۰٪ از دانه های عربیکا تهیه شده ترکیبی بی نظیر است که طعم قهوه های برشته شده دهه ۶۰ و ۷۰ را به "
Set Coffee,دانه قهوه ترکیبی (Black and White (50A/50R &#8211; یک کیلوگرمی,Brazil,Natural,Medium,Whole bean,1000,4100000,410000.0,,True,فروش سازمانی; قهوه; قهوه تجاری; همه موارد,https://set-coffee.com/product/%d8%af%d8%a7%d9%86%d9%87-%d9%82%d9%87%d9%88%d9%87-%d8%aa%d8%b1%da%a9%db%8c%d8%a8%db%8c-black-and-white-50a-50r-%db%8c%da%a9-%da%a9%db%8c%d9%84%d9%88%da%af%d8%b1%d9%85%db%8c/,"دانه قهوه ترکیبی Black and White (عربیکا ۵۰٪ &#8211; روبوستا ۵۰٪) &#8211; یک کیلوگرمی 
 دانه قهوه ترکیبی Black and White از ترکیب مساوی دانه های قهوه عربیکای کشت شده در مزارع آمریکای جنوبی و روبوستای کشت شده در آفریقا و آسیا تولید شده است. 
 برای ترکیب کردن انواع قهوه و دست یابی به دانه هایی که پس از برشته شدن، دارای توازن در طعم، اسیدیته مناسب، تلخی خوشایند و افترتیست ماندگار باشند، نیاز به دانش،"
Set Coffee,دانه قهوه ترکیبی  250 گرم HOUSE Blend 100% Arabica,Brazil,Natural,Medium,Whole bean,250.0,1350000,540000.0,,True,قهوه; قهوه پرمیوم; محصولات ویژه; همه موارد,https://set-coffee.com/product/house-blend/,"قهوه ترکیبی (House Blend) 
 100% ARABICA 
 قهوه هویلا با داشتن طعمی شیرین برای قهوه دمی و اسپرسو مناسب است. علاوه بر این دم کردن قهوه هویلا در قهوه‌ساز خانگی هم توصیه می‌شود. طعم گوارای این قهوه آن را تبدیل به نوشیدنی جذابی کرده که بدون افزودن هر گونه شیرین کننده و یا حتی شیر لذت نوشیدن قهوه در هنگام صرف صبحانه و یا عصرانه را دوچندان می‌کند. 
 ترکیب دانه‌های مختلف از مزارع آمریکای مرکزی و جنوبی و "
Set Coffee,دانه قهوه ترکیبی Breakfast Blend مقدار 250 گرم,Brazil,Natural,Medium,Whole bean,250.0,1400000,560000.0,,True,قهوه; قهوه پرمیوم; محصولات ویژه; همه موارد,https://set-coffee.com/product/%d9%82%d9%87%d9%88%d9%87-%d8%aa%d8%b1%da%a9%db%8c%d8%a8%db%8c-breakfast-blend-%d9%85%d9%82%d8%af%d8%a7%d8%b1-250-%da%af%d8%b1%d9%85/,"قهوه ترکیبی صبحانه (Breakfast Blend) 
 ترکیب دانه‌های مختلف از مزارع آمریکای مرکزی و جنوبی 
 100% ARABICA 
 ترکیب کردن قهوه‌های مختلف با هم خود آمیزه‌ای است از علم و هنر. اینکه کدام یک از صدها زیرگونه قهوه عربیکا با زیرگونه‌های روبوستا می‌تواند توازن طعمی، میزان اسیدیتی مطلوب، تلخی خوشگوار، تنواری (بادی) دلپذیر و افترتیست ماندگار را به وجود بیاورد نیازمند داشتن تخصص، مهارت و تجربه بالاست. 
 اگر از"
Set Coffee,پودر قهوه ترک 250 گرمی,Brazil,Natural,Medium,Ground,250.0,925000,370000.0,,True,قهوه تجاری; محصولات ویژه; همه موارد,https://set-coffee.com/product/%d9%82%d9%87%d9%88%d9%87-%d8%aa%d8%b1%da%a9-turkish-coffee/,"پودر قهوه ترک 
  بسته 250 گرمی 
 شاید یکی از سنتی‌ترین روش مصرف قهوه در ایران استفاده از قهوه آسیاب شده به صورت کاملا پودر و ظرف قهوه جوش، جذوه، بر روی حرارت باشد که اصطلاحا به آن  قهوه ترک  گفته می‌شود. در تهیه  قهوه ترک «ست»  از دانه‌های مرغوب قهوه از مزارع  جاوه اندونزی  استفاده می‌شود و  برشته کاری متوسط  آن قهوه‌ای همه‌پسند را به ارمغان می‌آورد. برای ایجاد عطر مناسب از  دانه‌های عربیکای آمریک"
Set Coffee,دانه قهوه Caffè Crema &#8211; Classico (کلاسیک &#8211; A70/R30) 250 گرمی,Brazil,Natural,Medium,Whole bean,250.0,1200000,480000.0,,True,جدیدترین محصولات; قهوه اسپرسو; محصولات ویژه; همه موارد,https://set-coffee.com/product/%d8%af%d8%a7%d9%86%d9%87-%d9%82%d9%87%d9%88%d9%87-caffe-crema-classico-%da%a9%d9%84%d8%a7%d8%b3%db%8c%da%a9-a70-r30/,"دانه قهوه ترکیبی عربیکا 70 روبوستا 30 &#8211; 250 گرمی 
 ۲۵۰ گرمی Arabica 70% Robusta 30% 
 Achille Gaggia، مخترع ایتالیایی، یکی از اولین افرادی بود که با پیستون دستی فشار را به آب داغ وارد می‌کرد و آن را به پودر قهوه جهت عصاره‌گیری انتقال می‌داد شناخته شده است. در حقیقت می‌توان گفت آنچه که به عنوان اسپرسو شناخته می‌شود این‌گونه در دهه 40 میلادی عصاره‌گیری می‌شد. 
 در آن زمان اولین مشتریانی که معج"
Set Coffee,دانه قهوه ترکیبی (Leo Blend (70A/30R مقدار 250 گرم,Brazil,Natural,Medium,Whole bean,250.0,1090000,436000.0,,True,قهوه; قهوه تجاری; محصولات ویژه; همه موارد,https://set-coffee.com/product/%d9%82%d9%87%d9%88%d9%87-%d8%aa%d8%b1%da%a9%db%8c%d8%a8%db%8c-leo-blend/,"خرید قهوه ترکیبی LEO Blend (70A / 30R) 
 اگر قصد  خرید قهوه ترکیبی  بدانید که یکی از بهترین روشهای مخلوط کردن، ترکیب دانه‌های مختلف از عربیکای مزارع آمریکای جنوبی و مرکزی روبوستای آفریقایی و آسیایی است. 
 ترکیبی متعادل از عربیکا و روبوستا (70A / 30R) 
 ترکیب کردن قهوه‌های مختلف با هم خود آمیزه‌ای است از علم و هنر. اینکه کدام یک از صدها زیرگونه قهوه عربیکا با زیرگونه‌های روبوستا می‌تواند توازن طعمی"
Set Coffee,دانه قهوه ترکیبی (Black and White (50A/50R مقدار 250 گرم,Brazil,Natural,Medium,Whole bean,250.0,1040000,416000.0,,True,قهوه; قهوه تجاری; محصولات ویژه; همه موارد,https://set-coffee.com/product/%d9%82%d9%87%d9%88%d9%87-%d8%aa%d8%b1%da%a9%db%8c%d8%a8%db%8c-black-and-white-50-a-50-r-%d9%85%d9%82%d8%af%d8%a7%d8%b1-250-%da%af%d8%b1%d9%85/,"قهوه ترکیبی Black and White (50A/50R) 
 قهوه ترکیبی متعادل از عربیکا و روبوستا 50/50 
 ترکیب دانه‌های مختلف از عربیکای مزارع آمریکای جنوبی و روبوستای آفریقایی و آسیایی 
 ترکیب کردن قهوه‌های مختلف با هم خود آمیزه‌ای است از علم و هنر. اینکه کدام یک از صدها زیرگونه قهوه عربیکا با زیرگونه‌های روبوستا می‌تواند توازن طعمی، میزان اسیدیتی مطلوب، تلخی خوشگوار، تنواری (بادی) دلپذیر و افترتیست ماندگار را به "
Redpill Roastery,سبد کامل محصولات ترکیبی ردپیل,,,,,,,,,True,سبد عاملیت فروش RETAIL,https://redpillroastery.coffee/product/complete/,"📦 سبد کلکسیون کامل ردپیل (The Complete Collection) 
 شلف کامل قهوه تخصصی | پکیج جامع عاملیت فروش (۵۶ بسته ۲۵۰ گرمی) 
  یک شلف بی‌نقص، بدون جای خالی برای سلیقه‌های متفاوت.  
 سبد کامل ردپیل گزینه‌ای جامع برای کافه‌ها و شلف‌های تخصصی است که می‌خواهند از انرژی بالای ربوستاهای دست‌چین تا عطر و طعم لطیف و پیچیده صد درصد عربیکا را در بالاترین استاندارد رُست و بسته‌بندی به مشتریان خود عرضه کنند. 
 این سب"
Redpill Roastery,سبد کلاسیک و روزانه &#8211; قهوه های ترکیبی ربوستا غالب,,,,,,,,,True,سبد عاملیت فروش RETAIL,https://redpillroastery.coffee/product/%d8%b3%d8%a8%d8%af-%da%a9%d9%84%d8%a7%d8%b3%db%8c%da%a9-%d9%88-%d8%b1%d9%88%d8%b2%d8%a7%d9%86%d9%87/,
Redpill Roastery,سبد پرمیوم و ترکیب های عربیکا غالب,,,,,,,,,True,سبد عاملیت فروش RETAIL,https://redpillroastery.coffee/product/%d8%b3%d8%a8%d8%af-%d9%be%d8%b1%d9%85%db%8c%d9%88%d9%85-%d9%88-%d8%aa%d8%b1%da%a9%db%8c%d8%a8-%d9%87%d8%a7%db%8c-%d8%b9%d8%b1%d8%a8%db%8c%da%a9%d8%a7-%d8%ba%d8%a7%d9%84%d8%a8/,
Redpill Roastery,خدمات رست اختصاصی عربیکا (صالحی کافی),Brazil,,Medium,,70000.0,10500000,15000.0,,True,رست اختصاصی (صالحی کافی),https://redpillroastery.coffee/product/arabica-exclusive/,"خدمات تخصصی برشته‌کاری دان عربیکا | صالحی کافی (Salehi Coffee) 
 رست مهندسی‌شده دان‌های عربیکا با حفظ حداکثری آروما، اسیدیته شفاف، شیرینی طبیعی و تکرارپذیری طعم‌یادها — حداقل سفارش: ۱ گونی 
 ظرافت مهندسی در رست دان عربیکا 
 دان‌های عربیکا با ساختار سلولی حساس، قندهای پیچیده و ترکیبات آروماتیک آسیب‌پذیر، به کوچک‌ترین نوسان دمایی واکنش نشان می‌دهند. فرآیند نادرست رست می‌تواند اسیدیته شفاف و میوه‌ای "
Redpill Roastery,خدمات رست اختصاصی ربوستا (صالحی کافی),Brazil,,Medium,Whole bean,60000.0,12000000,20000.0,,True,رست اختصاصی (صالحی کافی),https://redpillroastery.coffee/product/robusta-exclusive/,"رست مهندسی‌شده دان سبز ربوستا با حداکثر بادی، کرمای پایدار و تلخی کنترل‌شده — حداقل سفارش: ۱ گونی 
 چرا رست ربوستا نیازمند مهندسی دقیق حرارتی است؟ 
 دان‌های ربوستا به دلیل ساختار فیزیکی فشرده‌تر (Dense)، رطوبت ساختاری و فیبر متراکم، رفتار حرارتی متفاوتی نسبت به عربیکا درام رستر دارند. یک خطای کوچک در انتقال حرارت یا تخلیه پیش از موعد می‌تواند منجر به طعم‌های سوخته، گسی (Astringency) یا ترشی نامطلو"
Redpill Roastery,قهوه اتیوپی گوجی وامنا | (فرآوری انروبیک),Ethiopia,,,Whole bean,150.0,1575000,1050000.0,,True,,https://redpillroastery.coffee/product/wamena/,"تجربه‌ی قهوه گوجی وامنا، 
فراتر از یک قهوه‌ی معمولی است؛ این یک سفر حسی به قلب اتیوپی است. قهوه‌ای که در ارتفاعات بیش از ۲۰۰۰ متری منطقه “وامنا” رشد یافته و با دقت و مهارتی مثال‌زدنی تحت فرآیند «تخمیر بی‌هوازی» (Anaerobic) به کمال رسیده است. اگر به دنبال فنجانی با پیچیدگی‌های بی‌نظیر، بدنه مخملی و نت‌های میوه‌ای انفجاری هستید، گوجی وامنا تنها انتخاب شماست. 
  ویژگی‌های بارز این محصول:  
 
  خاستگا"
Redpill Roastery,خرید قهوه ربوستا فاین ردپیل | پر کافئین برای شروع صبح,,,,Whole bean,500.0,1350000,270000.0,,True,قهوه ترکیبی ربوستا + عربیکا,https://redpillroastery.coffee/product/%d9%82%d9%87%d9%88%d9%87-%d8%b1%d8%a8%d9%88%d8%b3%d8%aa%d8%a7/,"خرید قهوه فاین ربوستا؛ تجربه‌ای متفاوت از قهوه پرقدرت و باکیفیت 
 بسیاری از علاقه‌مندان به قهوه، هنگام  خرید ربوستا  نگران تلخی بیش از حد یا طعم‌های ناخوشایند هستند. در ردپیل، ما مفهوم “ربوستای فاین” را بازتعریف کرده‌ایم. این محصول، پاسخی به نیاز کسانی است که به دنبال  قهوه با کافئین بالا  هستند اما کیفیت و عطر را فدای قدرت نمی‌کنند. 
  ویژگی‌های متمایز این محصول برای مصرف خانگی و حرفه‌ای:  
 
  ا"
Redpill Roastery,قهوه مسابقاتی امبلیگون سمفونی گل ها OMBLIGON coffee competition by lohas beans,,,,Whole bean,50.0,3000000,6000000.0,,True,قهوه مسابقات,https://redpillroastery.coffee/product/ombligon/,"قهوه مسابقاتی امبلیگون (Ombligon): سمفونی گل در رستری ردپیل 
 در دنیای قهوه‌های تخصصی (Specialty Coffee)، لحظاتی وجود دارد که زبان از توصیف باز می‌ماند و تنها حواس پنج‌گانه به قضاوت می‌نشینند.  Ombligon Floral Symphony ، محصولی از مزرعه پیشرو  El Diviso ، همان نقطه‌ی اوج است. این قهوه که بارها در سکوهای قهرمانی مسابقات دم‌آوری (Brewers Cup) درخشیده، اکنون در رستری «ردپیل» با دقت میکرومتری رست شده "
Redpill Roastery,قهوه پگاسینگ اندونزی برای اسپرسو | طعم لیمو عمانی شدید,Indonesia,,,Whole bean,150.0,1500000,1000000.0,,True,,https://redpillroastery.coffee/product/espresso-pegasing/,"قهوه پگاسینگ اندونزی ردپیل | اسپرسو با طعم‌یاد لیمو عمانی شدید 
 اگر به‌دنبال یک قهوه اسپرسو خاص، پرانرژی و متفاوت هستی،  قهوه پگاسینگ اندونزی ردپیل  یکی از جذاب‌ترین انتخاب‌هاست. این قهوه عربیکای تخصصی از ارتفاعات گایو در آچه اندونزی، با فرآوری تخمیری/واین، شخصیتی پیچیده و جسور دارد و در عصاره‌گیری اسپرسو، طعمی بسیار شفاف و متمایز ارائه می‌دهد. 
 آنچه پگاسینگ را از بسیاری از قهوه‌های اسپرسو جدا م"
Redpill Roastery,قهوه عربیکا تک خاستگاه کلمبیا گایتانیا Colombia Gaitania,Colombia,,,Whole bean,250.0,2000000,800000.0,,True,عربیکا تک خاستگاه,https://redpillroastery.coffee/product/gaitania/,"قهوه کلمبیا گایتانیا| رست اسپرسو 
 قهوه کلمبیا گایتانیا با فرآوری شسته و رست اسپرسو، انتخابی مناسب برای کسانی است که به دنبال فنجانی متعادل، خوش‌عطر و شفاف هستند. این قهوه از منطقه گایتانیا در کلمبیا تهیه شده و پس از فرآوری شسته، در ردپیل رستری با پروفایل مناسب برای اسپرسو برشته شده است. 
 فرآوری شسته کمک می‌کند ویژگی‌های ذاتی دانه قهوه با وضوح بیشتری در فنجان نمایان شود. در این روش، میوه قهوه پس "
Redpill Roastery,قهوه عربیکا تک خاستگاه کلمبیا تیمانا Colombia Timana,Colombia,,,Whole bean,250.0,1875000,750000.0,,True,عربیکا تک خاستگاه,https://redpillroastery.coffee/product/timana/,"قهوه تک خاستگاه کلمبیا تیمانا | رست اسپرسو Colombia Timana 
  
 در «ردپیل»، ما به دنبال عصاره‌ی ناب هستیم. قهوه کلمبیا تیمانا (Timaná)، فراتر از یک فنجان قهوه، تجربه‌ای از شفافیت و اصالت منطقه «هویلا» (Huila) است. این دانه‌ها در ارتفاعات کلمبیا، رشد کرده و با فرآوری دقیقِ «شسته» (Washed)، تمام ناخالصی‌ها از آن زدوده شده است تا تنها ذاتِ واقعی قهوه باقی بماند. 
 ما در ردپیل، این قهوه را با «رست اسپ"
Redpill Roastery,قهوه عربیکا تک خاستگاه کلمبیا بولیوار &#8211; colombia bolivar,Colombia,,,Whole bean,250.0,1750000,700000.0,,True,عربیکا تک خاستگاه,https://redpillroastery.coffee/product/bolivar/,"قهوه کلمبیا بولیوار (Colombia Bolivar) – تک خاستگاه رستری ردپیل 
 اگر به دنبال فنجانی هستید که تعریف دقیقی از  «تعادل، شیرینی غنی کاراملی و بادی مخملی»  ارائه دهد،  قهوه کلمبیا بولیوار از رستری ردپیل (RedPill)  همان انتخابی است که جایش در فنجان شما خالی است. این قهوه ۱۰۰٪ عربیکا تخصصی، از ارتفاعات سرسبز و کوهستانی منطقه معروف آنتیوکیا (Antioquia) برداشت شده و بازتابی اصیل از کلمبیاست. 
 &nbsp; 
 ش"
Redpill Roastery,اسپرسو ساز اهرمی چری مدل توتورو,,,,,,25500000,,,True,اکسسوری و تجهیزات,https://redpillroastery.coffee/product/totoro/,"هنر عصاره‌گیری در دستان شما؛ چرا چری توتورو یک شاهکار دستی است؟ 
 برای کسانی که قهوه را یک علم و عصاره‌گیری را یک هنر می‌دانند، ماشین‌های اتوماتیک هرگز جای حسِ نابِ فشردن اهرم و تماشای جریان یکدست و داغِ اسپرسو را نمی‌گیرند.  اسپرسوساز اهرمی چِری توتورو (Cherry Totoro) ، جدیدترین و پیشرفته‌ترین عضو خانواده چری، دقیقاً با همین فلسفه طراحی شده است:  کنترل مطلق باریستا بر عصاره‌گیری.  
 توتورو یک ابز"
Redpill Roastery,قهوه تک خاستگاه کلمبیا بلاسوم &#8211; تجربه عطری شکوفه‌ها/ colombia blossom,Colombia,,,Whole bean,250.0,1750000,700000.0,,True,عربیکا تک خاستگاه,https://redpillroastery.coffee/product/blossom/,به دنبال قهوه‌ای هستید که هم‌زمان عطری رها و بافتی شیرین داشته باشد؟ قهوه  Colombia Blossom  در رستری ردپیل، بازتعریفی از «هارمونی» است. ما در ردپیل با انتخاب هوشمندانه  رست مدیوم (Medium Roast) ، به این دانه فرصت دادیم تا در اوجِ کمال، بین اسیدیته ظریفِ مرکباتی و شیرینیِ غنیِ کاراملی، تعادلی بی‌نظیر ایجاد کند. این قهوه برای کسانی است که می‌خواهند «عطر» را در فنجانی با «بدنه و شیرینیِ استاندارد» ت
Redpill Roastery,قهوه تک خاستگاه کلمبیا ال دسارولو | فنجانی با طعم سیب و زست پرتقال El Desarrollo,Colombia,,,Whole bean,250.0,1750000,700000.0,,True,عربیکا تک خاستگاه,https://redpillroastery.coffee/product/el-desarrollo/,"قهوه کلمبیا El Desarrollo 
 قهوه  Colombia El Desarrollo  یکی از قهوه‌های اسپشیالتی باکیفیت از منطقه مشهور  Huila  در کلمبیا است. این قهوه توسط انجمن تولیدکنندگان  El Desarrollo  در شهر  Gigante  تولید می‌شود؛ گروهی از کشاورزان که با تمرکز بر کیفیت، فرآوری دقیق و توسعه پایدار، قهوه‌هایی با پروفایل طعمی شفاف و متعادل تولید می‌کنند. 
 دانه‌های این قهوه در ارتفاع  ۱۳۰۰ تا ۱۹۰۰ متر  از سطح دریا رشد می"
Redpill Roastery,قهوه کلمبیا لنگوپا | فنجانی شفاف با طعم‌یادهای لیمو، پرتقال,Colombia,,,Whole bean,250.0,1750000,700000.0,,True,عربیکا تک خاستگاه,https://redpillroastery.coffee/product/colombia-lengupa-washed-coffee/,"قهوه کلمبیا لنگوپا – Colombia Lengupá Washed 
 قهوه کلمبیا لنگوپا یکی از قهوه‌های خاص و کمتر شناخته‌شده کلمبیاست که در سال‌های اخیر توجه بسیاری از روسترهای تخصصی جهان را به خود جلب کرده است. این قهوه در دره لنگوپا (Lengupá Valley) در استان بویاکا کشت می‌شود؛ منطقه‌ای کوهستانی در دامنه‌های شرقی رشته‌کوه آند که به دلیل ارتفاع مناسب، رطوبت طبیعی و شرایط اقلیمی خاص، محیطی ایده‌آل برای تولید قهوه‌های ب"
Redpill Roastery,قهوه عمده مستر ردپیل Master | قهوه ۱۰۰٪ عربیکا میوه‌ای,,,,,5000.0,23750000,475000.0,,True,قهوه عمده ردپیل B2B,https://redpillroastery.coffee/product/masteromde/,"قهوه ترکیبی ۱۰۰ عربیکای مستر 
   https://redpillroastery.coffee/wp-content/uploads/2026/06/مستر.mp4   
 مستر یک بلِند ۱۰۰٪ عربیکا از دانه‌های آمریکای لاتین و مرکزی است که با هدف ارائه قهوه‌ای متعادل و نوشیدنی طراحی شده است. این قهوه به دلیل پروفایل میوه‌ای و اسیدیته زنده، تجربه‌ای شفاف و جذاب ایجاد می‌کند. 
 در فنجان مستر نت‌های سیتروس و میوه‌های قرمز در کنار حس دهانی آبمیوه‌ای دیده می‌شود که باعث"
Redpill Roastery,قهوه عمده دلچه ردپیل Dolce | بلِند حرفه‌ای با اسیدیته روشن,,,Light,,2500.0,10200000,408000.0,,True,قهوه عمده ردپیل B2B,https://redpillroastery.coffee/product/dolceomde/,"قهوه ترکیبی دلچه 
   https://redpillroastery.coffee/wp-content/uploads/2026/06/دلچه.mp4   
 یکی از حرفه‌ای‌ترین بلِندهای ردپیل است که با ۷۵٪ عربیکا ممتاز طراحی شده تا تجربه‌ای شفاف و پیچیده از اسپرسو ارائه دهد. این قهوه ترکیبی از دانه‌های آسیای شرقی و آمریکای لاتین است که پروفایلی زنده و چندلایه ایجاد می‌کند. 
 در این قهوه اسیدیته روشن و برجسته در کنار نت‌های سیتروس و میوه‌ای دیده می‌شود که با طعم"
Redpill Roastery,قهوه عمده باریستا ردپیل Barista | اسپرسوی عربیکا‑محور برای کافی‌شاپ,,,,,2500.0,9950000,398000.0,,True,قهوه عمده ردپیل B2B,https://redpillroastery.coffee/product/baristaomde/,"قهوه باریستا ردپیل 
   https://redpillroastery.coffee/wp-content/uploads/2026/06/باریستا.mp4   
 یکی از بلِندهای عربیکا‑محور ردپیل است که برای ارائه فنجانی متعادل و حرفه‌ای طراحی شده است. این ترکیب با ۶۰٪ عربیکا ممتاز و دانه‌هایی از آسیای شرقی و آمریکای لاتین، پروفایلی پیچیده و جذاب ایجاد می‌کند. 
 پروفایل طعمی این قهوه شامل نت‌های فندق، توت و پوست گردو است که در کنار بادی کره‌ای و غنی تجربه‌ای عم"
Redpill Roastery,قهوه عمده موکالوکس ردپیل Mokalux | بلِند متعادل برای سرو روزانه,,,,,2500.0,8925000,357000.0,,True,قهوه عمده ردپیل B2B,https://redpillroastery.coffee/product/mokaluxomde/,"قهوه موکالوکس ردپیل 
   https://redpillroastery.coffee/wp-content/uploads/2026/06/موکالوکس.mp4   
 موکالوکس یکی از محبوب‌ترین بلِندهای ردپیل برای مصرف روزانه است. این قهوه با ترکیب ۴۰٪ عربیکا ممتاز و دانه‌هایی از آسیای شرقی و آمریکای لاتین طراحی شده تا فنجانی متعادل، خوش‌نوش و قابل اعتماد ارائه دهد. 
 پروفایل طعمی این قهوه شامل نت‌های آجیلی به‌ویژه گردو در کنار سیتروس ملایم است که تعادلی جذاب میان"
Redpill Roastery,قهوه عمده ولوت ردپیل velvet | کرمای بالا و طعم مشتری‌پسند,,Honey,,,2500.0,7975000,319000.0,,True,قهوه عمده ردپیل B2B,https://redpillroastery.coffee/product/velvetomde/,"قهوه ولوت ردپیل | بلندی محبوب با شخصیت ایتالیایی 
   https://redpillroastery.coffee/wp-content/uploads/2026/06/velvet-compressed-2.mp4   
 ولوت یکی از بلِندهای محبوب ردپیل برای سرو روزانه در کافی‌شاپ‌ها است. این ترکیب با ۲۵٪ عربیکا ممتاز و ۷۵٪ روبوستا طراحی شده تا تعادلی مناسب میان عطر، بادی و کرما ایجاد کند و فنجانی قابل اعتماد و مشتری‌پسند ارائه دهد. 
 در پروفایل طعمی این قهوه، رایحه‌ای معطر همر"
Redpill Roastery,قهوه توربو ردپیل Turbo | خرید عمده قهوه کافئین بالا,,,,,2500.0,6950000,278000.0,,True,قهوه عمده ردپیل B2B,https://redpillroastery.coffee/product/turboomde/,"قهوه توربو ردپیل | انتخابی اقتصادی با کافئین بالا برای خرید عمده 
   https://redpillroastery.coffee/wp-content/uploads/2026/06/توربو.mp4   
 قهوه توربو ردپیل یکی از ترکیب‌های اقتصادی و کاربردی برای مصرف روزانه در کافی‌شاپ‌ها، رستوران‌ها، دفاتر کاری و مجموعه‌های پرمصرف است. این قهوه با ترکیب ۱۵٪ عربیکا ممتاز و ۸۵٪ روبوستا طراحی شده تا در کنار حفظ عطر و طعم قابل قبول، کافئین بالا و قدرت بدنه مناسب ب"
Redpill Roastery,قهوه تخصصی اتیوپی دابایه فراوری بی هوازی طبیعی- ethiopia dabaye redpill roastery,Ethiopia,Natural,,Whole bean,150.0,,,,True,,https://redpillroastery.coffee/product/dabaye/,"معرفی قهوه اتیوپی دابایه (Dabaye) – فرآوری نچرال آناروبیک 
  تجربه‌ای فراتر از یک فنجان؛ هنر رست محمد صالحی در رستری ردپیل  
 اگر به دنبال قهوه‌ای هستید که مرزهای طعمی را جابه‌جا کند،  اتیوپی دابایه (Ethiopia Dabaye)  با فرآوری خاص  نچرال آناروبیک (Natural Anaerobic) ، همان گمشده‌ی شماست. این قهوه محصولی از ارتفاعات سرگیجه‌آور منطقه  گوجی (Guji)  است که با وسواس علمی و دقت هنری در  رستری ردپیل (Re"
Redpill Roastery,قهوه عربیکا کلمبیا دارک رستِ ردپیل- arabica colombia dark roast coffee,Colombia,,Dark,Whole bean,250.0,1500000,600000.0,,True,قهوه دارک رست,https://redpillroastery.coffee/product/colodark/,"&nbsp; 
 &nbsp; 
 # ☕ قهوه کلمبیا سوپریمو – دارک رست تخصصی با شیرینی کنترل‌شده 
 اگر تصور می‌کنید دارک رست یعنی تلخی شدید و سوختگی، وقت آن رسیده که تجربه‌تان را بازنویسی کنید. 
 ما در این پروژه، برای اولین‌بار در ایران، یک **رست تیره (Dark Roast) کاملاً کنترل‌شده و علمی** را روی عربیکا کلمبیا سوپریمو اجرا کرده‌ایم؛ رستی که نه تنها تلخ و سوخته نیست، بلکه بافتی مخملی و شیرینی عمیق و کاراملیزه ارائه "
Redpill Roastery,قهوه عربیکا تخصصی اوگاندا از کوهستان الگون با فراوری سوپر نچرال &#8211; Uganda Elgon arabica,Uganda,Natural,,Whole bean,150.0,1980000,1320000.0,,True,عربیکا تک خاستگاه,https://redpillroastery.coffee/product/elgon/,"خرید قهوه تخصصی اوگاندا الگون (UgandaSL28 زیرگونه) | Elgon 
 تجربهای متفاوت با فرآوری سوپر نچرال و رست اختصاصی ردپیل 
اگر به دنبال فنجانی هستید که مرزهای طعمی قهوههای آفریقایی را جابه جا کند، قهوه تخصصی اوگاندا از منطقه کوهستانی الگون 
دقیقا همان چیزی است که نیاز دارید. این قهوه نه تنها یک نوشیدنی، بلکه یک اثر هنری از دل مزارع مرتفع اوگانداست که با دقت وسواسی توسط تیم ردپیل برای عصاره گیری اسپرسو "
Redpill Roastery,قهوه تخصصی عربیکا السالوادور فراوری عسلی منطقه آگوستین- Elsalvador honey process,El Salvador,Honey,,Whole bean,150.0,1200000,800000.0,,True,,https://redpillroastery.coffee/product/agustin/,"قهوه السالوادور آگوستین با فرآوری عسلی (Honey Process)، یکی از خاص‌ترین و دلپذیرترین قهوه‌های تخصصی آمریکای مرکزی است که عاشقان قهوه را با شیرینی طبیعی و طعم‌های پیچیده‌اش مجذوب می‌کند.  
  چرا قهوه آگوستین السالوادور اینقدر محبوب است؟  
این قهوه از مزارع باکیفیت السالوادور (احتمالاً مرتبط با منطقه San Agustin یا فینکاهای مشابه) برداشت می‌شود و با روش فرآوری عسلی تولید می‌گردد. در این روش، پوست گی"
Redpill Roastery,قهوه ربوستا ممتاز  اوگاندا با فراوری عسلی-Redpill Robusta honey process uganda,Uganda,Honey,,Whole bean,250.0,515000,206000.0,,False,قهوه عمده ردپیل B2B,https://redpillroastery.coffee/product/%d9%82%d9%87%d9%88%d9%87-%d8%b1%d8%a8%d9%88%d8%b3%d8%aa%d8%a7-%d9%85%d9%85%d8%aa%d8%a7%d8%b2-%d8%a7%d9%88%da%af%d8%a7%d9%86%d8%af%d8%a7-%d8%a8%d8%a7-%d9%81%d8%b1%d8%a7%d9%88%d8%b1%db%8c-%d8%b9%d8%b3/,"در دنیای قهوه تخصصی امروز،  ربوستا هانی پروسس اوگاندا  یکی از جذاب‌ترین و متفاوت‌ترین گزینه‌ها برای علاقه‌مندان به قهوه قوی، شیرین و خاص شده است. 
 اوگاندا به عنوان بزرگ‌ترین صادرکننده قهوه  روبوستا  در آفریقا شناخته می‌شود و زادگاه اصلی این گونه قهوه محسوب می‌گردد. اما آنچه این قهوه را واقعاً متمایز کرده، استفاده از روش فرآوری  هانی پروسس  (Honey Process یا Pulped Natural) روی دانه‌های روبوستا اس"
Redpill Roastery,قهوه ردپیل ربوستا کیفیت بالا &#8211;  Redpill coffee fine Robusta 100%,,,,,10000.0,6500000,65000.0,,True,قهوه عمده ردپیل B2B,https://redpillroastery.coffee/product/finerobusta/,"فاین ربوستا 
  فاین ربوستا  نسل تازه‌ای از قهوه‌های ربوستا است؛ محصولی که با دقت و ظرافت انتخاب و فرآوری شده تا تجربه‌ای متفاوت از آنچه تاکنون با ربوستا می‌شناختید، ارائه دهد. این قهوه نه‌تنها خوش‌طعم‌تر و خوش‌عطرتر است، بلکه به لطف فناوری سورت مکانیزه، یکدستی و کیفیتی بی‌نظیر دارد. 
  
 توضیحات محصول 
 فاین ربوستا از دانه‌های ممتاز و سالم انتخاب می‌شود و با عبور از دستگاه سورت، تمامی دانه‌های معی"
Redpill Roastery,قهوه عربیکا تخصصی کلمبیا تابی منطقه لاکلودیا &#8211; Redpill specialty arabica colombia tabi laclaudia,Colombia,,,Whole bean,150.0,1200000,800000.0,,False,,https://redpillroastery.coffee/product/%d9%82%d9%87%d9%88%d9%87-%d8%b9%d8%b1%d8%a8%db%8c%da%a9%d8%a7-%d8%aa%d8%ae%d8%b5%d8%b5%db%8c-%da%a9%d9%84%d9%85%d8%a8%db%8c%d8%a7-%d8%aa%d8%a7%d8%a8%db%8c-%d9%85%d9%86%d8%b7%d9%82%d9%87-%d9%84%d8%a7/,"قهوه تابی کلمبیا از لاکلودیا | رست ردپیل — میوه‌ای، مناسب دمی و اسپرسو 
   توضیحات:  قهوه تک‌خاستگاه تابی از منطقه لاکلودیا کلمبیا، رست‌شده توسط Red Pill Roastery. نت‌های میوه‌ای روشن، بادی متوسط و تعادل عالی برای دمی و اسپرسو. 
 معرفی محصول 
 قهوه  تابی از لاکلودیا  محصولی تک‌خاستگاه و باکیفیت از ارتفاعات کلمبیا است که توسط  Red Pill Roastery  با رست مدیوم عرضه می‌شود. این قهوه ترکیبی از ژنتیک‌ها"
Redpill Roastery,قهوه تخصصی عربیکا اتیوپی هاماشو فراوری طبیعی بی هوازی -Ethiopia Hamasho,Ethiopia,Natural,,Whole bean,150.0,1350000,900000.0,,True,,https://redpillroastery.coffee/product/hamasho/,"قهوه اتیوپی هاماشو از ردپیل &#8211; بمب میوه های استوایی 
  منطقه : این قهوه در منطقه بنسا در اتیوپی، نزدیک به منطقه مشهور ییرگاچف کشت می‌شود. به طور خاص، این قهوه از منطقه هاماشو تهیه می‌شود که به دلیل محیط ایده‌آل در ارتفاعات بالا و سنت‌های غنی کشت قهوه شناخته شده است. 
  ایستگاه شستشو : قهوه در ایستگاه شستشوی هاماشو فرآوری می‌شود که متعلق به شرکت Daye Bensa Exporter است و توسط آن اداره می‌شود. "
Redpill Roastery,قهوه موکالوکس ردپیل | اسپرسویی متعادل با حس دهانی مخملی,,Honey,,Whole bean,250.0,940000,376000.0,,True,قهوه ترکیبی ربوستا + عربیکا,https://redpillroastery.coffee/product/mokalux/,"قهوه موکالوکس ردپیل 
   https://redpillroastery.coffee/wp-content/uploads/2026/06/موکالوکس.mp4   
 یکی از محبوب‌ترین بلِندهای خانگی این برند است که برای دوستداران اسپرسوی متعادل و خوش‌نوش طراحی شده است. این ترکیب با ۴۰٪ عربیکا ممتاز و دانه‌هایی از آسیای شرقی و آمریکای لاتین، فنجانی هماهنگ و دلپذیر ایجاد می‌کند. 
 در فنجان موکالوکس، ابتدا رایحه‌ای گرم و آجیلی احساس می‌شود که با نت‌های گردو و سیتروس"
Redpill Roastery,قهوه تخصصی ردپیل عربیکا اندونزی پانتان- Indonesia Arabica Pantan,Indonesia,,,Whole bean,250.0,1875000,750000.0,,True,عربیکا تک خاستگاه,https://redpillroastery.coffee/product/pantan/,"اسپرسویی کم نظیر، زیبا با حس دهانی مخملی با قهوه اندونزی پانتان از ردپیل 
 🧭 منشأ: منطقه پانتان، آچه، سوماترا 
 
  پانتان  در استان آچه واقع شده و بخشی از کمربند قهوه سوماتراست. 
 ارتفاعات بین 1200 تا 1600 متر، خاک آتشفشانی، و رطوبت بالا باعث رشد دانه‌هایی با پیچیدگی طعمی بالا می‌شود. 
 کشاورزان محلی اغلب از روش‌های ارگانیک و فراوری‌های نوآورانه استفاده می‌کنند. 
 
  
 🧬 زیرگونه اتنگ (Ateng) 
 
 ا"
Redpill Roastery,قهوه عربیکا تک خاستگاه کلمبیا پالاندس &#8211; Arabica single origin colombia plandas,Colombia,,,Whole bean,250.0,1750000,700000.0,,True,عربیکا تک خاستگاه,https://redpillroastery.coffee/product/plandas/,"قهوه کلمبیا پالاندس – راکافه 
  یک تجربه‌ی ردپیل برای عاشقان قهوه؛ کشف حقیقت اصالت در یک فنجان  
 قهوه  کلمبیا پالاندس  از شرکت  راکافه ، چیزی فراتر از یک نوشیدنی روزانه است؛ این قهوه همان نقطه‌ای است که شما را وارد دنیای واقعی قهوه می‌کند، درست مثل یک لحظه‌ی  ردپیل  که چشم‌ها را به حقیقت باز می‌کند. حقیقتی که در اینجا، همان اصالت و کیفیت بی‌بدیل دانه‌های کلمبیاست. 
 چرا تک‌خاستگاه بودن مهم است؟ 
"
Redpill Roastery,قهوه تخصصی ردپیل عربیکا اتیوپی گدب فراوری خیساندن کربنیک &#8211; Ethiopia Gedeb Carbonic maceration,Ethiopia,,,Whole bean,100.0,800000,800000.0,,False,,https://redpillroastery.coffee/product/gedeb/,قهوه تخصصی  اتیوپی گِدِب (Ethiopia Gedeb)  یکی از شاخص‌ترین قهوه‌های تک‌خاستگاه جهان است که در ارتفاعات  ۲۱۰۰ متری  کشت می‌شود. این قهوه با فرآوری خاص  خیساندن کربنیک (Carbonic Maceration)  آماده می‌شود و طعم‌یادهایی از  توت، مرکبات، هلو و شکر سفید  را در فنجان به نمایش می‌گذارد. ترکیب ارتفاع بالا، خاک آتشفشانی غنی و روش فرآوری نوآورانه، این قهوه را به انتخابی ممتاز برای دوستداران قهوه تخصصی تبدیل
Redpill Roastery,قهوه تخصصی ردپیل عربیکا اتیوپی بوجی ethiopia boji,Ethiopia,,,Whole bean,100.0,1300000,1300000.0,,False,,https://redpillroastery.coffee/product/boji/,"قهوه تخصصی اتیوپی بوجی از رستری ردپیل 
 قهوه تخصصی اتیوپی  بوجی ؛ گونه‌ی اتیوپیایی با فرآوری نچرال آنِروبیک (Natural Anaerobic)؛ رُستری  ردپیل  این نسخۀ محدود را رست کرده. پروفایل طعمی:  طعم‌های استوایی، هلو، هندوانه و یادهای شرابی . مناسب برای مشتریانی که دنبال قهوه‌های میوه‌ای، پیچیده و خاص هستند. 
  
 
 1. دربارهٔ بوجی (Boji) — منشا و مزرعه 
 
  منشأ : منطقه بوجی در یکی از مناطق تاریخی قهوه‌خیز"
Redpill Roastery,قهوه تخصصی کاستاریکا سانتا ماریا ردپیل costarica santa maria coffee,Costa Rica,,,Whole bean,100.0,1200000,1200000.0,,True,,https://redpillroastery.coffee/product/costarica/,"قهوه کاستاریکا سانتاماریا با فرآوری عسلی سیاه: بررسی تخصصی، تحلیلی 
  
 مقدمه 
 قهوه به عنوان یکی از کالاهای اساسی و محبوب جهان، ارتباط نزدیکی با فرهنگ و اقتصاد بسیاری از کشورها یافته است. در میان همه مناطق تولیدکننده، منطقه سانتاماریا کاستاریکا به علت داشتن شرایط اقلیمی بی‌نظیر، کشاورزی پایدار و نوآوری در فرآوری دانه‌های قهوه، شهرت جهانی پیدا کرده است. یکی از برجسته‌ترین فرآیندهای فرآوری قهوه در "
Redpill Roastery,قهوه عربیکا تخصصی اندونزی پگاسینگ فراوری تخمیری |  رست دمی &#8211; indonesia pegasing redpill coffee,Indonesia,,,Whole bean,150.0,1500000,1000000.0,,False,,https://redpillroastery.coffee/product/pegasing/,"قهوه پگاسینگ اندونزی؛ فرآوری واین 
 رست دمی | Indonesia Pegasing Wine Process 
 قهوه  پگاسینگ اندونزی  از ارتفاعات گایو در منطقه‌ی آچه، انتخابی متفاوت برای علاقه‌مندان قهوه‌های پیچیده، میوه‌ای و تخمیری است. این قهوه با فرآوری خاص  واین  تولید شده؛ فرآیندی که به دانه‌ها فرصت می‌دهد لایه‌های عمیق‌تری از عطر و طعم را در خود شکل دهند. 
 در فنجان، پگاسینگ با رایحه‌ای شرابی و میوه‌ای آغاز می‌شود و به نت"
Redpill Roastery,قهوه عربیکا تخصصی کلمبیا اینماکولادا ردپیل- inmaculada colombia,Colombia,Natural,,Whole bean,150.0,525000,350000.0,,False,,https://redpillroastery.coffee/product/inmaculada/,"قهوه عربیکا کلمبیا اینماکولادا – رُستری ردپیل 
   
 قهوه عربیکا ۱۰۰٪ کلمبیا اینماکولادا، محصول میکرولات‌های درجه‌یک Eje Cafetero در Quindío، توسط رُستری ردپیل با پروفایل رُستینگ مدیوم  برشته شده تا ویژگی‌های طبیعی دانه در ارتفاع ۱۸۰۰–۲۴۰۰ متر به‌خوبی حفظ شود. 
 منبع انگلیسی این قهوه: 
 ٰhttps://www.inmaculadacoffeefarms.com/ 
 ویدیو معرفی این قهوه اینماکولادا در اینستاگرام ردپیل را ببینید 
 https:"
Redpill Roastery,قهوه ترکیبی صد عربیکا مستر ردپیل- 100 Arabica MASTER blend,,,,Whole bean,250.0,1340000,536000.0,,True,قهوه ترکیبی ربوستا + عربیکا,https://redpillroastery.coffee/product/master/,"مستر: معرفی قهوه ترکیبی 100 عربیکا– روشن، متوازن، و اسپرسو‌پسند 
   https://redpillroastery.coffee/wp-content/uploads/2026/06/مستر.mp4   
 &nbsp; 
  مستر  یکی از ترکیبات اختصاصی ردپیل است؛ قهوه‌ای صددرصد عربیکا که با دقت از میان دانه‌های گرید یک انتخاب شده و برای خلق تجربه‌ای روشن، متوازن و همه‌پسند طراحی شده است. این ترکیب، با طعم‌های سیتروسی و اسیدیته‌ای زنده، نه‌تنها در دم‌آوری‌های دستی می‌درخش"
Redpill Roastery,خرید قهوه دلچه ردپیل | اسپرسوی عربیکا با اسیدیته روشن,,,Light,Whole bean,250.0,1120000,448000.0,,True,قهوه ترکیبی ربوستا + عربیکا,https://redpillroastery.coffee/product/dolce/,"قهوه دلچه ردپیل 
   https://redpillroastery.coffee/wp-content/uploads/2026/06/دلچه.mp4   
 یکی از خاص‌ترین بلِندهای این برند است که برای دوستداران قهوه‌های عربیکا‑محور و پیچیده طراحی شده است. این ترکیب با ۷۵٪ عربیکا ممتاز و دانه‌هایی از آسیای شرقی و آمریکای لاتین، فنجانی شفاف، معطر و چندلایه ارائه می‌دهد. 
 در فنجان دلچه ابتدا اسیدیته‌ای روشن و زنده احساس می‌شود که با نت‌های سیتروس و میوه‌ای همراه"
Redpill Roastery,قهوه ترک / ارمنی ۲۵ درصد عربیکا ممتاز- Armenian/Turk coffee,,,,,250.0,850000,340000.0,,True,قهوه ترکیبی ربوستا + عربیکا,https://redpillroastery.coffee/product/armenian/,"قهوه ارمنی ردپیل؛ طعمی اصیل برای سخت‌پسندان 
   https://redpillroastery.coffee/wp-content/uploads/2025/08/ترک.mp4   
 قهوه ارمنی ردپیل، انتخابی ویژه برای کسانی است که به دنبال تجربه‌ای متفاوت و اصیل از قهوه هستند. این محصول با ترکیبی منحصربه‌فرد از  ۲۵٪ عربیکای ممتاز  تهیه شده و با  رست لایت-مدیوم  خود، تعادلی بی‌نظیر میان عطر، طعم و ملایمت ایجاد می‌کند. 
 ☕ ویژگی‌های برجسته قهوه ارمنی ردپیل: 
 
 "
Redpill Roastery,عربیکا گواتمالا آنتیگوا ردپیل- Guatemala antigua arabica,Guatemala,,,Whole bean,250.0,500000,200000.0,,False,عربیکا تک خاستگاه,https://redpillroastery.coffee/product/antigua/,"قهوه تک‌خاستگاه گواتمالا آنتیگوا؛ سفری به قلب آمریکای لاتین 
 قهوه  گواتمالا آنتیگوا  یکی از شناخته‌شده‌ترین و محبوب‌ترین قهوه‌های تک‌خاستگاه در جهان است. این قهوه در ارتفاعات آتشفشانی منطقه آنتیگوا کشت می‌شود؛ جایی که خاک غنی و آب‌وهوای خاص، شرایطی ایده‌آل برای پرورش دانه‌های قهوه فراهم کرده است. 
 ✨  ویژگی‌های طعمی برجسته:  
 
  سیب سرخ تازه ؛ طعمی شیرین و شاداب که حس تازگی می‌بخشد 
  میوه‌های خ"
Redpill Roastery,قهوه باریستا ردپیل | اسپرسوی عربیکا‑محور با طعمی پیچیده,,,,Whole bean,250.0,1035000,414000.0,,True,قهوه ترکیبی ربوستا + عربیکا,https://redpillroastery.coffee/product/barista/,"قهوه باریستا ردپیل 
   https://redpillroastery.coffee/wp-content/uploads/2026/06/باریستا.mp4   
 بلندی عربیکا‑محور است که برای دوستداران اسپرسوهای پیچیده و غنی طراحی شده است. این ترکیب با ۶۰٪ عربیکا ممتاز و دانه‌هایی از آسیای شرقی و آمریکای لاتین، فنجانی متعادل با عمق طعمی بالا ارائه می‌دهد. 
 در فنجان باریستا ابتدا بادی غنی و کره‌ای احساس می‌شود که با نت‌های فندق، توت و پوست گردو همراه است. این ت"
Redpill Roastery,قهوه ولوت ردپیل | اسپرسویی با شخصیت ایتالیایی,,Natural,Medium,Whole bean,250.0,840000,336000.0,,True,قهوه ترکیبی ربوستا + عربیکا,https://redpillroastery.coffee/product/velvet/,"قهوه ولوت ردپیل | ترکیبی محبوب با شخصیت کلاسیک ایتالیایی 
   https://redpillroastery.coffee/wp-content/uploads/2026/06/velvet-compressed-2.mp4   
 قهوه ولوت یکی از بلِندهای محبوب ردپیل است که با ۲۵٪ عربیکا ممتاز و ۷۵٪ روبوستا طراحی شده و فنجانی متعادل، معطر و ماندگار ارائه می‌دهد. این ترکیب به‌ویژه برای افرادی که طعم قهوه‌های کلاسیک ایتالیایی را دوست دارند، تجربه‌ای آشنا و لذت‌بخش ایجاد می‌کند. 
 "
Redpill Roastery,قهوه توربو ردپیل | قهوه قوی و پرکافئین برای خانه,,,,Whole bean,250.0,730000,292000.0,,True,قهوه ترکیبی ربوستا + عربیکا,https://redpillroastery.coffee/product/turbo/,"قهوه توربو ردپیل | انرژی بالا برای مصرف روزانه در خانه 
   https://redpillroastery.coffee/wp-content/uploads/2026/06/توربو.mp4   
 اگر از آن دسته افرادی هستی که صبح بدون یک فنجان قهوه قوی شروع نمی‌شود، قهوه توربو دقیقاً برای تو طراحی شده است. این ترکیب با ۱۵٪ عربیکا ممتاز و ۸۵٪ روبوستا، یک فنجان پرقدرت با کافئین بالا، بادی قوی و کرمای مناسب در اختیار تو می‌گذارد. 
 در این بلِند تمرکز اصلی روی  قدر"
Luya Coffee,اسپرسوساز بارنی 7040 | BI 7040,,,,,,9000000,,,False,دستگاه اسپرسو,https://luyacoffee.com/product/%d8%a7%d8%b3%d9%be%d8%b1%d8%b3%d9%88%d8%b3%d8%a7%d8%b2-%d8%a8%d8%a7%d8%b1%d9%86%db%8c-7040-bi-7040/,"پمپ 15 بار 
 مخزن آب ۱/8 لیتری 
 قابلیت تولید کف شیر:دارد 
 نازل بخار:دارد 
 نازل آبجوش : دارد 
 نوشیدنی‌های قابل تهیه:اسپرسو کافه لاته موکا کاپوچینو ماکیاتو 
 سیستم گرم کردن فنجان:دارد 
 نمایشگر : دارد 
 نشانگر میزان فشار : دارد 
 یک عدد پیچر استیل 
 تمپر تمام استیل 
 اسپرسوساز مدل نیمه صنعتی"
Luya Coffee,اسپرسوساز بارنی 7030 | BI 7030,,,,,,11850000,,,False,دستگاه اسپرسو,https://luyacoffee.com/product/%d8%a7%d8%b3%d9%be%d8%b1%d8%b3%d9%88%d8%b3%d8%a7%d8%b2-%d8%a8%d8%a7%d8%b1%d9%86%db%8c-7030-bi-7030/,"پمپ ۲۰ بار 
 مخزن آب ۱/۷ لیتری 
 قابلیت تولید کف شیر:دارد 
 نازل بخار:دارد 
 نوشیدنی‌های قابل تهیه:اسپرسو کافه لاته موکا کاپوچینو ماکیاتو 
 سیستم گرم کردن فنجان:دارد 
 دارای دو پرتافیلتر (معمولی و یک عدد پرتافیلتر عریان) 
 یک عدد پیچر استیل 
 تمپر دسته لاکی 
 فرچه شستشو 
 اسپرسوساز مدل نیمه صنعتی"
Luya Coffee,اسپرسوساز بارنی 7031 | BI 7031,,,,,,8500000,,,False,دستگاه اسپرسو,https://luyacoffee.com/product/%d8%a7%d8%b3%d9%be%d8%b1%d8%b3%d9%88%d8%b3%d8%a7%d8%b2-%d8%a8%d8%a7%d8%b1%d9%86%db%8c-7031-bi-7031/,"سیستم کاپوچینو ساز:دارد 
 مخزن آب ۱/۵ لیتری 
 قابلیت تولید کف شیر:دارد 
 نازل بخار:دارد 
 نوشیدنی‌های قابل تهیه:اسپرسو کافه لاته موکا کاپوچینو ماکیاتو 
 سیستم گرم کردن فنجان:دارد 
 دارای 1 عدد پرتافیلتر 
 یک عدد پیچر استیل 
 تمپر دسته لاکی 
 اسپرسوساز مدل نیمه صنعتی"
Luya Coffee,اسپرسوساز بارنی 7010 | BI 7010,,,,,,4350000,,,False,دستگاه اسپرسو,https://luyacoffee.com/product/%d8%a7%d8%b3%d9%be%d8%b1%d8%b3%d9%88%d8%b3%d8%a7%d8%b2-%d8%a8%d8%a7%d8%b1%d9%86%db%8c-7010-bi-7010/,"سیستم کاپوچینو ساز:دارد 
 قابلیت تولید کف شیر:ندارد 
 قابلیت استفاده از:پودر قهوه 
 فشار بخار : ۲۰ بار 
 قدرت : ۱۳۵۰ وات 
 نوشیدنی‌های قابل تهیه:اسپرسو ، کاپوچینو 
 سیستم اتوماتیک عصاره گیری 
 اسپرسوساز مدل خانگی"
Luya Coffee,اسپرسوساز بارنی 7005 | BI 7005,,,,,,3150000,,,False,دستگاه اسپرسو,https://luyacoffee.com/product/%d8%a7%d8%b3%d9%be%d8%b1%d8%b3%d9%88%d8%b3%d8%a7%d8%b2-%d8%a8%d8%a7%d8%b1%d9%86%db%8c-7005-bi-7005/,"فشار بخار: 20 بار 
 ظرفیت مخزن: 1.6 
 پیچ تنظیم خروجی بخار: دارد 
 امکان گرفتن آب جوش: دارد 
 سینی چکه گیر پرتابل: دارد 
 بدنه: استیل و فوم فشرده 
 اسپرسوساز مدل خانگی"
Luya Coffee,قهوه اسپشیالیتی پاناما,Panama,,,Ground,250.0,1387000,554800.0,,True,قهوه اسپشیالیتی; عربیکا; قهوه رست شده,https://luyacoffee.com/product/panama-specialty-coffee/,"دانه قهوه 100% عربیکا 
 پردازش: شسته شده 
 کیفیت:  گرید بالای 80 
 خاستگاه: پاناما 
 طعم یاد: 
 درجه رست: شکلاتی 
 اسیدیته: روبه بالا"
Luya Coffee,قهوه عربیکا برزیل الگانس &#8211; گرید پرمیوم,Brazil,,,Ground,250.0,1490000,596000.0,,True,عربیکا; قهوه رست شده,https://luyacoffee.com/product/%d9%82%d9%87%d9%88%d9%87-%d8%b9%d8%b1%d8%a8%db%8c%da%a9%d8%a7-%d8%a8%d8%b1%d8%b2%db%8c%d9%84-%d8%a7%d9%84%da%af%d8%a7%d9%86%d8%b3/,"خاستگاه: کشور برزیل 
 ارتفاع رشد: 800 تا 1300 متر 
 نوع دانه: گونه عربیکا 
 زمان برداشت: می- سپتامبر 
 بادی: متوسط تا سنگین 
 طعم:  شکلات، گلی، نارگیل  
 اسیدیته: متوسط رو به پایین"
Luya Coffee,قهوه کنیا تخصصی,Kenya,,,,250.0,1556000,622400.0,,True,قهوه اسپشیالیتی; عربیکا; قهوه رست شده,https://luyacoffee.com/product/kenya-coffee-specialty/,"خاستگاه: کنیا 
 ارتفاع رشد: 1700 &#8211; 1800 متر 
 زمان برداشت: نوامبر &#8211; دسامبر 
 اسیدیته : ملایم 
 طعم: ترنج، گلی، توت، لیمو 
 نمره قهوه نوشی :  89 
 بادی: غنی"
Luya Coffee,کتل قهوه دمی,,,,,,1474000,,,True,,https://luyacoffee.com/product/coffee-kettle/,
Luya Coffee,قهوه ساز کمکس معمولی 6 کاپ,,,,,,1976000,,,False,,https://luyacoffee.com/product/%d9%82%d9%87%d9%88%d9%87-%d8%b3%d8%a7%d8%b2-v60-%d9%85%d8%b9%d9%85%d9%88%d9%84%db%8c/,"قهوه ساز کمکس بیش از 80 سال است که مورد علاقه علاقه مندان به قهوه بوده است. کمکس که در سال 1941 توسط پیتر شلمبوم، شیمیدان و مخترع آلمانی الاصل ساکن نیویورک اختراع شد، به گونه ای طراحی شد که راهی ساده و زیبا برای دم کردن قهوه باشد. شلمبوم معتقد بود که قهوه باید با نهایت دقت و توجه به جزئیات دم شود و کمکس را برای بازتاب این فلسفه طراحی کرد. 
   
 یکی از ویژگی های بارز کمکس شکل ساعت شنی آن است. این ش"
Luya Coffee,خرید تمپر حرفه ای پرایم,,,,,,1280000,,,True,,https://luyacoffee.com/product/tamper-prime/,تمپر در قهوه یک مرحله ضروری در تهیه اسپرسو با کیفیت بالا است. تمپر به فرآیند فشرده سازی دانه های آسیاب شده قهوه در پورتافیلتر اشاره دارد تا از یک شات اسپرسو یکنواخت و یکنواخت استخراج شود. تمپر مناسب مهم است زیرا تضمین می کند که قهوه به اندازه کافی محکم بسته می شود تا در برابر جریان آب مقاومت کند اما نه آنقدر محکم که آب نتواند از آن عبور کند. هنگامی که قهوه به درستی فشرده نشده باشد، آب به طور یکنوا
Luya Coffee,خرید قهوه ساز V60,,,,,,1002000,,,True,,https://luyacoffee.com/product/%d9%82%d9%87%d9%88%d9%87-%d8%b3%d8%a7%d8%b2-v60/,"V60 یک روش دم کردن محبوب برای علاقه مندان به قهوه است که می خواهند یک فنجان قهوه با کیفیت بالا در خانه درست کنند. این روش دم‌آوری از تکنیک ریختن روی آب استفاده می‌کند که امکان کنترل دقیق جریان آب و دما را فراهم می‌کند و در نتیجه یک فنجان قهوه صاف و خوش‌طعم ایجاد می‌کند. در این مقاله به روش دم کردن V60 و نحوه تهیه یک فنجان قهوه عالی با استفاده از این تکنیک می پردازیم. 
 V60 توسط شرکت ژاپنی Hario تو"
Luya Coffee,خرید نیدل قهوه حرفه ای پرایم |  Coffee Needle prime,,,,,,3244000,,,True,,https://luyacoffee.com/product/coffee-needle-prime/,"دوستداران قهوه همیشه به دنبال راه های جدیدی برای دم کردن و لذت بردن از نوشیدنی مورد علاقه خود هستند. و اگر شما یکی از آنها هستید، ممکن است بخواهید قهوه سوزنی را امتحان کنید. 
 نحوه کار با نیدل قهوه 
 روش دم‌آوری قهوه سوزنی بر اساس اصل ایجاد کانال‌ها یا سوراخ‌های کوچک در کیسه یا کیسه قهوه است تا آب داغ از آن عبور کند و طعم قهوه را استخراج کند. با استفاده از یک سوزن برای ساخت این کانال‌های کوچک، آب "
Luya Coffee,خرید قهوه ساز کمکس حرفه ای پرایم,,,,,,6877000,,,True,,https://luyacoffee.com/product/chemex-coffeemaker-prime/,"قهوه ساز V60 یک دستگاه دم کردن محبوب در بین علاقه مندان به قهوه است که به دلیل توانایی تولید یک فنجان قهوه تمیز و خوش طعم شناخته شده است. این قطره چکان مخروطی شکل توسط شرکت ژاپنی Hario ساخته شده است و به یک اصل در کافی شاپ های تخصصی و آشپزخانه های خانگی تبدیل شده است. 
 طراحی قهوه ساز V60 ساده و در عین حال موثر است. از یک قطره چکان مخروطی شکل پلاستیکی یا سرامیکی تشکیل شده است که در بالای یک لیوان "
Luya Coffee,فیلتر v60 معمولی,,,,,,180000,,,True,,https://luyacoffee.com/product/v60-filter-2/,
Luya Coffee,فیلتر v60 حرفه ای برند پرایم,,,,,,380000,,,True,,https://luyacoffee.com/product/v60-filter/,
Luya Coffee,پودر قهوه ترک اسپشیالیتی,,,,Ground,250.0,948300,379320.0,,True,قهوه ترک,https://luyacoffee.com/product/speciality-turkish-coffee-powder/,قهوه ترک بخشی جدایی ناپذیر از فرهنگ ترکیه و بخش مهمی از میراث آشپزی این کشور است. معمولاً در ظرف مسی مخصوصی به نام ایبریک یا جزوه تهیه می شود که قرن هاست برای تهیه این نوشیدنی خوشمزه از آن استفاده می شود. فرآیند تهیه قهوه ترک شامل جوشاندن دانه های ریز آسیاب شده قهوه همراه با شکر و ادویه ها در ظرف مسی است که در نتیجه یک دم ضخیم و معطر ایجاد می شود که با کف در بالا سرو می شود. این ابزار سنتی برای نس
Luya Coffee,قهوه یمن صنعا فول اسپشیالیتی,Yemen,,,,100.0,2557000,2557000.0,,True,قهوه اسپشیالیتی; عربیکا; قهوه رست شده,https://luyacoffee.com/product/yemen-coffee/,قهوه یمن در درجه اول از انواع موروثی است، به این معنی که دانه های آن برای نسل ها در یمن رشد کرده اند و از قدیمی ترین انواع قهوه در جهان محسوب می شوند. دو نوع اصلی قهوه یمن وجود دارد: یمن موکا و یمن ماتاری. قهوه موکا در منطقه کوهستانی یمن رشد می کند و طعمی عمیق و شدید با نت هایی از شکلات و ادویه ها دارد. قهوه ماتاری در منطقه جنوبی یمن رشد می کند و به خاطر اسیدی روشن و نت های گلی اش شناخته شده است. 
Luya Coffee,خرید استند پرتافیلتر,,,,,,180000,,,True,,https://luyacoffee.com/product/portafilter-stand/,
Luya Coffee,خرید پرتافیلتر اسپرسوساز | Portafilter,,,,,,1725000,,,True,,https://luyacoffee.com/product/portafilter/,
Luya Coffee,خرید فانل قهوه | Coffee Funnel,,,,,,589000,,,True,,https://luyacoffee.com/product/coffee-funnel/,
Luya Coffee,خرید نیدل قهوه | Coffee Needle,,,,,,735000,,,True,,https://luyacoffee.com/product/coffee-needle/,
Luya Coffee,خرید بسکت قهوه | Coffee Basket,,,,,,442000,,,True,,https://luyacoffee.com/product/coffee-basket/,
Luya Coffee,تمپر مت | Tamper Mat,,,,,,130000,,,True,,https://luyacoffee.com/product/tamper-mat/,"جنس: پلاستیک فشرده 
 رنگ: مشکی 
 قابل استفاده برای تمپر و لولر سایز 58 میلی متر"
Luya Coffee,چایی ماچا | Matcha,,,,,20.0,220000,1100000.0,,True,,https://luyacoffee.com/product/%da%86%d8%a7%db%8c%db%8c-%d9%85%d8%a7%da%86%d8%a7-matcha/,"ماچا نوعی چای ماچا پودری است که سرشار از آنتی اکسیدان است. با چای ماچا سنتی، برگ ها را در آب داغ خیسانده و سپس دور می اندازند. اما با ماچا، برگ های خشک شده در واقع پودر می شوند، در نوشیدنی مخلوط می شوند و مصرف می شوند. این چای دارای طعمی منحصر به فرد، غیر تلخ و رنگ سبز پر جنب و جوش است و به عنوان معطرترین شکل چای ماچا شناخته می شود. 
 در اینجا بیشتر درباره فواید و خطرات بالقوه ماچا برای سلامتی و ه"
Luya Coffee,کاپوچینو | cappuccino,,,,,250.0,423700,169480.0,,True,,https://luyacoffee.com/product/cappuccino/,"کاپوچینو یک قهوه متعادل است که آزمون واقعی مهارت های هر باریستایی است. کاپوچینو که به دلیل توزیع یکنواخت قهوه و شیر و سرو در یک فنجان بزرگ با گرد و غبار شکلات روی آن سرو می شود، یکی از محبوب ترین انواع قهوه در بریتانیا است که تنها پس از لاته قرار دارد. اگر واقعاً عاشق قهوه‌های کف‌دار هستید، ممکن است از خود بپرسید کاپوچینو چیست و از کجا می‌آید. به خواندن ادامه دهید تا تمام آنچه را که باید بدانید… 
"
Luya Coffee,چای ماسالا | masala chai,,,,,250.0,143000,57200.0,,True,,https://luyacoffee.com/product/masala-chai/,چای ماسالا به عنوان یکی از اجزای اصلی چای، یک ترکیب ادویه خوش طعم است که می‌خواهید آن را در انبار نگهداری کنید. طعم دلپذیری گرم و تند دارد، و در حالی که یک عنصر خوشمزه در آن نوشیدنی محبوب است، همچنین یک عنصر عالی در دستور العمل هایی است که نیاز به یک ضربه اضافی دارند. علاوه بر این، این یک کار عالی برای افزایش غذاهای خانگی مانند کیک، پای و حتی بلغور جو دوسر است. پیش از این، در مورد ترکیب ادویه های 
Luya Coffee,قهوه روبوستا لائوس ویژه,Laos,,,Ground,250.0,716000,286400.0,,True,قهوه رست شده; قهوه روبوستا,https://luyacoffee.com/product/%d9%82%d9%87%d9%88%d9%87-%d8%b1%d9%88%d8%a8%d9%88%d8%b3%d8%aa%d8%a7-%d9%84%d8%a7%d8%a6%d9%88%d8%b3/,آیا شما از طرفداران   خرید قهوه   غنی هستید؟ اگر چنین است، پس قهوه لائوس ممکن است این قهوه مناسب شما باشد. این کشور دارای فرهنگ قهوه است و به سرعت در حال رشد است و از دهه 1900 دانه های با کیفیتی برای توده ها تولید می کند. بیایید نگاهی به تاریخچه قهوه در لائوس بیندازیم و در مورد طعم‌هایی که آنها در آن تخصص دارند بیشتر بیاموزیم. ما حتی چند نکته دم کردن را به اشتراک می‌گذاریم تا مطمئن شویم که بهترین 
Luya Coffee,قهوه عربیکا اتیوپی لیمو بروکا,Ethiopia,,,Ground,250.0,1251000,500400.0,,True,قهوه پریمیوم; عربیکا; قهوه رست شده,https://luyacoffee.com/product/%d9%82%d9%87%d9%88%d9%87-%d8%b9%d8%b1%d8%a8%db%8c%da%a9%d8%a7-%d8%a7%d8%aa%db%8c%d9%88%d9%be%db%8c-%d9%84%d9%85%d9%88%d8%a8%d8%b1%d9%88%da%a9%d8%a7/,"اتیوپی که زادگاه قهوه است به خاطر دانه هایش مورد احترام است. برخی از بهترین قهوه های تک منشا را در جهان تولید می کند. امروز قصد داریم بیشتر در این منطقه کاوش کنیم و دریابیم که چه چیزی این کشور قهوه‌ساز را بسیار خاص می‌کند. ما به تاریخچه غنی قهوه و همچنین وضعیت فعلی قهوه در این کشور شرق آفریقا نگاه خواهیم کرد. 
 اتیوپی: منبع قهوه 
 تاریخ باستان اتیوپی ادعا می کند که یک گله بز اتیوپیایی به نام کالدی"
Luya Coffee,قهوه عربیکا اتیوپی لیمو واش,Ethiopia,,,Ground,250.0,1251000,500400.0,,True,قهوه پریمیوم; عربیکا; قهوه رست شده,https://luyacoffee.com/product/%d9%82%d9%87%d9%88%d9%87-%d8%b9%d8%b1%d8%a8%db%8c%da%a9%d8%a7-%d8%a7%d8%aa%db%8c%d9%88%d9%be%db%8c-%d9%84%d9%85%d9%88%d9%88%d8%a7%d8%b4/,"امروز ما به مراسم سنتی &#8220;قهوه&#8221; بونا نگاه می کنیم که در سراسر اتیوپی رایج است. این چیزی بیش از یک فنجان قهوه است. این جشن فرهنگی یکی از اصلی‌ترین غذاهای اتیوپیایی است. مراسم قهوه در اتیوپی بخشی جدایی ناپذیر از زندگی اجتماعی و فرهنگی در این کشور است. دعوت برای شرکت در مراسم قهوه نشانه دوستی یا احترام تلقی می شود و نمونه ای عالی از مهمان نوازی اتیوپیایی است. 
 قهوه فقط نوشیدنی ملی اتیوپی ن"
Luya Coffee,قهوه عربیکا اتیوپی لکمپتی,Ethiopia,,,Ground,250.0,1238000,495200.0,,True,قهوه پریمیوم; عربیکا; قهوه رست شده,https://luyacoffee.com/product/%d9%82%d9%87%d9%88%d9%87-%d8%b9%d8%b1%d8%a8%db%8c%da%a9%d8%a7-%d8%a7%d8%aa%db%8c%d9%88%d9%be%db%8c-%d9%84%da%a9%d9%85%d9%be%d8%aa%db%8c/,"خاستگاه: اتیوپی 
 نوع دانه: عربیکا 
 درجه رست: شکلاتی 
 بادی : متوسط 
 طعم: مرکباتی ٫ رایحه گلی 
 اسیدیته: بالا"
Luya Coffee,قهوه عربیکا اندونزی ماندلینگ,Indonesia,,,Ground,250.0,1314000,525600.0,,True,قهوه پریمیوم; عربیکا; قهوه رست شده,https://luyacoffee.com/product/%d9%82%d9%87%d9%88%d9%87-%d8%b9%d8%b1%d8%a8%db%8c%da%a9%d8%a7-%d8%a7%d9%86%d8%af%d9%88%d9%86%d8%b2%db%8c-%d9%85%d8%a7%d9%86%d8%af%d9%84%db%8c%d9%86%da%af/,"خاستگاه: اندونزی 
 نوع دانه: عربیکا 
 درجه رست: شکلاتی 
 بادی : کامل 
 طعم: آجیلی ٫ شکلاتی 
 اسیدیته: متوسط روبه بالا"
Luya Coffee,قهوه عربیکا کلمبیا وومن,Colombia,,,Ground,250.0,1809000,723600.0,,True,عربیکا,https://luyacoffee.com/product/%d9%82%d9%87%d9%88%d9%87-%d8%b9%d8%b1%d8%a8%db%8c%da%a9%d8%a7-%da%a9%d9%84%d9%85%d8%a8%db%8c%d8%a7-%d9%88%d9%88%d9%85%d9%86/,"خاستگاه: کلمبیا 
 نوع دانه: عربیکا 
 درجه رست: شکلاتی 
 بادی : کامل 
 طعم: آجیلی ٫ شکلاتی ٫ میوه ای 
 اسیدیته: نسبتا بالا"
Luya Coffee,قهوه عربیکا کلمبیا تولیمو,Colombia,,,Ground,250.0,1802000,720800.0,,True,عربیکا,https://luyacoffee.com/product/%d9%82%d9%87%d9%88%d9%87-%d8%b9%d8%b1%d8%a8%db%8c%da%a9%d8%a7-%da%a9%d9%84%d9%85%d8%a8%db%8c%d8%a7-%d8%aa%d9%88%d9%84%db%8c%d9%85%d9%88/,"خاستگاه: کلمبیا 
 نوع دانه: عربیکا 
 درجه رست: شکلاتی 
 بادی : کامل 
 طعم: آجیلی ٫ شکلاتی ٫ میوه ای 
 اسیدیته: نسبتا بالا"
Luya Coffee,قهوه عربیکا کلمبیا سوپریمو,Colombia,,,Ground,250.0,1645000,658000.0,,True,عربیکا,https://luyacoffee.com/product/%d9%82%d9%87%d9%88%d9%87-%d8%b9%d8%b1%d8%a8%db%8c%da%a9%d8%a7-%da%a9%d9%84%d9%85%d8%a8%db%8c%d8%a7-%d8%b3%d9%88%d9%be%d8%b1%db%8c%d9%85%d9%88/,"قهوه از کلمبیا بیش از آنچه به نظر می رسد وجود دارد. از مزارع کشاورزی گرفته تا کافه ها، این نوشیدنی قبل از اینکه به خانه شما برسد، سفری طولانی را طی می کند. کلمبیا به طور ویژه برای تولید بهترین قهوه در جهان طراحی شده است. از محیط منحصر به فرد گرفته تا فرهنگ کشاورزی، این کشور کاملاً برای تولید قهوه ساخته شده است. 
 برای کشف چگونگی راه یافتن قهوه به صحنه مرکزی کلمبیا، بخوانید. 
 چرا قهوه از کلمبیا من"
Luya Coffee,قهوه عربیکا کنیا AA,Kenya,,,Ground,250.0,1023000,409200.0,,True,عربیکا,https://luyacoffee.com/product/%d9%82%d9%87%d9%88%d9%87-%d8%b9%d8%b1%d8%a8%db%8c%da%a9%d8%a7-%da%a9%d9%86%db%8c%d8%a7-aa/,"خاستگاه: کنیا 
 نوع دانه: عربیکا 
 درجه رست: شکلاتی 
 بادی ملایم 
 طعم: میوه ای ٫ توتی 
 اسیدیته: ملایم"
Luya Coffee,قهوه عربیکا کنیا AB,Kenya,,,Ground,250.0,1377000,550800.0,,True,عربیکا,https://luyacoffee.com/product/%d9%82%d9%87%d9%88%d9%87-%d8%b9%d8%b1%d8%a8%db%8c%da%a9%d8%a7-%da%a9%d9%86%db%8c%d8%a7-ab/,"خاستگاه: کنیا 
 نوع دانه: عربیکا 
 درجه رست: شکلاتی 
 بادی ملایم 
 طعم: میوه ای ٫ توتی 
 اسیدیته: ملایم"
Luya Coffee,قهوه برزیل سرادو 100% عربیکا,Brazil,,,Ground,250.0,1490000,596000.0,,True,عربیکا; قهوه رست شده,https://luyacoffee.com/product/%d9%82%d9%87%d9%88%d9%87-%d8%a8%d8%b1%d8%b2%db%8c%d9%84-%d8%b3%d8%b1%d8%a7%d8%af%d9%88-100-%d8%b9%d8%b1%d8%a8%db%8c%da%a9%d8%a7/,"&nbsp; 
 &nbsp;   
 خاستگاه: برزیل 
 نوع دانه: 100% عربیکا 
 درجه رست: شکلاتی 
 بادی متوسط روبه بالا 
 طعم: ادویه ای ٬ گلی ٫ میوه ای 
 اسیدیته: متوسط روبه بالا"
Luya Coffee,قهوه برزیل میناس گراس 100% عربیکا,Brazil,,,Ground,250.0,1497000,598800.0,,True,عربیکا; قهوه رست شده,https://luyacoffee.com/product/%d9%82%d9%87%d9%88%d9%87-%d8%a8%d8%b1%d8%b2%db%8c%d9%84-%d9%85%db%8c%d9%86%d8%a7%d8%b3-%da%af%d8%b1%d8%a7%d8%b3-100-%d8%b9%d8%b1%d8%a8%db%8c%da%a9%d8%a7/,"&nbsp; 
 &nbsp;   
  خاستگاه:  میناس گراس 
  فرآوری:  نچرال 
  ارتفاع کشت:  900-1300 متر بالاتر از سطح دریا 
  نوع دانه:  100% عربیکا 
  درجه رست:  مدیوم 
  بادی:  متوسط روبه بالا 
  طعم:  آجیلی، شکلاتی، پرتقالی 
  اسیدیته:  کم"
Luya Coffee,قهوه برزیل سانتو فزندا 100% عربیکا,Brazil,,,Ground,250.0,1251000,500400.0,,True,عربیکا; قهوه رست شده,https://luyacoffee.com/product/%d9%82%d9%87%d9%88%d9%87-%d8%a8%d8%b1%d8%b2%db%8c%d9%84-%d8%b3%d8%a7%d9%86%d8%aa%d9%88-%d9%81%d8%b2%d9%86%d8%af%d8%a7-100-%d8%b9%d8%b1%d8%a8%db%8c%da%a9%d8%a7/,"به عنوان یکی از علاقمندان قهوه برزیل و تولیدکننده نسل سوم، من اینجا هستم تا پنج نکته ای را که باید در مورد قهوه برزیل بدانید، با شما به اشتراک بگذارم. برخی از آنها ممکن است شما را شگفت زده کنند. 
 1. قهوه برزیل٬ در کل جهان 
 ما در اینجا در مورد وسعت کشور صحبت نمی کنیم. تولید قهوه برزیل بسیار زیاد است. این کشور مسئول حدود یک سوم تولید قهوه در سطح جهان است (که آن را هم بزرگترین تولید کننده و هم صادر"
Luya Coffee,قهوه جوش معمولی | جزوه معمولی,,,Medium,,,825000,,,True,,https://luyacoffee.com/product/%d9%82%d9%87%d9%88%d9%87-%d8%ac%d9%88%d8%b4-%d9%85%d8%b9%d9%85%d9%88%d9%84%db%8c-%d8%ac%d8%b2%d9%88%d9%87-%d9%85%d8%b9%d9%85%d9%88%d9%84%db%8c/,سایز : کوچک &#8211; متوسط &#8211; بزرگ
Luya Coffee,اسپرسوساز مباشی 2036 | ME 2036,,,,,,4715000,,,False,دستگاه اسپرسو,https://luyacoffee.com/product/2036-me-2036/,"فشار بخار : ۲۰ بار 
 توان موتور : ۸۵۰ وات 
 ظرفیت مخزن : ۱/۵ لیتر 
 سیستم کاپوچینوساز 
 نشانگر سطح آب 
 قابلیت تولید کف شیر 
 نازل بخار 
 مخزن شیر 
 تمپر 
 سینی چکه گیر 
 گرمکن فنجان 
 سیستم خاموشی خودکار"
Luya Coffee,اسپرسوساز مباشی 2034 | ME-ECM 2034,,,,,,9612000,,,False,دستگاه اسپرسو,https://luyacoffee.com/product/2034-me-2034/,"فشار بخار : ۲۰ بار 
 توان موتور : ۱۳۵۰ وات 
 ظرفت مخزن : ۱.۵ لیتر 
 سستم کاپوچینوساز 
 نشانگر سطح آب 
 قابلیت تولید کف شیر 
 نازل بخار 
 تمپر و پیمانه قهوه 
 سینی چکه گیر 
 گرم کن فنجان 
 سستم خاموشی خودکار"
Luya Coffee,اسپرسوساز مباشی 2033 | ME 2033,,,,,,8900000,,,False,دستگاه اسپرسو,https://luyacoffee.com/product/me-2033/,"فشار بخار : ۲۰ بار 
 توان موتور : ۱۳۵۰ وات 
 ظرفت مخزن : ۱.۵ لیتر 
 نشانگر سطح آب : دارد 
 قابلیت تولید کف شیر : دارد 
 نازل بخار : دارد 
 تمپر و پیمانه قهوه : دارد 
 سینی چکه گیر : دارد 
 گرم کن فنجان : دارد 
 سستم خاموشی خودکار : دارد"
Luya Coffee,اسپرسو ساز نوا 131 | NOVA NCM-131,,,,,,6050000,,,False,دستگاه اسپرسو,https://luyacoffee.com/product/nova-131/,"حجم مخزن آب : 1.5 
 فشار بخار: 15 بار 
 قدرت توان مصرفی : 1250 وات 
 میزان فشار : 15 بار 
 ظرفیت مخزن آب : 1.5 لیتر 
 قابلیت تولید کف شیر : دارد"
Luya Coffee,اسپرسوساز بارنی 7007 | BI 7007,,,,,,4025000,,,False,دستگاه اسپرسو,https://luyacoffee.com/product/bi-7007/,"سیستم کاپوچینو ساز : دارد 
 قابلیت تولید کف شیر : ندارد 
 قابلیت استفاده از : پودر قهوه 
 فشار بخار : 20 بار 
 قدرت : 1350 وات 
 نوشیدنی‌های قابل تهیه : اسپرسو ، کاپوچینو 
 سیستم عصاره گیری اتوماتیک"
Luya Coffee,اسپرسو ساز بارنی 7006 | BI 7006,,,,,,,,,False,دستگاه اسپرسو,https://luyacoffee.com/product/bi-7006/,"دارای توان 850 واتی 
 دارای فشار بخار 20 بار 
 دارای نازل بخار 
 دارای مخزن آب 1.25 لیتری 
 سینی چکه گیر"
Luya Coffee,اسپرسوساز نوا 146 | NOVA 146,,,,,,6325000,,,False,دستگاه اسپرسو,https://luyacoffee.com/product/nova-146/,"جنس بدنه : استیل 
 
 ظرفیت مخزن : 1.6 
 
 
 فشار بخار : 15 
 
 تنظیم بخار : دستی"
Luya Coffee,اسپرسوساز نوا 153 | NOVA 153,,,,,,5750000,,,False,دستگاه اسپرسو,https://luyacoffee.com/product/nova-153/,"جنس بدنه : استیل 
 
 ظرفیت مخزن : 1.6 
 
 
 فشار بخار : 15"
Luya Coffee,تمپر قهوه,,,,,,498000,,,True,,https://luyacoffee.com/product/%d8%aa%d9%85%d9%be%d8%b1-%d9%82%d9%87%d9%88%d9%87/,در هنگام دم کردن اسپرسو، چه در دستگاه یا یک اسپرسوساز روی اجاق، از تمپر استفاده می شود. این ابزار کوچک برای بسته بندی تفاله قهوه ضروری است تا بهترین شات اسپرسو ممکن را دریافت کنید. استفاده از آن دشوار نیست، اما یک تکنیک مناسب و چند سبک دستکاری برای انتخاب وجود دارد. تمپرها ابزارهایی هستند که برای بسته بندی (یا &#8220;تپ کردن&#8221;) تفاله های اسپرسو در سبد یک دستگاه اسپرسوساز استفاده می شوند. هدف 
Luya Coffee,قهوه جوش ارمنی | جزوه ارمنی,,,Medium,,,884000,,,True,,https://luyacoffee.com/product/%d8%ac%d8%b2%d9%88%d9%87-%d8%a7%d8%b1%d9%85%d9%86%db%8c/,"عکس تزیینی است و محصول ارسالی مشابه عکس نمی باشد.   
 سایز قهوه جوش ارمنی : کوچک &#8211; متوسط &#8211; بزرگ"
Luya Coffee,لولر قهوه,,,,,,616000,,,True,,https://luyacoffee.com/product/levelercoffee/,"جنس لولر قهوه: معمولی و آبکاری استیل و حرفه ای 
 سایز لولر قهوه: ۵۱ &#8211; ۵۸"
Luya Coffee,پودر قهوه سبز,,,,Ground,250.0,,,,False,,https://luyacoffee.com/product/green-coffee-powder/,"پودر قهوه سبز به سادگی پودر قهوه معمولی هستند که بو داده نشده اند و کاملا خام باقی می مانند. 
 عصاره آنها به عنوان یک مکمل غذایی محبوب است، اما پودر قهوه سبز را می توان به شکل دانه کامل نیز خریداری کرد و از آن برای تهیه یک نوشیدنی گرم، مانند قهوه برشته شده، استفاده کرد. 
 به خاطر داشته باشید که یک لیوان از این نوشیدنی سبز روشن طعم قهوه برشته‌ای که به آن عادت کرده‌اید نخواهد داشت و طعم بسیار ملایم‌"
Luya Coffee,قهوه عربیکا یونان,,,,Ground,250.0,1195000,478000.0,,True,عربیکا; قهوه رست شده,https://luyacoffee.com/product/%d9%82%d9%87%d9%88%d9%87-%d8%b9%d8%b1%d8%a8%db%8c%da%a9%d8%a7-%db%8c%d9%88%d9%86%d8%a7%d9%86/,"احتمالاً قبلاً   قهوه عربیکا   یونانی را امتحان کرده اید یا هنگام   خرید قهوه   یکی از گزینه های شما بوده است &#8211; یک قهوه کوچک و قوی، با یک سر فوم قهوه ای روشن، و لایه ای از پودرهای ریز در پایین که اگر به آنها عادت ندارید، می تواند شما را شگفت زده کند! اگر قهوه ترک را امتحان کرده اید، اساساً همان است. 
 با این حال، قهوه عربیکا یونان دقیقا چیست، چه تفاوتی با اسپرسو ایتالیایی دارد و چگونه می توا"
Luya Coffee,قهوه روبوستا ساحل عاج ویژه,,,,Ground,250.0,836000,334400.0,,True,قهوه روبوستا; قهوه رست شده,https://luyacoffee.com/product/%d9%82%d9%87%d9%88%d9%87-%d8%b1%d9%88%d8%a8%d9%88%d8%b3%d8%aa%d8%a7-%d8%b3%d8%a7%d8%ad%d9%84-%d8%b9%d8%a7%d8%ac-%d9%88%db%8c%da%98%d9%87/,"جمهوری ساحل عاج (که معمولاً با نام انگلیسی آن، ساحل عاج نیز شناخته می شود) کشوری در غرب آفریقا با بیش از 20 میلیون نفر جمعیت است. این کشور با غنا، گینه، لیبریا، مالی و بورکینافاسو مرز مشترک دارد. 
   
   
 قهوه روبوستا ساحل عاج دومین کالای صادراتی کشور است، اما تولید از اوایل دهه 2000 به طور پیوسته کاهش یافته است. در طول دهه‌های 1970 و 80، ساحل عاج یکی از بزرگ‌ترین تولیدکنندگان قهوه روبوستا ساحل ع"
Luya Coffee,قهوه بوروندی پریمیوم 100% عربیکا,Burundi,,,Ground,250.0,1276000,510400.0,,True,قهوه پریمیوم; عربیکا,https://luyacoffee.com/product/burundi-coffee/,"دانه های قهوه بوروندی 
 مشخصات طعم: طعم شیرین و تمیز به همراه سایر ویژگی های قهوه بوروندی اغلب منجر به مقایسه این قهوه با قهوه های همسایه رواندا شده است، به ویژه در شمال منطقه کایانزا، جایی که مرز این کشور با رواندا است. 
 مناطق کشت قهوه بروندی 
 بوروندی که در قله حوضه آبخیز نیل-کنگو محصور در خشکی است، کشوری کوچک و بسیار تپه ای و کوهستانی بین شرق آفریقا و آفریقای مرکزی است و بین رواندا، تانزانیا و"
Luya Coffee,قهوه عربیکا اندونزی SW,Indonesia,,,Ground,250.0,1327000,530800.0,,True,قهوه پریمیوم; عربیکا; قهوه رست شده,https://luyacoffee.com/product/indonesia-arabica-coffee/,"خصوصیات و عطر و طعم قهوه اندونزی  
  قهوه اندونزی  یکی از قهوه های مورد علاقه ماست. این قهوه ها پیچیده، سیروپی، با اسیدیته پایین و معمولا بی نهایت غلیظ هستند که آنها را برای رست های دارک تر مناسب تر میکنه. این عمدتاً به دلیل فرآوری سنتی منحصر بفرد اندونزی است که به “Gilling Basah” معروفه. این متد نیمه-شسته معمولا به عنوان پوست کنی خیس شناخته میشه و تقریبا تمام قهوه های این منطقه به همین روش فرآروی"
Luya Coffee,قهوه عربیکا کاستاریکا,Costa Rica,,,Ground,250.0,1638000,655200.0,,True,عربیکا; قهوه رست شده,https://luyacoffee.com/product/costa-rican-coffee/,"دانه های قهوه عربیکا کاستاریکا 
 یک قهوه کاستاریکا با گرید بالا، معمولاً از نوع گیاه کاتورا و گاهی کاتوای است که بادی عالی و اغلب کامل و طعمی غنی و قوی با اسیدیته ترد دارد. 
 بهترین قهوه های کاستاریکا که در ارتفاعات بالا رشد می کنند به خاطر بادی و اسیدیته روشن و طعم میوه ای خود متمایزند. 
 به طور کلی اعتقاد بر این است که قهوه های کاستاریکا دارای برخی از بهترین پروفایل های طعم در آمریکای جنوبی و مر"
Luya Coffee,قهوه روبوستا گواتمالا ویژه,Guatemala,,,Ground,250.0,821000,328400.0,,True,قهوه روبوستا; قهوه رست شده,https://luyacoffee.com/product/robusta-guatemala/,"قهوه روبوستا در جایگاه دوم محبوب ترین قهوه در دنیا قرار دارد. با توجه به اینکه بیش از 100 گونه قهوه در جهان وجود دارد، ربوستا توانسته است پس از عربیکا، دومین قهوه محبوب در بازار جهانی شود. 
 قهوه روبوستا چیست؟ 
 قهوه روبوستا نوعی قهوه است که از دانه های گیاه کافی کانفورا تهیه می شود. منشا روبوستا در مرکز و غرب جنوب صحرای آفریقا است. این قهوه دومین قهوه پرطرفدار در جهان است که 40% از قهوه تولید شده"
Luya Coffee,قهوه تانزانیا AA عربیکا,Tanzania,,,Ground,250.0,913000,365200.0,,True,قهوه پریمیوم; عربیکا; قهوه رست شده,https://luyacoffee.com/product/tanzania-aa/,"دانه های قهوه تانزانیا AA 
 قهوه عربیکا تانزانیا که تا حدودی شبیه به  قهوه کنیا  است دارای یک اسیدیته روشن، پرطراوت و شراب مانند و حتی تیز است. معمولاً قهوه تانزانیا AA بادی متوسط تا فول دارد که خامه ای است. یک قهوه تانزانیای خوب نت های طعم توت شیرین، میوه ای و گاهی سدر دارد. 
 نت های طعم قهوه تانزانیا 
 رایحه قهوه تانزانیا می تواند نشان دهنده یک نت روستایی و گاهی شیرینی نان قهوه ای باشد. افترتیست"
Luya Coffee,قهوه چین (100% عربیکا),,,,Ground,250.0,1509000,603600.0,,True,قهوه پریمیوم; عربیکا; قهوه رست شده,https://luyacoffee.com/product/china-arabica-coffe/,"دانه قهوه چین 
 یک فنجان قهوه چین خوب دارای بادی سبک تا متوسط با اسیدیته نسبتاً ملایم و طعمی تمیز  است. برخی قهوه چین را  با قهوه های وت پروسس آمریکای جنوبی مقایسه می کنند. 
 کیفیت دانه های قهوه چین در دهه گذشته پیشرفت های قابل توجهی داشته است و ممکن است به زودی در بازار  قهوه اسپشیالیتی ، جایگاه خودش را پیدا کند. 
 هم تولید و هم مصرف قهوه در چین که مردم آن به طور سنتی چای می نوشند، در حال افزایش "
Luya Coffee,قهوه گیشا ویلج اتیوپی,Ethiopia,,,Ground,250.0,1912000,764800.0,,True,قهوه اسپشیالیتی; عربیکا; قهوه رست شده,https://luyacoffee.com/product/gesha-village-ethiopia/,"درباره زمین های قهوه گیشا ویلج 
 در بخش غربی اتیوپی، در کیلومترها از مرز سودان جنوبی، جنگل های متراکم و سرسبز منطقه بنچ ماجی قرار دارد. اینجا مکانی با زیبایی های طبیعی خیره کننده است، جایی که می توان از یک فلات گسترده و مرتفع به جنگل های باستانی و سرسبز رفت. 
   
 این چشم انداز خیره کننده، محل زمین های روستای گیشا است. جایی که بهترین قهوه دنیا قهوه گیشا در آن کشت می شود. 
 پردازش قهوه گیشا به صورت"
Luya Coffee,قهوه اسپرسو فوری هند,,,,,250.0,999400,399760.0,,True,قهوه فوری,https://luyacoffee.com/product/spray-drying-india-instant-coffee/,"پودر قهوه فوری هند یکی از پرطرفدار ترین قهوه های فوری است که به روش اسپری درایینگ تولید شده است. کافئین این قهوه بالا بوده و مناسب استفاده قبل از ورزش، سرکار و هنگام درس خواندن می باشد. 
 قهوه فوری برای کسانی که زمان درست کردن قهوه را ندارند بسیار مناسب است و تنها کافیست پودر قهوه فوری را به آب جوش اضافه کرده و قهوه شما آماده است. 
 اگر طعم قهوه را به صورت بلک دوست ندارید می توانید به آن کمی شیر ی"
Luya Coffee,قهوه اسپشیالیتی بدون کافئین,,,,Ground,250.0,4204000,1681600.0,,True,قهوه اسپشیالیتی; عربیکا; قهوه بدون کافئین,https://luyacoffee.com/product/decaf-speciality/,"قهوه بدون کافئین   یا دکف قهوه ای است که از دانه قهوه معمولی درست می شود اما بیشتر محتوای کافئین آن قبل از  فرآیند برشته کاری  و آسیاب از بین می رود. معمولاً در فرآیند کافئین زدایی، دانه های قهوه را حلال های آلی یا آبی خیس میکنند تا کافئین قهوه را در خود جذب نمایند. 
   
 قهوه به دلیل محتوای بالای کافئین که دارد افراد را سر حال می آورد و خواب را از سر می پراند. نوشیدن روزی دو فنجان قهوه هیچ ضرری ن"
Luya Coffee,قهوه هانی اکوادور اسپشیالیتی,,Honey,,Ground,250.0,4042000,1616800.0,,False,قهوه اسپشیالیتی; عربیکا; قهوه رست شده,https://luyacoffee.com/product/ecuador-honey-speciality/,"کشور اکوادور یک خاستگاه کمتر شناخته شده است، حداقل در افریقایی جنوبی. اکوادور با وجود همسایگی اش با کلمبیا که یکی از بزرگ ترین تولیدکنندگان قهوه است تنها در اواخر قرن نوزدهم وارد صنعت تولید قهوه شد. با این حال، در حال حاضر حدود 1% زا قهوه جهان را تولید می کند. 
 قهوه هانی اکوادور از گونه های بربون و کاتورا است که در ارتفاع 6500 فوتی از سطح دریا رشد می کند. این قهوه از 100% دانه های عربیکا تشکیل شد"
Luya Coffee,قهوه کامرون عربیکا,,,,Ground,250.0,1359000,543600.0,,True,عربیکا; قهوه رست شده,https://luyacoffee.com/product/cameroon-arabica-coffee/,"کامرون کشور آفریقای مرکزی علاوه بر داشتن سواحل زیبا، صحراها، جنگل های بارانی و ساوانا شرایط بسیار خوبی برای تولید قهوه عالی دارد. 
 تولید قهوه در این کشور بسیار حائز اهمیت است، قهوه  روبوستا کامرون  در مناطق ساحلی تر و قهوه عربیکا در ارتفاعات غربی آن رشد می کند. 
 قهوه های کامرون در هفت منطقه تولید می شوند: 
 
 غرب 
 شمال 
 ساحلی 
 جنوب غربی 
 جنوب 
 مرکزی 
 شرقی 
 
 مناطق مختلف در این کشور برای ت"
Luya Coffee,پودر قهوه ترک ویژه (پیشنهادی),,,,Ground,250.0,686000,274400.0,,True,قهوه ترک,https://luyacoffee.com/product/special-turkish-coffee-powder/,"خرید پودر قهوه ترک ویژه 
 قهوه ترک ویژه لویا از مرغوب ترین دانه های عربیکا درست شده است. وجود بهترین دانه های عربیکا با رست تازه موجب گردیده تا قهوه ترک ویژه لویا عطر و طعمی فوق العاده داشته باشد. 
 شما می توانید قهوه ترک ویژه لویا را در مقادیر 250 گرم، 1 و 3 کیلوگرم سفارش دهید و قهوه در زمان سفارش شما  آسیاب و بسته بندی می گردد تا تمام عطر و طعم های قهوه تا زمان انقضا، دست نخورده باقی بماند. 
 قه"
Luya Coffee,قهوه برزیل جامبو 100% عربیکا,Brazil,,,Ground,250.0,1472000,588800.0,,True,عربیکا; قهوه رست شده,https://luyacoffee.com/product/brazil-jambu-arabica/,"برزیل بزرگ ترین تولید کننده قهوه به ویژه قهوه عربیکا در جهان است. تولید قهوه برزیل در مجموع، یک سوم تولید قهوه در جهان را تشکیل می دهد. 
 این موضوع باعث شده بود که برای مدتی مردم تصور کنند که تاکید برزیل بر کمیت، به معنای کیفیت ضعیف تر است. در واقع دنیای قهوه تمایل داشت مشخصات طعم و کیفیت کلی قهوه برزیل را دست کم بگیرد. 
 با این حال برزیل در طول سال ها با تولید قهوه های درجه اسپشیالیتی و همچنین قه"
Luya Coffee,قهوه 100% عربیکا برزیل سانتوس,Brazil,,,Ground,250.0,866000,346400.0,,True,عربیکا; قهوه رست شده,https://luyacoffee.com/product/brazil-santos-arabica/,"برزیل بزرگ ترین تولید کننده ی قهوه در جهان است. بیشتر قهوه آن در بلند های قهوه استفاده می شود اما شناخته شده ترین آنها قهوه برزیل سانتوس است که یک عطر و طعم ملایم ایجاد می کند. 
 قهوه سانتوس برزیل مسلماً یکی از فراوان ترین نوع قهوه ها در جهان است. که تقریباً 85 درصد آن توسط مزرعه داران کوچکی که معمولاً بین 100 تا 250 کیلوگرم قهوه در یک دوره برداشت می کنند، کشت می شود. 
 قهوه عربیکا برزیل سانتوس از"
Luya Coffee,قهوه 100% عربیکا هند AA,,,,Ground,250.0,898000,359200.0,,True,قهوه پریمیوم; عربیکا,https://luyacoffee.com/product/india-aa-arabica/,"قهوه هند گرید AA که در تپه های سرسبز چیکمگولار در کارناتاکای هند رشد می کنید یکی از با کیفیت ترین قهوه های هندی است. دانه های این قهوه که با درجه AA مشخص می شوند نشان دهنده درشت بودن و ظاهر یکنواخت و تمیز این قهوه های با کیفیت هستند. 
 این قهوه 100% عربیکا اثراتی از ادویه هندی و کمی گلی دارد که یک فنجان استثنایی قهوه را برای شما درست می کند. 
 نت های طعم قهوه عربیکا هند AA 
 قهوه هند AA با رست مدی"
Luya Coffee,قهوه کلمبیا پریمیوم 100% عربیکا,Colombia,,,Ground,250.0,1761000,704400.0,,True,قهوه پریمیوم; عربیکا; قهوه رست شده,https://luyacoffee.com/product/colombian-premium-arabica/,"ویژگی های قهوه کلمبیا پریمیوم 100% عربیکا 
 امروزه کلمبیا به عنوان یکی از پیشرو ترین تولید کنندگان قهوه های پریمیوم و تخصصی در سرتاسر جهان شناخته می شود. 
 قهوه پریمیوم به قهوه ای گفته می شود که درجه کیفیتی بالاتر از 70 داشته باشد. این رتبه بندی و امتیاز دهی توسط انجمن تخصصی قهوه  انجام می شود که به پروفایل عطر و طعم و فنجان قهوه امتیاز می دهند.  
 همچنین  قهوه های اسپشیالیتی  قهوه هایی هستند که د"
Luya Coffee,قهوه اتیوپی پریمیوم 100% عربیکا,Ethiopia,,,Ground,250.0,806000,322400.0,,True,عربیکا; قهوه پریمیوم; قهوه رست شده,https://luyacoffee.com/product/ethiopia-premium/,"صدها سال است که اتیوپی یکی از بهترین دانه های قهوه پریمیوم در جهان را ارائه می دهد. به طور کلی قهوه های اتیوپی به دلیل پیچیدگیشان، کیفیت شرابی و خاصیت اسیدیته وحشی که دارند شناخته شده هستند. 
 قهوه اتیوپی پریمیوم به قهوه های با درجه بالاتر از 70 گفته می شود که نسبت به قهوه عربیکای معمول اتیوپی کیفیت بالاتری دارد. به این صورت که کیفیت دانه ها بسیار بالاتر بوده، دیفکتی وجود ندارد و بهترین دانه های ق"
Luya Coffee,قهوه عربیکا کنیا پریمیوم,Kenya,,,Ground,250.0,1338000,535200.0,,True,قهوه پریمیوم; عربیکا; قهوه رست شده,https://luyacoffee.com/product/kenya-arabica-premium/,"خاستگاه: کنیا 
 نوع دانه: عربیکا 
 درجه رست: شکلاتی 
 بادی ملایم 
 طعم: میوه ای ٫ توتی 
 اسیدیته: ملایم"
Luya Coffee,قهوه 100% عربیکا کنیا,Kenya,,,Ground,250.0,858700,343480.0,,True,عربیکا; قهوه رست شده,https://luyacoffee.com/product/arabica-kenya/,"قهوه کنیا یکی از 5 قهوه برتر در جهان است 
 بسیاری از مردم قهوه کنیایی را در میان پنج قهوه برتر دنیا قرار می دهند. با بادی غنی،  اسیدیته بالا، طعم موثر و عطر دلپذیری که این قهوه دارد جای تعجب هم نیست. 
 قهوه کنیا به اسیدیته ی مشهود و ته نت های توتی اش معروف است. یکی از این نت ها، توت سیاه است. طعم توت سیاه در دانه های کنیایی متمایز است و همین دلیل منحصربفرد بودن قهوه کنیا است. 
 دانه های قهوه کنیا "
Luya Coffee,قهوه عربیکا هندوراس پریمیوم,Honduras,,,Ground,250.0,1514000,605600.0,,True,قهوه پریمیوم; عربیکا; قهوه رست شده,https://luyacoffee.com/product/honduras-premium/,"قهوه عربیکا هندوراس پریمیوم از مزارع معطر هندوراس می آید، جایی که قهوه نت های طعم شیرین وانیل، کاکائو و آجیل را از خود نشان می دهد. 
 ین قهوه صد درصد از دانه های عربیکا درست شده است که نسبت به روبوستا تلخی کمتری دارد و برای قهوه های فلیتری و دریپ و همچنین قهوه اسپرسو و فرنچ پرس بسیار مناسب است. 
 قهوه های پریمیوم و اسپشیالیتی موج جدیدی از قهوه ها هستند که تنها کافئین آنها مورد توجه نیست بلکه لذت ب"
Luya Coffee,قهوه روبوستا کامرون ویژه,,,,Ground,250.0,802000,320800.0,,True,قهوه روبوستا; قهوه رست شده,https://luyacoffee.com/product/robusta-cameron/,"تولید قهوه در اقتصاد کامرون نقش بسیار پررنگی دارد. قهوه به طور گسترده در نواحی ساحی و ارتفاعات غربی این کشور آفریقایی کشت می شود. 
 قهوه روبوستا که محصول غالب در این کشور است در ارتفاعات متوسط در مناطق غربی رشد می کند. 
 فصل قهوه روبوستا کامرون از اول دسامبر  تا 30 نوامبر ادامه دارد. طعم این قهوه غنی و آجیلی می باشد که برای میکس های قهوه گزینه بسیار مناسبی محسوب می شود.   
 نوع رست: مدیوم 
 عطر و "
Luya Coffee,قهوه روبوستا کنگو ویژه,DR Congo,,,Ground,250.0,787000,314800.0,,True,قهوه روبوستا; قهوه رست شده,https://luyacoffee.com/product/robusta-congo/,"دان قهوه روبوستا کنگو ویژه 
 جمهوری کنگو کشوری با آب و هوای استوایی، خاک حاصلخیز و منابع آبی فراوان است که شرایط مساعدی را برای کشت قهوه ایجاد می کند. 
 قهوه کنگو از نواحی بوکاوو در جنوب منطقه تا گوما و دور تر از آن تا شمال دریاچه می تواند ترکیبی از ویژگی های عطر و طعم بسیاری را با لایه های متعدد نشان دهد. 
   
 برای توصیف قهوه کنگو می توان از عبارت &#8220;متعادل&#8221; یا &#8220;ساختاریافته&#8221"
Luya Coffee,اسپرسوساز دلونگی EC850m,,,,,,21275000,,,False,دستگاه اسپرسو,https://luyacoffee.com/product/%d8%a7%d8%b3%d9%be%d8%b1%d8%b3%d9%88%d8%b3%d8%a7%d8%b2-%d8%af%d9%84%d9%88%d9%86%da%af%db%8c-ec850m/,"اسپرسوساز دلونگی EC850m dc یکی از کاربردی ترین دستگاه های اسپرسوی دلونگی است که برای استفاده با پودر قهوه آسیاب شده و هم پد های قهوه طراحی شده است. 
 این اسپرسوماشین به لطف کاپوچینوساز اتوماتیک و نگهدارنده استیل فیلتری که دارد به شما اجازه می دهد یک اسپرسوی فوق العاده و یا یک کاپوچینوی عالی را با ساده ترین روش درست کنید. 
 اسپرسوساز دلونگی EC850m درای تمپر قهوه، سیستم گرمادهی ترموبلاک، فیلترهای سی"
Luya Coffee,کافی میت موکاته Mokate محصول لهستان,,,,,250.0,320600,128240.0,,True,کافی میت,https://luyacoffee.com/product/%da%a9%d8%a7%d9%81%db%8c-%d9%85%db%8c%d8%aa-%d9%85%d9%88%da%a9%d8%a7%d8%aa%d9%87-mokate-%d9%85%d8%ad%d8%b5%d9%88%d9%84-%d9%84%d9%87%d8%b3%d8%aa%d8%a7%d9%86/,"پودر کافی میت موکاته بهترین افزودنی برای قهوه است. افرادی که قهوه بلک و تلخی قهوه رادوست ندارند با اضافه کردن پودر کافی میت موکاته می توانند یک فنجان قهوه خوش طعم و عالی داشته باشند. کافی میت یک کریمر غیر لبنی است که عاری از کلسترول و لاکتوز بوده و قهوه شما را غلیظ تر، خامه ای تر و مقوی تر می کند. 
 کافی میت موکاته محصول کشور لهستان است که یک برند بسیار معروف برای تمام افزودنی های قهوه مثل کافی می"
Luya Coffee,آسیاب قهوه N520 برقی,,,,Ground,,,,,False,دستگاه اسپرسو,https://luyacoffee.com/product/n520-grinder/,"آسیاب قهوه N520  یک آسیاب برقی بسیار حرفه ای می باشد که برای مصارف کافی شاپ و خانگی طراحی شده است. 
 ظرفیت مخزن آسیاب قهوه N520 برابر با 200 گرم می باشد و در یک ساعت می تواند 10 کیلوگرم قهوه را آسیاب نماید. شما می توانید انواع سایز آسیاب را به راحتی انتخاب کنید چرا که آسیاب قهوه N520 دارای 16 درجه از ریز گرفته تا درشت می باشد و انواع قهوه فرانسه و دمی با این آسیاب به بهترین شکل به دست می آید. 
 از"
Luya Coffee,قهوه السالوادور 100% عربیکا اسپشیالیتی,El Salvador,,,Ground,250.0,1344000,537600.0,,True,قهوه اسپشیالیتی; عربیکا,https://luyacoffee.com/product/el-salvador-100-arabica/,"قهوه ال سالوادور عربیکا که با گواتمالا و هندوراس مرز مشترک دارد، بادی خوب و در عین حال اسیدیته و عطر و طعمی غیریکنواخت دارد. 
 قهوه های ال سالوادور عمدتاً قابل تشخیص نیستند و نسبت به قهوه های معمولی آمریکای مرکزی لطیف تر و دارای اسیدیته کمتری هستند. این قهوه ها متنوع بوده و برخی از آن ها اسیدیته درخشانی از خود نشان می دهند. با این حال، معمولاً اسیدیته قهوه های ال سالوادور ملایم بوده و شیرینی متعاد"
Luya Coffee,دستگاه اسپرسو ساز دلونگی ددیکا EC685,,,,,,10285000,,,False,دستگاه اسپرسو,https://luyacoffee.com/product/delonghi-dedica-ec685-coffee-machine/,"دستگاه های اسپرسو ساز دلونگی 
  دلونگی  یک کمپانی ایتالیایی است که در سال 1902 تاسیس شد. این کمپانی سازنده بسیاری از وسایل برقی خانگی از سرخ کن و بخاری گرفته تا تهویه هوا است و البته اسپرسو ساز. 
 چرا قهوه سازهای دلونگی محبوب هستند؟ 
 
 تمام تولیدات این برند دقیقاً همانطور که گفته شده کار می کند و بسیار قابل اعتماد است. 
 دلونگی از مواد با کیفیت بالا و نیروی کار متخصص استفاده می کند و ساخت وسایل ر"
Luya Coffee,دستگاه اسپرسو ساز مباشی ME-ECM2016,,,,,,6479000,,,False,دستگاه اسپرسو,https://luyacoffee.com/product/ecm2016-mebashi-coffee-machine-luya-coffee/,"معرفی اسپرسو ساز مباشی ME-ECM 2016 
 مباشی برند ژاپنی لوازم خانگی و الکترونیکی است که دفتر مرکزی آن در جبل علی دبی قرار دارد. این برند در سال 2012 با هدف ارائه محصولات باکیفیت، خدمات مناسب و جذابیت برای هر نوع سلیقه ای طراحی و تاسیس شد. امروز بیش از 350 نوع محصول مباشی در سراسر جهان استفاده می شود. 
 اسپرسو ساز مباشی ME-ECM2016 محصول جدید دیگر این برند است که با پمپ فشار 20 بار و توان 1350 واتی یک"
Luya Coffee,اسپرسو ساز مباشی ME-ECM2009 Mebashi,,,,,,,,,False,دستگاه اسپرسو,https://luyacoffee.com/product/me-ecm2009-coffee-machine/,"معرفی اسپرسو ساز مباشی ME-ECM 2009 
 مباشی برند ژاپنی لوازم خانگی و الکترونیکی است که دفتر مرکزی آن در جبل علی دبی قرار دارد. این برند در سال 2012 با هدف ارائه محصولات باکیفیت، خدمات مناسب و جذابیت برای هر نوع سلیقه ای طراحی و تاسیس شد. امروز بیش از 350 نوع محصول مباشی در سراسر جهان استفاده می شود. 
 اسپرسو ساز مباشی ME-ECM 2009 یکی از اسپرسو ساز های قوی و از پرفروش ترین محصولات این برند طراحی ژاپ"
Luya Coffee,اسپرسو ساز مباشی ME-ECM2015 Mebashi,,,,,,6200000,,,False,دستگاه اسپرسو,https://luyacoffee.com/product/mebashi-me-ecm2015-espresso-machine/,"خرید اسپرسو ساز مباشی ME-ECM2015 
 اسپرسو ساز مباشی ME-ECM2015  یکی از بهترین قهوه سازهای موجود در بازار است که برای مصرف خانگی و کافی شاپ های کوچک ساخته شده. شرکت مباشی این محصول قوی و زیبا را در سال 2015 با بدنه ای از جنس استیل ضد زنگ به بازار عرضه کرد. قدرت فشار این دستگاه 20 بار است که فشار زیادی را فراهم کرده و یک اسپرسوی با کیفیت را به شما می دهد. 
 اسپرسو ساز مباشی ME-ECM2015 دارای کیفیت سا"
Luya Coffee,اسپرسو ساز نوا 149 Nova,,,,,,6134000,,,False,دستگاه اسپرسو,https://luyacoffee.com/product/nova-149-coffee-machine/,"اسپرسو ساز نوا 149 یکی دیگر از محصولات جدید شرکت NOVA ساخت چین است. این دستگاه مستحکم و قدرمند با زیبایی خاص خود برای مصارف خانگی و کافی شاپ های کوچک بسیار مناسب است. قیمت این دستگاه باعث شده تا اسپرسو ساز نوا 149 تبدیل به یکی از محبوب ترین و مقرون به صرفه ترین اسپرسو ساز ها باشد. نوا 149 برخی امکانات بیشتر نسبت به  اسپرسو ساز نوا 140  دارد که در ادامه توضیح میدهیم. 
 این دستگاه دارای فشار بخار 15"
Luya Coffee,اسپرسو ساز نوا 140 Nova,,,,,,5977000,,,False,دستگاه اسپرسو,https://luyacoffee.com/product/nova-140-espresso-machine/,"اسپرسو ساز نوا 140 یکی از محصولات جدید شرکت NOVA ساخت چین است. این دستگاه برای مصارف خانگی و کافی شاپ های کوچک بسیار مناسب است. قیمت این دستگاه باعث شده تا اسپرسو ساز نوا 140 تبدیل به یکی از محبوب ترین و مقرون به صرفه ترین اسپرسو ساز ها باشد. 
 با اسپرسو ساز نوا 140 می توانید به راحتی تا 50 فنجان اسپرسو در روز تهیه کنید. این دستگاه دارای فشار بخار 15 و توان مصرفی 1000 وات است که می تواند یک اسپرسو"
Luya Coffee,قهوه ووش ووش اتیوپی اسپشیالیتی,Ethiopia,,,Ground,250.0,1787000,714800.0,,True,قهوه اسپشیالیتی,https://luyacoffee.com/product/wushwush-coffee/,"قهوه ووش ووش که اصالت آن به اتیوپی برمی گردد، گونه ای کم یاب و کم بازده است که طی چند سال اخیر در بین قهوه های اسپشیالیتی بسیار مشهور شده است. 
 قهوه ووش ووش در مقایسه با گیشا و دیگر گونه های کمیاب معروف دارای یک پروفایل عطر و طعم بسیار منحصربفرد است که می تواند حتی کاپرهای باتجربه را سوپرایز کند. اما چرا قهوه ووش ووش انقدر معروف است؟ 
   گیلاس قهوه ووش ووش  
 چندین متخصص قهوه به این سوال پاسخ داد"
Luya Coffee,قهوه عربیکا کنگو,DR Congo,,,Ground,250.0,1095000,438000.0,,True,عربیکا,https://luyacoffee.com/product/congo/,"قهوه عربیکا کنگو که در منطقه کیوو کشت می شود دانه ای از انواع بوربون است که توسط فرآیند شستن و خشک کردن با آفتاب پردازش می شود. این قهوه دارای رایحه ای شیرین و شکلاتی و طعم مرکبات و میوه های قرمز و سیاه ست. 
 کینو واقع در شرق گنگو، یکی از معروف ترین مناطق پرورش قهوه و همچنین روغن نخل، پنبه، قلع و طلا می باشد. تولید قهوه سبز اخیراً به 960 تن رسیده است و به سرعت در حال رشد است.   
 خاستگاه: کیوو 
 ر"
Luya Coffee,قهوه سیدامو G2 اتیوپی اسپشیالیتی,Ethiopia,,,Ground,250.0,1469000,587600.0,,True,قهوه اسپشیالیتی,https://luyacoffee.com/product/g2/,"در قهوه های اتیوپی، G به معنای 4 گروه اصلی این قهوه های اسپشیالیتی است، G1 و G2 دو گرید برتر قهوه های خیس پردازش شده هستند در حالی که قهوه های G3 و G4 دو قهوه تاپ با پردازش طبیعی هستند. 
 قهوه سیدامو G2 توسط فرآیند شستن پردازش گردیده و دانه های قهوه قبل از گذراندن مرحله تخمیر 12 تا 36 ساعته، توسط شستن از گیلاس قهوه جدا شده اند. پس از اتمام این مرحله، گیلاس های قهوه را در آب تمیز شسته و سپس بر روی "
Luya Coffee,قهوه اسپشیالیتی کوچره اتیوپی,Ethiopia,,,Ground,250.0,1399000,559600.0,,True,قهوه اسپشیالیتی,https://luyacoffee.com/product/kochere-speciality/,"قهوه کوچره اتیوپی از قهوه های گرید 1 در اتیوپی است که یکی از بهترین امتیازات را در رتبه بندی جهان کسب کرده است. منطقه کوچره در چند کیلو متری جنوب شهر افسانه ای یرگاچف در منطقه گیدئو واقع شده است. قهوه های این منطقه از بهترین قهوه های روی زمین به حساب می آیند. 
   
 قهوه کوچره در منطقه ای نیمه جنگلی و زیر سایه درختان در اوج ارتفاعات رشد می کند. کشاورزان در این منطقه انواع گیاهان قهوه را بدون استفاد"
Luya Coffee,قهوه سیدامو اتیوپی سینگل اوریجین,Ethiopia,,,Ground,250.0,1638000,655200.0,,True,قهوه اسپشیالیتی,https://luyacoffee.com/product/sidamo/,"قهوه سیدامو اتیوپی یک قهوه اسپشیالیتی بسیار متعادل با نت های توت و لیمویی و اسیدیته پیچیده است. این قهوه در استارباکس نیز ارائه می شود و محبوبیت بسیار بالایی دارد. طعم های میوه ای غنی و اثراتی از گل یاس حتی در رست های دارک این قهوه هم مشخص هستند، که به نت های شکلات تلخ منتهی شده و مشخصات کلی عطر و طعم این قهوه را تکمیل می کند. 
     سیدامو یکی از پربارترین مناطق پرورش قهوه در اتیوپی است که یکی از "
Luya Coffee,قهوه نیم کافئین (هف کاف),,,,Ground,250.0,1811000,724400.0,,True,قهوه بدون کافئین; نیم کافئین,https://luyacoffee.com/product/half-caf/,"قهوه بدون کافئین پرو سوییس واتر یک قهوه دکاف ارگانیک است که با استفاده از فرآیند سوییس واتر در پرو، کافئین زدایی شده است. در روش سوییس واتر از عصاره خالص دان سبز قهوه و فناوری اختصاصی کربن برای حذف کافئین از دانه های سبز قهوه استفاده می شود. 
 قهوه بدون کافئین پرو مناسب اسپرسو، قهوه های فیلتری یا حتی کلد برو می باشد. این قهوه با شیر به خوبی ترکیب می شود و نبود کافئین آن هیچ تاثیری در عطر و طعم این"
Luya Coffee,قهوه میکس 80-20 روبوستا,,,,Ground,250.0,871000,348400.0,,True,قهوه میکس,https://luyacoffee.com/product/robusta-80-blend/,"قهوه میکس که به عنوان مخلوط قهوه نیز شناخته می شود، ترکیبی از دو یا چند نوع دانه قهوه است. هدف از مخلوط کردن دانه های قهوه ایجاد یک طعم منحصر به فرد است که در قهوه تک منشا یافت نمی شود. مخلوط کردن دانه‌های قهوه یک روش رایج در بین روست‌کننده‌های قهوه است و به یکی از مواد اصلی در صنعت قهوه تبدیل شده است. 
 چرا قهوه را باهم ترکیب میکنند؟ 
 دلایل مختلفی وجود دارد که برشته کننده های قهوه٫ قهوه را با هم"
Luya Coffee,خرید قهوه گانودرما و جینسینگ 250 گرمی,,,,,250.0,2192000,876800.0,,False,قهوه فوری; قهوه رست شده,https://luyacoffee.com/product/ganoderma-coffee/,"قهوه گانودرما یک پودر قهوه است که معمولاً از قهوه فوری به اضافه عصاره پودر شده ی  قارچ گانودرما لوسیدوم  که یک نوع قارچ دارویی است و به آن “رِیشی” یا “لینگژی” هم می گویند درست شده است. دیگر مواد تشکیل دهنده مانند شکر، خامه غیر لبنی و گیاهان دارویی نیز می تواند به آن اضافه شود. 
 با خرید و مصرف قهوه گانودرما علاوه بر افزایش قدرت و انرژی، از دیگر مزایای گانودرما و جینسینگ برای سلامتی بهره ببرید. خری"
Luya Coffee,اسپرسو ساز مینی پرسو,,,,,,1050000,,,True,دستگاه اسپرسو,https://luyacoffee.com/product/mini-presso/,"اگر شما هم عاشق اسپرسو هستید و دوست دارید بتوانید در هر جایی که هستید یک شات اسپرسوی غلیظ داشته باشید این دستگاه مینی پرسو بهترین انتخاب است. 
 مینی پرسو طراحی کمپانی واکاکو است که با ساختار هوشمندانه و ابعاد کوچکی که دارد بدون نیاز به برق یک اسپرسوی واقعی با کرمای غلیظ برای شما درست می کند. 
 طرز کار با مینی پرسو بسیار آسان است و تنها کافیست پودر قهوه آسیاب شده را داخل سبد مخصوص آن ریخته و تمپ کن"
Luya Coffee,قهوه اسپورت میکس لویا,,,,Ground,250.0,821000,328400.0,,True,قهوه میکس,https://luyacoffee.com/product/sport-mix/,"با نوشیدن 1  الی 2 فنجان قهوه اسپورت میکس برای تمرین خود آماده شوید. میزان متوسط کافئین موجود در یک فنجان قهوه میکس ورزشی لویا حدود 100 میلی گرم است که باعث بوست سریع انرژی و بهبود فعالیت های ورزشی می شود. 
 می توانید اسپورت میکس لویا را با انواع روش های اسپرسو، فرنچ پرس و قهوه های دمی آماده کنید. برای اینکه بیشتر با تاثیر قهوه در بدنسازی آشنا شوید مطلب  بهترین قهوه برای ورزشکاران  را مطالعه کنید."
Luya Coffee,لویا باکس,,,,,,4459500,,,True,,https://luyacoffee.com/product/luya-box/,"پکیج تستر لویا باکس با 10 نوع قهوه از سراسر جهان برای تمام سلیقه ها: 
 
  قهوه اسپشیالیتی کنیا  
  قهوه اسپشیالیتی لمو بروکا  
  قهوه اسپشیالیتی یرگاچف اتیوپی  
  قهوه میکس ملینو 70-30 عربیکا  
  قهوه میکس سرجیو 70-30 روبوستا  
  قهوه میکس اسپشیالیتی  
  قهوه عربیکا اتیوپی  
  قهوه عربیکا پرو  
  قهوه روبوستا جاوا اندونزی   
  قهوه روبوستا برزیل   
 
 پیشنهاد می شود از قهوه های اسپشیالیتی برای اسپ"
Luya Coffee,پکیج قهوه اسپشیالیتی + آسیاب دستی رایگان,,,,Ground,,6646000,,,True,قهوه اسپشیالیتی,https://luyacoffee.com/product/offer-pack/,"با خرید این محصول ویژه لویا یک  آسیاب قهوه Gatter  نیز هدیه بگیرید! 
 
 مشخصات: 900 گرم  قهوه اسپشیالیتی نارینو  + آسیاب دستی قهوه 
 رست: مدیوم، تازه 
 خاستگاه : کلمبیا 
 عطر و طعم     میوه ای، مرکبات 
 اسیدیته         شدید و پیچیده"
Luya Coffee,قهوه میکس اسپشیالیتی,,,,Ground,250.0,1513000,605200.0,,True,قهوه اسپشیالیتی; قهوه میکس,https://luyacoffee.com/product/specialty-blend/,"قهوه میکس اسپشیالیتی ترکیبی بی نظیر از دانه های عربیکاست. این میکس از 100 درصد دانه های عربیکای اسپشیالیتی اقلیم های اتیوپی، کنیا، کلمبیا و پرو  تشکیل شده است. عطر و طعم فوق العاده قهوه نارینو، یرگاچف، کنیا و پرو به همراه کرمای دلپذیر و سطح کافئین استاندارد ترکیب استثنایی را در این قهوه به وجود آورده که مجموعه ای از حس های عطر و طعم را برای شما به ارمغان می آورد. 
 قهوه میکس اسپشیالیتی لویا یک بلن"
Luya Coffee,قهوه ساز فرنچ پرس,,,,,,773000,,,True,دستگاه اسپرسو,https://luyacoffee.com/product/%d9%82%d9%87%d9%88%d9%87-%d8%b3%d8%a7%d8%b2-%d9%81%d8%b1%d9%86%da%86-%d9%be%d8%b1%d8%b3/,"خرید فرنچ پرس 
 قهوه ساز فرنچ پرس به عنوان یکی از روش های فانتزی دم آوری قهوه مشهور است. اما کار با آن بسیار ساده است. تنها کافیست قهوه درشت آسیاب شده را به مدت 4 دقیقه درون آب داغ بریزید و با استفاده از پیستون و فیلتر فرنچ پرس، قهوه دم آوری شده را جدا کنید. 
 ویژگی های قهوه ساز فرنچ پرس 
 این قهوه ساز فرنچ پرس با محفظه مشکی یک گزینه مناسب برای آشپزحانه های شلوغ است. محفظه مشکی که دور آن قرار دارد"
Luya Coffee,خرید سیلو قهوه رو میزی | 3 و 5 کیلویی,,,,,5000.0,2006000,40120.0,,False,,https://luyacoffee.com/product/%d8%b3%db%8c%d9%84%d9%88%db%8c-%d9%82%d9%87%d9%88%d9%87-3-%da%a9%db%8c%d9%84%d9%88%db%8c%db%8c-%d8%b1%d9%88-%d9%85%db%8c%d8%b2%db%8c/,"سیلوی قهوه از جنس بدنه شیشه ای یک ظرف مناسب برای نگهداری قهوه است که باعث می شود عطر و طعم و تازگی قهوه تا حد ممکن حفظ شود. این محصول برای قهوه فروشی ها و دیگر دانه ها استفاده می شود. سیلوی قهوه به دو صورت دیواری و رو میزی وجود دارد. 
 دانه قهوه می تواند روغن پس بدهد و بر روی بدنه ظرف خش بیندازد. به همین دلیل سیلوی قهوه را از مواد مستحکم درست می کنند. سیلوی قهوه یک ظرف است که به طور خاص برای نگهدا"
Luya Coffee,قهوه جوش اسپرسو ساز رو گازی موکاپات 1 تا 3 Cup,,,,,,884000,,,True,دستگاه اسپرسو,https://luyacoffee.com/product/%d9%82%d9%87%d9%88%d9%87-%d8%ac%d9%88%d8%b4-%d8%a7%d8%b3%d9%be%d8%b1%d8%b3%d9%88-%d8%b3%d8%a7%d8%b2-%d8%b1%d9%88-%da%af%d8%a7%d8%b2%db%8c-%d9%85%d9%88%da%a9%d8%a7%d9%be%d8%a7%d8%aa-3-cup/,"درباره قهوه جوش موکاپات 3 cup 
 موکاپات 3 کاپ یک نوع قهوه جوش خانگی است که می توانید به وسیله آن به راحتی قهوه را بر روی گاز درست کنید. این موکاپات 3 cup به اندازه 3 فنجان قهوه برای شما درست می کند. 
 پودر قهوه ای که برای موکاپات استفاده می شود باید تقریباً به اندازه قهوه اسپرسو آسیاب شده باشد. تفاوت قهوه اسپرسو، قهوه ترک، قهوه فرانسه و &#8230; تنها در میزان درجه آسیاب آنهاست. برای موکاپات از  پود"
Luya Coffee,قهوه یرگاچف اتیوپی اسپشیالیتی,Ethiopia,,,Ground,250.0,1712000,684800.0,,True,قهوه اسپشیالیتی,https://luyacoffee.com/product/ethiopian-yirgacheffe/,"قهوه یرگاچف اتیوپی که به خاطر طعم و رایحه شیرین با بادی سبک تا مدیومش شناخته شده است، یک قهوه ادویه ای و معطر است و دائماً به عنوان یکی از با کیفیت ترین قهوه های عربیکا در جهان رتبه بندی می شود. این شهرت اغلب به این معنیست که قیمت بالایی دارد اما باز هم نسبت به کیفیتی که دارد بسیار با ارزش است. 
 &nbsp; 
   
 پروفایل عطر و طعم قهوه یرگاچف اتیوپی 
 قهوه یرگاچف اتیوپی یک قهوه شیرین، ملایم و دقیق از "
Luya Coffee,شن مخصوص قهوه ترک شنی 500 گرمی,,,,,500.0,128000,25600.0,,True,دستگاه اسپرسو,https://luyacoffee.com/product/sand-turkish-coffee/,"قهوه ترک شنی چیست؟ 
 یکی از قدیمی ترین و سنتی ترین روش های درست کردن قهوه ترک، بر روی سینی پر از شن داغ است. به این صورت که جزوه یا ایبریک را بر روی این شن حرکت می دهند تا به جوش بیاید. 
   
 تفاوت قهوه ترک شنی با قهوه ترک معمولی 
 قهوه ترکی که بر روی شن داغ درست می شود یک روش بسیار سنتی و  جذاب است که حتماً باید آن را امتحان کنید. جوش آمدن قهوه بر روی شن داغ باعث می شود کیفیت و عطر و طعم قهوه ترک"
Luya Coffee,قهوه اسپشیالیتی گوجی اتیوپی,Ethiopia,,,Ground,250.0,1387000,554800.0,,True,قهوه اسپشیالیتی,https://luyacoffee.com/product/guji-specialty/,"قهوه های اسپشیالیتی اتیوپی از محبوبیت زیادی در بین افراد برخوردار است. مناطق کشت قهوه در اتیوپی، طیف متنوع و گسترده ای از ویژگی های عطر و طعم قهوه را نسبت به دیگر کشورهای تولید کننده قهوه دارد. درخت قهوه عربیکا بومی اتیوپی است و به دلیل شرایط مناسب رشد این درخت قهوه، متوسط کیفیت قهوه های اتیوپی بالاتر از کیفیت دیگر قهوه ها در سراسر جهان است. 
   پردازش طبیعی قهوه اسپشیالیتی گوجی اتیوپی  
 خاستگاه "
Luya Coffee,قهوه اسپشیالیتی نارینو کلمبیا,Colombia,,,Ground,250.0,1297000,518800.0,,True,قهوه اسپشیالیتی,https://luyacoffee.com/product/narino-specialty/,"&nbsp; 
 قهوه اسپشیالیتی نارینو که در منطقه کوهستانی نارینو واقع در کلمبیا رشد می کند به خوبی متعادل است. از بادی فول، طعم های کاراملی، نت های میوه ای و اسیدیته مشخص لیمویی آن لذت ببرید. 
 &nbsp; 
 عطر و طعم قهوه اسپشیالیتی نارینو 
 با توجه به بادی فول و کاملی که قهوه اسپشیالیتی نارینو دارد، می توانید طعم های شیرین کاراملی، نت های میوه ای غنی انار و اسیدیته مشخص لیمویی را در آن حس کنید. این قهوه ب"
Luya Coffee,قهوه اسپشیالیتی ماراگو,,,,Ground,250.0,2109000,843600.0,,True,قهوه اسپشیالیتی,https://luyacoffee.com/product/marago-specialty/,"درباره قهوه اسپشیالیتی ماراگو 
 قهوه اسپشیالیتی ماراگو یک قهوه عربیکا با دانه های بزرگ سبز-قهوه ایست و آن را به نام دانه قهوه فیل نیز می شناسند. 
   
 منطقه سییرا در مکزیک با ارتفاع 1400 متری، شرایط ایده آلی را برای قهوه اسپشیالیتی ماراگو فراهم کرده است، که نتیجه ی آن یک قهوه متعادل و لطیف با عطر و طعم زیاد و بادی تمیز، اسیدیته پیچیده و شدید نت های ظریف میوه ای، مرکبات، شکلاتی، اجیلی و گلی می باشد"
Luya Coffee,قهوه بدون کافئین پرو سوییس واتر,Peru,,,Ground,250.0,1001000,400400.0,,False,قهوه بدون کافئین,https://luyacoffee.com/product/peru-decaf-swiss-water/,"قهوه بدون کافئین پرو سوییس واتر یک قهوه دکاف ارگانیک است که با استفاده از فرآیند سوییس واتر در پرو، کافئین زدایی شده است. در روش سوییس واتر از عصاره خالص دان سبز قهوه و فناوری اختصاصی کربن برای حذف کافئین از دانه های سبز قهوه استفاده می شود. 
 قهوه بدون کافئین پرو مناسب اسپرسو، قهوه های فیلتری یا حتی کلد برو می باشد. این قهوه با شیر به خوبی ترکیب می شود و نبود کافئین آن هیچ تاثیری در عطر و طعم این"
Luya Coffee,قهوه بدون کافئین مکزیک مانتین واتر,Mexico,,,Ground,250.0,967000,386800.0,,False,قهوه بدون کافئین,https://luyacoffee.com/product/decaf-mexic/,"قهوه بدون کافئین مکزیک 
 قهوه بدون کافئین مکزیک یک قهوه ارگانیک 100% عربیکا است که با استفاده از فرآیند مانتین واتر کافئین زدایی شده است. 
 نظر داوران درباره قهوه بدون کافئین مکزیک 
 اسپرسوی عصاره گیری شده با قهوه بدون کافئین مکزیک دارای حالت خامه ای دلپذیر و طعم پایانی ادویه ای است. نت های دارک که اثراتی از شیر و شکلات دارد این قهوه را بسیار خوش عطر و طعم می کند. 
 فرآیند مانتین واتر Mountain wat"
Luya Coffee,قهوه عربیکا پرو,Peru,,,Ground,250.0,1509000,603600.0,,True,عربیکا,https://luyacoffee.com/product/peruvian-arabica/,"تصور کنید صبح یک فنجان تازه ریخته شده با چشم اندازی از جنگل های بارانی سرسبز، یک آبشار مرتفع، یا کوه های پوشیده از یخچال های طبیعی میل کنید. پرو یکی از معدود جاهایی است که می توانید این کار را با قهوه تازه بو داده و محلی انجام دهید. اکنون قهوه پرو که یکی از ده تولیدکننده برتر قهوه در جهان است، شروع به جذب بیشتر برشته‌کنندگان تخصصی در خارج از کشور کرده است. 
 در مقایسه با قهوه کلمبیایی، کاستاریکا ی"
Luya Coffee,خرید قهوه عربیکا گواتمالا,Guatemala,,,Ground,250.0,990000,396000.0,,True,عربیکا,https://luyacoffee.com/product/arabica-guatemala/,"قهوه عربیکا گواتمالا دارای پروفایل عطر و طعم شدید می باشد، این قهوه ترکیبی از قهوه قوی به همراه شیرینی ملایم است. قهوه عربیکا گواتمالا یک قهوه فوق العاده است. 
 متدهای دم آوری پیشنهادی این قهوه به صورت فیلتری، کمکس و فرنچ پرس می باشد.   خاستگاه     گواتمالا 
 رایحه          قوی، کارامل سوخته، فلفل سیاه و دارچین 
 طعم           شدید، شکلات خالص، کارامل شیرین، طعم ملایم گل 
 بادی           بالا"
Luya Coffee,آسیاب قهوه دستی گتر,,,,Ground,,1326000,,,True,دستگاه اسپرسو,https://luyacoffee.com/product/gater-hand-grinder/,"آسیاب قهوه دستی گتر از جنس سرامیک و دارای تیغه محکم و مناسب برای آسیاب کردن یک دست قهوه می باشد. 
 این آسیاب دستی یکی از بهترین و کارآمدترین آسیاب های قهوه است که می توانید به راحتی با چرخش پیچ تنظیم، میزان ریزی و درشتی آسیاب را تعیین کنید و قهوه های اسپرسو، ترک، فرانسه و غیره را آسیاب نمایید.   
 برند       Gater 
 مدل       BM-155 
 رنگ       مشکی 
 ابعاد      18.8&#215;18.03&#215;9.4 cm 
 وزن  "
Luya Coffee,قهوه عربیکا نیکاراگوئه,Nicaragua,,,Ground,250.0,1546000,618400.0,,True,عربیکا,https://luyacoffee.com/product/arabica-nicaragua/,"خاستگاه قهوه عربیکا نیکاراگوئه 
 قهوه عربیکا نیکاراگوئه با مشخصات عطر و طعم بسیار دلپذیر، قهوه ای با کیفیت بسیار بالا و پیچیده از نظر عطر و طعم می باشد. نیکاراگوئه این کشور آمریکای مرکزی با آب و هوای خوب و جغرافیای درجه یکی که دارد برای کشت قهوه بسیار مناسب است. 
 طعم قهوه عربیکا نیکاراگوئه 
 بیشتر دانه های قهوه در نیکاراگوئه دارای بادی متوسط تا ملایم بوده و اسیدیته ملایم تا سبکی را ارائه می دهند "
Luya Coffee,قهوه عربیکا کلمبیا,Colombia,,,Ground,250.0,1608000,643200.0,,True,عربیکا,https://luyacoffee.com/product/%d9%8earabica-colombia/,"دلیل معروف بودن قهوه عربیکا کلمبیا چیست؟ 
 قهوه کلمبیا به دلیل طعم یاد و رایحه ملایم منحصربفرد اما غنی که هنگام دم کردن از خود نشان میدهد در جهان معروف است. قهوه در خاک آتشفاشانی در ارتفاعات 1200 تا 1800 و بارش سالانه باران حدود 80 اینچ، بهترین رشد خود را دارد. کلمبیا تمام این ویژگی ها را دارد. 
   گیلاس قهوه عربیکا کلمبیا  
 قهوه عربیکا کلمبیا به دلیل کیفیت و طعم خوبی که دارد بسیار مورد علاقه است"
Luya Coffee,قهوه عربیکا هند پلنتیشن,,,,Ground,250.0,1251000,500400.0,,True,عربیکا,https://luyacoffee.com/product/arabica-plantation/,"قهوه عربیکا هند پلنتیشن دارای رایحه ای تازه و دلپذیر از جنوب هند است. این قهوه اسیدیته بسیار پایین داشته و بادی خوبی به فنجان قهوه شما می دهد. توصیه می کنیم برای دم کشیدن این قهوه از موکاپات استفاده کنید. این قهوه دارای 100 درصد دانه عربیکا هند می باشد. 
 ویژگی های قهوه عربیکا هند پلنتیشن 
 
 یکی از بهترین انواع هندی عربیکا است. 
 اسیدیته بسیار پایینی دارد. 
 طعم یاد و رایحه این قهوه به طرز شگفت ا"
Luya Coffee,قهوه عربیکا اوگاندا,Uganda,,,Ground,250.0,1288000,515200.0,,True,عربیکا,https://luyacoffee.com/product/%d9%8earabica-uganda/,"یک قهوه متعادل با بادی فول که اسیدیته توت مانند به مدت طولانی در دهان شما باقی می ماند و نهایتاً به یک پایان شیرین و کره ای می رسد. 
 قهوه عربیکا اوگاندا در مناطق مرتفع دامه کوه الگون در شرق و کوهستان رونزوری رشد می کند. 
 قهوه اوگاندا با طعم تمیز و رایحه متمایزش تعریف می شود. یک فنجان قهوه خوب دم شده ی اوگاندا یک اسیدیته مطلوب شرابی از قهوه های آفریقای شرقی را به نمایش می گذارد. 
   دان قهوه عربی"
Luya Coffee,قهوه عربیکا اتیوپی,Ethiopia,,,Ground,250.0,1066000,426400.0,,True,عربیکا,https://luyacoffee.com/product/ethiopia-arabica/,"درواقع اتیوپی خاستگاه و منشأ اصلی گیاه قهوه عربیکا است. هم اکنون اتیوپی 3% از بازار جهانی قهوه را تشکیل می دهد. 
 عطر و طعم قهوه عربیکا اتیوپی: 
 طعم یاد قهوه عربیکا اتیوپی تکرارنشدنی ، محسوس و لطیف است. می توان از قهوه اتیوپی نت های گل یاسمن، برگاموت و بلوبری را در افترتیست احساس کرد. بادی این قهوه خیلی قوی نبوده و اسیدیته آن ملایم و دلپذیر است. به طور کلی قهوه های اتیوپی سنگین و شرابی یا گلی و چ"
Luya Coffee,قهوه عربیکا سوماترا,Indonesia,,,Ground,250.0,1237000,494800.0,,True,عربیکا,https://luyacoffee.com/product/arabica-sumatra/,"قهوه عربیکا سوماترا 
 قهوه ی سوماترا بیشتر از گونه های عربیکا تشکیل شده است. این یعنی سطح کافئین قهوه در سوماترا کاملاً استاندارد است. قهوه عربیکا نسبت به روبوستا کافئین کمتری داشته اما از طرف دیگر عطر و طعم بهتری دارد. 
 سوماترا به دلیل واقع شدن در شمال غربی ترین ناحیه اندونزی، اولین فصل برداشت را دارد. مناطق مختلفی در سوماترا وجود دارد که قهوه درجه اسپشیالیتی تولید میکند از جمله ماندلینگ، لینتون"
Luya Coffee,قهوه روبوستا تانزانیا,Tanzania,,,Ground,250.0,833000,333200.0,,True,قهوه روبوستا; قهوه های اقتصادی,https://luyacoffee.com/product/robusta-tanzania/,قهوه روبوستا   تانزانیا یک قهوه بسیار ملایم با نت هایی از شکلات، آجیل و عسل می باشد. یک قهوه با غلظت بالا و افترتیست اسپایسی. طعم و مزه قهوه های روبوستا معمولاً نسبت به عربیکا کمتر است، اما در بلند یا میکس های قهوه بسیار محبوب بوده و مورد استفاده قرار می گیرد. علت آن این است که به قهوه یک غلظت یا  همان بادی غلیظ و مهم تر از همه یک کرمای خوب می بخشد. همچنین محتوای کافئین قهوه روبوستا تقریباً 2 براب
Luya Coffee,قهوه اندونزی AP روبوستا,Indonesia,,,Ground,250.0,682000,272800.0,,True,قهوه روبوستا; قهوه های اقتصادی,https://luyacoffee.com/product/indonesia-robusta-ap/,"قهوه اندونزی AP روبوستا درجه یک از دانه های قهوه تازه با رست مدیوم تا دارک به دست آمده است. رست قهوه در لویا تنها هنگام سفارش انجام می گیرد به این ترتیب تازگی و طراوت دانه یا پودر قهوه سفارشی شما 100 درصد تضمین می گردد. 
 &nbsp;   
 خاستگاه:       اندونزی 
 منطقه:          جاوه، فلورس 
 رایحه:            گلی، میوه ای 
 بادی:             فول 
 اسیدیته:        پایین 
 طعم:             شیرین"
Luya Coffee,قهوه روبوستا اوگاندا,Uganda,,,Ground,250.0,793000,317200.0,,True,قهوه روبوستا; قهوه رست شده,https://luyacoffee.com/product/robusta-uganda/,"قهوه روبوستا اوگاندا، با جایگاهی متمایز در دنیای قهوه، نه تنها به خاطر طعم بی‌نظیرش بلکه به خاطر پیشینه فرهنگی و اقتصادی قابل توجهی که دارد، شناخته می‌شود. این نوع قهوه از گونه‌ی روبوستا است که عمدتاً در آفریقا و به ویژه در اوگاندا کشت می‌شود. اوگاندا به عنوان یکی از بزرگترین تولیدکنندگان قهوه روبوستا در جهان شناخته می‌شود، و این نوع قهوه نقش مهمی در اقتصاد کشور ایفا می‌کند.  
 
 
 
 
 
 
 
 
 ویژ"
Luya Coffee,قهوه روبوستا جاوا,,,,Ground,250.0,806000,322400.0,,True,قهوه روبوستا; قهوه رست شده,https://luyacoffee.com/product/robusta-java/,"قهوه جاوا، نه تنها یک نوشیدنی است، بلکه نمادی از فرهنگ و زندگی اجتماعی در جهان می‌باشد. این نوع قهوه که از منطقه جاوا در اندونزی مشتق می‌شود، تاریخی درخشان و خصوصیات منحصر به فردی دارد که آن را از سایر انواع قهوه متمایز می‌کند. در این مقاله، قصد داریم تا به بررسی تاریخچه، خصوصیات و تأثیرات فرهنگی و اقتصادی قهوه جاوا پرداخته و با این گونه محبوب قهوه آشنا شویم. 
 قهوه روبوستا جاوه 
 جاوه یکی از جزای"
Luya Coffee,قهوه بدون کافئین کلمبیا,Colombia,,,Ground,250.0,994000,397600.0,,False,قهوه بدون کافئین,https://luyacoffee.com/product/decaf-colombia/,عبارت قهوه دکاف یا دکف به معنای قهوه بدون کافئین است. قهوه بدون کافئین کلمبیا از دانه های قهوه درست می شود که حداقل 90 درصد کافئین آن حذف گردیده است. روش های زیادی برای حذف کافئین از دانه های قهوه وجود دارد. بیشتر این روش ها شامل فرآیند سوییس واتر، حلال های آلی و یا دی اکسید کربن می شوند. ((https://www.healthline.com/nutrition/decaf-coffee-good-or-bad#:~:text=Decaf%20is%20short%20for%20decaffeinat
Luya Coffee,میکس اسپرسو عطر و طعم دار,,,,Ground,250.0,872000,348800.0,,True,قهوه میکس; قهوه رست شده,https://luyacoffee.com/product/flavored-blend/,"قهوه میکس چیست؟ 
 قهوه میکس یا اصطلاحاً بلند قهوه، ترکیبی از دو نوع دانه قهوه عربیکا و روبوستا است. برای بهترین استفاده از عطر و طعم عربیکا و کافئین و کرمای روبوستا، همواره در درست کردن قهوه هایی مانند اسپرسو از قهوه میکس روبوستا – عربیکا استفاده می شود.قهوه روبوستا بادی غلیظ و کافئین زیادی به قهوه شما می دهد و عربیکا طعم آن را بهتر می کند و از تلخی قهوه شما می کاهد. میکس این دو قهوه در کنار هم یک"
Luya Coffee,قهوه اسپرسو میکس عربیکا 70-30,,,,Ground,250.0,1106000,442400.0,,True,قهوه میکس; قهوه رست شده,https://luyacoffee.com/product/arabica-espresso-blend/,"میکس  انحصاری قهوه 70% عربیکا لویا ترکیبی از قهوه عربیکا با عطر و طعم لذت بخش است. 
 چه کسانی باید به سراغ خرید قهوه 70% عربیکا بروند؟ 
 این قهوه چند ویژگی اصلی دارد: 
 
 کافئین متوسط رو به پایین: این مقدار کافئین حاصل از وجود آن 30 درصد قهوه روبوستا در این ترکیب است. 
 عطر و طعم لذت بخش: این عطر و طعم لذت بخش به خاطر وجود دانه های با کیفیت قهوه عربیکا میباشد. 
 اسیدیته متوسط: این قهوه یکی از محبو"
Luya Coffee,قهوه عربیکا هندوراس,Honduras,,,Ground,250.0,1439000,575600.0,,True,عربیکا; قهوه رست شده,https://luyacoffee.com/product/honduras-arabica/,"قهوه عربیکا هندوراس از مزارع معطر هندوراس می آید، جایی که قهوه نت های طعم شیرین وانیل، کاکائو و آجیل را از خود نشان می دهد. 
 قهوه عربیکا هندوراس یک قهوه به دقت دستچین شده از بهترین دانه های قهوه است که به صورت کاملاً ارگانیک پردازش شده است. رشد قهوه عربیکا هندوراس در ارتفاعات بالا اجازه پردازش آهسته تر روی این قهوه را می دهد که باعث می شود مواد مغذی و معدنی جذب بالاتری داشته باشند و طعم قوی تری ن"
Luya Coffee,قهوه گاردلی چلبسا,,,,,,,,,False,قهوه های برند; قهوه اسپشیالیتی,https://luyacoffee.com/product/chelbesa-gardeli/,"قهوه گاردلی یکی از مرغوب ترین برندهای رستری قهوه است که دانه های قهوه با کیفیت بالا و تازه را از سراسر جهان گردآوری می کند و طبق بهترین پروفایل ها، آن ها را رست می کند. 
 ورکا چلبسا که در منطقه گیدب واقع شده است یکی از بهترین و معروف ترین مناطق تولید قهوه در اتیوپی است. چلبسا که به منطقه نیمه جنگلی متراکم حاوی درختان موز و قهوه اش معروف است نمونه ای عالی از بهترین بوم شناسی کشت قهوه می باشد. 
 تول"
Luya Coffee,قهوه گوریفی کنیا AA Rwegheta اسپشیالیتی,Kenya,,,,,,,,False,قهوه های برند; قهوه اسپشیالیتی,https://luyacoffee.com/product/kenya-goriffee/,"این قهوه اسپشیالیتی اروپایی که محصولی ویژه از برند محبوب روستری اروپایی گوریفی است یک قهوه بسیار متعادل پیچیده از کنیا است. قهوه کنیا AA Rwegheta اثراتی از بلک بری، سیب و اسیدیته مرکبات در خود دارد که حس روزهای گرم تابستانی را به شما می دهد. 
 قهوه گوریفی کنیا Rwegheta قهوه ای بسیار خوش عطر و طعم است که یک فنجان قهوه دلچسب را برای شما به ارمغان می آورد. بهترین روش دم آوری این قهوه به صورت اسپرسو و"
Luya Coffee,قهوه میکس شکلاتی,,,,Ground,250.0,890000,356000.0,,True,قهوه رست شده; قهوه میکس,https://luyacoffee.com/product/chocolate-blend-coffee/,"قهوه میکس شکلاتی تشکیل شده از دانه های قهوه عربیکا و روبوستا با رست شکلاتی است. یک ترکیب فریبنده که شما را هشیار کرده و ذهنتان را آرام می کند. هر فنجان قهوه میکس شکلاتی تازه با عطر و طعم طبیعی که دارد در روز شما تعادل ایجاد می کند. اگر عاشق شکلات هستید و طعم و بوی قهوه تلخ را زیاد دوست ندارید این قهوه با رست شکلاتی شما را مجذوب خود می کند. این قهوه در ترکیب با شیر و شکر بسیار عالی عمل می کند. 
 &n"
Luya Coffee,قهوه میکس مدیوم دارک,,,Medium,Ground,250.0,898000,359200.0,,True,قهوه میکس; قهوه رست شده; قهوه های اقتصادی,https://luyacoffee.com/product/%d9%82%d9%87%d9%88%d9%87-%d9%85%db%8c%da%a9%d8%b3-%d9%85%d8%af%db%8c%d9%88%d9%85-%d8%af%d8%a7%d8%b1%da%a9/,"قهوه میکس مدیوم دارک از رست تازه مدیوم &#8211; دارک دان عربیکا روبوستا تشکیل شده است. این قهوه 50-50 به میزان مساوی دانه های عربیکا و روبوستا دارد و عطر و طعم دلچسب و کافئین مطلوبی دارد. 
 ویژگی ها: 
 
 بادی و غلظت فول 
 سنگین 
 طعم تلخ و شیرین 
 اسیدیته پایین 
 کاراملی 
 عطر و طعم عمیق 
 طعم برشته 
 کافئین بالا 
 مناسب برای اسپرسو، فرنچ پرس، انواع نوشیدنی  های پایه اسپرسو، قهوه دمی و فیلتر 
   
 "
Luya Coffee,قهوه کنیا AAA,Kenya,,,,250.0,1819000,727600.0,,True,قهوه اسپشیالیتی; عربیکا; قهوه رست شده,https://luyacoffee.com/product/%d9%82%d9%87%d9%88%d9%87-%da%a9%d9%86%db%8c%d8%a7-aaa/,"درباره این محصول: 
 
 دانه قهوه کنیا AAA با رست مدیوم بهترین انتخاب برای قهوه اسپرسو یا پور اور در صبح یا بعد از ظهر است 
 دانه قهوه کنیا AAA صد درصد تک خاستگاه از کنیا می باشد 
 رست صنعتی در مقیاس کوچک و بسته بندی دستی برای اطمینان از تازگی مطلوب دانه های قهوه 
 نوت های قابل حس: عطر فوق العاده، بادی متوسط، اسیدیته متوسط، تعادل عالی میان ویژگی ها، پیچیدگی خوب، نشانه های خاکی 
 
   
 قهوه کنیا  AAA"
Luya Coffee,قهوه عربیکا برزیل ریومیناس,Brazil,,,Ground,250.0,1123000,449200.0,,True,قهوه رست شده; عربیکا; قهوه های اقتصادی,https://luyacoffee.com/product/arabica-brazil-rio-minas/,"قهوه عربیکا برزیل ریومیناس یک دانه قهوه با کیفیت بالا است که برای تهیه قهوه ترک استفاده می شود. خاستگاه این قهوه منطقه ریومیناس است و آروما و رایحه ای شیرین دارد. طعم یاد این قهوه شکلات آجیلی می باشد و بادی یا غلظت متوسط دارد. میزان اسیدیته این قهوه متعادل است. می توان در قهوه عربیکا برزیل ریومیناس نشانه هایی از نوت های شکلاتی، شیرین، کاراملی و یک پایان تمیز احساس کرد. 
 قهوه عربیکا چیست؟ 
 در اصل"
Luya Coffee,قهوه میکس فول کافئین,,,,Ground,250.0,732000,292800.0,,True,قهوه رست شده; قهوه میکس,https://luyacoffee.com/product/full-caffeine-blend/,قهوه میکس فول کافئین ترکیبی به دقت دستچین شده از دانه های قهوه روبوستا است که میزان برشتگی آن به سمت پروفایل های دارک تر می باشد. دو عامل اصلی که باعث افزایش کافئین در این میکس شده است وجود دانه های روبوستا و میزان رست دارک این قهوه است. دانه های روبوستا به دلیل محتوای دو برابر کافئین نسبت به عربیکا، انرژی بسیار بیشتری به شما می دهند و اگر به یک قهوه نیاز دارید که سریعاً انرژی شما را افزایش دهد من
Luya Coffee,قهوه میکس اسپرسو 50-50,,,,Ground,250.0,1037000,414800.0,,True,قهوه رست شده; قهوه میکس; قهوه های اقتصادی,https://luyacoffee.com/product/blend-coffee-50/,"قهوه میکس چیست؟ 
 قهوه میکس یا اصطلاحاً بلند قهوه، ترکیبی از دو نوع دانه قهوه عربیکا و روبوستا است. برای بهترین استفاده از عطر و طعم عربیکا و کافئین و کرمای روبوستا، همواره در درست کردن قهوه هایی مانند اسپرسو از قهوه میکس روبوستا – عربیکا استفاده می شود. عدد 50 نشان دهنده درصد استفاده از این دو نوع قهوه است. این قهوه از 50 درصد روبوستا و 50 درصد عربیکا تشکیل شده است. دانه روبوستا بادی غلیظ و کافئی"
Luya Coffee,قهوه میکس روبوستا 70-30,,,,Ground,250.0,837000,334800.0,,True,قهوه میکس; قهوه رست شده; قهوه های اقتصادی,https://luyacoffee.com/product/robusta-blend-70-30/,"قهوه میکس چیست؟ 
 قهوه میکس یا اصطلاحاً بلند قهوه، ترکیبی از دو نوع دانه قهوه عربیکا و روبوستا است. برای بهترین استفاده از عطر و طعم عربیکا و کافئین و کرمای روبوستا، همواره در درست کردن قهوه هایی مانند اسپرسو از قهوه میکس روبوستا &#8211; عربیکا استفاده می شود. عدد 70 &#8211; 30 نشان دهنده درصد استفاده از این دو نوع قهوه است. مثلا قهوه میکس روبوستا 70 درصد یعنی میکسی از قهوه روبوستا و عربیکا که 70 "
Luya Coffee,قهوه اسپشیالیتی هویلا کلمبیا,Colombia,,,Ground,250.0,1228000,491200.0,,True,قهوه اسپشیالیتی,https://luyacoffee.com/product/huila-specialty/,"قهوه اسپشیالیتی چیست؟ 
 قهوه تخصصی که اصطلاحاً به آن قهوه اسپشیالیتی می گویند به درجه بالاترین نوع قهوه گفته می شود و معمولاً به صورت قهوه تک خاستگاه در بازار قهوه تامین می شود. 
 چرا قهوه اسپشیالیتی خاص است؟ 
 طبق انجمن تخصصی قهوه، قهوه اسپشیالیتی یا قهوه تخصصی قهوه ای است که درجه آن بالاتر از 80 باشد. درست مثل فیلمی که کیفیت آن فقط وابسته به بازی بازیگر بر روی صحنه نیست، بلکه به فیلمنامه، کارگرد"
Luya Coffee,قهوه اسپشیالیتی هانی چالا,,Honey,,Ground,250.0,1592000,636800.0,,False,قهوه اسپشیالیتی,https://luyacoffee.com/product/honey-specialty/,"قهوه اسپشیالیتی چیست؟ 
 قهوه تخصصی که اصطلاحاً به آن قهوه اسپشیالیتی می گویند به درجه بالاترین نوع قهوه گفته می شود و معمولاً به صورت قهوه تک خاستگاه در بازار قهوه تامین می شود. 
 قهوه اسپشیالیتی هانی چیست؟ 
 قهوه هانی به زبان ساده قهوه ایست که پالپ آن جدا شده است و دانه قهوه درون پوسته چسبنده ای که زیر پوست اصلی گیلاس قهوه وجود دارد و به آن پالپ می گویند، خشک گردیده است. 
 معمولاً قهوه هانی توسط "
Luya Coffee,قهوه روبوستا برزیل,Brazil,,,,250.0,715000,286000.0,,True,قهوه روبوستا; قهوه های اقتصادی,https://luyacoffee.com/product/brazil-robusta-roasted/,"برزیل در صنعت قهوه 
 قهوه برزیل قهوه ای غنی، خوش عطر و طعم و خوشمزه را به یاد می آورد. برزیل کشوری زیبا و گرمسیری مملوء از جنگل های بارانی است که آب و هوای گرم، این کشور را برای پرورش قهوه بسیار مناسب می کند. در حال حاضر برزیل حدود یک سوم از کل قهوه جهان را تولید می کند. 
 برزیل با بیش از 220000 مزرعه قهوه، هر دو نوع  قهوه عربیکا و روبوستا را تولید می کند و در صنعت قهوه نقش کلیدی پیدا کرده است. تن"
Luya Coffee,قهوه روبوستا پی بی,,,,,250.0,748000,299200.0,,True,قهوه رست شده; قهوه روبوستا; قهوه های اقتصادی,https://luyacoffee.com/product/pb-robusta/,"قهوه پی بی یک نوع خاص از دانه‌های قهوه است که به دلیل شکل و ویژگی‌های منحصر به فردش شناخته شده است. معمولاً، هر چری قهوه دو دانه دارد که روی‌های مسطح آن‌ها به سمت هم قرار گرفته‌ است. اما در مورد قهوه پی بی، به جای دو دانه، فقط یک دانه در هر چری تشکیل می‌شود که به شکل گرد یا ذرتی است. این پدیده در حدود ۵ تا ۱۰ درصد از کل قهوه‌های برداشت شده رخ می‌دهد. 
 ویژگی‌های قهوه پی بی 
 
  شکل دانه : دانه‌های"
Luya Coffee,قهوه روبوستا ویتنام,Vietnam,,,,250.0,652200,260880.0,,True,قهوه رست شده; قهوه روبوستا; قهوه های اقتصادی,https://luyacoffee.com/product/vietnam-robusta/,"ویتنام دومین تولید کننده بزرگ قهوه در جهان است. قهوه اولین بار در قرن نوزدهم توسط فرانسوی ها به ویتنام که مستعمره آنها بود  معرفی شد. 
 چه چیزی قهوه ویتنام را از دیگر قهوه ها متفاوت می کند؟ 
 بیشتر قهوه ای که در ویتنام کشت می شود از گونه ها روبوستا، گیاهی مفاوم است که می تواند در ارتفاعات پایین رشد کند. قهوه روبوستا ویتنام  از نظر طعم و مزه قوی تر، آجیلی تر و دارک تر از قهوه عربیکا ویتنام است. 
 ب"
Luya Coffee,خرید قهوه گلد اکوادور,,,,,250.0,1555000,622000.0,,True,قهوه فوری,https://luyacoffee.com/product/instant-coffee-ecuador-gold/,"قهوه در اوایل قرن نوزده وارد اکوادور شد و تا دهه 1970 یکی از برترین محصولات صادراتی اکوادر بود. قهوه عربیکای اکوادور در دامنه غربی کوه های آند در جنوب گویاکویل کشت میشود. اکوادور کشوری با یکی از متنوع ترین اکوسیستم ها و چشم اندازهای جهان است. 
 قهوه فوری نوعی قهوه آماده است که با رست و ترکیب دانه های قهوه و سپس عصاره گیری از آنها بدست می آید. قهوه فوری گلد اکوادور با فرآیند خشک کردن با اسپری یا خش"
Luya Coffee,خرید قهوه فوری گلد برزیل,Brazil,,,,250.0,1235000,494000.0,,True,قهوه فوری,https://luyacoffee.com/product/instant-coffee-brazil-gold/,"خرید قهوه فوری گلد:  قهوه فوری نوعی قهوه آماده است که با رست و ترکیب دانه های قهوه و سپس عصاره گیری از آنها بدست می آید. قهوه فوری گلد با فرآیند خشک کردن با اسپری یا خشک کردن انجمادی تولید میشود و میتوان به راحتی با افزودن آب یا شیر داغ به آن، قهوه داغ و دلچسب را در کوتاه ترین زمان آماده کرد. 
   قهوه گلد برزیل   که یک قهوه لطیف و غنی است که از 100 درصد دانه  قهوه عربیکا  برزیل درست شده است. به دل"
Luya Coffee,خرید قهوه فوری گلد هند,,,,,250.0,1114000,445600.0,,True,قهوه فوری; قهوه های اقتصادی,https://luyacoffee.com/product/instant-coffee-india-gold/,"خرید قهوه فوری گلد هند در بازار قهوه فوری از سال 2019 رشد چشم گیری داشته است. قهوه فوری نوعی قهوه آماده است که با رست و ترکیب دانه های قهوه و سپس عصاره گیری از آنها بدست می آید. قهوه فوری کلاسیک هند با فرآیند خشک کردن با اسپری یا خشک کردن انجمادی تولید میشود و میتوان به راحتی با افزودن آب یا شیر داغ به آن، قهوه داغ و دلچسب را در کوتاه ترین زمان آماده کرد. 
 بسته بندی خرید قهوه فوری کلاسیک هند به ص"
Luya Coffee,خرید قهوه فوری ویتنام (پیشنهادی),Vietnam,,,,250.0,1031000,412400.0,,False,قهوه فوری,https://luyacoffee.com/product/instant-coffee-vietnam/,"خرید قهوه فوری ویتنام : قهوه فوری نوعی قهوه آماده است که با رست و ترکیب دانه های قهوه و سپس عصاره گیری از آنها بدست می آید. قهوه فوری با فرآیند خشک کردن با اسپری یا خشک کردن انجمادی تولید میشود و میتوان به راحتی با افزودن آب یا شیر داغ به آن، قهوه داغ و دلچسب را در کوتاه ترین زمان آماده کرد. 
  قهوه فوری ویتنام  را میتوان یک نوع قهوه اسپشیالیتی حساب کرد. دانه های این قهوه از مرغوب ترین منابع قهوه "
Luya Coffee,خرید قهوه کلاسیک اورا,,,,,250.0,1220000,488000.0,,True,قهوه فوری,https://luyacoffee.com/product/instant-coffee-classic-aura/,"قهوه فوری  نوعی قهوه آماده است که با رست و ترکیب دانه های قهوه و سپس عصاره گیری از آنها بدست می آید. خرید قهوه کلاسیک اورا با فرآیند خشک کردن با اسپری یا خشک کردن انجمادی تولید میشود و میتوان به راحتی با افزودن آب یا شیر داغ به آن، قهوه داغ و دلچسب را در کوتاه ترین زمان آماده کرد. 
   
  خرید قهوه کلاسیک اورا: این قهوه از  ترکیب قهوه عربیکا و قهوه روبوستا ی مرغوب درست شده است. این قهوه فوری کلاسیک"
Luya Coffee,خرید قهوه فوری کلاسیک هند,,,,,250.0,1031000,412400.0,,True,قهوه فوری,https://luyacoffee.com/product/instant-coffee-indida-classic/,"خرید قهوه فوری کلاسیک هند 
  قهوه فوری  نوعی قهوه آماده است که با رست و ترکیب دانه های قهوه و سپس عصاره گیری از آنها بدست می آید. قهوه فوری گلد با فرآیند خشک کردن با اسپری یا خشک کردن انجمادی تولید میشود و میتوان به راحتی با افزودن آب یا شیر داغ به آن، قهوه داغ و دلچسب را در کوتاه ترین زمان آماده کرد. 
   خرید قهوه فوری کلاسیک هند  
 &nbsp; 
  قهوه فوری کلاسیک هند  قهوه ای است که باید روز خود را ب"
Luya Coffee,قهوه روبوستا چری,,,Light,Ground,250.0,819000,327600.0,,True,قهوه رست شده; قهوه روبوستا,https://luyacoffee.com/product/cherry-coffee/,"این قهوه از رست مدیوم قهوه ۱۰۰ درصد دانه سبز چری هندوستان تشکیل شده است. 
 قهوه روبوستا چری ، قهوه ای بسیار جذاب است که  از نظر خواص شباهت زیادی با قهوه های پی بی دارد و اسیدیته آن متوسط و از پی بی پایین تر است. قهوه روبوستا چری از خانواده قهوه روبوستا می باشد همچنین بیشتر در کشور هند تولید می شود. قهوه چری هم مانند تمام قهوه های دیگر در یک نوع میوه ی گیلاسی شکل است که داخل هر گیلاس قهوه دو عدد دا"
Luya Coffee,قهوه روبوستا اندونزی ای کی,Indonesia,,Light,Ground,250.0,759000,303600.0,,True,قهوه رست شده; قهوه روبوستا,https://luyacoffee.com/product/ek-coffee/,"این قهوه از رست مدیوم قهوه ۱۰۰ درصد دانه سبز اندونزی تشکیل شده است. 
 یکی از دانه های معطر کشور اندونزی ای کی EK است که در ایران، خرید و فروش می شود. 
 نکته مهم: قیمت پایین این قهوه به دلیل پایین بودن کیفیت قهوه نیست! مقاله  قیمت قهوه  را به دقت مطالعه نمایید. به طور خلاصه قیمت پایین تر این قهوه تولید بیشتر در مبدا، تقاضای کمتر بازار و وارادات ارزان تر ای محصول است. 
 اندونزی امروزی یکی از اولین ک"
Luya Coffee,خرید قهوه ترک,,,,,250.0,955900,382360.0,,True,قهوه ترک,https://luyacoffee.com/product/turkish-coffee-powder/,"خرید قهوه ترک: این قهوه ترکیبی از بهترین دانه های قهوه و تازه رست شده ی عربیکای هندوراس و ریومیناس‌‌ و روبوستای اندونزی و ویتنام است که طعمی بی نظیر را برای شما رقم میزند. 
 قهوه ترک، قهوه ای است که با ریز ترین درجه آسیاب شده است. می توان از هر نوع دانه قهوه استفاده کرد.  انواع عربیکا بهترین انتخاب برای خرید قهوه ترک در نظر گرفته می شوند، اما از مخلوط روبوستا و عربیکا نیز استفاده می شود. در زمان س"
Luya Coffee,خرید پودر هات چاکلت,,,,Ground,500.0,531000,106200.0,,True,کاکائو,https://luyacoffee.com/product/hot-chocolate/,"شکلات داغ یا هات چاکلت  
 شکلات داغ که به آن کوکو داغ یا شکلات نوشیدنی نیز می گویند ، نوشیدنی گرم است که از شکلات تراشیده ، شکلات ذوب شده یا پودر کاکائو ، شیر یا آب گرم شده و معمولاً شیرین کننده تشکیل می شود. شکلات داغ ممکن است با خامه زده شده یا مارشمالو پوشانده شود. شکلات داغی که با شکلات ذوب شده تهیه می شود ، گاهی اوقات شکلات نوشیدنی نامیده می شود که با شیرینی کمتر و قوام ضخیم تر مشخص می شود. 
"
Lamiz Coffee,شاخه وانیل ماداگاسکار &#8211; 3 عددی,,Natural,Dark,Whole bean,,,,,,,https://lamizcoffee.com/product/vanilla-pod-3/,"شاخه وانیل، اشاره به نوعی گیاه دارد که معمولاً از آن برای تهیه عطر و طعم وانیل استفاده می‌شود. وانیل از خانواده ارکیده‌ هاست و این گیاه بومی منطقه آمریکای جنوبی می باشد  اما در حال حاضر بزرگ ترین تولید کننده آن، ماداگاسکار است. 
 درخت وانیل دارای شاخه‌هایی است که گل‌های زیبا و معطری تولید می‌کند. پس از گرده‌افشانی، میوه‌های این گیاه، که به شکل غلاف‌های سبز و باریک هستند، رشد می‌کنند و سپس خشک می‌ش"
Lamiz Coffee,شاخه وانیل ماداگاسکار &#8211; 5 عددی,,Natural,Dark,Whole bean,,,,,,,https://lamizcoffee.com/product/vanilla-pod-5/,"شاخه وانیل، اشاره به نوعی گیاه دارد که معمولاً از آن برای تهیه عطر و طعم وانیل استفاده می‌شود. وانیل از خانواده ارکیده‌ هاست و این گیاه بومی منطقه آمریکای جنوبی می باشد  اما در حال حاضر بزرگ ترین تولید کننده آن، ماداگاسکار است. 
 درخت وانیل دارای شاخه‌هایی است که گل‌های زیبا و معطری تولید می‌کند. پس از گرده‌افشانی، میوه‌های این گیاه، که به شکل غلاف‌های سبز و باریک هستند، رشد می‌کنند و سپس خشک می‌ش"
Lamiz Coffee,ماگ چندبار مصرف طرح شکلات شیری,,,,,,,,,,,https://lamizcoffee.com/product/milk-chocolate-mug/,جدول مشخصات ماگ
Lamiz Coffee,ماگ چندبار مصرف طرح شکلات تلخ 60 درصد,,,,,,,,,,,https://lamizcoffee.com/product/60-dark-chocolate-mug/,جدول مشخصات ماگ
Lamiz Coffee,ماگ چندبار مصرف طرح شکلات تلخ 83 درصد,,,,,,,,,,,https://lamizcoffee.com/product/83-dark-chocolate-mug/,جدول مشخصات ماگ
Lamiz Coffee,ماگ چندبار مصرف طرح درخت قهوه,,,,,,,,,,,https://lamizcoffee.com/product/mug-coffee-tree/,جدول مشخصات ماگ
Lamiz Coffee,ماگ چندبار مصرف طرح پترن مشکی,,,,,,,,,,,https://lamizcoffee.com/product/black-patern-reusable-mug/,جدول مشخصات ماگ
Lamiz Coffee,ماگ چندبار مصرف طرح احساس نارنجی,,,,,,,,,,,https://lamizcoffee.com/product/orange-feeling-design-reusable-mug/,جدول مشخصات ماگ
Lamiz Coffee,ماگ چندبار مصرف طرح احساس بهتر,,,,,,,,,,,https://lamizcoffee.com/product/better-soon-reusable-mug/,جدول مشخصات ماگ
Lamiz Coffee,ماگ چندبار مصرف طرح احساس سبز,,,,,,,,,,,https://lamizcoffee.com/product/go-green-reusable-mug/,جدول مشخصات ماگ
Lamiz Coffee,توری ماگ چندبار مصرف,,,,,,,,,,,https://lamizcoffee.com/product/filter-mug/,
Lamiz Coffee,ماگ لمیز &#8211; 48۰ میلی لیتر,,,,,,,,,,,https://lamizcoffee.com/product/mug-lamiz-480/,
Lamiz Coffee,ماگ لمیز &#8211; 3۹۰ میلی لیتر,,,,,,,,,,,https://lamizcoffee.com/product/mug-lamiz-390/,
Lamiz Coffee,ماگ لمیز &#8211; ۲۹۰ میلی لیتر,,,,,,,,,,,https://lamizcoffee.com/product/mug-lamiz-290/,
Lamiz Coffee,ساک پارچه ای طرح شکلات لمیز,,,,,,,,,,,https://lamizcoffee.com/product/cloth-bag-lamiz-chocolate/,"مشخصات ساک پارچه ای طرح شکلات لمیز:  
 
 توت بگ پارچه‌ای پنبه‌ای 
 ابعاد ۳۵*۳۵ &#8211; و کفی ۷ سانتی‌متر 
 
  مشخصات بند:   
 
 طول بند ۷۰ سانتی‌متر &#8211; عرض بند ۲ سانتی‌متر 
 دوخت از روی بگ ، به صورت اریب 
 
  مشخصات چاپ:  
 
 چاپ دیجیتال حرارتی 
 قابل شستشو 
 
 مشخصات دوخت: 
 
 دوخت زیگزال در داخل بگ"
Lamiz Coffee,ساک پارچه ای لمیز,,,,,,,,,,,https://lamizcoffee.com/product/cloth-bag-lamiz-basic/,"مشخصات ساک پارچه ای لمیز:  
 
 توت بگ پارچه‌ای پنبه‌ای 
 ابعاد ۳۵*۳۵ &#8211; و کفی ۷ سانتی‌متر 
 
  مشخصات بند:   
 
 طول بند ۷۰ سانتی‌متر &#8211; عرض بند ۲ سانتی‌متر 
 دوخت از روی بگ ، به صورت اریب 
 
  مشخصات چاپ:  
 
 چاپ دیجیتال حرارتی 
 قابل شستشو 
 
 مشخصات دوخت: 
 
 دوخت زیگزال در داخل بگ"
Lamiz Coffee,ساک پارچه ای لمیز طرح یلدا,,,,,,,,,,,https://lamizcoffee.com/product/cloth-bag-lamiz-yalda/,"مشخصات ساک پارچه ای لمیز:  
 
 توت بگ پارچه‌ای پنبه‌ای 
 ابعاد ۳۵*۳۵ &#8211; و کفی ۷ سانتی‌متر 
 
  مشخصات بند:   
 
 طول بند ۷۰ سانتی‌متر &#8211; عرض بند ۲ سانتی‌متر 
 دوخت از روی بگ ، به صورت اریب 
 
  مشخصات چاپ:  
 
 چاپ دیجیتال حرارتی 
 قابل شستشو 
 
 مشخصات دوخت: 
 
 دوخت زیگزال در داخل بگ"
Lamiz Coffee,تراول ماگ سفید,,,,,,,,,,,https://lamizcoffee.com/product/lamiz-travel-mag-white/,"جنس بدنه:  استیل 
  جنس داخل:  سرامیکی 
  رنگ‌های موجود:  سفید 
 انتهای ماگ دارای ضربه‌گیر 
  مناسب برای نوشیدنی‌:  سرد و گرم 
  قابلیت حفظ دما:  دارد 
  نوع خروجی مایع:  آسان نوش 
 &nbsp; 
 &nbsp;"
Lamiz Coffee,تراول ماگ مشکی,,,,,,,,,,,https://lamizcoffee.com/product/lamiz-travel-mag-black/,"جنس بدنه:  استیل 
  جنس داخل:  سرامیکی 
  رنگ‌های موجود:  مشکی مات 
 انتهای ماگ دارای ضربه‌گیر 
  مناسب برای نوشیدنی‌:  سرد و گرم 
  قابلیت حفظ دما:  دارد 
  نوع خروجی مایع:  آسان نوش 
 &nbsp; 
 &nbsp;"
Lamiz Coffee,گرانولا لمیز,Peru,,,,300.0,,,,,,https://lamizcoffee.com/product/granola/,گرانولا لمیز از غلات (جو پرک)، عسل، گردو و بادام روست شده تهیه می‌شود. گرانولا به عنوان یک صبحانه ویا میان وعده بسیار مغذی و ارزشمند برای تمامی افراد مورد استفاده قرار می‌گیرد که می‌توان با شیر یا ماست و یا در کنار شیرینی به عنوان دسر استفاده شود. این محصول علاوه بر فراهم کردن پروتئین مورد نیاز بدن از خواص آن‌ها می‌توان به بهبود عملکرد دستگاه گوارش، تقویت سلامت قلب، فراهم کردن ویتامین‌ها و مواد مع
Lamiz Coffee,چای ماچا تشریفاتی‌ ژاپنی ۱۰۰‌ گرم,,,,Ground,3.0,,,,,,https://lamizcoffee.com/product/japanese-ceremonial-matcha-tea-100gr/,"طرز تهیه  چای ماچا  تشریفاتی ژاپنی :  
 
 یک قاشق کوچک (حدود ۲ الی ۳ گرم) از پودر چای سبز ماچا را درون کاسه بریزید. 
 مقدار کمی آب گرم را به ظرف اضافه کنید (۱۲۰ الی ۱۸۰ میلی متر) اضافه میکینم. 
 از اضافه کردن کاملا جوش بپرهیزید، زیرا باعث سوختن چای و تلخ شدن مزه چای ماچا میشود. 
 دمای ایده آل برای آبی که اضافه میکنید ، حدود ۷۵ الی ۸۵ درجه سیلسیوس می باشد. 
 با استفاده از ویسک بامبو و یا همزن، مخلو"
Lamiz Coffee,چای ماچا تشریفاتی‌ ژاپنی ۲۵ گرم,,,Dark,Ground,25.0,,,,,,https://lamizcoffee.com/product/japanese-ceremonial-matcha-tea-25gr/,"طرز تهیه ماچای‌تشریفاتی‌ژاپنی:  
 
 یک قاشق کوچک (حدود ۲الی ۳ گرم) از پودر ماچا را درون کاسه بریزید. 
 مقدارکمی آب گرم را به ظرف اضافه کنید. (۱۲۰ تا ۱۸۰ میلی لیتر). 
 از اضافه کردن آب کاملا جوش بپرهیزید زیرا باعث سوختن چای و تلخ شدن مزه ی چای ماچا می شود. 
 دمای ایده آل برای آبی که اضافه می کنید در حدود ۷۵ الی ۸۵ درجه سلسیوس می باشد. 
 با استفاده از ویسک بامبو و یا همزن، مخلوط را هم بزنید تا چای ک"
Lamiz Coffee,چای سوپر‌ ماچا ژاپنی ۱۰۰‌ گرم,,,Dark,Ground,3.0,,,,,,https://lamizcoffee.com/product/japanese-super-matcha-100gr/,"طرز تهیه ماچا:  
 
 یک قاشق کوچک (حدود ۲الی ۳ گرم) از پودر ماچا را درون کاسه بریزید. 
 مقدارکمی آب گرم را به ظرف اضافه کنید. (۱۲۰ تا ۱۸۰ میلی لیتر). 
 از اضافه کردن آب کاملا جوش بپرهیزید زیرا باعث سوختن چای و تلخ شدن مزه ی چای ماچا می شود. 
 دمای ایده آل برای آبی که اضافه می کنید در حدود ۷۵ الی ۸۵ درجه سلسیوس می باشد. 
 با استفاده از ویسک بامبو و یا همزن، مخلوط را هم بزنید تا چای کف کند. 
 مقداربی"
Lamiz Coffee,چای سوپر‌ ماچا ژاپنی ۲۵‌ گرم,,,Dark,Ground,3.0,,,,,,https://lamizcoffee.com/product/japanese-super-matcha-25gr/,"طرز تهیه چای سوپر‌ماچای‌ ژاپنی لمیز :  
 
 یک قاشق کوچک (حدود ۲الی ۳ گرم) از پودر ماچا را درون کاسه بریزید. 
 مقدارکمی آب گرم را به ظرف اضافه کنید. (۱۲۰ تا ۱۸۰ میلی لیتر) 
 از اضافه کردن آب کاملا جوش بپرهیزید زیرا باعث سوختن چای و تلخ شدن مزه ی چای ماچا می شود. 
 دمای ایده آل برای آبی که اضافه می کنید در حدود ۷۵ الی ۸۵ درجه سلسیوس می باشد. 
 با استفاده از ویسک بامبو و یا همزن، مخلوط را هم بزنید تا"
Lamiz Coffee,دستگاه قهوه دمی ۵*۲ CB,,,Light,,,,,,,,https://lamizcoffee.com/product/%d8%af%d8%b3%d8%aa%da%af%d8%a7%d9%87-%d9%82%d9%87%d9%88%d9%87-%d8%af%d9%85%db%8c-52-cb/,"رابط کاربری با قابلیت اطمینان کاربر                               
 
 مشاوره دوز قهوه 
 اپراتور آسان و منوی خدمات 
 تایمر قابل برنامه ریزی 
 شمارنده روزانه و کل 
 
  کفی صفحه پایه را نگه دارید. استفاده از محفظه های حرارت دهی بزرگ، آسان است  .  
 
 فرایند دم کشیدن بر روی صفحه نمایش ، دستور العمل آسان روی صفحه ، نمایش برچسب خصوصی خود 
 دارنده فیلتر های مصنوعی ، نور در وزن ، حرارت عایق ، آسان برای مد"
Lamiz Coffee,دستگاه قهوه دمی ۱۰*۲ CB,,,Light,,,,,,,,https://lamizcoffee.com/product/%d8%af%d8%b3%d8%aa%da%af%d8%a7%d9%87-%d9%82%d9%87%d9%88%d9%87-%d8%af%d9%85%db%8c-102-cb/,"رابط کاربری با قابلیت اطمینان کاربر                               
 
 مشاوره دوز قهوه 
 اپراتور آسان و منوی خدمات 
 تایمر قابل برنامه ریزی 
 شمارنده روزانه و کل 
 
  کفی صفحه پایه را نگه دارید. استفاده از محفظه های حرارت دهی بزرگ، آسان است  .  
 
 فرایند دم کشیدن بر روی صفحه نمایش ، دستور العمل آسان روی صفحه ، نمایش برچسب خصوصی خود 
 دارنده فیلتر های مصنوعی ، نور در وزن ، حرارت عایق ، آسان برای مد"
Lamiz Coffee,دستگاه قهوه دمی ۱۰*۱ CB,,,Light,,,,,,,,https://lamizcoffee.com/product/%d8%af%d8%b3%d8%aa%da%af%d8%a7%d9%87-%d9%82%d9%87%d9%88%d9%87-%d8%af%d9%85%db%8c-101-cb/,"رابط کاربری با قابلیت اطمینان کاربر                               
 
 مشاوره دوز قهوه 
 اپراتور آسان و منوی خدمات 
 تایمر قابل برنامه ریزی 
 شمارنده روزانه و کل 
 
  کفی صفحه پایه را نگه دارید. استفاده از محفظه های حرارت دهی بزرگ، آسان است  .  
 
 فرایند دم کشیدن بر روی صفحه نمایش ، دستور العمل آسان روی صفحه ، نمایش برچسب خصوصی خود 
 دارنده فیلتر های مصنوعی ، نور در وزن ، حرارت عایق ، آسان برای مد"
Lamiz Coffee,دستگاه قهوه دمی MT200Wp,,,,,,,,,,,https://lamizcoffee.com/product/%d8%af%d8%b3%d8%aa%da%af%d8%a7%d9%87-%d9%82%d9%87%d9%88%d9%87-%d8%af%d9%85%db%8c-mt200/,"[user_id]مخزن آب قابل اتصال به لوله کشی  
 
 دستگاه دم آوری تمام اتومات قهوه 
 به همراه فلاسک گرم نگه دارنده ۲٫۱ لیتری با درب پمپ دار 
 با چراغ هشدار دهنده دسکالینگ 
 با چراغ نشان دهنده مراحل دم آوری 
 تنظیمات سختی آب 
 سیگنال های صوتی و آلارم دهنده 
 به همراه شاسی قطع ریزش آب (Drip stop) در زمان برداشتن فلاسک 
 به همراه مواد شوینده و دیسکالر برای یکبار شستشو 
 قابلیت دم آوری قهوه به دو صورت (Pre-"
Lamiz Coffee,دستگاه قهوه دمی MT100,,,,,,,,,,,https://lamizcoffee.com/product/%d8%af%d8%b3%d8%aa%da%af%d8%a7%d9%87-%d9%82%d9%87%d9%88%d9%87-%d8%af%d9%85%db%8c-mt100/,"مخزن آب دستی  
 
 دستگاه دم آوری تمام اتوماتیک قهوه 
 یه همراه فلاسک گرم نگه دارنده ۲٫۱ لیتری با درب پمپ دار 
 با چراغ هشدار دهنده دسکالینک 
 چراغ نشان دهنده مراحل دم آوری 
 تنظیمات سختی آب 
 سیگنال های صوتی و آلارم 
 به همراه شاسی قطع ریزش آب (Drip stop) در زمان برداشتن فلاسک 
 قابلیت دو آوری قهوه به صورت عادی و به صورت Pre-wet 
 به همراه مواد شوینده و دسکالر برای یکبار شستشو"
Lamiz Coffee,دستگاه قهوه دمی CB 1*5,,,Light,,,,,,,,https://lamizcoffee.com/product/coffee-machine-cb/,"رابط کاربری با قابلیت اطمینان کاربر                               
 
 مشاوره دوز قهوه 
 اپراتور آسان و منوی خدمات 
 تایمر قابل برنامه ریزی 
 شمارنده روزانه و کل 
 
  کفی صفحه پایه را نگه دارید. استفاده از محفظه های حرارت دهی بزرگ، آسان است  .  
 
 فرایند دم کشیدن بر روی صفحه نمایش ، دستور العمل آسان روی صفحه ، نمایش برچسب خصوصی خود 
 دارنده فیلتر های مصنوعی ، نور در وزن ، حرارت عایق ، آسان برای مد"
Lamiz Coffee,دستگاه قهوه دمی EXCELSO,,,,,,,,,,,https://lamizcoffee.com/product/%d8%af%d8%b3%d8%aa%da%af%d8%a7%d9%87-%d9%82%d9%87%d9%88%d9%87-%d8%af%d9%85%db%8c-excelso/,"مخزن آب دستی  
 
 دستگاه دم آور نیمه اتوماتیک قهوه برای قوری شیشه ای 
 دارای دو صفحه گرم نگه دارنده با محافظ دم آور 
 یه همراه یک قوری شیشه ای ۱٫۸لیتری 
 با قطع کننده بویلر دستگاه در زمان رسوب زیاد"
Lamiz Coffee,دستگاه قهوه دمی EXCELSO TP,,,,,,,,,,,https://lamizcoffee.com/product/%d8%af%d8%b3%d8%aa%da%af%d8%a7%d9%87-%d9%82%d9%87%d9%88%d9%87-%d8%af%d9%85%db%8c-excelso-tp/,"مخزن آب دستی  
 
 دستگاه دم آوری نیمه اتوماتیک قهوه برای فلاسک ۲٫۱ لیتری 
 به همراه محافظ دم آوری و یک فلاسک ۲٫۱ لیتری با درب پمپ دار 
 با قطع کننده بویلر دستگاه در زمان رسوب زیاد"
Lamiz Coffee,موکاپات ۶ کاپ,,,,,,,,,,,https://lamizcoffee.com/product/mokapat-six-cup/,
Lamiz Coffee,موکاپات ۳ کاپ,,,,,,,,,,,https://lamizcoffee.com/product/mokapat-three-cup-robusta/,
Lamiz Coffee,هریو وی ۶۰ شیشه‌ای سایز ۰۲,,,,,,,,,,,https://lamizcoffee.com/product/%d9%87%d8%b1%db%8c%d9%88-%d9%88%db%8c-60-%d8%b4%db%8c%d8%b4%d9%87%d8%a7%db%8c-%d8%b3%d8%a7%db%8c%d8%b2-02/,
Lamiz Coffee,فیلتر v60,,,,,,,,,,,https://lamizcoffee.com/product/filter-v60/,فیلتر v60 سایز ۰۴ در هر بسته ۸۰عدد
Lamiz Coffee,هریو دریپر سرامیکی سفید ۰۲,,,,,,,,,,,https://lamizcoffee.com/product/%d9%87%d8%b1%db%8c%d9%88-%d8%af%d8%b1%db%8c%d9%be%d8%b1-%d8%b3%d8%b1%d8%a7%d9%85%db%8c%da%a9%db%8c-%d8%b3%d9%81%db%8c%d8%af-02/,دریپر هاریو V60 سرامیکی سفید می توانید به اندازه چهار فنجان قهوه دم کنید.
Lamiz Coffee,هریو دریپر سرامیکی قرمز ۰۲,,,,,,,,,,,https://lamizcoffee.com/product/%d9%87%d8%b1%db%8c%d9%88-%d8%af%d8%b1%db%8c%d9%be%d8%b1-%d8%b3%d8%b1%d8%a7%d9%85%db%8c%da%a9%db%8c-%d9%82%d8%b1%d9%85%d8%b2-02/,دریپر هاریو V60 سرامیکی قرمز می توانید به اندازه چهار فنجان قهوه دم کنید.
Lamiz Coffee,فیلتر ۳‌کاپ L-BEANS,,,,Whole bean,,,,,,,https://lamizcoffee.com/product/filter-3-cup-l-beans/,فیلتر ۳‌کاپ L-BEANS بسته ۴۰ تایی
Lamiz Coffee,فیلتر دائم (ماکرو فاین),,,,,,,,,,,https://lamizcoffee.com/product/%d9%81%db%8c%d9%84%d8%aa%d8%b1-%d8%af%d8%a7%d8%a6%d9%85-%d9%85%d8%a7%da%a9%d8%b1%d9%88-%d9%81%d8%a7%db%8c%d9%86/,قابل استفاده در سبد نگه دارنده
Lamiz Coffee,فیلتر الیافی سایز ۹۰/۲۵۰,,,,,,,,,,,https://lamizcoffee.com/product/%d9%81%db%8c%d9%84%d8%aa%d8%b1-%d8%a7%d9%84%db%8c%d8%a7%d9%81%db%8c-%d8%b3%d8%a7%db%8c%d8%b2-90-250-50-%d8%b9%d8%af%d8%af%db%8c/,۱۰۰۰ عدد فیلتر الیافی در یک بسته
Lamiz Coffee,فیلتر کمکس۶‌ کاپ,,,,,,,,,,,https://lamizcoffee.com/product/%d9%81%db%8c%d9%84%d8%aa%d8%b1-6%da%a9%d8%a7%d9%be-%da%a9%d9%85%da%a9%d8%b3/,
Lamiz Coffee,فیلتر وی‌۶۰ سایز‌۰۲,,,,,,,,,,,https://lamizcoffee.com/product/%d9%81%db%8c%d9%84%d8%aa%d8%b1-%d9%88%db%8c60-%d8%b3%d8%a7%db%8c%d8%b202/,
Lamiz Coffee,کمکس ۳‌ کاپ طرح‌ اورجینال درجه‌ دو,,,Medium,,,,,,,,https://lamizcoffee.com/product/%da%a9%d9%85%da%a9%d8%b3-3%da%a9%d8%a7%d9%be-%d8%b7%d8%b1%d8%ad%d8%a7%d9%88%d8%b1%d8%ac%db%8c%d9%86%d8%a7%d9%84-%d8%af%d8%b1%d8%ac%d9%87%d8%af%d9%88/,
Lamiz Coffee,کمکس ۳‌ کاپ اورجینال,,,,,,,,,,,https://lamizcoffee.com/product/%da%a9%d9%85%da%a9%d8%b3-3%da%a9%d8%a7%d9%be-%d8%a7%d9%88%d8%b1%d8%ac%db%8c%d9%86%d8%a7%d9%84/,
Lamiz Coffee,کمکس ۶ کاپ طرح‌ اورجینال,,,,,,,,,,,https://lamizcoffee.com/product/%da%a9%d9%85%da%a9%d8%b3-6%da%a9%d8%a7%d9%be-%d8%b7%d8%b1%d8%ad%d8%a7%d9%88%d8%b1%d8%ac%db%8c%d9%86%d8%a7%d9%84/,
Lamiz Coffee,کمکس ۳‌ کاپ طرح‌ اورجینال درجه‌ یک,,,,,,,,,,,https://lamizcoffee.com/product/%da%a9%d9%85%da%a9%d8%b3-3%da%a9%d8%a7%d9%be-%d8%b7%d8%b1%d8%ad%d8%a7%d9%88%d8%b1%d8%ac%db%8c%d9%86%d8%a7%d9%84-%d8%af%d8%b1%d8%ac%d9%87%db%8c%da%a9/,
Lamiz Coffee,فرنچ‌ پرس 600 سی سی,,,,,,,,,,,https://lamizcoffee.com/product/french-press-600-cc/,
Lamiz Coffee,فرنچ پرس ۳۵۰‌ سی سی,,,,,,,,,,,https://lamizcoffee.com/product/french-press-350/,
Lamiz Coffee,فرنچ‌ پرس وان‌ کافی ۶۰۰‌ میلی‌ لیتر,,,,,,,,,,,https://lamizcoffee.com/product/%d9%81%d8%b1%d9%86%da%86-%d9%be%d8%b1%d8%b3-%d9%88%d8%a7%d9%86-%da%a9%d8%a7%d9%81%db%8c-%db%b6%db%b0%db%b0-%d9%85%db%8c%d9%84%db%8c-%d9%84%db%8c%d8%aa%d8%b1/,
Lamiz Coffee,فرنچ‌ پرس لیدو 350 میلی لیتر,,,,,,,,,,,https://lamizcoffee.com/product/%d9%81%d8%b1%d9%86%da%86%d9%be%d8%b1%d8%b3-%d9%84%db%8c%d8%af%d9%88-350ml/,
Lamiz Coffee,ائورو پرس طرح‌ اورجینال,,,,,,,,,,,https://lamizcoffee.com/product/%d8%a7%d8%a6%d9%88%d8%b1%d9%88%d9%be%d8%b1%d8%b3-%d8%b7%d8%b1%d8%ad%d8%a7%d9%88%d8%b1%d8%ac%db%8c%d9%86%d8%a7%d9%84/,
Lamiz Coffee,آسیاب دستی طرح‌ پورولکس,,,,Ground,,,,,,,https://lamizcoffee.com/product/porvolux-hand-mill/,
Lamiz Coffee,فلاسک گرم نگهدارنده ۲/۱ لیتر,,,,,,,,,,,https://lamizcoffee.com/product/%d9%81%d9%84%d8%a7%d8%b3%da%a9-%da%af%d8%b1%d9%85-%d9%86%da%af%d9%87%d8%af%d8%a7%d8%b1%d9%86%d8%af%d9%87-2-1-%d9%84%db%8c%d8%aa%d8%b1%db%8c/,"فلاسک گرم نگه دارنده ۲٫۱ لیترى   
 
 با درب پمپ دار 
 داخل تمام استیل"
Lamiz Coffee,فلاسک گرم نگهدارنده ۲ لیتر,,,,,,,,,,,https://lamizcoffee.com/product/%d9%81%d9%84%d8%a7%d8%b3%da%a9-%da%af%d8%b1%d9%85-%d9%86%da%af%d9%87%d8%af%d8%a7%d8%b1%d9%86%d8%af%d9%87-2-%d9%84%db%8c%d8%aa%d8%b1%db%8c/,"ظرفیت ۲ لیتر 
 داخل تمام استیل"
Lamiz Coffee,سبد نگه‌ دارنده فیلتر‌ کاغذی با‌ محافظ ریزش‌ آب,,,,,,,,,,,https://lamizcoffee.com/product/%d8%b3%d8%a8%d8%af-%d9%86%da%af%d9%87%d8%af%d8%a7%d8%b1%d9%86%d8%af%d9%87-%d9%81%db%8c%d9%84%d8%aa%d8%b1%da%a9%d8%a7%d8%ba%d8%b0%db%8c-%d8%a8%d8%a7%d9%85%d8%ad%d8%a7%d9%81/,سایز ۹۰/۲۵۰
Lamiz Coffee,بوفه مخصوص سرو قهوه,,,,,,,,,,,https://lamizcoffee.com/product/%d8%a8%d9%88%d9%81%d9%87-%d9%85%d8%ae%d8%b5%d9%88%d8%b5-%d8%b3%d8%b1%d9%88-%d9%82%d9%87%d9%88%d9%87/,"مناسب برای ۲ فلاسک گرم نگه دارنده ۲٫۱ لیتری با درب پمپ دار 
 جای لیوان 
 جای شکر و ملزومات دیگر سرو قهوه 
 سینی زیر فلاسک برای جمع آوری ریزش قهوه"
Lamiz Coffee,دلتر‌ پرس اورجینال,,,,,,,,,,,https://lamizcoffee.com/product/%d8%af%d9%84%d8%aa%d8%b1%d9%be%d8%b1%d8%b3-%d8%a7%d9%88%d8%b1%d8%ac%db%8c%d9%86%d8%a7%d9%84/,
Lamiz Coffee,جدا کننده بسکت پولی‌ کف,,,,,,,,,,,https://lamizcoffee.com/product/%d8%ac%d8%af%d8%a7%da%a9%d9%86%d9%86%d8%af%d9%87-%d8%a8%d8%b3%da%a9%d8%aa-%d9%be%d9%88%d9%84%db%8c%da%a9%d9%81/,Lifty Basket Remover
Lamiz Coffee,ساشه رسوب‌ زدا پولی‌ کف,,,,,30.0,,,,,,https://lamizcoffee.com/product/%d8%b3%d8%a7%d8%b4%d9%87-%d8%b1%d8%b3%d9%88%d8%a8%d8%b2%d8%af%d8%a7-%d9%be%d9%88%d9%84%db%8c%da%a9%d9%81/,"Puly Cleaner Descaler 
 ۱۰ عدد ساشه ۳۰ گرمی"
Lamiz Coffee,ساشه شوینده ماشین اسپرسو پولی‌ کف,,,,,5.0,,,,,,https://lamizcoffee.com/product/%d8%b3%d8%a7%d8%b4%d9%87-%d8%b4%d9%88%db%8c%d9%86%d8%af%d9%87-%d9%85%d8%a7%d8%b4%db%8c%d9%86-%d8%a7%d8%b3%d9%be%d8%b1%d8%b3%d9%88-%d9%be%d9%88%d9%84%db%8c%da%a9%d9%81/,"puly caff sachet 3/5 gr 
 ۱۲۰ ساشه شوینده ماشین اسپرسو پولی‌کف ۳٫۵ گرمی"
Lamiz Coffee,پودر تمیز کننده تیغچه‌ آسیاب ارگانیک کفتو,,,,Ground,450.0,,,,,,https://lamizcoffee.com/product/powder-blade-organic-polly/,"Cafetto Grinder Cleaner (Organic) (450 gr) 
 پودر تمیزکننده تیغچه‌آسیاب ارگانیک کفتو کاملا ارگانیک است و به شما کمک می‌کند تا رسوبات، چربی و بوی نامطبوع باقی مانده از قهوه را از روی تیغچه آسیاب پاک کنید تا در کنار بالا بردن عمر مفید تیغچه‌ی آسیاب، قهوه آسیاب شده با عطر و طعم بهتری داشته باشید."
Lamiz Coffee,محلول رسوب‌ زدا ارگانیک,,,,,,,,,,,https://lamizcoffee.com/product/%d9%85%d8%ad%d9%84%d9%88%d9%84-%d8%b1%d8%b3%d9%88%d8%a8%d8%b2%d8%af%d8%a7-%d8%a7%d8%b1%da%af%d8%a7%d9%86%db%8c%da%a9/,"Cafetto Liquid Descaler LOD GREEN (Organic) (1000 ml) 
 محلول رسوب‌زدا ارگانیک کاملا ارگانیک بوده و  به شیوه‌ای طراحی شده که با سرعت و به راحتی رسوبات مختلف ازجمله آهک، کلسیم و &#8230; را از دستگاه شما خارج می کند. این محصول برای مخازن آب ماشین اسپرسو، ماشین اسپرسو های خانگی،ماشین‌های دم‌آوری و &#8230; مناسب می‌باشد. 
 &nbsp;"
Lamiz Coffee,پودر شوینده رسوبات‌ شیر کفتو,,,,Ground,750.0,,,,,,https://lamizcoffee.com/product/detergent-caffeeto-milk-sediments/,"Cafetto Milk Jug Cleaner INVERSO (750 gr) 
 پودرشوینده رسوبات‌شیر  کفتو  محصولی منحصربه‌فرد است که می تواند به سادگی رسوبات باقی مانده از شیر را در پیچرها، جداره بیرونی نازل های بخارو هر ظرف دیگری را از بین ببرد. 
 &nbsp;"
Lamiz Coffee,محلول‌ شوینده نازل‌ بخار کفتو,,,,,,,,,,,https://lamizcoffee.com/product/%d9%85%d8%ad%d9%84%d9%88%d9%84%d8%b4%d9%88%db%8c%d9%86%d8%af%d9%87-%d9%86%d8%a7%d8%b2%d9%84%d8%a8%d8%ae%d8%a7%d8%b1-%da%a9%d9%81%d8%aa%d9%88/,"Cafetto Milk Frother Cleaner MFC BLUE (1000 ml) 
 محلول‌شوینده نازل‌بخار کفتو می‌تواند به بهترین شکل چربی و دیگر مواد باقی مانده از شیر را بدون آسیب به دستگاه از بین ببرد و هیچ بویی از خود به جای نمی‌گذارد."
Lamiz Coffee,محلول‌ شوینده نازل‌ بخار ارگانیک کفتو,,,,,,,,,,,https://lamizcoffee.com/product/%d9%85%d8%ad%d9%84%d9%88%d9%84%d8%b4%d9%88%db%8c%d9%86%d8%af%d9%87-%d9%86%d8%a7%d8%b2%d9%84%d8%a8%d8%ae%d8%a7%d8%b1-%d8%a7%d8%b1%da%af%d8%a7%d9%86%db%8c%da%a9-%da%a9%d9%81%d8%aa/,"Cafetto Milk Frother Cleaner MFC GREEN (Organic) (1000 ml) 
 محلول‌شوینده نازل‌بخار ارگانیک کفتو می‌تواند به بهترین شکل چربی و دیگر مواد باقی مانده از شیر را بدون آسیب به دستگاه از بین ببرد و هیچ بویی از خود به جای نمی‌گذارد."
Lamiz Coffee,قرص‌ شوینده ماشین‌ اسپرسو ارگانیک کفتو,,,,,5.0,,,,,,https://lamizcoffee.com/product/caffeeto-organic-espresso-machine/,"Cafetto Espresso Cleaner Tablets (Organic) (60×۱٫۵ gr) 
 قرص‌شوینده ماشین‌اسپرسو ارگانیک  کفتو  برای تمیز کردن قسمت زیرین Head Group‌، بسکت و پرتافیتر ماشین اسپرسوهای خانگی  و صنعتی مناسب می‌باشد و با ازبین بردن روغن‌ها و رسوبات باقی مانده از قهوه، باعث بهبود کیفیت عطر و طعم در نوشیدنی شما می‌شود. 
 ۶۰ عدد قرص ۱٫۵ گرمی"
Lamiz Coffee,قرص‌ شوینده ماشین‌ اسپرسو کفتو,,,,,5.0,,,,,,https://lamizcoffee.com/product/caffeeto-espresso-car-detergent/,"Cafetto Espresso Cleaner Tablets (150×۲٫۵ gr) 
 قرص‌شوینده ماشین‌اسپرسو  کفتو  برای تمیز کردن قسمت زیرین Head Group‌، بسکت و پرتافیتر ماشین اسپرسوهای خانگی  و صنعتی مناسب می‌باشد.و با ازبین بردن روغن‌ها و رسوبات باقی مانده از قهوه، باعث بهبود کیفیت عطر و طعم  در نوشیدنی شما می‌شود. 
 ۱۵۰ عدد قرص ۲٫۵ گرم"
Lamiz Coffee,پودر‌ شوینده ماشین‌ اسپرسو ارگانیک کفتو,,,,Ground,500.0,,,,,,https://lamizcoffee.com/product/espresso-car-washing-powder/,"Cafetto Espresso Cleaner Tablets (Organic) (500 gr) 
 پودر‌شوینده ماشین‌اسپرسو ارگانیک  کفتو  برای تمیز کردن قسمت زیرین Head Group‌، بسکت و پرتافیلتر ماشین اسپرسوهای خانگی  و صنعتی مناسب می‌باشد.و با ازبین بردن روغن‌ها و رسوبات باقی مانده از قهوه، باعث بهبود کیفیت عطر و طعم در نوشیدنی شما می‌شود. 
 به همراه یک پیمانه مدرج."
Lamiz Coffee,پودر‌ شوینده ماشین‌ اسپرسو کفتو,,,,Ground,1000.0,,,,,,https://lamizcoffee.com/product/caffeeto-espresso-car-washing/,"Cafetto Espresso Cleaner Powder (1000 gr) 
 پودر‌شوینده ماشین‌اسپرسو  کفتو  برای تمیز کردن قسمت زیرین Head Group‌، بسکت و پرتافیلتر ماشین اسپرسوهای خانگی و صنعتی مناسب می‌باشد و با ازبین بردن روغن‌ها و رسوبات باقی مانده از قهوه، باعث بهبود کیفیت عطر و طعم در نوشیدنی شما می‌شود. 
 به همراه یک پیمانه مدرج ."
Lamiz Coffee,ساشه محلول‌ شوینده نازل‌ بخار پولی‌ کف,,,,,,,,,,,https://lamizcoffee.com/product/%d8%b3%d8%a7%d8%b4%d9%87-%d9%85%d8%ad%d9%84%d9%88%d9%84%d8%b4%d9%88%db%8c%d9%86%d8%af%d9%87-%d9%86%d8%a7%d8%b2%d9%84%d8%a8%d8%ae%d8%a7%d8%b1-%d9%be%d9%88%d9%84%db%8c%da%a9/,
Lamiz Coffee,برس تمیز‌ کننده Head Group پولی‌ کف,,,,,,,,,,,https://lamizcoffee.com/product/%d8%a8%d8%b1%d8%b3-%d8%aa%d9%85%db%8c%d8%b2%da%a9%d9%86%d9%86%d8%af%d9%87-head-group-%d9%be%d9%88%d9%84%db%8c%da%a9%d9%81/,"Puly Caff Espresso Machine Group Head Cleaning Brush 
 برس تمیز‌کننده Head Group پولی‌کف با سر زاویه‌دار وسیله‌ای مناسب برای تمیز کردن قسمت زیرین Head Group ماشین اسپرسو شماست."
Lamiz Coffee,بسکت‌ کور پولی‌ کف,,,,,,,,,,,https://lamizcoffee.com/product/%d8%a8%d8%b3%da%a9%d8%aa%da%a9%d9%88%d8%b1-%d9%be%d9%88%d9%84%db%8c%da%a9%d9%81/,"Puly Caff Blindy 
 بسکت‌کور پولی‌کف مخصوص ماشین اسپرسوهای صنعتی می‌باشد. 
 قطر بسکت ۸mm"
Lamiz Coffee,قرص‌ شوینده ماشین‌ دم‌ آوری پولی‌ کف,,,,,4.0,,,,,,https://lamizcoffee.com/product/%d9%82%d8%b1%d8%b5%d8%b4%d9%88%db%8c%d9%86%d8%af%d9%87-%d9%85%d8%a7%d8%b4%db%8c%d9%86%d8%af%d9%85%d8%a2%d9%88%d8%b1%db%8c-%d9%be%d9%88%d9%84%db%8c%da%a9%d9%81/,"Puly Caff Brew Tabs 120×۴ gr 
 قرص‌شوینده ماشین‌دم‌آوری پولی‌کف برای تمیز کردن فیلتر و بسکت نگه‌دارنده آن در دستگاه‌های دم‌آوری مناسب است. این قرص ها به طوری طراحی شده‌اند که به راحتی در آب گرم حل می‌شوند و چربی ها و رسوبات قهوه را از فیلتر و محفظه نگه‌داری آن جدا می‌‌کنند. 
 &nbsp;"
Lamiz Coffee,رسوب‌ زدا کریستالی پولی‌ کف,,,,,1000.0,,,,,,https://lamizcoffee.com/product/%d8%b1%d8%b3%d9%88%d8%a8%d8%b2%d8%af%d8%a7%db%8c-%da%a9%d8%b1%db%8c%d8%b3%d8%aa%d8%a7%d9%84%db%8c-%d9%be%d9%88%d9%84%db%8c%da%a9%d9%81/,"CALCINET (1000 gr) 
 رسوب‌زدای کریستالی پولی‌کف برای رسوب‌زدایی دیگ های بخار ماشین اسپرسو، ماشین های صنعتی مانند ماشین ظرفشوی و&#8230; مناسب است."
Lamiz Coffee,ساشه‌ محلول رسوب‌ زدا پولی‌ کف,,,,,,,,,,,https://lamizcoffee.com/product/%d8%b3%d8%a7%d8%b4%d9%87%d9%85%d8%ad%d9%84%d9%88%d9%84-%d8%b1%d8%b3%d9%88%d8%a8%d8%b2%d8%af%d8%a7%db%8c-%d9%be%d9%88%d9%84%db%8c%da%a9%d9%81/,"Puly Caff Descaler Liquid 
 ساشه‌محلول رسوب‌زدای پولی‌کف برای رسوب زدایی دستگاه های دم‌آوری خانگی مناسب است. این محلول به شکلی طراحی شده که بدون اسیب به قطعات پلاستیکی، سیلیکونی، الومینیومی و&#8230; به بهترین شکل دستگاه شما را رسوب زدایی خواهد کرد. 
 ۲ عدد ۱۲۵ میلی لیتر"
Lamiz Coffee,محلول‌ شوینده نازل‌ بخار پولی‌ کف,,,,,,,,,,,https://lamizcoffee.com/product/detergent-solution-foam-zozzles/,"Puly Caff Milk Cleaner (1000 ml) 
 محلول‌شوینده نازل‌بخار  پولی‌کف  می‌تواند به سرعت و به شکلی موثر چربی و مواد باقی مانده از شیر را در نازل های بخار دستگاه شما را تجزیه و دستگاه شما را تمیز کند."
Lamiz Coffee,قرص‌ شوینده دستگاه‌ اتوماتیک ۱۳۵ گرم پولی‌ کف,,,,,135.0,,,,,,https://lamizcoffee.com/product/%d9%82%d8%b1%d8%b5%d8%b4%d9%88%db%8c%d9%86%d8%af%d9%87-%d8%af%d8%b3%d8%aa%da%af%d8%a7%d9%87%d8%a7%d8%aa%d9%88%d9%85%d8%a7%d8%aa%db%8c%da%a9-135%da%af%d8%b1%d9%85%db%8c-%d9%be%d9%88/,"Puly Caff Coffee Machine Cleaning Tablets 
 قرص‌شوینده دستگاه‌اتوماتیک پولی‌کف برای تمیز کردن Head Group، بسکت‌ و پرتافیلتر‌ ماشین اسپرسو شما مناسب می باشد.این قرص ها برای انواع ماشین اسپرسوهای خانگی وتمام اتوماتیک مناسب هستند. 
 ۱۰۰ عدد قرص ۱٫۳۵ گرمی"
Lamiz Coffee,پودر تمیز‌کننده تیغچه‌ آسیاب ارگانیک پولی‌ کف,,,,Ground,15.0,,,,,,https://lamizcoffee.com/product/%d9%be%d9%88%d8%af%d8%b1-%d8%aa%d9%85%db%8c%d8%b2%da%a9%d9%86%d9%86%d8%af%d9%87-%d8%aa%db%8c%d8%ba%da%86%d9%87%d8%a2%d8%b3%db%8c%d8%a7%d8%a8-%d8%a7%d8%b1%da%af%d8%a7%d9%86%db%8c/,"Puly Caff Coffee Grinder Cleaner Sachet (Organic) (10×۱۵ gr) 
 پودر تمیز‌کننده تیغچه‌آسیاب ارگانیک  پولی‌کف  به شما کمک می‌کند تا رسوبات، چربی و بوی نامطبوع باقی مانده از قهوه را از روی تیغچه آسیاب پاک کنید تا در کنار بالا بردن عمر مفید تیغچه‌ی شما، قهوه آسیاب شده با طعم و عطر بهتری داشته باشید. 
 ۱۰ عدد ساشه ۱۵ گرمی"
Lamiz Coffee,ساشه‌ شوینده ماشین‌ اسپرسو پولی‌ کف,,,,Ground,20.0,,,,,,https://lamizcoffee.com/product/%d8%b3%d8%a7%d8%b4%d9%87%d8%b4%d9%88%db%8c%d9%86%d8%af%d9%87-%d9%85%d8%a7%d8%b4%db%8c%d9%86%d8%a7%d8%b3%d9%be%d8%b1%d8%b3%d9%88-%d9%be%d9%88%d9%84%db%8c%da%a9%d9%81/,"Puly Caff Coffee Machine Cleaning Powder (10×۲۰ gr) 
 ساشه‌شوینده ماشین‌اسپرسو پولی‌کف برای تمیز کردن Head Group، بسکت‌ و پرتافیلتر‌ ماشین اسپرسو شما مناسب می باشد و همچنین این پودر با قدرت پاک کنندگی بسیار بالا می تواند برای تمیز کردن کتری، فنجان و&#8230; استفاده شود."
Lamiz Coffee,پودر‌ شوینده ماشین‌ اسپرسو پولی‌ کف,,,,Ground,,,,,,,https://lamizcoffee.com/product/powder-espresso-polly-floor-machine/,"Puly Caff Coffee Machine Cleaning Powder 
 پودر‌شوینده ماشین‌اسپرسو  پولی‌کف  برای تمیز کردن Head Group، بسکت‌ و پرتافیلتر‌ ماشین اسپرسو شما مناسب می باشد. و همچنین این پودر با قدرت پاک کنندگی بسیار بالا می تواند برای تمیز کردن کتری، فنجان و.. استفاده شود."
Lamiz Coffee,قرص‌ شوینده دستگاه‌ اتوماتیک ۱۵۰گرم پولی‌ کف,,,,,150.0,,,,,,https://lamizcoffee.com/product/%d9%82%d8%b1%d8%b5%d8%b4%d9%88%db%8c%d9%86%d8%af%d9%87-%d8%af%d8%b3%d8%aa%da%af%d8%a7%d9%87%d8%a7%d8%aa%d9%88%d9%85%d8%a7%d8%aa%db%8c%da%a9-150%da%af%d8%b1%d9%85%db%8c-%d9%be%d9%88/,"Puly Caff Coffee Machine Cleaning Tablets 
 قرص‌شوینده دستگاه‌اتوماتیک پولی‌کف برای تمیز کردن Head Group، بسکت‌ و پرتافیلتر‌ ماشین اسپرسو شما مناسب می باشد.این قرص ها برای انواع ماشین اسپرسوهای خانگی وتمام اتوماتیک مناسب هستند. 
 
  ۶۰ عدد قرص ۲٫۵ گرمی"
Lamiz Coffee,بسته‌ نظافتی‌ ماشین‌ اسپرسو پولی‌ کف,,,,,,,,,,,https://lamizcoffee.com/product/policof-espresso-machine-cleaning/,"بسته بندی بسته‌نظافتی‌ماشین‌اسپرسو پولی‌کف بصورت کارتن می باشد. 
هر کارتن شامل: سطل، پولی گرایند، پولی کف، پولی میلک و براش می باشد."
Lamiz Coffee,جعبه 6 عددی شکلات تلخ 83 درصد لمیز,,,,Ground,80.0,,,,,,https://lamizcoffee.com/product/83-dark-chocolate-box/,"شکلات 83 درصد لمیز، با ترکیبات حاوی کره کاکائو و خمیر کاکائو، دارای طعمی قدرتمند و غنی است. این شکلات که در تخته های 80 گرمی عرضه می‌شود، می تواند بهترین همنشین برای قهوه شما باشد. 
تمامی شکلات‌های لمیز به سبب استفاده از کره کاکائو به جای CBS* علاوه بر سلامتی بیشتر نسبت به نمونه های مشابه، تجربه ی طعم حقیقی شکلات را نیز به همراه دارد. 
  &#8211; وزن هر تخته شکلات 83 درصد لمیز چقدر است؟  
 تمامی شک"
Lamiz Coffee,جعبه 6 عددی شکلات تلخ 60 درصد لمیز,,,,Ground,80.0,,,,,,https://lamizcoffee.com/product/60-dark-chocolate-box/,"شکلات 60 درصد لمیز، با ترکیبات حاوی کره کاکائو و خمیر کاکائو، دارای طعمی ملایم و غنی است. این شکلات که در تخته های 80 گرمی عرضه می‌شود، می تواند بهترین همنشین برای قهوه شما باشد. 
تمامی شکلات‌های لمیز به سبب استفاده از کره کاکائو به جای CBS* علاوه بر سلامتی بیشتر نسبت به نمونه های مشابه، تجربه ی طعم حقیقی شکلات را نیز به همراه دارد. 
  &#8211; وزن هر تخته شکلات 60 درصد لمیز چقدر است؟  
 تمامی شکلا"
Lamiz Coffee,جعبه 6 عددی شکلات شیری لمیز,,,,Ground,80.0,,,,,,https://lamizcoffee.com/product/milk-chocolate-box/,"شکلات شیری لمیز ، با ترکیبات حاوی کره کاکائو و شیر خشک، دارای طعمی ملایم و نرم است. این شکلات که در تخته های 80 گرمی عرضه می‌شود، می تواند بهترین همنشین برای قهوه شما باشد. 
تمامی شکلات‌های لمیز به سبب استفاده از کره کاکائو به جای CBS* علاوه بر سلامتی بیشتر نسبت به نمونه های مشابه، تجربه ی طعم حقیقی شکلات را نیز به همراه دارد. 
  &#8211; وزن هر تخته شکلات شیری لمیز چقدر است؟  
 تمامی شکلات های لمی"
Lamiz Coffee,شکلات تلخ 83 درصد لمیز,,,,Ground,80.0,,,,,,https://lamizcoffee.com/product/83-dark-chocolate/,"﻿  
 شکلات 83 درصد لمیز، با ترکیبات حاوی کره کاکائو و خمیر کاکائو، دارای طعمی قدرتمند و غنی است. این شکلات که در تخته های 80 گرمی عرضه می‌شود، می تواند بهترین همنشین برای قهوه شما باشد. 
تمامی شکلات‌های لمیز به سبب استفاده از کره کاکائو به جای CBS* علاوه بر سلامتی بیشتر نسبت به نمونه های مشابه، تجربه ی طعم حقیقی شکلات را نیز به همراه دارد. 
  &#8211; وزن هر تخته شکلات 83 درصد لمیز چقدر است؟  
 تما"
Lamiz Coffee,شکلات تلخ 60 درصد لمیز,,,,Ground,80.0,,,,,,https://lamizcoffee.com/product/60-dark-chocolate/,"شکلات 60 درصد لمیز، با ترکیبات حاوی کره کاکائو و خمیر کاکائو، دارای طعمی ملایم و غنی است. این شکلات که در تخته های 80 گرمی عرضه می‌شود، می تواند بهترین همنشین برای قهوه شما باشد. 
تمامی شکلات‌های لمیز به سبب استفاده از کره کاکائو به جای CBS* علاوه بر سلامتی بیشتر نسبت به نمونه های مشابه، تجربه ی طعم حقیقی شکلات را نیز به همراه دارد. 
  &#8211; وزن هر تخته شکلات 60 درصد لمیز چقدر است؟  
 تمامی شکلا"
Lamiz Coffee,شکلات شیری لمیز,,,,Ground,80.0,,,,,,https://lamizcoffee.com/product/milk-chocolate/,"شکلات شیری لمیز ، با ترکیبات حاوی کره کاکائو و شیر خشک، دارای طعمی ملایم و نرم است. این شکلات که در تخته های 80 گرمی عرضه می‌شود، می تواند بهترین همنشین برای قهوه شما باشد. 
تمامی شکلات‌های لمیز به سبب استفاده از کره کاکائو به جای CBS* علاوه بر سلامتی بیشتر نسبت به نمونه های مشابه، تجربه ی طعم حقیقی شکلات را نیز به همراه دارد. 
  &#8211; وزن هر تخته شکلات شیری لمیز چقدر است؟  
 تمامی شکلات های لمی"
Lamiz Coffee,سیروپ وانیل ‏‌فرانسوی مونین,,,,,,,,,,,https://lamizcoffee.com/product/french-vanilla-syrup/,"وانیل به طور سنتی توسط آشپزهای فرانسوی در بسیاری از دسرها از جمله کاسترد وانیلی خوشمزه که بعدها &#8220;وانیل فرانسوی&#8221; نامیده می شد ، استفاده می شده است. شربت وانیل فرانسوی  MONIN  دارای طعم وانیل کاستارد کاراملی است که بر تلخی هر قهوه گرم یا سرد قوی برای یک تجربه دلپذیر غلبه می کند. 
از طعم وانیل واقعاً خوش طعم آن در قهوه خانه ها و لاته های سرد ، ماکیاتوها و کاپوچینوها و همچنین در چای و چای "
Lamiz Coffee,سیروپ وانیل مونین,,,,,,,,,,,https://lamizcoffee.com/product/vanilla-syrup/,"سیروپ وانیل  MONIN  که تنها بر اساس بهترین عصاره خالص وانیل ماداگاسکار است، طعمی خاص و عالی دارد، احتمالاً به همین دلیل است که یکی از سه طعم برتر مناسب قهوه به حساب می آید. 
وانیل یک ماده کلاسیک مشتق شده از ارکیده است و به دلیل طعم خالص و لطیفش به طور گسترده در شیرینی پزی و دسرها استفاده می شود. 
سیروپ وانیل  MONIN  یکی از همه کاره ‌ترین طعم‌های سیروپ است که تقریباً هر نوشیدنی را تقویت می‌کند و به"
Lamiz Coffee,سیروپ نان‌ زنجبیلی مونین,,,Light,,,,,,,,https://lamizcoffee.com/product/gingerbread-syrup/,نان زنجبیلی با احساس گرما و آرامش در تعطیلات زمستانی همراه است. هنگام طعم دادن به نوشیدنی های خود با سیروپ نان زنجبیلی  MONIN  ، آن احساس گرم و دوست داشتنی را برای خود در کنار شومینه ایجاد کنید! نان زنجبیلی MONIN ترکیبی کاملاً متعادل از زنجبیل و دارچین را برای طعم واقعی نان زنجبیلی ارائه می دهد. فراتر از فصل زمستان ، نان زنجبیلی MONIN را می توانید در طول سال در میلک شیک یا قهوه های سرد و یخ زده می
Lamiz Coffee,سیروپ هلو مونین,,,Light,Whole bean,,,,,,,https://lamizcoffee.com/product/peach-syrup/,اعتقاد بر این است که هلو بومی چین است، جایی که افسانه می‌گوید هلو توسط جاودانه‌ها مصرف می‌شود، به دلیل فضیلت عرفانی این میوه که طول عمر را به همه کسانی که آن را می‌خوردند، می‌بخشد. هر سال، فصل تابستان نشانه ورود هلوهای آبدار و شیرین است. اما لازم نیست دستور العمل های خود را با طعم شیرین، غیرقابل انکار و رنگ طلایی غنی هلو، با محو شدن روزهای طولانی تابستان به پایان برسانید. کشف کنید که چگونه سیروپ ه
Lamiz Coffee,سیروپ نعنا‌ یخی مونین,,,,,,,,,,,https://lamizcoffee.com/product/ice-mint-syrup/,سیروپ نعنا‌یخی  مونین  با طعم بسیار خنک و سرشار از منتول نعنا و پونه کوهی
Lamiz Coffee,سیروپ نعنا‏‌ موهیتو مونین,,,,,,,,,,,https://lamizcoffee.com/product/mojito-mint-syrup/,نوشیدنی معروف موهیتو در رستورانهای پر شور کوبا متولد شد. بارمن های ماهر از فراوانی محلی نعناع وحشی ، شکر نیشکر و لیموترش استفاده کردند تا یک نوشیدنی با طراوت ایجاد کنند که به زندگی شبانه پرهیجان کوبایی طعم می‌دهد. با این حال، آماده‌سازی زمان‌ بر موهیتو که شامل تهیه شربت ساده و مخلوط کردن کامل برگ‌های لیمو و نعناع می‌شود، و همچنین موادی که به سختی می‌توان آن را یافت باعث ایجاد مشکلاتی شد. اما با MO
Lamiz Coffee,سیروپ نعنا‌ سبز مونین,,Natural,,,,,,,,,https://lamizcoffee.com/product/green-mint-syrup/,"طبق افسانه های یونانی ، &#8220;مینته&#8221; (Menthe ) یک الهه زیبا و عاشق هادس بود که توسط پرسفون ، همسر هادس ، در انتقام حسادت آمیز به گیاه سبز کوچک با برگهای نامرئی تبدیل شد. هادس ، برای نشان دادن رحمت به نعناع ، رایحه معطر زیبایی را برای همیشه ماندگار کرد و این گیاه اکنون به عنوان نعناع شناخته می شود. 
نعناع گیاهی تازه ، شیرین و معطر با طعم خنک ، به طور گسترده به عنوان ژله یا سس ، به عنوان شیری"
Lamiz Coffee,سیروپ نارگیل مونین,Indonesia,,,,,,,,,,https://lamizcoffee.com/product/coconut-syrup/,"نارگیل میوه بومی بیش از ۸۰ کشور گرمسیری و نیمه گرمسیری مانند اندونزی ، هند و تایلند است ، که در آنجا ضروری تلقی می شود. در واقع ، در چندین زبان مختلف نام نخل نارگیل به این معنی است که تمام قسمت های درخت به نوعی مفید است. 
طعم فوق العاده همه کاره ، طعم شدید و شیرین آن به خوبی با طعم های شیرین ، تلخ و شور همراه است. نارگیل علاوه بر استفاده زیاد در آشپزی ، در محصولات زیبایی استفاده می شود زیرا روغن ن"
Lamiz Coffee,سیروپ موز مونین,,,,,,,,,,,https://lamizcoffee.com/product/banana-syrup/,
Lamiz Coffee,سیروپ ‏‌رز مونین,,,Light,,,,,,,,https://lamizcoffee.com/product/rose-syrup/,"سیروپ گل‏‌رز مونین با طعم زیبا و عطر جذاب نماد نهایی عشق رمانتیک را ارائه می دهد. این گل زیبا که الهام‌بخش ادبیات و هنر است، دارای اهمیت فرهنگی در سراسر جهان است و نام آن در چندین زبان به صورتی یا قرمز ترجمه می‌شود، هم به دلیل زیبایی و هم به دلیل عطری که تولید می‌کند مورد احترام است. 
گل رز به طور گسترده برای عطر خود کشت می شود و از آن برای تهیه مربای گل رز، ژله، مارمالاد، شربت و چای استفاده می شو"
Lamiz Coffee,سیروپ الدرفلاور مونین,,,,,,,,,,,https://lamizcoffee.com/product/elderflower-syrup/,"سیروپ گل MONIN Elder عطر و طعم این گلهای سفید خامه ای را ارائه می دهد. این سیروپ که از گل درخت Elder یا Elderberry ساخته شده است، معمولاً در حومه انگلستان یافت می شود. 
گلهای معطر این درخت این طعم  MONIN  را منحصر به فرد و زیبا می کند. می توان از آن برای تهیه نوشیدنی های خوش طعم تابستانی استفاده کرد. سعی کنید آن را با آب زغال اخته ترکیب کنید و طراوت هیجان انگیز تابستانی را خواهید داشت."
Lamiz Coffee,سیروپ گریپ‌ فروت مونین,,Natural,,,,,,,,,https://lamizcoffee.com/product/pink-grapefruit-syrup/,گریپ فروت صورتی به خاطر گوشت شیرین، آبدار و تلخ و طعم کامل و میوه ای اش معروف است. این سیروپ طعم شیرین و با طراوت و در عین حال اسیدی را جذب می کند و رنگ صورتی پر جنب و جوش و طبیعی را به نوشیدنی شما نیز اضافه می کند. سیروپ گریپ فروت صورتی  MONIN  که بهترین استفاده آن در لیمونادها و نوشیدنی ها است، واقعاً دستور العمل های مورد علاقه شما را در این فصل تقویت می کند.
Lamiz Coffee,سیروپ گرانادین مونین,,,Light,,,,,,,,https://lamizcoffee.com/product/grenadine-syrup/,گرانادین رایج ترین و خوش طعم ترین شیرین کننده و طعم دهنده در میکسولوژی کلاسیک است. هرچقدر هم که باورش سخت باشد ، هیچ شباهتی با سیروپ انار ندارد. بسیاری از موکتل ها حاوی گرنادین هستند. این سیروپ رنگ قرمز خوب و طعم شیرین و کمی ترش را ارائه می دهد که بین کودکان و بزرگسالان بسیار محبوب است. سیروپ  MONIN  Grenadine طعمی از انواع توت های قرمز با کمی وانیل و رنگ قرمز روشن برای تقویت موکتل ها، لیموناد و ح
Lamiz Coffee,سیروپ کیوی مونین,,,Light,,,,,,,,https://lamizcoffee.com/product/kiwi-syrup/,"میوه کیوی که اصالتاً چینی است، به طور گسترده در نیوزیلند کشت می شود. این امر باعث شده است که این میوه به طور گسترده ای به عنوان &#8220;کیوی&#8221; شناخته شود، مانند پرنده بدون دم و منقار دراز که نماد این کشور است. 
هیچ میوه دیگری به اندازه کیوی رنگ سبز زمردی را ارائه نمی دهد. گوشت آن تقریباً خامه‌ای است و با طعمی نیروبخش که یادآور توت‌فرنگی، خربزه و موز است، در عین حال طعم شیرین و کمی ترش خاص خود "
Lamiz Coffee,سیروپ کرنبری مونین,,,,,,,,,,,https://lamizcoffee.com/product/cranberry-syrup/,"کرنبری میوه ای ترش و گس است که در تولید نوشیدنی و انواع سس و دسر پر کاربرد است 
این  سیروپ  در تولید نوشیدنی های سرد و ماکتیل ها پر کاربرد است و یکی از سیروپ های محبوب در سطح دنیا به شمار میرود."
Lamiz Coffee,سیروپ کرم‌ برولی مونین,,,,,,,,,,,https://lamizcoffee.com/product/brulee-creme-syrup/,طعم جذاب دسر بینظیر فرانسوی، کرم برولی یکی از محبوب‌ترین دسر ها در فرانسه به شمار میرود و آنقدر طعم جذابی دارد که غیر از فرانسه در کل اروپا و بعد از آن دنیا محبوب شد.
Lamiz Coffee,سیروپ بلو‌کراسائو مونین,,,Dark,,,,,,,,https://lamizcoffee.com/product/blue-caracao-syrup/,"سیروپ Blue Curaçao به دلیل رنگ آبی ، طعم پرتقالی گرمسیری شناخته شده است. 
این سیروپ با طعم پوست خشک پرتقال سبز ، که از پرتقال های والنسیا گرفته شده است ، از جزیره کوراسائو در غرب هند ، این بهشت جزیره گرمسیری را با سواحل و صخره های مرجانی خود تجسم می بخشد. 
رنگ آبی شگفت انگیز سیروپ  MONIN  Blue Curaçao ، دریا را تداعی می کند و سواحل زیبای Curacao را لمس می کند و با عطر پوست پرتقال معطر و طعم تلخ آب"
Lamiz Coffee,سیروپ کارامل‌ نمکی مونین,,,Light,Whole bean,,,,,,,https://lamizcoffee.com/product/salted-caramel-syrup/,عطر و طعم جدید ضروری برای متخصصان نوشیدنی، کارامل نمکی، ترکیب طعم شیرین و دودی اغواکننده ای را ارائه می دهد.  MONIN  در جدیدترین سیروپ خود این ترکیب طعم و مزه را به تصویر می کشد که در قهوه ها و شکلات ها و همچنین در موکتل ها و نوشیدنی های با تم دسر به زیبایی کار می کند. سیروپ کارامل نمکی MONIN طعم پیچیده و غیر قابل مقاومتی را به نوشیدنی‌های خاص شما می‌بخشد و مشتریان را برای خرید بیشتر باز می‌گرداند
Lamiz Coffee,سیروپ کارامل مونین,,,Dark,,,,,,,,https://lamizcoffee.com/product/caramel-syrup/,کارامل ، به معنی شکر کارامل شده ، از ذوب شکر در آب برای ایجاد یک مایع غنی ، شیرین و چسبناک ساخته می شود که رنگ آن از بژ ،کهربا تا قهوه ای تیره متغیر است. شربت کارامل MONIN یکی از طعم های ضروری است ، یکی از محبوب ترین و همه کاره طعم های طیف  MONIN  است. از این شربت کهربا طلایی می توان برای تهیه قهوه های شیرین ، چای و شکلات ، موکتل های با تم دسر و یا به سادگی روی بستنی استفاده کرد. شربت کارامل MONIN
Lamiz Coffee,سیروپ کاربین مونین,,,Light,Whole bean,,,,,,,https://lamizcoffee.com/product/caribbean-syrup/,"سیروپ کاریبین  مونین  برای ارائه موکتل های مبتنی بر رام طراحی شده است و طعم مورد علاقه انواع دزدان دریایی مورد علاقه دزدان دریایی ، قایقرانان و ملوانان نیروی دریایی سلطنتی بریتانیا را عرضه می کند. امروزه از رام برای طعم دادن به کیک ها ، بستنی ها و میوه ها استفاده می شود . 
رنگ : کهربایی روشن 
این سیروپ با ترکیبی از ادویه جات با بافت لطیف از طعم خاصی برخوردار است و منجر به عطر و طعم فوق العاده ای ا"
Lamiz Coffee,سیروپ فندق مونین,,,,,,,,,,,https://lamizcoffee.com/product/hazelnut-syrup/,سیروپ فندق  MONIN  یکی از سه طعم قهوه تخصصی ، همراه با وانیل و کارامل ، طعم و عطر تازه فندق را با لمس بادام و وانیل ارائه می دهد. فندق به خوبی مکمل شکلات است. علاوه بر محبوبیت در شیرینی پزی ، این ماده اصلی ترکیب نوتلا شکلاتی نیز هست. همچنین یک طعم پودینگ محبوب است که در مرنگ و به عنوان خمیر در نان های اتریشی استفاده می شود. با سیروپ فندق MONIN ، نوشیدنی های قهوه ، شکلات و شیر خود را تقویت کرده و ن
Lamiz Coffee,سیروپ کوکی ‏‌شکلاتی مونین,,Honey,,,,,,,,,https://lamizcoffee.com/product/chocolate-cookie-syrup/,"کوکی شکلاتی نوعی کوکی جذاب با تکه های شکلات هست ، موفقیت جهانی کوکی شکلاتی به دلیل شانس نیست. این بیسکویت خوشمزه ، که در دهه ۱۹۳۰ در ایالات متحده ایجاد شد ، شهرت کسب درآمد برای کافه ها و کافی شاپ ها را به دست آورد و امروزه در همه جا یافت می شود. سیروپ کوکی شکلاتی  MONIN  طعم بیسکویت کاملی دارد که طعم لذیذی به نوشیدنی های شما می بخشد. 
رنگ : قهوه ای با درخشش کارامل. 
سیروپ کوکی شکلاتی MONIN به شما "
Lamiz Coffee,سیروپ شکلات‏‌ سفید مونین,,,,,,,,,,,https://lamizcoffee.com/product/white-chocolate-syrup/,
Lamiz Coffee,سیروپ شکلات مونین,,,Dark,Whole bean,,,,,,,https://lamizcoffee.com/product/chocolate-syrup/,سیروپ شکلات  MONIN  طعم راحت و مجلل شکلات را ارائه می دهد ، که هزاران سال از وجود آن لذت برده اید. ریشه های شکلات را می توان بیش از چهار هزار سال پیش تا ۱۹۰۰ سال قبل از میلاد مسیح جستجو کرد. شواهدی در مورد نوشیدنی های شکلاتی وجود دارد که نشان دهنده خرد و باروری است و از دانه های کاکائو تخمیر شده ، بو داده و آسیاب شده در آمریکای مرکزی تهیه شده است. اخیراً اروپایی ها شکر ، شیر و کره کاکائو را برای ا
Lamiz Coffee,سیروپ شاه توت مونین,,,Dark,,,,,,,,https://lamizcoffee.com/product/blackberry-syrup/,"توت سیاه غنی و شیرین ، نرم و آبدار ، دوست دارد خودنمایی کند ، با رنگ بنفش عمیق و طعم پیچیده ای از شیرینی ترش سیروپ توت سیاه یا MONIN Blackberry به شما امکان می دهد مشخصات جالب آن را به موکتل های تازه ، چای های سرد ، لیموناد و موارد دیگر بیاورید. 
سرشار از عطر و طعم، سیروپ توت سیاه  MONIN  رنگی شاداب و طعم واقعی به چای های سرد ، لیموناد ، موکتل و اسموتی می دهد. 
رنگ : قرمز تیره عمیق"
Lamiz Coffee,سیروپ زنجبیل مونین,,,,,,,,,,,https://lamizcoffee.com/product/ginger-syrup/,برای نسل ها طعم آتشین زنجبیل بخشی از غذاهای آسیایی بوده است ، اما مدتهاست که توسط همه فرهنگ ها برای استفاده در بسیاری از کاربردهای آشپزی و مزایای سلامتی آن مورد استفاده قرار گرفته است. امروزه ، این ماده به عنصر محبوب در غذاها و نوشیدنی های خاص تبدیل شده است. سیروپ زنجبیل  MONIN  ترکیبی از گرم کننده فوق العاده از شیرینی معطر و ادویه گزنده است. سیروپ زنجبیل معطر و تند ، طعم متمایز و عجیب و غریبی به 
Lamiz Coffee,سیروپ تیرامیسو مونین,,,Dark,,,,,,,,https://lamizcoffee.com/product/monin-tiramisu-syrup/,تیرامیسو (به معنای &#8220;مرا به آسمان ببر&#8221;) یک دسر معروف در جهان است. منشا این دسر واقعاً مشخص نیست، اما نام تیرامیسو در قرن شانزدهم در ایتالیا ظاهر شد. دستور تهیه آن کاملا ساده، ترکیبی از طعم بیسکویت، قهوه، کاکائو، شربت مارسالا و پنیر ماسکارپونه است تا نتیجه ای غنی و خامه ای و پر از طعم داشته باشید. سیروپ تیرامیسو  MONIN  طعم یک تیرامیسو واقعی را با ترکیبی از رایحه های لطیف و خوش طعم برای 
Lamiz Coffee,سیروپ رنچو مونین,,,,,,,,,,,https://lamizcoffee.com/product/rancho-syrup/,لیمو زرد در درجه اول به خاطر رایحه با طراوت و طعم ترش مشابه لیموترش معروف است. منشأ واقعی آن ناشناخته است، اگرچه برخی آن را به هند مرتبط کرده اند. آب لیمو سرشار از ویتامین C است و کاربردهای زیادی در آشپزی دارد.  MONIN  Lemon Rantcho یک کنسانتره بدون قند است، بدون پالپ تهیه شده با ۵۰٪ آب از بهترین لیموهای سیسیلی. بارمن هایی که از طعم واقعی آن و به عنوان جایگزینی برای آب لیمو استفاده می کنند، مورد س
Lamiz Coffee,سیروپ دارچین مونین,,,Light,Whole bean,,,,,,,https://lamizcoffee.com/product/cinnamon-syrup/,این طعم معطر عطر رویاهای داغ شیرینی دارچینی درون فر را تداعی می کند. دارچین که از پوست درخت همیشه سبز بومی سریلانکا گرفته شده است ، یکی از قدیمی ترین ادویه جات شناخته شده است. در بین ملل باستانی ، آنقدر از ارزش بالایی برخوردار بود که به عنوان هدیه ای مناسب برای پادشاهان و دیگر قدرتمندان بزرگ در نظر گرفته می شد. عطر غنی ، گرم و شیرین دارچین آن را به یکی از جذاب ترین ادویه جات و ماده ای بسیار مورد ا
Lamiz Coffee,سیروپ چای‏ تی مونین,,,Dark,,,,,,,,https://lamizcoffee.com/product/chay-tea-syrup/,"چای تی ، به طور خلاصه ، به معنی چای ادویه دار است. قرنهاست که این چای در هند مورد استفاده قرار میگیرد. اگرچه این چای دستورهای تهیه متفاوتی دارد ، مواد تشکیل دهنده یک نوشیدنی چای به طور کلی شامل چای ، شیر سنگین ، چندین ادویه و یک شیرین کننده است. 
رنگ : رنگ قهوه ای تیره ، رنگ چای دم کرده/ سیروپ چای تی  MONIN  امکان ایجاد چای سرد شگفت انگیز با طعم واقعی چای را فراهم می کند. آنها را می توان داخل چای "
Lamiz Coffee,سیروپ توت فرنگی مونین,,,,,,,,,,,https://lamizcoffee.com/product/strawberry-syrup/,"شربت توت فرنگی  MONIN  یکی از اولین طعم دهنده های میوه ای بود که در حیطه سیروپها تولید شد. یک طعم محبوب در فرانسه، شربت توت فرنگی به آب، نعناع سبز و لیموناد اضافه می شود تا یک Diabolo توت فرنگی درست شود. اولین میوه فصل بهار، توت فرنگی باغی است که در سراسر جهان کشت می شود، اما اولین بار تصور می شد که در دهه ۱۷۵۰ در بریتانی، فرانسه رشد کرده است. 
توت فرنگی یک طعم محبوب در محصولات لبنی مانند بستنی، م"
Lamiz Coffee,سیروپ تمشک مونین,,Natural,Light,,,,,,,,https://lamizcoffee.com/product/raspberry-syrup/,"میوه ای ترد و نرم که به حمل آن دشوار است، طعم نفیس رز بری همیشه با سیروپ  MONIN  Raspberry قابل دسترسی است. 
بیشتر تمشک ها که فوراً به عنوان طعم شیرین محبوب دوران کودکی شناخته می شوند، رنگ صورتی روشن دارند. افسانه فرانسوی می گوید که تمشک در اصل سفید بود، اما یک روز در حالی که الهه آیدا از زئوس شیرخوار مراقبت می کرد و سعی می کرد با نشان دادن مقداری تمشک گریه او را آرام کند، انگشتش را خراشید و خونش "
Lamiz Coffee,سیروپ تافی مونین,,,Light,,,,,,,,https://lamizcoffee.com/product/toffee-nut-syrup/,"شربت آجیل تافی  MONIN  که برای برآورده کردن تقاضا در بریتانیا ساخته شده است، تافی کره‌ای غنی با طعم مغز ماکادمیا بو داده گرم ارائه می‌کند. شربت آجیل تافی به قهوه لته پیچ و تاب مقاومت ناپذیری می بخشد و نوشیدنی های با تم دسر اغوا کننده و بستنی های شگفت انگیزی را هنگامی که به عنوان رویه پودینگ استفاده شود ایجاد می کند. 
رنگ : زرد روشن طلایی شفاف"
Lamiz Coffee,سیروپ پیناکولادا مونین,,,,,,,,,,,https://lamizcoffee.com/product/pinacolada-syrup/,"سیروپ Piña-Colada عصاره آناناس را با شیرینی نارگیل عجیب و غریب ترکیب می کند و با ماست و موز مخلوط می شود تا اسموتی به سبک کارائیب به وجود آورد، 
با مخلوط دلپذیر سیروپ  MONIN  Pina Colada از آناناس و نارگیل در اسموتی های خوشمزه ، دسرها ، موکتل ها ، نوشیدنیها های میوه ای ، چای و موکا در ساحل کارائیب ذوب شوید."
Lamiz Coffee,سیروپ پشن فروت مونین,Brazil,,,Whole bean,,,,,,,https://lamizcoffee.com/product/monin-passion-fruit-syrup/,این میوه‌ی گرمسیری تقریباً به اندازه‌ی یک تخم‌مرغ است که پوسته‌ی آن بنفش یا زرد شکننده است و دانه‌های ترد و گوشت نرم و آبدار آن دارای طعمی قوی و معطر میباشد. این میوه بومی برزیل، پاراگوئه و آرژانتین شمالی است، به این دلیل که گونه‌ای از گل رونده است که در آفریقای جنوبی به نام «گرانادیلای بنفش» نیز شناخته می‌شود. هم از دانه ها و هم پالپ آن در سالادها و پودینگ هایی مانند چیزکیک و پاولوا استفاده می شو
Lamiz Coffee,سیروپ بادام مونین,,,,,,,,,,,https://lamizcoffee.com/product/almond-syrup/,"بادام میوه درخت بادام است که به خاطر گلهای معطر صورتی و سفیدش مشهور است. طعم بادام شیرین ملایم است و فقط کمی شیرینی دارد. این طعم در پخت شیرینی و در مارسیپان ، آب نبات سنتی اروپایی و مدیترانه ای استفاده نیزمی شوند. 
رنگ : سفید مات/ روش های زیادی برای کار با سیروپ بادام  MONIN  وجود دارد. معروف ترین دستورالعمل Mai Tai است اما سعی کنید سیروپ بادام MONIN را با سیروپ لیمو MONIN در یک نوشیدنی ترکیب کنی"
Lamiz Coffee,سیروپ بلوبری مونین,,Natural,Dark,,,,,,,,https://lamizcoffee.com/product/blueberry-syrup/,"بلوبری  ، میوه بومی آمریکای شمالی است اما اکنون در سراسر جهان کشت می شود. بلوبری دارای طعم شیرین متعادل با کمی ترشی هستند، نوع کشت شده آن دارای طعم کمی شدیدتر از انواع وحشی است.  سیروپ بلوبری مونین  طعم و عطر کوه های وحشی را برای تهیه کوکتل های میوه ای معطر ، اسموتی ها و نوشیدنی های با تم دسر فراهم می کند. 
برای قرن ها، بلوبری محبوبیت خود را در سراسر جهان حفظ کرد. طعم   سیروپ بلوبری   ما طعم طبیعی"
Lamiz Coffee,سیروپ تریپل سک کراسائو,,,,,,,,,,,https://lamizcoffee.com/product/triple-sec-syrup/,"سیروپ Triple Sec Curaçao یکی از طعم های بکر  MONIN ، که نسخه لیکور پرتقال تلخ و شیرین معروف است. Triple sec که از پوست خشک پرتقال تلخ و شیرین تهیه شده است، یک نوشیدنی با طعم پرتقال است که در اصل در اواسط قرن نوزدهم در فرانسه ساخته شد. آن را به صورت مرتب به عنوان یک هضم کننده مصرف می کنند یا در نوشیدنی هایی مانند چای سرد استفاده می شود. 
طعم ملایم پوست پرتقال MONIN Triple Sec Curaçao به خوبی با لیم"
Lamiz Coffee,سیروپ آیریش مونین,,,,,,,,,,,https://lamizcoffee.com/product/irish-syrup/,"سیروپ آیریش  MONIN  به عنوان یکی از طیف‌های «طعم بکر» توسعه یافته است. سیروپ آیریش MONIN برای ایجاد قهوه های ایرلندی ، قهوه های تخصصی، نوشیدنی های با تم دسر و اسموتی ها عالی است. این سیروپ با ترکیبی ظریف از طعم‌ها، به شما امکان می‌دهد تا انواع دستور العمل‌های قهوه یا حتی لبنیات را ایجاد کنید. 
رنگ :قهوه ای با درخشش کهربایی"
Lamiz Coffee,سیروپ انبه مونین,,,,,,,,,,,https://lamizcoffee.com/product/mango-syrup/,"سیروپ انبه  مونین  
 میوه ملی هند، فیلیپین و پاکستان، انبه بومی آسیای جنوب شرقی است و به عنوان «سیب مناطق استوایی» شناخته می شود. میوه و برگ آن برای تزیین طاق ها و درهای خانه های هندی در جشن هایی مانند عروسی استفاده می شود. 
گوشت غنی از آبدار انبه که به صورت خام خورده می شود، شیرینی معطری دارد. انواع مختلفی از انبه وجود دارد که میتواند درسالاد و پودینگ های اروپایی مانند پاولوا، تارت، بستنی و شربت "
Lamiz Coffee,سیروپ انار مونین,,,,Whole bean,,,,,,,https://lamizcoffee.com/product/pomegranate-syrup/,"سیروپ انار مونین 
 دانه‌های این میوه گرچه کوچک اند اما طعمی باور نکردنی و خوش‌طعم دارند. 
 سیروپ انار ما این وعده را می‌دهد که تا میزان زیادی به مارگریت‌ها، مارتینی‌ها یا جهان بینی‌های بینظیر اضافه کند. 
 سیروپ انار مونین طعمی خاص به کوکتل‌ها، موکتیل‌ها، چای‌ها و سوداها اضافه می‌کند."
Lamiz Coffee,سیروپ لوندر مونین,,,,,,,,,,,https://lamizcoffee.com/product/lavander-syrup/,اسطوخودوس که به طور گسترده در عطرها ، آروماتراپی و بسیاری از محصولات خانگی استفاده می شود ، از زمان یونان و روم به دلیل خواص معطر ، آرام بخش ، ضد عفونی کننده و خواب آور شناخته شده است. اسطوخودوس با فراوانی گلهای بنفش معطر ، یک ویژگی خیره کننده در هر باغ و یا به عنوان دکوراسیون ایجاد می کند. در آشپزی ، اسطوخودوس به ویژه در دسرها خوب است و با شکلات همخوانی دارد. اغلب با پنیرهای شیر گوسفندی و شیر بز 
Lamiz Coffee,سیروپ کدو‌حلوایی مونین,,,,,,,,,,,https://lamizcoffee.com/product/pumpkin-spice-syrup/,"سیروپ ادویه کدو تنبل MONIN طعم آرامش بخش کدو تنبل را با طعم های پررنگ دارچین و میخک متعادل می کند. 
کدو تنبل با پاییز و فصل برداشت و با سنت های دوست داشتنی خانوادگی همراه است. در این سیروپ فوق العاده، کدو تنبل با ادویه جات ترکیب می شود تا ترکیبی از طعم های لذیذ باشد. 
سیروپ ادویه کدو تنبل MONIN که با مواد منتخب و شکر خالص ساخته شده است، یک طعم دهنده بسیار غلیظ و اصیل با تطبیق پذیری استثنایی برای ا"
Lamiz Coffee,سیروپ آمارتو مونین,,Natural,,Ground,,,,,,,https://lamizcoffee.com/product/amaretto-syrup/,"شربت آمارتو  MONIN  بر اساس لیکور شیرین ایتالیایی با طعم بادام طراحی شده است. نام آمارتو که با طعم متمایز &#8220;ماندوریا-آمارا&#8221; یا بادام تلخ مشخص می شود ، در ایتالیایی به معنی &#8220;کمی تلخ&#8221; است. 
امروزه آمارتو معمولاً با استفاده از هسته زردآلو تهیه می شود و همچنین ممکن است حاوی بادام، ادویه جات و طعم دهنده های دیگر باشد. 
مونین سیروپ آمارتو طعم تلخ و شیرین این لیکور محبوب را ارائه م"
Lamiz Coffee,سیروپ لایم مونین,,,,,,,,,,,https://lamizcoffee.com/product/lime-syrup/,
Lamiz Coffee,قهوه سرد دم نیترو شکلاتی,,Natural,,Whole bean,,,,,,,https://lamizcoffee.com/product/nitro-chocolate-cold-brew-coffee/,"این محصول که با آب سرد و در مدت طولانی دم آوری میشود؛ نتیجه ی این فرآیند، نوشیدینی با شیرینی بیشتر ، اسیدیته و تلخی پایین تر و طعمی متعادل و دل پذیر است. 
 افزودن نیتروژن به قهوه سرد دم، بافتی خامه ای و روان ایجاد میکند و باعث شفافیت طعمی میشود.در این روش، زمان جای دما را در عصاره گیری میگیرد؛ آب با دمای حدود 25 درجه سلسیوس طی 24 ساعت قهوه را عصاره گیری می کند. 
 این نوشیدنی کاملا طبیعی، بدون هیچگ"
Lamiz Coffee,قهوه سرد دم نیترو کاراملی,,Natural,,Whole bean,,,,,,,https://lamizcoffee.com/product/nitro-caramel-iced-coffee/,"این محصول که با آب سرد و در مدت طولانی دم آوری میشود؛ نتیجه ی این فرآیند، نوشیدینی با شیرینی بیشتر ، اسیدیته و تلخی پایین تر و طعمی متعادل و دل پذیر است. 
 افزودن نیتروژن به قهوه سرد دم، بافتی خامه ای و روان ایجاد میکند و باعث شفافیت طعمی میشود.در این روش، زمان جای دما را در عصاره گیری میگیرد؛ آب با دمای حدود 25 درجه سلسیوس طی 24 ساعت قهوه را عصاره گیری می کند. 
 این نوشیدنی کاملا طبیعی، بدون هیچگ"
Lamiz Coffee,قهوه سرد دم نیترو وانیلی,,Natural,,Whole bean,,,,,,,https://lamizcoffee.com/product/nitro-vanilla-cold-brew-coffee/,"این محصول که با آب سرد و در مدت طولانی دم آوری میشود؛ نتیجه ی این فرآیند، نوشیدینی با شیرینی بیشتر ، اسیدیته و تلخی پایین تر و طعمی متعادل و دل پذیر است. 
 افزودن نیتروژن به قهوه سرد دم، بافتی خامه ای و روان ایجاد میکند و باعث شفافیت طعمی میشود.در این روش، زمان جای دما را در عصاره گیری میگیرد؛ آب با دمای حدود 25 درجه سلسیوس طی 24 ساعت قهوه را عصاره گیری می کند. 
 این نوشیدنی کاملا طبیعی، بدون هیچگ"
Lamiz Coffee,قهوه سرد دم نیترو,,Natural,,Whole bean,,,,,,,https://lamizcoffee.com/product/nitro-cold-brew-coffee/,"این محصول که با آب سرد و در مدت طولانی دم آوری میشود؛ نتیجه ی این فرآیند، نوشیدینی با شیرینی بیشتر ، اسیدیته و تلخی پایین تر و طعمی متعادل و دل پذیر است. 
 افزودن نیتروژن به قهوه سرد دم، بافتی خامه ای و روان ایجاد میکند و باعث شفافیت طعمی میشود.در این روش، زمان جای دما را در عصاره گیری میگیرد؛ آب با دمای حدود 25 درجه سلسیوس طی 24 ساعت قهوه را عصاره گیری می کند. 
 این نوشیدنی کاملا طبیعی، بدون هیچگ"
Lamiz Coffee,پودر ماسالا &#8211; 500 گرم,,,Dark,Ground,500.0,,,,,,https://lamizcoffee.com/product/masalla-powder/,"چای ماسالا نوعی نوشیدنی سنتی هندی است که از ادویه های مختلف تهیه میشود. این ترکیب آرام بخش طعمی غنی و شیرین دارد و دارای خواص تقویتی و آرام بخش است. در بسیاری از فرهنگ ها ماسالا به عنوان نوشیدنی آرام بخش و انرژی زا شناخته میشود. 
  دستورالعمل پیشنهادی لمیز: چهار قاشق غذاخوری پر معادل سی گرم از پودر ماسالا را در 250 میلی لیتر شیر یا آب بریزید و به مدت 3 الی 4 دقیقه روی حرارت قرار دهید تا شیر یا آب "
Lamiz Coffee,پودر هات‌ چاکلت &#8211; 500 گرم,,,Dark,Ground,500.0,,,,,,https://lamizcoffee.com/product/hot-chocolate-powder/,"پودر هات چاکلت لمیز دارای فرمولاسیون خاص هست که از مرغوب ترین مواد تشکیل شده است. در کنار خاصیت حل شوندگی آسان و سریع، دارای طعمی دلنشین و بافتی خامه ای و یکدست است و همچنین به شما این امکان را میدهد که با تغییر در میزان پودر با حفظ کیفیت در طعم و بافت به غلظت دلخواه برسید. 
  دستورالعمل پیشنهادی لمیز:  چهار قاشق غذاخوری پر معادل سی گرم از پودر هات چاکلت را در 250 میلی لیتر شیر یا آب بریزید و به م"
Lamiz Coffee,قهوه ترک‌ با‌هل &#8211; 1 کیلوگرم,Uganda,,,Whole bean,1000.0,,,,,,https://lamizcoffee.com/product/turkish-coffee-cardamom-1kg/,"قهوه ترک با هل لمیز از ترکیبات قدیمی و پر طرفدار است که همچنان محبوبیت خود را حفظ کرده است. این قهوه را می‌توان با شیر نیز دم کرد که طعمی خوشایند به آن می‌بخشد. 
 قهوه ترک با هل لمیز از دانه‌های با کیفیت روبوستای کشور اوگاندا تهیه شده است و همراه با هل، با ریزترین درجه‌ی آسیاب (پودری) آماده می‌شود. 
 این قهوه در قهوه جوش‌های مسی به نام جذوه دم شده و در حجم کم در فنجان‌ها سرو می‌شود. تفاوت اصلی قهو"
Lamiz Coffee,قهوه ترک‌ با‌هل &#8211; 250 گرم,Uganda,,,Whole bean,250.0,,,,,,https://lamizcoffee.com/product/turkish-coffee-cardamom-250gr/,"قهوه ترک با هل لمیز از ترکیبات قدیمی و پر طرفدار است که همچنان محبوبیت خود را حفظ کرده است. این قهوه را می‌توان با شیر نیز دم کرد که طعمی خوشایند به آن می‌بخشد. 
 قهوه ترک با هل لمیز از دانه‌های با کیفیت روبوستای کشور اوگاندا تهیه شده است و همراه با هل، با ریزترین درجه‌ی آسیاب (پودری) آماده می‌شود. 
 این قهوه در قهوه جوش‌های مسی به نام جذوه دم شده و در حجم کم در فنجان‌ها سرو می‌شود. تفاوت اصلی قهو"
Lamiz Coffee,قهوه ترک &#8211; 1 کیلوگرم,Uganda,,,Whole bean,1000.0,,,,,,https://lamizcoffee.com/product/turkish-coffee-1kg/,"قهوه ترک لمیز از دان‌های با کیفیت ربوستای کشور اوگاندا تهیه شده است که طعم آن شیرین و شکلاتی است و کرمای بالایی دارد. 
 در این نوع روش دم‌آوری دانه‌های تازه برشت شده‌ی ربوستا بادرجه‌ای بسیار ریز (پودری) آسیاب می‌شوند و در قهوه جوش‌های مسی به نام جذوه درست می‌شود و در حجم کم در فنجان‌ها سرو می‌شود. 
 تفاوت اصلی قهوه‌ی ترک با سایر روش‌هام دم آوری غلظت بالای آن است."
Lamiz Coffee,قهوه ترک &#8211; 250 گرم,Uganda,,,Whole bean,250.0,,,,,,https://lamizcoffee.com/product/turkish-coffee-250gr/,"قهوه ترک لمیز از دان‌های با کیفیت ربوستای کشور اوگاندا تهیه شده است که طعم آن شیرین و شکلاتی است و کرمای بالایی دارد. 
 در این نوع روش دم‌آوری دانه‌های تازه برشت شده‌ی ربوستا بادرجه‌ای بسیار ریز (پودری) آسیاب می‌شوند و در قهوه جوش‌های مسی به نام جذوه درست می‌شود و در حجم کم در فنجان‌ها سرو می‌شود. 
 تفاوت اصلی قهوه‌ی ترک با سایر روش‌هام دم آوری غلظت بالای آن است."
Lamiz Coffee,قهوه دیکف هندوراس &#8211; 1 کیلوگرم,Honduras,,,,1000.0,,,,,,https://lamizcoffee.com/product/swiss-water-house-blend-1kg/,"Swiss Water House Blend 100%Arabi   
 قهوه دیکف ‌اسپرسو لمیز قهوه‌ای ۱۰۰% عربیکا تک خاستگاه از کشور هندوراس می‎باشد، که برای ﻧوشیدن در شب و یا کسانی که به کافئین حساس هستند، مناسب ترین گزینه است. 
پیشنهاد ما برای دم آوری این قهوه، به روش دم آوری میباشد&#8221;"
Lamiz Coffee,قهوه دیکف هندوراس &#8211; 250 گرم,Honduras,,,,250.0,,,,,,https://lamizcoffee.com/product/swiss-water-house-blend-250gr/,"Swiss Water House Blend 100%Arabi   
 قهوه دیکف ‌اسپرسو لمیز قهوه‌ای ۱۰۰% عربیکا تک خاستگاه از کشور هندوراس می‎باشد، که برای ﻧوشیدن در شب و یا کسانی که به کافئین حساس هستند، مناسب ترین گزینه است. 
پیشنهاد ما برای دم آوری این قهوه، به روش دم آوری می‌باشد&#8221;"
Lamiz Coffee,قهوه دیکف‌ اسپرسو &#8211; 1 کیلوگرم,,,,Whole bean,1000.0,,,,,,https://lamizcoffee.com/product/swiss-water-espresso-blend-1kg/,"Swiss Water Espresso Blend 100%Arabica   
 قهوه بدون‌کافئین سوئیس‌واتر لمیز ترکیبی از دانه های قهوه ۱۰۰%عربیکا از کشورهای متفاوت که است که بسیار مناسب برای اسپرسو میباشد. 
این محصول، قهوه ای هست که با حساسیت بسیار باﻻ کافئینش خارج شده به نحوی که تمام تلاش بر این بوده که هیچ تغییری در شاخصه های طعمی قهوه ایجاد نشده باشد. 
این قهوه برای ﻧوشیدن در شب و یا کسانی که به کافئین حساس هستند، مناسب ترین گزی"
Lamiz Coffee,قهوه پی بی (PB) &#8211; 1 کیلوگرم,,Honey,,Whole bean,1000.0,,,,,,https://lamizcoffee.com/product/pb-coffee-1kg/,"قهوه ی پی بی از دانه های با کیفیت روبوستای پی بی هند تهیه شده است. این قهوه با طعم یادهای ادویه‌ای و بادام تلخ عصاره‌ای با تلخی خوشایند ،حس دهانی پر و ماندگار و پایانی قوی با تنواری بالا دارد. در ترکیب با شیر نیز طعمی باثبات و قوی ارائه می‌دهد.مناسب برای کسانی که طرفدار قهوه با طعمی قوی و کافئین بالا هستند. 
 پیشنهاد ما برای دم‌آوری: اسپرسو ماشین و موکاپات"
Lamiz Coffee,قهوه پی بی (PB) &#8211; 250 گرم,,Honey,,Whole bean,250.0,,,,,,https://lamizcoffee.com/product/pb-coffee-250gr/,"قهوه ی پی بی از دانه های با کیفیت روبوستای پی بی هند تهیه شده است. این قهوه با طعم یادهای ادویه‌ای و بادام تلخ عصاره‌ای با تلخی خوشایند ،حس دهانی پر و ماندگار و پایانی قوی با تنواری بالا دارد. در ترکیب با شیر نیز طعمی باثبات و قوی ارائه می‌دهد.مناسب برای کسانی که طرفدار قهوه با طعمی قوی و کافئین بالا هستند. 
 پیشنهاد ما برای دم‌آوری: اسپرسو ماشین و موکاپات"
Lamiz Coffee,قهوه شماره 50 &#8211; 1 کیلوگرم,,,,,1000.0,,,,,,https://lamizcoffee.com/product/number-50-coffee-1kg/,"ترکیب مساوی عربیکا و روبوستا، عصاره‌ای با بافتی خامه‌ای و سنگین خلق کرده است؛ مناسب برای کسانی که به‌دنبال کافئین بیشتر هستند. 
 تلخی ملایم روبوستا با شیرینی شکلاتی عربیکا ترکیب شده و نتیجه، طعمی عمیق و متعادل است که از هر فنجان آن می‌توان لذت برد. 
  پیشنهاد ما برای دم‌آور  ی:  اسپرسو، موکاپات"
Lamiz Coffee,قهوه شماره 50 &#8211; 250 گرم,,,,,250.0,,,,,,https://lamizcoffee.com/product/number-50-coffee-250gr/,"ترکیب مساوی عربیکا و روبوستا، عصاره‌ای با بافتی خامه‌ای و سنگین خلق کرده است؛ مناسب برای کسانی که به‌دنبال کافئین بیشتر هستند. 
 تلخی ملایم روبوستا با شیرینی شکلاتی عربیکا ترکیب شده و نتیجه، طعمی عمیق و متعادل است که از هر فنجان آن می‌توان لذت برد. 
  پیشنهاد ما برای دم‌آور  ی:  اسپرسو، موکاپات"
Lamiz Coffee,قهوه نیرا &#8211; 1 کیلوگرم,Uganda,,,Whole bean,1000.0,,,,,,https://lamizcoffee.com/product/nira-coffee-1kg/,"قهوه‌ی نیرا لمیز از دانه‌های قهوه‌ی ربوستا‌ی مرغوب کشور اوگاندا تهیه شده است. این محصول دارای اسیدیته‌ی پایین بافتی سنگین و غلیظ است. 
 مناسب برای کسانی که به دنبال تلخی مطلوب قهوه و کافئین بالا هستند. 
 پیشنهاد ما برای دم‌آوری: اسپرسو، موکاپات"
Lamiz Coffee,قهوه نیرا &#8211; 250 گرم,Uganda,,,Whole bean,250.0,,,,,,https://lamizcoffee.com/product/nira-coffee-250gr/,"قهوه‌ی نیرا لمیز از دانه‌های قهوه‌ی ربوستا‌ی مرغوب کشور اوگاندا تهیه شده است. این محصول دارای اسیدیته‌ی پایین بافتی سنگین و غلیظ است. 
 مناسب برای کسانی که به دنبال تلخی مطلوب قهوه و کافئین بالا هستند. 
 پیشنهاد ما برای دم‌آوری: اسپرسو، موکاپات"
Lamiz Coffee,قهوه باریستا &#8211; 1 کیلوگرم,,,Medium,Whole bean,1000.0,,,,,,https://lamizcoffee.com/product/barista-coffee-1kg/,"قهوه ی باریستا یکی از قدیمی ترین و پرطرفدارترین ترکیبات قهوه  ارائه شده توسط مجموعه لمیز میباشد برای کسانی که به دنبال عطر و طعم دانه های قهوه ی عربیکا و کافئین و تلخی مطلوب ربوستا هستند. نتیجه نهایی، قهوه‌ای خوش‌طعم، متعادل و با غلظت بالا است. 
 پیشنهاد ما برای دم‌آوری: اسپرسو، موکاپات"
Lamiz Coffee,قهوه باریستا &#8211; 250 گرم,,,Medium,Whole bean,250.0,,,,,,https://lamizcoffee.com/product/barista-coffee-250gr/,"قهوه ی باریستا یکی از قدیمی ترین و پرطرفدارترین ترکیبات قهوه  ارائه شده توسط مجموعه لمیز میباشد برای کسانی که به دنبال عطر و طعم دانه های قهوه ی عربیکا و کافئین و تلخی مطلوب ربوستا هستند. نتیجه نهایی، قهوه‌ای خوش‌طعم، متعادل و با غلظت بالا است. 
 پیشنهاد ما برای دم‌آوری: اسپرسو، موکاپات"
Lamiz Coffee,قهوه شماره ۲۳ &#8211; 1 کیلوگرم,,,Medium,,1000.0,,,,,,https://lamizcoffee.com/product/number-23-coffee-1kg/,"قهوه شماره 23 با طعم‌یادهای واضح شکلات و آجیلی، اسیدیته‌ی پایین وتنواری  متوسط گزینه‌ای عالی برای ترکیب با شیر است. این قهوه تجربه‌ای متعادل و خوش‌عطر را برای دوست‌داران اسپرسو فراهم می‌کند. 
  پیشنهاد ما برای دم‌آور  ی:  اسپرسو ماشین و موکاپات"
Lamiz Coffee,قهوه شماره ۲۳ &#8211; 250 گرم,,,Medium,,250.0,,,,,,https://lamizcoffee.com/product/number-23-coffee-250gr/,"قهوه شماره 23 با طعم‌یادهای واضح شکلات و آجیلی، اسیدیته‌ی پایین وتنواری  متوسط گزینه‌ای عالی برای ترکیب با شیر است. این قهوه تجربه‌ای متعادل و خوش‌عطر را برای دوست‌داران اسپرسو فراهم می‌کند. 
 پیشنهاد ما برای دم‌آوری: اسپرسو ماشین و موکاپات"
Lamiz Coffee,قهوه اختصاصی &#8211; 1 کیلوگرم,Brazil,,Medium,Whole bean,1000.0,,,,,,https://lamizcoffee.com/product/exclusive-blend-coffee-1kg/,"قهوه اختصاصی ترکیبی از دانه‌های باکیفیت مزارع کلمبیا و برزیل است که با بهره‌گیری از برشته‌کاری با دقت بالا، توازنی دلپذیر میان اسیدیته‌ی شفاف و طعم‌یادهای شکلاتی  ایجاد کرده است. 
 قهوه اختصاصی (هاوس بلند) انتخابی حرفه‌ای برای علاقه‌مندان به اسپرسو با وضوح طعمی بالا و اسیدیته‌ی شفاف و دلپذیر محسوب می‌شود. 
 پیشنهاد ما برای دم‌آوری این قهوه: اسپرسو و موکاپات"
Lamiz Coffee,قهوه اختصاصی &#8211; 250 گرم,Brazil,,Medium,Whole bean,250.0,,,,,,https://lamizcoffee.com/product/exclusive-blend-coffee-250gr/,"قهوه اختصاصی ترکیبی از دانه‌های باکیفیت مزارع کلمبیا و برزیل است که با بهره‌گیری از برشته‌کاری با دقت بالا، توازنی دلپذیر میان اسیدیته‌ی شفاف و طعم‌یادهای شکلاتی  ایجاد کرده است. 
 قهوه اختصاصی (هاوس بلند) انتخابی حرفه‌ای برای علاقه‌مندان به اسپرسو با وضوح طعمی بالا و اسیدیته‌ی شفاف و دلپذیر محسوب می‌شود. 
 پیشنهاد ما برای دم‌آوری این قهوه: اسپرسو و موکاپات"
Lamiz Coffee,قهوه دیکف‌ اسپرسو &#8211; 250 گرم,Colombia,Natural,,Whole bean,250.0,,,,,,https://lamizcoffee.com/product/swiss-water-espresso-blend-250gr/,"کافئین زدایی به روش سوئیس واتر یک فرآیند کاملا طبیعی و بدون استفاده از مواد شیمیایی است که به ویژه به دلیل حفظ طعم و عطر دانه های قهوه معروف است.قهوه دیکف لمیز از دانه های عربیکا کشور کلمبیا تهیه شده است. برای نوشیدن در شب و یا کسانی که به کافئین حساس هستند،مناسب ترین گزینه است. 
  پیشنهاد ما برای دم آوری این قهوه :تمامی روش های عصاره گیری"
Lamiz Coffee,قهوه تک خاستگاه گوجی &#8211; 250 گرم,Peru,Honey,,,250.0,,,,,,https://lamizcoffee.com/product/ethiopian-goji-coffee-beans/,قهوه گوجی به دلیل روش‌های کشت و فرآوری ویژه، دارای پروفایل طعمی بسیار غنی و متنوعی است. این قهوه با طعم یادهایی از میوه‌های مرکباتی مثل لیمو و پرتقال شناخته می‌شود. علاوه بر این، نت‌های گلی نیز در این قهوه محسوس است که ترکیبی منحصر به فرد از شیرینی و اسیدیته متعادل را ارائه می‌دهد، همچنین این قهوه با اسیدیته‌ای ملایم و احساس دهانی سنگین و پس مزه‌ی شیرین مناسب استفاده برای تمامی روش های عصاره گیری 
Lamiz Coffee,قهوه تک خاستگاه کوچره &#8211; 250 گرم,Ethiopia,Washed,,Whole bean,250.0,,,,,,https://lamizcoffee.com/product/kochere-single-origin/,"کوچره، از مناطق شناخته‌شده‌ی جنوب اتیوپی، با آب‌ و هوایی معتدل و بارانی و خاکی حاصل‌خیز، بخشی از حوزه‌ی قهوه‌های یرگاچف است و شرایط ایده‌آلی برای کشت قهوه دارد. 
 قهوه‌های این منطقه به‌ واسطه‌ی فرآوری شسته‌شده‌شان شهرت دارند. در این روش، دانه‌ها پس از جداسازی دقیق لایه‌های بیرونی، در آب قرار می‌گیرند تا موسیلاژ باقی‌مانده کاملاً پاک شود. این فرآوری کنترل‌شده، از تخمیر ناخواسته جلوگیری کرده و طعمی "
Lamiz Coffee,قهوه اتیوپی گوته &#8211; 250 گرم,Ethiopia,Honey,,,250.0,,,,,,https://lamizcoffee.com/product/gute-ethiopia-250-gr/,"منطقه‌ی اورومیا در اتیوپی، به‌واسطه‌ی شرایط آب‌وهوایی خاص و خاک حاصل‌خیز، یکی از مهم‌ترین نواحی تولید قهوه در این کشور به‌شمار می‌رود. قهوه‌های این منطقه به دلیل کیفیت بالا و طعم‌یادهای پیچیده، شهرت جهانی دارند. 
 این قهوه با طعم‌یادهای گلی، شیرینی دل‌نشین، رگه‌هایی از میوه‌های هسته دار، و بافتی روان و آبمیوه‌ای، انتخابی ایده‌آل برای مصرف روزانه است؛ به‌ویژه برای کسانی که در فنجان قهوه، به‌دنبال ت"
Lamiz Coffee,قهوه کلمبیا لاویا &#8211; 250 گرم,Colombia,Washed,,,250.0,,,,,,https://lamizcoffee.com/product/colombia-la-villa-250g/,"قهوه جدید ما از کلمبیا، منطقه‌ی هویلا، زیرگونه گشا و از مزرعه لاویا، در ارتفاع ۱۷۲۰ تا ۱۸۲۰ متری کشت شده و با فرآوری شسته بی‌هوازی آماده شده است. در این روش، گیلاس‌ها به مدت ۲۴ ساعت در مخازن بسته و بدون حضور هوا تخمیر می‌شوند تا لایه‌ای عمیق از پیچیدگی‌های عطری ایجاد شود. 
 این قهوه نمایانگر مهارت کشاورز و دقت در فرآوری است؛ جایی که کنترل تخمیر با حساسیت بالا، رایحه و ساختار فنجان را به سطحی فراتر"
Lamiz Coffee,کپسول لمیزپرسو میکس,,,,Whole bean,,,,,,,https://lamizcoffee.com/product/lamizpersso-mix/,"لمیزپرسو ها مناسب دستگاه‌های قهوه کپسولی هستند. کپسول‌های لمیزپرسو نسبت به نمونه‌های خارجی تازه برشته شده تر هستندو به همین دلیل، ویژگی‌ها و عطر و طعم قهوه را بهتر حفظ می‌کنند. 
 همچنین بیشتر لاین های فروش دانه های قهوه لمیز به صورت کپسول موجود هستند تا افرادی که از دستگاه های قهوه کپسولی برای آماده کردن قهوه ی روزانه‌ی خود استفاده میکنند هم بتوانند از قهوه های لمیز استفاده کنند. 
 در این بسته بند"
Lamiz Coffee,کپسول لمیزپرسو نیرا,Uganda,,Medium,Whole bean,,,,,,,https://lamizcoffee.com/product/lamizpersso-nira/,"لمیزپرسو ها مناسب دستگاه‌های قهوه کپسولی هستند. کپسول‌های لمیزپرسو نسبت به نمونه‌های خارجی تازه برشته شده تر هستند و به همین دلیل، ویژگی‌ها و عطر و طعم قهوه را بهتر حفظ می‌کنند.همچنین بیشتر لاین های فروش دانه های قهوه لمیز به صورت کپسول موجود هستند تا افرادی که از دستگاه های قهوه کپسولی برای آماده کردن قهوه‌ی روزانه ی خود استفاده میکنند هم بتوانند از قهوه های لمیز استفاده کنند. 
 قهوه ی نیرا لمیز "
Lamiz Coffee,کپسول لمیزپرسو باریستا,,,Medium,Whole bean,,,,,,,https://lamizcoffee.com/product/lamizpersso-barista/,"لمیزپرسو ها مناسب دستگاه‌های قهوه کپسولی هستند. کپسول‌های لمیزپرسو نسبت به نمونه‌های خارجی تازه برشته شده تر هستندو به همین دلیل، ویژگی‌ها و عطر و طعم قهوه را بهتر حفظ می‌کنند.همچنین بیشتر لاین های فروش دانه های قهوه لمیز به صورت کپسول موجود هستند تا افرادی که از دستگاه های قهوه کپسولی برای آماده کردن قهوه ی روزانه‌ی خود استفاده میکنند هم بتوانند از قهوه های لمیز استفاده کنند. 
 قهوه ی باریستا یکی"
Lamiz Coffee,کپسول لمیزپرسو تک‌ خاستگاه,,Honey,Medium,Whole bean,,,,,,,https://lamizcoffee.com/product/lamizpersso-single-origin/,"لمیزپرسو ها مناسب دستگاه‌های قهوه کپسولی هستند. کپسول‌های لمیزپرسو نسبت به نمونه‌های خارجی تازه برشته شده تر هستند و به همین دلیل، ویژگی‌ها و عطر و طعم قهوه را بهتر حفظ می‌کنند. 
 همچنین بیشتر لاین های فروش دانه های قهوه لمیز به صورت کپسول موجود هستند تا افرادی که از دستگاه های قهوه کپسولی برای آماده کردن قهوه ی روزانه‌ی خود استفاده میکنند هم بتوانند از قهوه های لمیز استفاده کنند. 
 این قهوه دارای"
Lamiz Coffee,کپسول لمیزپرسو اختصاصی,Brazil,,Medium,Whole bean,,,,,,,https://lamizcoffee.com/product/lamizpresso-house-blend/,"لمیزپرسو ها مناسب دستگاه‌های قهوه کپسولی هستند. کپسول‌های لمیزپرسو نسبت به نمونه‌های خارجی تازه برشته شده تر هستندو به همین دلیل، ویژگی‌ها و عطر و طعم قهوه را بهتر حفظ می‌کنند.همچنین بیشتر لاین های فروش دانه های قهوه لمیز به صورت کپسول موجود هستند تا افرادی که از دستگاه های قهوه کپسولی برای آماده کردن قهوه ی روزانه ی خود استفاده میکنند هم بتوانند از قهوه های لمیز استفاده کنند. 
 این محصول ترکیبی ا"
Lamiz Coffee,کپسول لمیزپرسو دیکف,Colombia,Natural,,Whole bean,,,,,,,https://lamizcoffee.com/product/lamizpresso-decaf/,"لمیزپرسو ها مناسب دستگاه‌های قهوه کپسولی هستند. کپسول‌های لمیزپرسو نسبت به نمونه‌های خارجی تازه برشته شده تر هستند و به همین دلیل، ویژگی‌ها و عطر و طعم قهوه را بهتر حفظ می‌کنند.همچنین بیشتر لاین های فروش دانه های قهوه لمیز به صورت کپسول موجود هستند تا افرادی که از دستگاه های قهوه کپسولی برای آماده کردن قهوه ی روزانه‌ی خود استفاده میکنند هم بتوانند از قهوه های لمیز استفاده کنند. 
 کافئین زدایی به ر"
Lamiz Coffee,دمنوش ذن دم قوطی,,,,,12.0,,,,,,https://lamizcoffee.com/product/zen-garden-herbal/,"ترکیبات: 
 بابونه، لمون‌گرس 
 &nbsp; 
 نحوه دم آوری: 
 مقدار 12 گرم معادل 8 قاشق چای خوری از دمنوش را به همراه 300 میلی لیتر آب داغ (90 تا 95 درجه سانتی گراد) به مدت 8 دقیقه دم آوری کنید. 
 &nbsp; 
   برای آشنایی بیشتر با محصولات چای و دمنوش کلیک کنید.    
 &nbsp;"
Lamiz Coffee,دمنوش باز دم قوطی,,,,,12.0,,,,,,https://lamizcoffee.com/product/sereni-tea-glow/,"ترکیبات: 
 چای سیاه، چای به، بهارنارنج 
 &nbsp; 
 نحوه دم آوری: 
 مقدار 12 گرم معادل 8 قاشق چای خوری از دمنوش را به همراه 300 میلی لیتر آب داغ (90 تا 95 درجه سانتی گراد) به مدت 8 دقیقه دم آوری کنید. 
 &nbsp; 
   برای آشنایی بیشتر با محصولات چای و دمنوش کلیک کنید.    
 &nbsp;"
Lamiz Coffee,دمنوش دم به دم قوطی,,,,,8.0,,,,,,https://lamizcoffee.com/product/vitali-tea/,"ترکیبات: 
 جینسینگ، زنجبیل، زیره سیاه، گل محمدی، دارچین، هل، پرتقال، میخک 
 &nbsp; 
 نحوه دم آوری: 
 مقدار 8 گرم معادل 5 قاشق چای خوری از دمنوش را به همراه 300 میلی لیتر آب داغ (90 تا 95 درجه سانتی گراد) به مدت 10 دقیقه دم آوری کنید. 
 &nbsp; 
   برای آشنایی بیشتر با محصولات چای و دمنوش کلیک کنید.    
 &nbsp;"
Lamiz Coffee,ماسالا قوطی,,Natural,Dark,Ground,20.0,,,,,,https://lamizcoffee.com/product/masala-new/,"ترکیبات: 
 چای سیاه، دارچین، شیر خشک، پودر قند، زنجبیل، میخک، زردچوبه، هل، نشاسته ذرت، فلفل سیاه، نمک تصفیه شده خوراکی، جوزهندی، پایدارکننده طبیعی 
 &nbsp; 
 نحوه دم آوری: 
 مقدار 20 گرم معادل 5 قاشق چای خوری در 300 میلی لیتر شیر گرم یا آب داغ حل شود. 
 &nbsp; 
   برای آشنایی بیشتر با محصولات چای و دمنوش کلیک کنید.    
 &nbsp;"
Lamiz Coffee,چای سبز قوطی,,,,,5.0,,,,,,https://lamizcoffee.com/product/greens-tea/,"ترکیبات: 
 چای سبز 
 &nbsp; 
 نحوه دم آوری: 
 مقدار 5 گرم معادل 3 قاشق چای خوری از چای را به همراه 300 میلی لیتر آب داغ (80 تا 85 درجه سانتی گراد) به مدت 10 دقیقه دم آوری کنید. 
 &nbsp; 
   برای آشنایی بیشتر با محصولات چای و دمنوش کلیک کنید.    
 &nbsp;"
Lamiz Coffee,دمنوش تازه دم قوطی,,,,,4.0,,,,,,https://lamizcoffee.com/product/verbena-refresh/,"ترکیبات: 
 نعنا فلفلی 
 &nbsp; 
 نحوه دم آوری: 
 مقدار 4 گرم معادل 6 قاشق چای خوری از دمنوش را به همراه 300 میلی لیتر آب داغ (80 تا 85 درجه سانتی گراد) به مدت 4 دقیقه دم آوری کنید. 
 &nbsp; 
   برای آشنایی بیشتر با محصولات چای و دمنوش کلیک کنید.    
 &nbsp;"
Lamiz Coffee,دمنوش دم آشام ترش قوطی,,,,,15.0,,,,,,https://lamizcoffee.com/product/berry-sour-sip/,"ترکیبات: 
 چای ترش، کرن بری، آناناس، پاپایا، توت فرنگی، چای به 
 &nbsp; 
 نحوه دم آوری: 
 مقدار 15 گرم معادل 5 قاشق چای خوری از دمنوش را به همراه 300 میلی لیتر آب داغ (90 تا 95 درجه سانتی گراد) به مدت 10 دقیقه دم آوری کنید. 
 &nbsp; 
   برای آشنایی بیشتر با محصولات چای و دمنوش کلیک کنید.    
 &nbsp;"
Lamiz Coffee,دمنوش آسوده دم قوطی,,,,,12.0,,,,,,https://lamizcoffee.com/product/tranquili-herbal/,"ترکیبات: 
 توت فرنگی، چای سیب، چای به، گل محمدی، دارچین، هل 
 &nbsp; 
 نحوه دم آوری: 
 مقدار 12 گرم معادل 5 قاشق چای خوری از دمنوش را به همراه 300 میلی‌ لیتر آب داغ (90 تا 95 درجه سانتی گراد) به مدت 8 دقیقه دم ‌آوری کنید. 
 &nbsp; 
   برای آشنایی بیشتر با محصولات چای و دمنوش کلیک کنید.    
 &nbsp;"
Lamiz Coffee,دمنوش دم خواب قوطی,,,,,3.0,,,,,,https://lamizcoffee.com/product/sleepy-due/,"ترکیبات: 
 گل گاو زبان، لیمو 
 &nbsp; 
 نحوه دم آوری: 
 مقدار 3 گرم معادل 6 قاشق چای خوری از دمنوش را به همراه 300 میلی لیتر آب داغ (90 تا 95 درجه سانتی گراد) به مدت 10 دقیقه دم آوری کنید. 
 &nbsp; 
   برای آشنایی بیشتر با محصولات چای و دمنوش کلیک کنید.    
 &nbsp;"
Lamiz Coffee,چای لاهیجان قوطی,,,,,8.0,,,,,,https://lamizcoffee.com/product/lahijan-tea/,"ترکیبات: 
 چای سیاه لاهیجان 
 &nbsp; 
 نحوه دم آوری: 
 مقدار 8 گرم معادل 4 قاشق چای خوری از چای را به همراه 300 میلی ‌لیتر آب 95 درجه سانتی ‌گراد به مدت 10 دقیقه دم ‌آوری کنید. 
 &nbsp; 
   برای آشنایی بیشتر با محصولات چای و دمنوش کلیک کنید."
Lamiz Coffee,چای سیاه لمیز قوطی,,,,,5.0,,,,,,https://lamizcoffee.com/product/lamiz-tea/,"ترکیبات: 
 چای سیاه 
 &nbsp; 
 نحوه دم آوری: 
 مقدار 5 گرم معادل 6 قاشق چای خوری از چای را به همراه 300 میلی لیتر آب داغ (90 تا 95 درجه سانتی گراد) به مدت 10 دقیقه دم آوری کنید. 
 &nbsp; 
   برای آشنایی بیشتر با محصولات چای و دمنوش کلیک کنید."
Lamiz Coffee,پک شکلات &#8211; دو عدد شکلات 83 درصد,,,,,,,,,,,https://lamizcoffee.com/product/83-valentain-dark-chocolate/,
Lamiz Coffee,پک شکلات &#8211; شکلات 60 درصد و شکلات 83 درصد,,,,,,,,,,,https://lamizcoffee.com/product/60-83-valentain-dark-chocolate/,
Lamiz Coffee,پک شکلات &#8211; شکلات شیری و شکلات 83 درصد,,,,,,,,,,,https://lamizcoffee.com/product/83-milk-valentain-dark-chocolate/,
Lamiz Coffee,پک شکلات &#8211; شکلات شیری و شکلات 60 درصد,,,,,,,,,,,https://lamizcoffee.com/product/60-milk-valentain-dark-chocolate/,
Lamiz Coffee,پک شکلات &#8211; دو عدد شکلات 60 درصد,,,,,,,,,,,https://lamizcoffee.com/product/60-valentain-dark-chocolate/,
Lamiz Coffee,پک شکلات &#8211; دو عدد شکلات شیری,,,,,,,,,,,https://lamizcoffee.com/product/milk-valentain-chocolate/,
Rio,جذوه مسی دو نفره,,,,,,115000,,,False,ابزار تهیه قهوه; جذوه,https://www.rio.coffee/products/5010066,
Rio,جذوه مسی چهار نفره,,,,,,150000,,,False,ابزار تهیه قهوه; جذوه,https://www.rio.coffee/products/SKU_480,
Rio,فرنچ پرس 350 میل لیدو ساده,,,,,,,,,False,دستگاه‌های دم‌آوری قهوه; فرنچ پرس,https://www.rio.coffee/products/5010017,
Rio,فرنچ پرس 350 میل یی تیان,,,,,,,,,False,دستگاه‌های دم‌آوری قهوه; فرنچ پرس,https://www.rio.coffee/products/5010035,
Rio,فرنچ پرس 600 میل گرین بانک,,,,,,,,,False,دستگاه‌های دم‌آوری قهوه; فرنچ پرس,https://www.rio.coffee/products/5010060,
Rio,جذوه مسی شش نفره,,,,,,350000,,,False,ابزار تهیه قهوه; جذوه,https://www.rio.coffee/products/407054086005,
Rio,فرنچ پرس 350 میل لیدو پنگو,,,,,,,,,False,دستگاه‌های دم‌آوری قهوه; فرنچ پرس,https://www.rio.coffee/products/5010007,
Rio,فیلتر V60 کوچک سفید 100 عددی,,,,,,125000,,,False,ابزار تهیه قهوه,https://www.rio.coffee/products/5010073,
Rio,موکاپات دو نفره ساده,,,,,,220000,,,False,دستگاه‌های دم‌آوری قهوه; ابزار تهیه قهوه; موکاپات,https://www.rio.coffee/products/407057014001,
Rio,تمپر 51 تمام استیل,,,,,,,,,False,ابزار تهیه قهوه,https://www.rio.coffee/products/5010092,
Rio,موکاپات دو نفره بلک,,,,,,135000,,,False,دستگاه‌های دم‌آوری قهوه; ابزار تهیه قهوه; موکاپات,https://www.rio.coffee/products/5010074,
Rio,موکاپات شش نفره ساده برند Krea,,,,,,,,,False,دستگاه‌های دم‌آوری قهوه; ابزار تهیه قهوه; موکاپات,https://www.rio.coffee/products/5010109,
Rio,موکاپات شش نفره دو رنگ,,,,,,285000,,,False,دستگاه‌های دم‌آوری قهوه; ابزار تهیه قهوه; موکاپات,https://www.rio.coffee/products/5010075,
Rio,موکاپات 3 نفره کمر استیل,,,,,,,,,False,دستگاه‌های دم‌آوری قهوه; ابزار تهیه قهوه; موکاپات,https://www.rio.coffee/products/5010014,
Rio,تمپر 51 گتر دسته طلایی,,,,,,,,,False,ابزار تهیه قهوه,https://www.rio.coffee/products/5010133,
Rio,تمپر 58 ال بینز(صنعتی),,,,,,,,,False,ابزار تهیه قهوه,https://www.rio.coffee/products/5010094,
Rio,تراول ماگ کوچک,,,,,,190000,,,False,ابزار تهیه قهوه,https://www.rio.coffee/products/5010041,
Rio,فرنچ پرس 350 استیل,,,,,,,,,False,دستگاه‌های دم‌آوری قهوه; فرنچ پرس,https://www.rio.coffee/products/5010076,
Rio,تمپر 51 شیاردار دسته بلند,,,,,,,,,False,ابزار تهیه قهوه,https://www.rio.coffee/products/5010095,
Rio,فرنچ پرس 350 وینتیج,,,,,,,,,False,دستگاه‌های دم‌آوری قهوه; فرنچ پرس,https://www.rio.coffee/products/5010085,
Rio,موکاپات 6 نفره مات,,,,,,220000,,,False,دستگاه‌های دم‌آوری قهوه; ابزار تهیه قهوه; موکاپات,https://www.rio.coffee/products/5010233,
Rio,V60 طلقی,,,,,,225000,,,False,دستگاه‌های دم‌آوری قهوه; ابزار تهیه قهوه,https://www.rio.coffee/products/5010057,
Rio,تمپر 58 شیاردار(صنعتی),,,,,,290000,,,False,دستگاه‌های دم‌آوری قهوه; ابزار تهیه قهوه,https://www.rio.coffee/products/408081058008,
Rio,دله مسی,,,,,,265000,,,False,دستگاه‌های دم‌آوری قهوه; ابزار تهیه قهوه,https://www.rio.coffee/products/5010078,
Rio,آسیاب دستی گتر مخزن دار,,,,Ground,,802000,,,False,دستگاه‌های دم‌آوری قهوه; ابزار تهیه قهوه,https://www.rio.coffee/products/408071058002,
Rio,آسیاب استیل جنوا,,,,Ground,,280000,,,False,دستگاه‌های دم‌آوری قهوه; ابزار تهیه قهوه,https://www.rio.coffee/products/5010022,
Rio,تمپر 51 دسته برنجی,,,,,,,,,False,دستگاه‌های دم‌آوری قهوه; ابزار تهیه قهوه,https://www.rio.coffee/products/5010161,
Rio,فرنچ پرس 600 نوستالژی,,,,,,,,,False,دستگاه‌های دم‌آوری قهوه; فرنچ پرس,https://www.rio.coffee/products/5010098,
Rio,پیچر 350 rw مشکی,,,,,,306000,,,False,ابزار تهیه قهوه; پیچر,https://www.rio.coffee/products/5010070,
Rio,پک قهوه ترک,,,,,,,,,False,باندل,https://www.rio.coffee/products/5010230,
Rio,پیچر 600 موتا مشکی,,,,,,645000,,,False,ابزار تهیه قهوه; پیچر,https://www.rio.coffee/products/5010071,
Rio,قهوه ساز کمکس 4 نفره,,,,,,730000,,,False,دستگاه‌های دم‌آوری قهوه; ابزار تهیه قهوه,https://www.rio.coffee/products/407062086001,
Rio,قهوه ساز کمکس 6 نفره,,,,,,570000,,,False,دستگاه‌های دم‌آوری قهوه; ابزار تهیه قهوه,https://www.rio.coffee/products/0101010,
Rio,کتل طرح هریو ساده,,,,,,645000,,,False,دستگاه‌های دم‌آوری قهوه; ابزار تهیه قهوه; کتل,https://www.rio.coffee/products/5010087,
Rio,موکاپات برقی,,,,,,,,,False,دستگاه‌های دم‌آوری قهوه; ابزار تهیه قهوه; موکاپات,https://www.rio.coffee/products/5010106,
Rio,موکاپات بیالتی 6 نفره ساده,,,,,,,,,False,دستگاه‌های دم‌آوری قهوه; ابزار تهیه قهوه; موکاپات,https://www.rio.coffee/products/5010235,
Rio,تمپر 51 دسته چرمی,,,,,,,,,False,دستگاه‌های دم‌آوری قهوه; ابزار تهیه قهوه,https://www.rio.coffee/products/5010154,
Rio,تمپر 58 دسته چوبی(صنعتی),,,,,,,,,False,دستگاه‌های دم‌آوری قهوه; ابزار تهیه قهوه,https://www.rio.coffee/products/5010091,
Rio,فیلتر V60 کوچک 40 عددی کاهی,,,,,,,,,False,دستگاه‌های دم‌آوری قهوه; ابزار تهیه قهوه,https://www.rio.coffee/products/5010150,
Rio,تمپر 58 تمام استیل(صنعتی),,,,,,,,,False,دستگاه‌های دم‌آوری قهوه; ابزار تهیه قهوه,https://www.rio.coffee/products/5010061,
Rio,سرور 600 میل طرح هریو,,,,,,250000,,,False,دستگاه‌های دم‌آوری قهوه; ابزار تهیه قهوه,https://www.rio.coffee/products/5010199,
Rio,فیلتر 40 عددی کمکس اورجینال,,,,,,187000,,,False,دستگاه‌های دم‌آوری قهوه; ابزار تهیه قهوه,https://www.rio.coffee/products/5010236,
Rio,فلاسک دماسنج دار,,,,,,210000,,,False,ابزار تهیه قهوه,https://www.rio.coffee/products/5010121,
Rio,V60 سرامیکی,,,,,,265000,,,False,دستگاه‌های دم‌آوری قهوه; ابزار تهیه قهوه,https://www.rio.coffee/products/5010069,
Rio,آسیاب چوبی دستی,,,,Ground,,,,,False,دستگاه‌های دم‌آوری قهوه; ابزار تهیه قهوه,https://www.rio.coffee/products/5010101,
Rio,موکاپات بیالتی 3 نفره ساده,,,,,,726000,,,False,دستگاه‌های دم‌آوری قهوه; ابزار تهیه قهوه; موکاپات,https://www.rio.coffee/products/5010234,
Rio,مینی پرسو پودری GR,,,,Ground,,890000,,,False,دستگاه‌های دم‌آوری قهوه; ابزار تهیه قهوه,https://www.rio.coffee/products/SKU_644,
Rio,آسیاب استوانه کوتاه باریستا,,,,Ground,,,,,False,دستگاه‌های دم‌آوری قهوه; ابزار تهیه قهوه,https://www.rio.coffee/products/5010113,
Rio,فیلتر کاغذی شماره 4 100 عددی فرانسه ساز برقی,,,,,,178000,,,False,دستگاه‌های دم‌آوری قهوه; ابزار تهیه قهوه,https://www.rio.coffee/products/408087018001,
Rio,کاپریو - ساختن ترکیب دلخواه,,,,,,,,,False,قهوه,https://www.rio.coffee/products/SKU_3786,
Rio,پک فرنچ پرس 2,,,,,,744000,,,False,دستگاه‌های دم‌آوری قهوه; ابزار تهیه قهوه; باندل,https://www.rio.coffee/products/5010229,
Rio,پک موکا 2,,,,,,455000,,,False,دستگاه‌های دم‌آوری قهوه; ابزار تهیه قهوه; باندل; موکاپات,https://www.rio.coffee/products/5010225,
Rio,پک کمکس,,,,,,1455000,,,False,دستگاه‌های دم‌آوری قهوه; ابزار تهیه قهوه; باندل,https://www.rio.coffee/products/5010223,
Rio,پک سایفون,,,,,,1840000,,,False,دستگاه‌های دم‌آوری قهوه; ابزار تهیه قهوه; باندل,https://www.rio.coffee/products/5010228,
Rio,پک وی 60 دنیرو,,,,,,1589000,,,False,دستگاه‌های دم‌آوری قهوه; ابزار تهیه قهوه; باندل,https://www.rio.coffee/products/5010227,
Rio,پک مینی پرسو,,,,,,1193000,,,False,دستگاه‌های دم‌آوری قهوه; ابزار تهیه قهوه; باندل,https://www.rio.coffee/products/5010226,
Rio,پک باریستاریو,,,,,,7620000,,,False,دستگاه‌های دم‌آوری قهوه; ابزار تهیه قهوه; باندل,https://www.rio.coffee/products/5010224,
Rio,v60 استند و سرور,,,,,,725000,,,False,دستگاه‌های دم‌آوری قهوه; ابزار تهیه قهوه,https://www.rio.coffee/products/5010110,
Rio,فیلتر V60,,,,,,90000,,,False,دستگاه‌های دم‌آوری قهوه; ابزار تهیه قهوه,https://www.rio.coffee/products/5010072,
Rio,فیلتر کمکس,,,,,,165000,,,False,دستگاه‌های دم‌آوری قهوه; ابزار تهیه قهوه,https://www.rio.coffee/products/5010021,
Rio,تمپر لِوِلِر باریستا اسپیس,,,,,,1955000,,,False,دستگاه‌های دم‌آوری قهوه; ابزار تهیه قهوه,https://www.rio.coffee/products/5010137,
Rio,کتل باریستا اسپیس,,,,,,6240000,,,False,دستگاه‌های دم‌آوری قهوه; ابزار تهیه قهوه; کتل,https://www.rio.coffee/products/408072020001,
Rio,سایفون,,,,,,1400000,,,False,دستگاه‌های دم‌آوری قهوه; ابزار تهیه قهوه,https://www.rio.coffee/products/5010027,
Rio,ترازو دیجیتال,,,,,,457000,,,False,دستگاه‌های دم‌آوری قهوه; ابزار تهیه قهوه,https://www.rio.coffee/products/5010024,
Rio,ماگ رجینال متوسط,,,Medium,,,56000,,,False,ابزار تهیه قهوه,https://www.rio.coffee/products/5010080,
Rio,فلاسک کوچک دسته دار اسپرت,,,,,,230000,,,False,ابزار تهیه قهوه,https://www.rio.coffee/products/5010036,
Rio,فلاسک بزرگ دسته دار اسپرت,,,,,,255000,,,False,ابزار تهیه قهوه,https://www.rio.coffee/products/5010031,
Rio,تراول ماگ رنگی,,,,,,196000,,,False,ابزار تهیه قهوه,https://www.rio.coffee/products/5010139,
Rio,فلاسک سیتاران,,,,,,295000,,,False,ابزار تهیه قهوه,https://www.rio.coffee/products/SKU_5110,
Rio,ماگ رجینال کوچک,,,,,,50000,,,False,ابزار تهیه قهوه,https://www.rio.coffee/products/5010081,
Rio,تراول ماگ کرکماز,,,,,,205000,,,False,ابزار تهیه قهوه,https://www.rio.coffee/products/5010062,
Rio,ماگ کرامیکا مخروطی,,,,,,87000,,,False,ابزار تهیه قهوه,https://www.rio.coffee/products/5010152,
Rio,ماگ کرامیکا استوانه ای,,,,,,87000,,,False,ابزار تهیه قهوه,https://www.rio.coffee/products/5010151,
Rio,فنجان قهوه خوری,,,,,,72000,,,False,ابزار تهیه قهوه,https://www.rio.coffee/products/5010082,
Rio,تراول ماگ دسته دار ارتشی,,,,,,235000,,,False,ابزار تهیه قهوه,https://www.rio.coffee/products/5010028,
Rio,فنجان اسپرسو,,,,,,230000,,,False,ابزار تهیه قهوه,https://www.rio.coffee/products/5010142,
Rio,فنجان قهوه فرانسه,,,,,,252000,,,False,ابزار تهیه قهوه,https://www.rio.coffee/products/5010140,
Rio,فلاسک آب مسی,,,,,,255000,,,False,دستگاه‌های دم‌آوری قهوه; ابزار تهیه قهوه,https://www.rio.coffee/products/5010190,
Rio,جذوه مسی چهار نفره ساده,,,,,,125000,,,False,دستگاه‌های دم‌آوری قهوه; ابزار تهیه قهوه; جذوه,https://www.rio.coffee/products/5010067,
Rio,جذوه مسی قلم کاری شده,,,,,,95000,,,False,دستگاه‌های دم‌آوری قهوه; ابزار تهیه قهوه; جذوه,https://www.rio.coffee/products/SKU_8912,
Rio,ترک جوش برنجی دربدار,,,,,,380000,,,False,دستگاه‌های دم‌آوری قهوه; ابزار تهیه قهوه; جذوه,https://www.rio.coffee/products/SKU_8929,
Rio,ترک جوش خمره ای دربدار,,,,,,290000,,,False,دستگاه‌های دم‌آوری قهوه; ابزار تهیه قهوه; جذوه,https://www.rio.coffee/products/5010169,
Rio,کلور بزرگ طلقی,,,,,,310000,,,False,دستگاه‌های دم‌آوری قهوه; ابزار تهیه قهوه,https://www.rio.coffee/products/5010180,
Rio,ست بار سرد,,,,,,1000000,,,False,دستگاه‌های دم‌آوری قهوه; ابزار تهیه قهوه,https://www.rio.coffee/products/5010171,
Rio,ست بار سرد کافه,,,,,,1000000,,,False,دستگاه‌های دم‌آوری قهوه; ابزار تهیه قهوه,https://www.rio.coffee/products/5010204,
Rio,تمپر 51 دسته چوبی,,,,,,210000,,,False,دستگاه‌های دم‌آوری قهوه; ابزار تهیه قهوه,https://www.rio.coffee/products/5010064,
Rio,شیکر 500 میل رزگلد,,,,,,265000,,,False,دستگاه‌های دم‌آوری قهوه; ابزار تهیه قهوه,https://www.rio.coffee/products/5010177,
Rio,شیکر 500 میل هفت رنگ,,,,,,250000,,,False,دستگاه‌های دم‌آوری قهوه; ابزار تهیه قهوه,https://www.rio.coffee/products/5010176,
Rio,ناک باکس گتر ساده پلاستیکی رنگ مشکی,,,,,,510000,,,True,لوازم جانبی قهوه,https://www.rio.coffee/products/408076058002,
Rio,موکاپات 6 کاپ دسته چوبی,,,,,,450000,,,False,دستگاه‌های دم‌آوری قهوه; ابزار تهیه قهوه; موکاپات,https://www.rio.coffee/products/SKU_9071,
Rio,موکاپات 6 کاپ برند کاپوچینو,,,,,,285000,,,False,دستگاه‌های دم‌آوری قهوه; ابزار تهیه قهوه; موکاپات,https://www.rio.coffee/products/5010156,
Rio,موکاپات 6 کاپ استوانه,,,,,,310000,,,False,دستگاه‌های دم‌آوری قهوه; ابزار تهیه قهوه; موکاپات,https://www.rio.coffee/products/5010182,
Rio,فرنچ پرس 350 میل RH,,,,,,,,,False,دستگاه‌های دم‌آوری قهوه; فرنچ پرس,https://www.rio.coffee/products/5010191,
Rio,دله رسلان,,,,,,400000,,,False,دستگاه‌های دم‌آوری قهوه; ابزار تهیه قهوه,https://www.rio.coffee/products/SKU_9103,
Rio,تراول ماگ پولکی,,,,,,235000,,,False,ابزار تهیه قهوه,https://www.rio.coffee/products/5010166,
Rio,تراول ماگ الماسی,,,,,,235000,,,False,ابزار تهیه قهوه,https://www.rio.coffee/products/5010165,
Rio,لولر 58 گتر وان (صنعتی),,,,,,290000,,,False,دستگاه‌های دم‌آوری قهوه; ابزار تهیه قهوه,https://www.rio.coffee/products/5010020,
Rio,لولر 51 گتر وان,,,,,,265000,,,False,دستگاه‌های دم‌آوری قهوه; ابزار تهیه قهوه,https://www.rio.coffee/products/5010039,
Rio,موکاپات 3 کاپ دسته چوبی,,,,,,355000,,,False,دستگاه‌های دم‌آوری قهوه; ابزار تهیه قهوه; موکاپات,https://www.rio.coffee/products/407057014005,
Rio,قهوه جوش ترک برقی,,,,,,385000,,,False,دستگاه‌های دم‌آوری قهوه; ابزار تهیه قهوه,https://www.rio.coffee/products/5010183,
Rio,کافی کتل رنگی,,,,,,575000,,,False,دستگاه‌های دم‌آوری قهوه; ابزار تهیه قهوه; کتل,https://www.rio.coffee/products/5010178,
Rio,آسیاب سه گوش گتر,,,,Ground,,550000,,,False,دستگاه‌های دم‌آوری قهوه; ابزار تهیه قهوه,https://www.rio.coffee/products/408071058003,
Rio,موکاپات پوست گاوی,,,,,,300000,,,False,دستگاه‌های دم‌آوری قهوه; ابزار تهیه قهوه; موکاپات,https://www.rio.coffee/products/5010159,
Rio,ماگ ریو,,,,,,70000,,,False,دستگاه‌های دم‌آوری قهوه; ابزار تهیه قهوه,https://www.rio.coffee/products/5010143,
Rio,فومر,,,,,,295000,,,False,دستگاه‌های دم‌آوری قهوه; ابزار تهیه قهوه,https://www.rio.coffee/products/5010102,
Rio,استند فلزی v60,,,,,,270000,,,False,دستگاه‌های دم‌آوری قهوه; ابزار تهیه قهوه,https://www.rio.coffee/products/408090086002,
Rio,تراول ماگ بزرگ,,,,,,220000,,,False,دستگاه‌های دم‌آوری قهوه; ابزار تهیه قهوه,https://www.rio.coffee/products/5010164,
Rio,فرنچ پرس 350 میل فیوچر مارکیز,,,,,,,,,False,دستگاه‌های دم‌آوری قهوه; فرنچ پرس,https://www.rio.coffee/products/5010195,
Rio,موکاپات دو رنگ 3کاپ,,,,,,215000,,,False,دستگاه‌های دم‌آوری قهوه; ابزار تهیه قهوه,https://www.rio.coffee/products/5010086,
Rio,کمکس 4 نفره 600 میل مدرج دهنه باز کمربند چوبی,,,,,,2580000,,,True,دستگاه‌های دم‌آوری قهوه; ابزار تهیه قهوه,https://www.rio.coffee/products/407062086002,
Rio,کمکس 6 کاپ مدرج,,,,,,570000,,,False,دستگاه‌های دم‌آوری قهوه; ابزار تهیه قهوه,https://www.rio.coffee/products/5010105,
Rio,موکاپات شش کاپ Krea,,,,,,800000,,,False,دستگاه‌های دم‌آوری قهوه; ابزار تهیه قهوه; موکاپات,https://www.rio.coffee/products/407057049001,
Rio,سرور 400 میل با درب چوبی,,,,,,480000,,,False,دستگاه‌های دم‌آوری قهوه; ابزار تهیه قهوه,https://www.rio.coffee/products/5010198,
Rio,فنجان ترک,,,,,,285000,,,False,دستگاه‌های دم‌آوری قهوه; ابزار تهیه قهوه,https://www.rio.coffee/products/408073101002,
Rio,موکا بیالتی اکسپرس 3 نفره ساده  نقره ای,,,,,,225000,,,False,دستگاه‌های دم‌آوری قهوه; ابزار تهیه قهوه; موکاپات,https://www.rio.coffee/products/SKU_21510,
Rio,جذوه 2 نفره ضخیم,,,,,,165000,,,False,دستگاه‌های دم‌آوری قهوه; ابزار تهیه قهوه; جذوه,https://www.rio.coffee/products/SKU_22452,
Rio,استرینر گتر,,,,,,310000,,,False,دستگاه‌های دم‌آوری قهوه; ابزار تهیه قهوه,https://www.rio.coffee/products/408089058001,
Rio,شیکر بوستون,,,,,,405000,,,False,دستگاه‌های دم‌آوری قهوه; ابزار تهیه قهوه,https://www.rio.coffee/products/408069086001-1,
Rio,سرور 600 میل یخی,,,,,,770000,,,False,دستگاه‌های دم‌آوری قهوه; ابزار تهیه قهوه,https://www.rio.coffee/products/408088086001,
Rio,مادلر استیل پایه پلاستیکی مشکی نقره ای,,,,,,195000,,,False,دستگاه‌های دم‌آوری قهوه; ابزار تهیه قهوه,https://www.rio.coffee/products/408079086001,
Rio,کتل طرح هریو 1000 میل ترمومتردار استیل دسته پلاستیکی رنگ مشکی نقره ای,,,,,,3125000,,,False,دستگاه‌های دم‌آوری قهوه; لوازم جانبی قهوه; ابزار تهیه قهوه; کتل,https://www.rio.coffee/products/408072076001,
Rio,لولر 58 گتر وان (صنعتی),,,,,,530000,,,False,دستگاه‌های دم‌آوری قهوه; ابزار تهیه قهوه,https://www.rio.coffee/products/408078058001,
Rio,پیچر 600میل مدرج هفت رنگ,,,,,,249000,,,False,ابزار تهیه قهوه; پیچر,https://www.rio.coffee/products/SKU_22565,
Rio,پیچر 350 میل هفت رنگ,,,,,,220000,,,False,ابزار تهیه قهوه; پیچر,https://www.rio.coffee/products/SKU_22568,
Rio,پیچر 350 میل رزگلد,,,,,,220000,,,False,ابزار تهیه قهوه; پیچر,https://www.rio.coffee/products/SKU_22570,
Rio,پیچر 600 ترمومتر دار,,,,,,385000,,,False,ابزار تهیه قهوه; پیچر,https://www.rio.coffee/products/SKU_22572,
Rio,تمپر 51 ال بینز رزگلد,,,,,,430000,,,False,دستگاه‌های دم‌آوری قهوه; ابزار تهیه قهوه,https://www.rio.coffee/products/SKU_22574,
Rio,شیکر 700میل,,,,,,235000,,,False,دستگاه‌های دم‌آوری قهوه; ابزار تهیه قهوه,https://www.rio.coffee/products/SKU_22578,
Rio,موکاپات سه کاپ جنوا,,,,,,295000,,,False,دستگاه‌های دم‌آوری قهوه; ابزار تهیه قهوه; موکاپات,https://www.rio.coffee/products/SKU_22586,
Rio,نیدل گتر,,,,,,215000,,,False,دستگاه‌های دم‌آوری قهوه; لوازم جانبی قهوه; ابزار تهیه قهوه; نیدل,https://www.rio.coffee/products/408091058001,
Rio,ترک جوش برقی,,,,,,515000,,,False,دستگاه‌های دم‌آوری قهوه; ابزار تهیه قهوه,https://www.rio.coffee/products/SKU_22593,
Rio,کافی کتل برقی brewista,,,,,,4380000,,,False,دستگاه‌های دم‌آوری قهوه; ابزار تهیه قهوه; کتل,https://www.rio.coffee/products/5010260,
Rio,کمکس 2کاپ فیلتر فلزی دار,,,,,,630000,,,False,دستگاه‌های دم‌آوری قهوه; ابزار تهیه قهوه,https://www.rio.coffee/products/5010254,
Rio,پیچر 350 باریستا اسپیس,,,,,,1370000,,,False,ابزار تهیه قهوه; پیچر,https://www.rio.coffee/products/SKU_22887,
Rio,پیچر 450cc باریستا اسپیس,,,,,,915000,,,False,ابزار تهیه قهوه; پیچر,https://www.rio.coffee/products/SKU_22897,
Rio,فرنچ پرس 350 میل رنگی,,,,,,165000,,,False,دستگاه‌های دم‌آوری قهوه; فرنچ پرس,https://www.rio.coffee/products/5010256,
Rio,فیلتر v60 ال بینز,,,,,,155000,,,False,دستگاه‌های دم‌آوری قهوه; ابزار تهیه قهوه,https://www.rio.coffee/products/5010257,
Rio,وی شصت 3-4 نفره سرامیکی طرح هریو رنگ مشکی,,,,,,1225000,,,True,دستگاه‌های دم‌آوری قهوه; ابزار تهیه قهوه,https://www.rio.coffee/products/407059076001,
Rio,تمپر 51 دسته چوبی گتر,,,,,,320000,,,False,دستگاه‌های دم‌آوری قهوه; ابزار تهیه قهوه,https://www.rio.coffee/products/408081058003,
Rio,تمپر 58 گتر(صنعتی),,,,,,245000,,,False,دستگاه‌های دم‌آوری قهوه; ابزار تهیه قهوه,https://www.rio.coffee/products/SKU_23492,
Rio,فانل 51 گتر(مگنتی),,,,,,300000,,,False,ابزار تهیه قهوه; فانل,https://www.rio.coffee/products/SKU_23500,
Rio,فانل 58 گتر,,,,,,320000,,,False,ابزار تهیه قهوه; فانل,https://www.rio.coffee/products/SKU_23507,
Rio,استند پرتافیلتر 58 گتر,,,,,,415000,,,False,دستگاه‌های دم‌آوری قهوه; ابزار تهیه قهوه,https://www.rio.coffee/products/5010262,
Rio,تراول ماگ مات,,,,,,200000,,,False,ابزار تهیه قهوه,https://www.rio.coffee/products/SKU_23517,
Rio,تراول ماگ PM,,,,,,200000,,,False,ابزار تهیه قهوه,https://www.rio.coffee/products/SKU_23527,
Rio,جیجر,,,,,,105000,,,False,دستگاه‌های دم‌آوری قهوه; ابزار تهیه قهوه,https://www.rio.coffee/products/SKU_23536,
Rio,ائروپرس,,,,,,980000,,,False,دستگاه‌های دم‌آوری قهوه; ابزار تهیه قهوه,https://www.rio.coffee/products/SKU_23542,
Rio,تراول ماگ فنجانی درب قفلی,,,,,,255000,,,False,ابزار تهیه قهوه,https://www.rio.coffee/products/5010238,
Rio,فنجان قهوه خوری اسپرسو,,,,,,2300000,,,False,ابزار تهیه قهوه,https://www.rio.coffee/products/408073101001,
Rio,ماگ کافی کرم,,,,,,100000,,,False,ابزار تهیه قهوه,https://www.rio.coffee/products/5010263,
Rio,فنجان گلد,,,,,,95000,,,False,ابزار تهیه قهوه,https://www.rio.coffee/products/SKU_23566,
Rio,موکاپات 3 کاپ تپل دسته چوبی,,,,,,325000,,,False,دستگاه‌های دم‌آوری قهوه; ابزار تهیه قهوه; موکاپات,https://www.rio.coffee/products/SKU_23576,
Rio,تمپر 58 ارگونومی (صنعتی),,,,,,538000,,,False,لوازم جانبی قهوه; ابزار تهیه قهوه,https://www.rio.coffee/products/SKU_23578,
Rio,شیکر 700 میل استیل فرمول دار,,,,,,380000,,,False,لوازم جانبی قهوه; ابزار تهیه قهوه,https://www.rio.coffee/products/5010286,
Rio,فرنچ پرس 600 میل فلزی گرین بانک,,,,,,395000,,,False,دستگاه‌های دم‌آوری قهوه; فرنچ پرس,https://www.rio.coffee/products/SKU_23789,
Rio,لولر 58 گتر ساده (صنعتی),,,,,,415000,,,False,لوازم جانبی قهوه; ابزار تهیه قهوه,https://www.rio.coffee/products/SKU_23791,
Rio,فومر 400 میل استیل,,,,,,440000,,,False,لوازم جانبی قهوه; ابزار تهیه قهوه,https://www.rio.coffee/products/408086015001,
Rio,فومر آرال لانگ شنگ  800 میل 2 توری بدون فنر استیل دسته استیل,,,,,,889000,,,False,لوازم جانبی قهوه; ابزار تهیه قهوه,https://www.rio.coffee/products/408086015002,
Rio,فرنچ پرس 350میل یی تیان,,,,,,180000,,,False,دستگاه‌های دم‌آوری قهوه; فرنچ پرس,https://www.rio.coffee/products/SKU_23796,
Rio,فرنچ پرس 600میل یی تیان,,,,,,215000,,,False,دستگاه‌های دم‌آوری قهوه; فرنچ پرس,https://www.rio.coffee/products/5010157,
Rio,فرنچ پرس 800 میل trendy,,,,,,395000,,,False,دستگاه‌های دم‌آوری قهوه; فرنچ پرس,https://www.rio.coffee/products/5010277,
Rio,شات سفید ساده استوانه,,,,,,40000,,,False,شات اسپرسو,https://www.rio.coffee/products/5010280,
Rio,ماگ لته طرح برجسته پایه دار,,,,,,145000,,,False,ابزار تهیه قهوه,https://www.rio.coffee/products/5010282,
Rio,ماگ ایموجی طرح 1,,,,,,95000,,,False,ابزار تهیه قهوه,https://www.rio.coffee/products/SKU_23862,
Rio,ماگ ایموجی طرح 2,,,,,,95000,,,False,ابزار تهیه قهوه,https://www.rio.coffee/products/SKU_23864,
Rio,ماگ ایموجی طرح 3,,,,,,95000,,,False,ابزار تهیه قهوه,https://www.rio.coffee/products/SKU_23866,
Rio,ماگ ایموجی طرح 4,,,,,,95000,,,False,ابزار تهیه قهوه,https://www.rio.coffee/products/5010272,
Rio,فلاسک 800 میل استارباکس,,,,,,380000,,,False,ابزار تهیه قهوه,https://www.rio.coffee/products/SKU_23870,
Rio,موکاپات سه کاپ برقی,,,,,,1050000,,,False,دستگاه‌های دم‌آوری قهوه; ابزار تهیه قهوه; موکاپات,https://www.rio.coffee/products/SKU_23879,
Rio,موکاپات دسته مشکی 3 کاپ,,,,,,285000,,,False,دستگاه‌های دم‌آوری قهوه; ابزار تهیه قهوه; موکاپات,https://www.rio.coffee/products/SKU_23887,
Rio,تراول hot & cold کوچک,,,,,,215000,,,False,ابزار تهیه قهوه,https://www.rio.coffee/products/SKU_23896,
Rio,شات رنگی 6 عددی,,,,,,136000,,,False,شات اسپرسو,https://www.rio.coffee/products/SKU_23904,
Rio,تراول ماگ قفلی hot & cold بزرگ,,,,,,260000,,,False,ابزار تهیه قهوه,https://www.rio.coffee/products/SKU_23906,
Rio,ماگ پاریس,,,,,,80000,,,False,ابزار تهیه قهوه,https://www.rio.coffee/products/SKU_23997,
Rio,ماگ رجینال کوچک,,,,,,70000,,,False,ابزار تهیه قهوه,https://www.rio.coffee/products/SKU_24004,
Rio,ماگ رجینال متوسط,,,Medium,,,80000,,,False,ابزار تهیه قهوه,https://www.rio.coffee/products/SKU_24020,
Rio,تراول ماگ ارتشی,,,,,,255000,,,False,ابزار تهیه قهوه,https://www.rio.coffee/products/SKU_24035,
Rio,شات تکست دار سرامیکی,,,,,,50000,,,False,شات اسپرسو,https://www.rio.coffee/products/408065092001,
Rio,تمپر 51 فنری گتر,,,,,,280000,,,False,لوازم جانبی قهوه; ابزار تهیه قهوه,https://www.rio.coffee/products/5010271,
Rio,تمپر 58 فنری گتر (صنعتی),,,,,,305000,,,False,لوازم جانبی قهوه; ابزار تهیه قهوه,https://www.rio.coffee/products/5010096,
Rio,ماگ تمام رنگی آگرا,,,,,,95000,,,False,ماگ,https://www.rio.coffee/products/SKU_24060,
Rio,ماگ طرح کرامیکا,,,,,,60000,,,False,ماگ,https://www.rio.coffee/products/5010281,
Rio,شات پاستیلی دسته دار,,,,,,75000,,,False,شات اسپرسو,https://www.rio.coffee/products/SKU_24070,
Rio,شات رنگی داخل سفید,,,,,,60000,,,False,شات اسپرسو,https://www.rio.coffee/products/5010287,
Rio,جذوه طرح ارمنستانی,,,,,,300000,,,False,دستگاه‌های دم‌آوری قهوه; ابزار تهیه قهوه; جذوه,https://www.rio.coffee/products/SKU_25543,
Rio,پیچر 350 میل هفت رنگ,,,,,,200000,,,False,ابزار تهیه قهوه; پیچر,https://www.rio.coffee/products/5010196,
Rio,موکاپات 6 کاپ درب شیشه ای,,,,,,275000,,,False,دستگاه‌های دم‌آوری قهوه; ابزار تهیه قهوه; موکاپات,https://www.rio.coffee/products/SKU_26162,
Rio,پیچر 350 میل مدرج استیل دماغه ساده رنگ نقره ای,,,,,,756000,,,False,لوازم جانبی قهوه; ابزار تهیه قهوه; پیچر,https://www.rio.coffee/products/408080086005,
Rio,پیچر 600 میل استیل دماغه ساده رنگ نقره ای,,,,,,900000,,,False,لوازم جانبی قهوه; ابزار تهیه قهوه; پیچر,https://www.rio.coffee/products/408080086002,
Rio,ترازو تایمر دار طرح هریو,,,,,,490000,,,False,لوازم جانبی قهوه; ابزار تهیه قهوه,https://www.rio.coffee/products/SKU_26181,
Rio,فرنچ پرس 350 میل فلورا,,,,,,330000,,,False,دستگاه‌های دم‌آوری قهوه; فرنچ پرس,https://www.rio.coffee/products/5010315,
Rio,فرنچ پرس 600 میل فلورا,,,,,,370000,,,False,دستگاه‌های دم‌آوری قهوه; فرنچ پرس,https://www.rio.coffee/products/5010316,
Rio,فیلتر گتر  F-801 2 نفره کاغذی کاهی,,Natural,,,,630000,,,False,لوازم جانبی قهوه; ابزار تهیه قهوه,https://www.rio.coffee/products/408087058001,
Rio,موکاپات 3 کاپ درب شیشه ای,,,,,,255000,,,False,دستگاه‌های دم‌آوری قهوه; ابزار تهیه قهوه; موکاپات,https://www.rio.coffee/products/SKU_26192,
Rio,موکاپات 3 کاپ تمام مشکی,,,,,,240000,,,False,دستگاه‌های دم‌آوری قهوه; ابزار تهیه قهوه; موکاپات,https://www.rio.coffee/products/SKU_26198,
Rio,موکاپات 2 کاپ مات,,,,,,210000,,,False,دستگاه‌های دم‌آوری قهوه; ابزار تهیه قهوه; موکاپات,https://www.rio.coffee/products/1,
Rio,سایفون 3 کاپ,,,,,,1400000,,,False,دستگاه‌های دم‌آوری قهوه; ابزار تهیه قهوه,https://www.rio.coffee/products/407061022001,
Rio,تراول ماگ الماسی سرمه ای,,,,,,235000,,,False,تراول ماگ,https://www.rio.coffee/products/SKU_26227,
Rio,ماگ تکست برجسته,,,,,,80000,,,False,ماگ,https://www.rio.coffee/products/408065087001,
Rio,کافی کتل هفت رنگ,,,,,,715000,,,False,دستگاه‌های دم‌آوری قهوه; ابزار تهیه قهوه; کتل,https://www.rio.coffee/products/SKU_26235,
Rio,شات رنگی(6 عددی),,,,,,230000,,,False,شات اسپرسو,https://www.rio.coffee/products/5010285,
Rio,فیلتر کمکس ال بینز,,,,,,208000,,,False,لوازم جانبی قهوه; ابزار تهیه قهوه,https://www.rio.coffee/products/5010348,
Rio,تمپر 51 گتر سیلیکونی,,,,,,340000,,,False,لوازم جانبی قهوه; ابزار تهیه قهوه,https://www.rio.coffee/products/5010342,
Rio,فلاسک دماسنج دار,,,,,,245000,,,False,ابزار تهیه قهوه,https://www.rio.coffee/products/408066093002,
Rio,فومر برقی مشکی بیالتی,,,,,,2850000,,,False,لوازم جانبی قهوه; ابزار تهیه قهوه,https://www.rio.coffee/products/408086024002,
Rio,فومر بیالتی دستی 6 نفره 2 توری تفلون رنگ مشکی,,,,,,1250000,,,False,لوازم جانبی قهوه; ابزار تهیه قهوه,https://www.rio.coffee/products/408086024003,
Rio,فومر بیالتی دستی 6 نفره 2 توری تفلون رنگ نقره ای,,,,,,1250000,,,False,دستگاه‌های دم‌آوری قهوه; ابزار تهیه قهوه,https://www.rio.coffee/products/408086024001,
Rio,موکاپات بیالتی تریکالر 6 نفره سبز نقره ای قرمز,,,,,,9300000,,,True,دستگاه‌های دم‌آوری قهوه; ابزار تهیه قهوه; موکاپات,https://www.rio.coffee/products/407057024006,
Rio,موکا بیالتی تریکالر 3 کاپ,,,,,,6150000,,,False,دستگاه‌های دم‌آوری قهوه; ابزار تهیه قهوه,https://www.rio.coffee/products/407057024027,
Rio,لولر 51 گتر,,,,,,395000,,,False,لوازم جانبی قهوه; ابزار تهیه قهوه,https://www.rio.coffee/products/SKU_31465,
Rio,ترک جوش برقی لکسی کال,,,,,,18900000,,,False,دستگاه‌های دم‌آوری قهوه; ابزار تهیه قهوه,https://www.rio.coffee/products/407055060001,
Rio,آسیاب برقی روپل,,,,Ground,,4650000,,,False,لوازم جانبی قهوه; ابزار تهیه قهوه,https://www.rio.coffee/products/408071042001,
Rio,فرنچ پرس هروین 350 میل,,,,,,245000,,,False,دستگاه‌های دم‌آوری قهوه; فرنچ پرس,https://www.rio.coffee/products/407058075002,
Rio,فرنچ پرس هروین 600 میل,,,,,,275000,,,False,دستگاه‌های دم‌آوری قهوه; فرنچ پرس,https://www.rio.coffee/products/407058075001,
Rio,فرنچ پرس 350 میل روپل,,,,,,660000,,,False,دستگاه‌های دم‌آوری قهوه; فرنچ پرس,https://www.rio.coffee/products/407058042001,
Rio,فرنچ پرس 600 میل روپل,,,,,,790000,,,False,دستگاه‌های دم‌آوری قهوه; فرنچ پرس,https://www.rio.coffee/products/407058042002,
Rio,موکاپات روپل 3 نفره دسته طرح چوبی استیل رنگ مشکی,,,,,,2700000,,,False,دستگاه‌های دم‌آوری قهوه; ابزار تهیه قهوه; موکاپات,https://www.rio.coffee/products/407057042001,
Rio,موکا روپل 6 نفره زیر استیل رو شیشه دسته طرح چوبی,,,,,,4000000,,,True,دستگاه‌های دم‌آوری قهوه; ابزار تهیه قهوه; موکاپات,https://www.rio.coffee/products/407057042002,
Rio,تمپر 51 سیلیکونی گتر (خانگی),,,,,,340000,,,False,لوازم جانبی قهوه; ابزار تهیه قهوه,https://www.rio.coffee/products/SKU_31494,
Rio,ماگ هیتر دار صورتی روپل,,,,,,440000,,,False,ماگ,https://www.rio.coffee/products/408065042001,
Rio,جذوه مسی,,,,,,150000,,,False,دستگاه‌های دم‌آوری قهوه; ابزار تهیه قهوه,https://www.rio.coffee/products/SKU_32722,
Rio,ترازو طرح هریو رنگ مشکی R40 PRO,,,,,,2250000,,,False,لوازم جانبی قهوه; ابزار تهیه قهوه; اسکیل (ترازو),https://www.rio.coffee/products/408075076001,
Rio,موکاپات بیالتی 4 کاپ مدل بریکا,,,,,,10800000,,,False,دستگاه‌های دم‌آوری قهوه; ابزار تهیه قهوه; موکاپات,https://www.rio.coffee/products/407057024004,
Rio,کمکس سه کاپ مدرج,,,,,,,,,False,دستگاه‌های دم‌آوری قهوه; ابزار تهیه قهوه,https://www.rio.coffee/products/SKU_34416,
Rio,ماگ Faith,,,,,,110000,,,False,ماگ,https://www.rio.coffee/products/SKU_34528,
Rio,ماگ xhc 90 میل طرحدار زرد,,,,,,330700,,,True,لوازم جانبی قهوه; ماگ,https://www.rio.coffee/products/408065045001,
Rio,لولر گتر 51 میل چدن استیل سه تیکه رنگ مشکی مات,,,,,,920000,,,True,لوازم جانبی قهوه; ابزار تهیه قهوه; لولر یا دیستریبیوتر قهوه,https://www.rio.coffee/products/408078058002,
Rio,ناک باکس باریستا اسپیس,,,,,,550000,,,False,لوازم جانبی قهوه,https://www.rio.coffee/products/408076020001,
Rio,آسیاب برقی FUJIMARU,,,,Ground,,6000000,,,False,لوازم جانبی قهوه; ابزار تهیه قهوه,https://www.rio.coffee/products/408071086008,
Rio,موکا آر اچ 6 نفره سوپاپ ایتالیایی آلومینیومی دسته پلاستیکی رنگ مشکی,,,,,,784000,,,False,دستگاه‌های دم‌آوری قهوه; ابزار تهیه قهوه; موکاپات,https://www.rio.coffee/products/407057014009,
Rio,آسیاب دستی چدن بزرگ,,,,Ground,,3750000,,,False,لوازم جانبی قهوه; ابزار تهیه قهوه,https://www.rio.coffee/products/408071086006,
Rio,موکاپات 3 کاپ مشکی,,,,,,455000,,,False,دستگاه‌های دم‌آوری قهوه; ابزار تهیه قهوه; موکاپات,https://www.rio.coffee/products/407057014018,
Rio,موکا آر اچ 2 نفره سوپاپ ایتالیایی آلومینیوم دسته پلاستیکی رنگ مشکی,,,,,,630000,,,False,دستگاه‌های دم‌آوری قهوه; ابزار تهیه قهوه; موکاپات,https://www.rio.coffee/products/407057014011,
Rio,موکاپات 4 کاپ مشکی,,,,,,490000,,,False,دستگاه‌های دم‌آوری قهوه; موکاپات,https://www.rio.coffee/products/407057014010,
Rio,ماگ لته طرح دار,,,,,,280000,,,False,ماگ,https://www.rio.coffee/products/408065086003,
Rio,جیگر چین نقره ای,,,,,,173000,,,False,لوازم جانبی قهوه; ابزار تهیه قهوه,https://www.rio.coffee/products/408084086002,
Rio,ترک ساز برقی آرچلیک TCM 6730C دو تایی رنگ خاکستری,,,,,,18000000,,,False,دستگاه‌های دم‌آوری قهوه; ابزار تهیه قهوه,https://www.rio.coffee/products/407055120001,
Rio,ترک جوش برقی آرچلیک تکی,,,,,,9600000,,,False,دستگاه‌های دم‌آوری قهوه; ابزار تهیه قهوه,https://www.rio.coffee/products/407055120002,
Rio,سایفون 5 نفره پایه دار,,,,,,5670000,,,True,دستگاه‌های دم‌آوری قهوه; ابزار تهیه قهوه,https://www.rio.coffee/products/407061086001,
Rio,موکاپات ار اچ دسته چوبی 2 کاپ,,,,,,355000,,,False,دستگاه‌های دم‌آوری قهوه; ابزار تهیه قهوه; موکاپات,https://www.rio.coffee/products/SKU_56448,
Rio,لولر 58 گتر,,,,,,1020000,,,True,دستگاه‌های دم‌آوری قهوه; ابزار تهیه قهوه,https://www.rio.coffee/products/408078058003,
Rio,موکاپات ار اچ دسته چوبی 1 کاپ,,,,,,330000,,,False,دستگاه‌های دم‌آوری قهوه; ابزار تهیه قهوه; موکاپات,https://www.rio.coffee/products/SKU_56449,
Rio,پیچر 350 میل هفت رنگ,,,,,,330000,,,False,ابزار تهیه قهوه; پیچر,https://www.rio.coffee/products/408080086015,
Rio,شیکر 500 میل,,,,,,320000,,,False,دستگاه‌های دم‌آوری قهوه; ابزار تهیه قهوه,https://www.rio.coffee/products/408069086004,
Rio,برس تمیزکننده دستگاه اسپرسوساز,,,,,,350000,,,True,لوازم جانبی قهوه; ابزار تهیه قهوه,https://www.rio.coffee/products/422176086004,
Rio,موکاپات بیالتی 3 کاپ,,,,,,2000000,,,False,دستگاه‌های دم‌آوری قهوه; ابزار تهیه قهوه; موکاپات,https://www.rio.coffee/products/407057024012,
Rio,ترک جوش سوتای,,,,,,485000,,,False,دستگاه‌های دم‌آوری قهوه; ابزار تهیه قهوه,https://www.rio.coffee/products/407055111002,
Rio,محلول رسوب زدا اسپرسوساز خانگی,,,,,,140000,,,False,دستگاه‌های دم‌آوری قهوه; ابزار تهیه قهوه,https://www.rio.coffee/products/422176086001,
Rio,پیچر 350 دور سیلیکون,,,,,,510000,,,False,ابزار تهیه قهوه; پیچر,https://www.rio.coffee/products/408080086017,
Rio,پاک اسکرین 51 لواک,,,,,,270000,,,False,دستگاه‌های دم‌آوری قهوه; ابزار تهیه قهوه,https://www.rio.coffee/products/408190118001-1,
Rio,اسپرسوساز نوا NOVA 149,,,,,,8500000,,,False,دستگاه‌های دم‌آوری قهوه; ابزار تهیه قهوه; اسپرسوساز خانگی,https://www.rio.coffee/products/407053069002,
Rio,اسپرسو ساز نوا NOVA 140,,,,,,5700000,,,False,دستگاه‌های دم‌آوری قهوه; ابزار تهیه قهوه; اسپرسوساز خانگی,https://www.rio.coffee/products/407053069001,
Rio,تراول ماگ اینجوی 350 میل,,,,,,830000,,,False,تراول ماگ,https://www.rio.coffee/products/SKU_56441,
Rio,آسیاب و قهوه ساز روپل 8080,,,,,,16500000,,,False,دستگاه‌های دم‌آوری قهوه; ابزار تهیه قهوه,https://www.rio.coffee/products/SKU_57278,
Rio,اسپرسوساز مباشی مدل 2015,,,,,,5800000,,,False,دستگاه‌های دم‌آوری قهوه; ابزار تهیه قهوه; اسپرسوساز خانگی,https://www.rio.coffee/products/SKU_57285,
Rio,موکاپات اکسپرس بیالتی 6کاپ,,,,,,2700000,,,False,دستگاه‌های دم‌آوری قهوه; ابزار تهیه قهوه; موکاپات,https://www.rio.coffee/products/SKU_57707,
Rio,موکاپات اکسپرس بیالتی 3کاپ,,,,,,6250000,,,False,دستگاه‌های دم‌آوری قهوه; ابزار تهیه قهوه; موکاپات,https://www.rio.coffee/products/SKU_57677,
Rio,موکاپات rainbow بیالتی 6کاپ,,,,,,1650000,,,False,دستگاه‌های دم‌آوری قهوه; ابزار تهیه قهوه; موکاپات,https://www.rio.coffee/products/SKU_57694,
Rio,موکاپات rainbow بیالتی 3کاپ,,,,,,1420000,,,False,دستگاه‌های دم‌آوری قهوه; ابزار تهیه قهوه; موکاپات,https://www.rio.coffee/products/SKU_57683,
Rio,ماگ xhc,,,,,,148000,,,False,ماگ,https://www.rio.coffee/products/408065045002-1,
Rio,پیچر 550میل هفت رنگ,,,,,,440000,,,False,ابزار تهیه قهوه; پیچر,https://www.rio.coffee/products/408080086013,
Rio,مینی پرسو تریم رنگ مشکی,,,,,,4000000,,,False,دستگاه‌های دم‌آوری قهوه; ابزار تهیه قهوه; مینی پرسو,https://www.rio.coffee/products/407052032004,
Rio,فرنچ پرس گرین بانک 600 میل استیل دسته پلاستیکی رنگ مشکی,,,,,,910000,,,True,دستگاه‌های دم‌آوری قهوه; ابزار تهیه قهوه; فرنچ پرس,https://www.rio.coffee/products/407058059001,
Rio,فرنچ پرس گرین بانک 350 میل استیل دسته پلاستیکی رنگ مشکی,,,,,,680000,,,False,دستگاه‌های دم‌آوری قهوه; ابزار تهیه قهوه; فرنچ پرس,https://www.rio.coffee/products/407058059002,
Rio,کمکس 2 نفره 400 میل مدرج فیلتر فلزی دار کمربند چوبی,,,,,,3800000,,,True,دستگاه‌های دم‌آوری قهوه; لوازم جانبی قهوه; ابزار تهیه قهوه,https://www.rio.coffee/products/407062086005,
Rio,تراول ماگ ah,,,,,,390000,,,False,تراول ماگ,https://www.rio.coffee/products/408066011001,
Rio,مخزن قهوه,,,,,,180000,,,False,دستگاه‌های دم‌آوری قهوه; لوازم جانبی قهوه; ابزار تهیه قهوه,https://www.rio.coffee/products/SKU_59020,
Rio,پک محصول نهم,,,,,,10160000,,,False,باندل,https://www.rio.coffee/products/SKU_62732,
Rio,پک محصول هشتم,,,,,,710000,,,False,باندل,https://www.rio.coffee/products/SKU_62730,
Rio,پک محصول هفتم,,,,,,2345000,,,False,باندل,https://www.rio.coffee/products/SKU_62729,
Rio,پک محصول ششم,,,,,,2845000,,,False,باندل,https://www.rio.coffee/products/SKU_62728,
Rio,پک محصول پنجم,,,,,,2040000,,,False,باندل,https://www.rio.coffee/products/SKU_62727,
Rio,پک محصول چهارم,,,,,,1475000,,,False,باندل,https://www.rio.coffee/products/SKU_62726,
Rio,پک محصول دوم,,,,,,904000,,,False,باندل,https://www.rio.coffee/products/SKU_62717,
Rio,پک محصول یک,,,,,,1030000,,,False,باندل,https://www.rio.coffee/products/SKU_62707,
Rio,پک محصول سوم,,,,,,1167000,,,False,باندل,https://www.rio.coffee/products/SKU_62719,
Rio,آسیاب قهوه دستی بمبر مدل Racing M1-Manual G5894B مشکی,,,,Ground,,12480000,,,False,ابزار تهیه قهوه; آسیاب قهوه; آسیاب دستی قهوه,https://www.rio.coffee/products/408071121002,
Rio,آسیاب قهوه دستی بمبر مدل  MHW-3BOMBER مدل RACE M1 استیل رنگ طوسی,,,,Ground,,12480000,,,False,لوازم جانبی قهوه; ابزار تهیه قهوه; آسیاب قهوه; آسیاب دستی قهوه,https://www.rio.coffee/products/408071121003,
Rio,ترازو MHW-3BOMBER رنگ مشکی,,,,,,5100000,,,False,ابزار تهیه قهوه; اسکیل (ترازو),https://www.rio.coffee/products/408075121003,
Rio,کیف فیلتر V60 MHW-3BOMBER رنگی,,,,,,940000,,,True,ابزار تهیه قهوه,https://www.rio.coffee/products/408087121001,
Rio,تمپر قهوه بمبر مدل Flash Constant Pressure T6072T 58.35 mm,,,,,,,,,False,ابزار تهیه قهوه; تمپر,https://www.rio.coffee/products/408081121006,
Rio,لولر تمپر تکنیکال 58 MHW-3BOMBER آلومینیوم زیر شیاردار رنگ مشکی نقره ای,,,,,,16700000,,,True,لوازم جانبی قهوه; ابزار تهیه قهوه; تمپر; لولر یا دیستریبیوتر قهوه,https://www.rio.coffee/products/408078121004,
Rio,پیچر بمبر MHW-3BOMBER 600 میل مدل CLASSICAL 3 نقطه نقره ای,,,,,,6750000,,,False,ابزار تهیه قهوه; پیچر,https://www.rio.coffee/products/408080121013,
Rio,پیچر بمبر 600 میلی لیتر مدل FLAGSHIP 5 نقطه نقره ای,,,,,,6750000,,,True,لوازم جانبی قهوه; ابزار تهیه قهوه; پیچر,https://www.rio.coffee/products/408080121014,
Rio,پیچر بمبر 600 میلی لیتر مدل FLAGSHIP 5 صورتی,,,,,,6750000,,,True,لوازم جانبی قهوه; ابزار تهیه قهوه; پیچر,https://www.rio.coffee/products/408080121015,
Rio,پیچر بمبر 600 میلی لیتر مدل FLAGSHIP 5 رنگ سبز,,,,,,6750000,,,True,لوازم جانبی قهوه; ابزار تهیه قهوه; پیچر,https://www.rio.coffee/products/408080121016,
Rio,پیچر بمبر 600 میلی لیتر مدل ورژن 3 مدل p3013w کلاسیک,,,,,,6750000,,,True,ابزار تهیه قهوه; پیچر,https://www.rio.coffee/products/408080121017,
Rio,پیچر بمبر 600 میلی لیتر مدل CLASSICAL 3 رنگ شیری مات,,,,,,6750000,,,True,ابزار تهیه قهوه; پیچر,https://www.rio.coffee/products/408080121012,
Rio,کتل برقی بمبر مدل Assassin 600 میلی لیتر سفید رنگ,,,,,,,,,False,لوازم جانبی قهوه; ابزار تهیه قهوه; کتل,https://www.rio.coffee/products/assassin-kettle,
Rio,ماگ 180 میل XHC طرحدار رنگ آبی,,,,,,487000,,,False,لوازم جانبی قهوه; ماگ,https://www.rio.coffee/products/408065045005,
Rio,ماگ 180 میل XHC طرحدار رنگ زرد,,,,,,487000,,,False,لوازم جانبی قهوه; ماگ,https://www.rio.coffee/products/408065045006,
Rio,ماگ 180 میل XHC طرحدار رنگ سبزآبی,,,,,,487000,,,False,لوازم جانبی قهوه; ماگ,https://www.rio.coffee/products/408065045008,
Rio,ماگ 180 میل XHC طرحدار رنگ قرمز,,,,,,487000,,,False,لوازم جانبی قهوه; ماگ,https://www.rio.coffee/products/408065045007,
Rio,ماگ 120 میل XHC مات رنگ سرمه ای,,,,,,471000,,,False,لوازم جانبی قهوه; ماگ,https://www.rio.coffee/products/408065045003,
Rio,ماگ 120 میل XHC مات رنگ سبز,,,,,,471000,,,False,لوازم جانبی قهوه; ماگ,https://www.rio.coffee/products/408065045009,
Rio,ماگ 120 میل XHC مات رنگ قهوه ای,,,,,,471000,,,False,لوازم جانبی قهوه; ماگ,https://www.rio.coffee/products/408065045010,
Rio,ماگ 120 میل XHC مات رنگ قهوه ای تیره,,,Dark,,,471000,,,False,لوازم جانبی قهوه; ماگ,https://www.rio.coffee/products/408065045011,
Rio,ماگ 90 میل XHC مات رنگ سبز تیره,,,Dark,,,330700,,,False,لوازم جانبی قهوه; ماگ,https://www.rio.coffee/products/408065045015,
Rio,ماگ 90 میل XHC مات رنگ قهوه ای,,,,,,330700,,,False,لوازم جانبی قهوه; ماگ,https://www.rio.coffee/products/408065045016,
Rio,ماگ 90 میل XHC مات رنگ قهوه ای تیره,,,Dark,,,330700,,,False,لوازم جانبی قهوه; ماگ,https://www.rio.coffee/products/408065045017,
Rio,ماگ 90 میل XHC مات رنگ طوسی تیره,,,Dark,,,330700,,,False,لوازم جانبی قهوه; ماگ; تراول ماگ,https://www.rio.coffee/products/408065045018,
Rio,ماگ 90 میل XHC براق رنگ سرمه ای,,,,,,345000,,,False,لوازم جانبی قهوه; ماگ,https://www.rio.coffee/products/408065045002,
Rio,ماگ 90 میل XHC براق رنگ طوسی روشن,,,Light,,,345000,,,False,لوازم جانبی قهوه; ماگ,https://www.rio.coffee/products/408065045012,
Rio,ماگ 90 میل XHC براق رنگ سبز,,,,,,345000,,,True,لوازم جانبی قهوه; ماگ,https://www.rio.coffee/products/408065045014,
Rio,ماگ 90 میل XHC براق رنگ صورتی,,,,,,345000,,,True,لوازم جانبی قهوه; ماگ,https://www.rio.coffee/products/408065045013,
Rio,ماگ 150 میل رجینال رنگ سفید NICE,,,,,,375000,,,True,لوازم جانبی قهوه; ماگ,https://www.rio.coffee/products/408065041002,
Rio,ماگ 90 میل XHC رنگ سفید Love Camera,,,,,,345000,,,True,لوازم جانبی قهوه; ماگ,https://www.rio.coffee/products/408065045004,
Rio,تراول ماگ 520 میل SPACE POT فلیتردار,,,,,,1645000,,,True,لوازم جانبی قهوه; تراول ماگ,https://www.rio.coffee/products/408066110001,
Rio,شیکر کابلر استیل ساده رنگ رز گلد,,,,,,1250000,,,True,دستگاه‌های دم‌آوری قهوه; ابزار تهیه قهوه,https://www.rio.coffee/products/408069086002,
Rio,شیکر بوستن استیل ساده رنگ نقره ای,,,,,,5332500,,,True,دستگاه‌های دم‌آوری قهوه; ابزار تهیه قهوه,https://www.rio.coffee/products/408069086001,
Rio,استرینر استیل رنگ نقره ای,,,,,,1417500,,,True,دستگاه‌های دم‌آوری قهوه; لوازم جانبی قهوه; ابزار تهیه قهوه,https://www.rio.coffee/products/408089086001,
Rio,آئروپرس یورو پرس پلاستیکی رنگ دودی مشکی,,,,,,3430000,,,True,دستگاه‌های دم‌آوری قهوه; ابزار تهیه قهوه,https://www.rio.coffee/products/407060079002,
Rio,دله عربی 6 نفره برنجی طرحدار رنگ طلایی,,Washed,,,,3375000,,,True,دستگاه‌های دم‌آوری قهوه; ابزار تهیه قهوه,https://www.rio.coffee/products/407056086002,
Rio,دله عربی 4 نفره برنجی طرحدار رنگ طلایی,,Washed,,,,2902500,,,False,دستگاه‌های دم‌آوری قهوه; ابزار تهیه قهوه,https://www.rio.coffee/products/407056086003,
Rio,پرتافیلتر نیکد 51 میل دسته پلاستیکی رنگ مشکی,,,,,,6250000,,,True,لوازم جانبی قهوه; ابزار تهیه قهوه,https://www.rio.coffee/products/408191086002,
Rio,تمپینگ استیشن گتر 51 میل چدن رنگ مشکی,,,,,,920000,,,True,لوازم جانبی قهوه; ابزار تهیه قهوه,https://www.rio.coffee/products/408083058001,
Rio,گلس ریمر سه تایی پلاستیکی رنگ مشکی,,,,,,1242000,,,True,لوازم جانبی قهوه,https://www.rio.coffee/products/408228086001,
Rio,لولر 58 میل هیدرولیکی سه تکه رنگ مشکی,,,,,,6480000,,,True,لوازم جانبی قهوه; ابزار تهیه قهوه,https://www.rio.coffee/products/408078086001,
Rio,نیدل 58 چرخشی فلزی رنگ مشکی,,,,,,4110000,,,True,لوازم جانبی قهوه; ابزار تهیه قهوه; نیدل,https://www.rio.coffee/products/408091086001,
Rio,کتل برقی 1000 میل استیل رنگ سفید,,,,,,13235000,,,True,دستگاه‌های دم‌آوری قهوه; لوازم جانبی قهوه; ابزار تهیه قهوه; کتل,https://www.rio.coffee/products/408072086003,
Rio,میکسینگ کاپ 550 میل استیل رنگ نقره ای,,,,,,4455000,,,True,لوازم جانبی قهوه,https://www.rio.coffee/products/408229086001,
Rio,جیگر 25 در 50 میلی لیتر استیل رنگ دودی,,,,,,440000,,,True,لوازم جانبی قهوه; ابزار تهیه قهوه,https://www.rio.coffee/products/408084086005,
Rio,تال اسپون مدل teardrop چهل سانتی متر استیل رنگ طلایی,,,,,,486000,,,True,لوازم جانبی قهوه; ابزار تهیه قهوه,https://www.rio.coffee/products/408047086004,
Rio,تال اسپون مدل سکه 27 سانتی متر استیل رنگ رزگلد,,,,,,351000,,,True,لوازم جانبی قهوه; ابزار تهیه قهوه,https://www.rio.coffee/products/408047086005,
Rio,ترازو باتری دار رنگ مشکی,,,,,,7425000,,,True,لوازم جانبی قهوه; ابزار تهیه قهوه; اسکیل (ترازو),https://www.rio.coffee/products/408075086002,
Rio,آسیاب دستی دسته استیل چوبی رنگ مشکی,,,,Ground,,7108000,,,False,لوازم جانبی قهوه; ابزار تهیه قهوه; آسیاب قهوه; آسیاب دستی قهوه,https://www.rio.coffee/products/408071086009,
Rio,پیچر 550 میل بدون درجه استیل دسته دار دماغه رنگ مشکی مات,,,,,,1458000,,,True,لوازم جانبی قهوه; ابزار تهیه قهوه,https://www.rio.coffee/products/408080086007,
Rio,پیچر 350 میل بدون درجه استیل دسته دار دماغه رنگ مشکی مات,,,,,,1134000,,,True,لوازم جانبی قهوه; ابزار تهیه قهوه; پیچر,https://www.rio.coffee/products/408080086006,
Rio,سایفون بلغاری 3 نفره,,,,,,19460000,,,True,دستگاه‌های دم‌آوری قهوه; ابزار تهیه قهوه,https://www.rio.coffee/products/407061086003,
Rio,فیلتر V60 هریو کوچک 2 کاپ 100 عددی ساده رنگ سفید,,Natural,,,,1100000,,,False,لوازم جانبی قهوه; ابزار تهیه قهوه,https://www.rio.coffee/products/408087076001,
Rio,فرنچ پرس وان کافی 800 میل دورتمام پلاستیک رنگ مشکی,,,,,,1800000,,,True,دستگاه‌های دم‌آوری قهوه; لوازم جانبی قهوه; ابزار تهیه قهوه; فرنچ پرس,https://www.rio.coffee/products/407058086019,
Rio,شیشه یدک فرنچ پرس وان کافی 800 میل,,,,,,690000,,,True,لوازم جانبی قهوه,https://www.rio.coffee/products/416058086003,
Rio,شیشه یدک فرنچ پرس وان کافی 600 میل,,,,,,590000,,,False,لوازم جانبی قهوه,https://www.rio.coffee/products/416058086002,
Rio,شیشه یدک فرنچ پرس وان کافی 350 میل,,,,,,490000,,,False,لوازم جانبی قهوه,https://www.rio.coffee/products/416058086001,
Rio,فرنچ پرس وان کافی 600 میل دسته پلاستیکی استیل,,,,,,1920000,,,True,دستگاه‌های دم‌آوری قهوه; لوازم جانبی قهوه; ابزار تهیه قهوه; فرنچ پرس,https://www.rio.coffee/products/407058086018,
Rio,فرنچ پرس وان کافی 350 میل دسته پلاستیکی استیل,,,,,,1760000,,,True,دستگاه‌های دم‌آوری قهوه; لوازم جانبی قهوه; ابزار تهیه قهوه; فرنچ پرس,https://www.rio.coffee/products/407058086017,
Rio,فرنچ پرس وان کافی 600 میل دسته پلاستیکی رزگلد,,,,,,2180000,,,False,دستگاه‌های دم‌آوری قهوه; لوازم جانبی قهوه; ابزار تهیه قهوه; فرنچ پرس,https://www.rio.coffee/products/407058086016,
Rio,فرنچ پرس وان کافی 350 میل دسته پلاستیکی رزگلد,,,,,,2040000,,,True,دستگاه‌های دم‌آوری قهوه; لوازم جانبی قهوه; ابزار تهیه قهوه; فرنچ پرس,https://www.rio.coffee/products/407058086015,
Rio,فرنچ پرس وان کافی 350 میل شش ضلعی رنگ مشکی,,,,,,1400000,,,False,دستگاه‌های دم‌آوری قهوه; لوازم جانبی قهوه; ابزار تهیه قهوه; فرنچ پرس,https://www.rio.coffee/products/407058086013,
Rio,فرنچ پرس وان کافی 600 میل مربع رنگ مشکی,,,,,,1080000,,,False,دستگاه‌های دم‌آوری قهوه; لوازم جانبی قهوه; ابزار تهیه قهوه; فرنچ پرس,https://www.rio.coffee/products/407058086012,
Rio,فرنچ پرس وان کافی 600 میل دوجداره,,,,,,2160000,,,False,دستگاه‌های دم‌آوری قهوه; لوازم جانبی قهوه; ابزار تهیه قهوه; فرنچ پرس,https://www.rio.coffee/products/407058086011,
Rio,فرنچ پرس وان کافی 350 میل دوجداره,,,,,,2050000,,,True,دستگاه‌های دم‌آوری قهوه; لوازم جانبی قهوه; ابزار تهیه قهوه; فرنچ پرس,https://www.rio.coffee/products/407058086010,
Rio,فرنچ پرس وان کافی 600 میل دور تمام پلاستیک رنگ طوسی,,,,,,1650000,,,True,دستگاه‌های دم‌آوری قهوه; لوازم جانبی قهوه; ابزار تهیه قهوه; فرنچ پرس,https://www.rio.coffee/products/407058086009,
Rio,فرنچ پرس وان کافی 800 میل دسته پلاستیکی رنگ طوسی,,,,,,1750000,,,False,دستگاه‌های دم‌آوری قهوه; لوازم جانبی قهوه; ابزار تهیه قهوه; فرنچ پرس,https://www.rio.coffee/products/407058086008,
Rio,فرنچ پرس وان کافی 600 میل دسته پلاستیکی رنگ طوسی,,,,,,1220000,,,False,دستگاه‌های دم‌آوری قهوه; لوازم جانبی قهوه; ابزار تهیه قهوه; فرنچ پرس,https://www.rio.coffee/products/407058086007,
Rio,فرنچ پرس وان کافی 350 میل دسته پلاستیکی رنگ طوسی,,,,,,1400000,,,False,دستگاه‌های دم‌آوری قهوه; لوازم جانبی قهوه; ابزار تهیه قهوه; فرنچ پرس,https://www.rio.coffee/products/407058086006,
Rio,فرنچ پرس وان کافی 1500 میل دسته پلاستیکی رنگ طلایی,,,,,,2700000,,,True,دستگاه‌های دم‌آوری قهوه; لوازم جانبی قهوه; ابزار تهیه قهوه; فرنچ پرس,https://www.rio.coffee/products/407058086005,
Rio,فرنچ پرس وان کافی 350 میل دسته پلاستیکی رنگ مشکی,,,,,,1450000,,,True,دستگاه‌های دم‌آوری قهوه; لوازم جانبی قهوه; ابزار تهیه قهوه; فرنچ پرس,https://www.rio.coffee/products/407058086001,
Rio,فرنچ پرس وان کافی 600 میل دورتمام پلاستیک رنگ مشکی,,,,,,1680000,,,True,دستگاه‌های دم‌آوری قهوه; لوازم جانبی قهوه; ابزار تهیه قهوه; فرنچ پرس,https://www.rio.coffee/products/407058086002,
Rio,پاک اسکرین luwak شماره 51 استیل,,,,,,320000,,,True,لوازم جانبی قهوه,https://www.rio.coffee/products/408190118001,
Rio,فانل گتر 58 میل مگنتی فلزی رنگ مشکی,,,,,,540000,,,True,لوازم جانبی قهوه; ابزار تهیه قهوه; فانل,https://www.rio.coffee/products/408085058006,
Rio,کاور گرمکن فرنچ پرس 350 میل طرحدار,,,,,,113200,,,False,دستگاه‌های دم‌آوری قهوه; لوازم جانبی قهوه; ابزار تهیه قهوه; فرنچ پرس,https://www.rio.coffee/products/416058086004,
Rio,کاور گرمکن فرنچ پرس 600 میل طرحدار,,,,,,132000,,,False,دستگاه‌های دم‌آوری قهوه; لوازم جانبی قهوه; ابزار تهیه قهوه; فرنچ پرس,https://www.rio.coffee/products/416058086005,
Rio,آسیاب دستی MHW-3BOMBER مدل RACE M1 استیل رنگ طوسی روشن,,,Light,Ground,,12480000,,,False,لوازم جانبی قهوه; ابزار تهیه قهوه; آسیاب قهوه; آسیاب دستی قهوه,https://www.rio.coffee/products/408071121004,
Rio,فیلتر g'woon هلند شماره 4 کاغذی کاهی,,Natural,,,,565000,,,False,لوازم جانبی قهوه; ابزار تهیه قهوه,https://www.rio.coffee/products/408087086011,
Rio,ناک باکس گتر فلزی کشویی دسته چوبی رنگ مشکی,,Natural,,,,2950000,,,True,لوازم جانبی قهوه,https://www.rio.coffee/products/408076058005,
Rio,تمپر گتر 58 میل استیل دسته پلاستیکی رنگ مشکی,,,,,,375000,,,False,لوازم جانبی قهوه; ابزار تهیه قهوه,https://www.rio.coffee/products/408081058001,
Rio,فانل گتر 51 میل مگنتی فلزی رنگ مشکی,,,,,,480000,,,False,لوازم جانبی قهوه; ابزار تهیه قهوه,https://www.rio.coffee/products/408085058001,
Rio,تمپر گتر ارگونومی 51 میل استیل ساده دسته مشکی,,,,,,650000,,,True,لوازم جانبی قهوه; ابزار تهیه قهوه,https://www.rio.coffee/products/408081058011,
Rio,موکا بیالتی MOKA TIMER سه نفره رنگ نقره ای,,,,,,10000000,,,True,دستگاه‌های دم‌آوری قهوه; لوازم جانبی قهوه; ابزار تهیه قهوه,https://www.rio.coffee/products/407057024020,
Rio,جذوه روی 2 نفره دهنه باریک دسته پلاستیکی,,,,,,290000,,,True,دستگاه‌های دم‌آوری قهوه; لوازم جانبی قهوه; ابزار تهیه قهوه; جذوه,https://www.rio.coffee/products/407149086001,
Rio,جذوه روی 4 نفره دهنه باریک دسته پلاستیکی,,,,,,300000,,,True,دستگاه‌های دم‌آوری قهوه; لوازم جانبی قهوه; ابزار تهیه قهوه; جذوه,https://www.rio.coffee/products/407149086002,
Rio,جذوه روی 6 نفره دهنه باریک دسته پلاستیکی,,,,,,310000,,,True,دستگاه‌های دم‌آوری قهوه; لوازم جانبی قهوه; ابزار تهیه قهوه; جذوه,https://www.rio.coffee/products/407149086003,
Rio,محلول شستشو دستگاه puly 1000 میلی لیتر,,,,,,3800000,,,True,لوازم جانبی قهوه,https://www.rio.coffee/products/422176086002,
Rio,پودر شستشو دستگاه Puly 900 گرم,,,,Ground,900.0,3442500,382500.0,,False,لوازم جانبی قهوه,https://www.rio.coffee/products/422176086005,
Rio,موکا بیالتی اکسپرس 3 نفره ساده  نقره ای,,,,,,5400000,,,True,دستگاه‌های دم‌آوری قهوه; ابزار تهیه قهوه; موکاپات,https://www.rio.coffee/products/407057024009,
Rio,جذوه مسی طرح دار دو نفره,,,,,,940000,,,True,دستگاه‌های دم‌آوری قهوه; ابزار تهیه قهوه; جذوه,https://www.rio.coffee/products/407054086006,
Rio,جذوه مسی طرح دار چهار نفره,,,,,,1120000,,,True,دستگاه‌های دم‌آوری قهوه; ابزار تهیه قهوه; جذوه,https://www.rio.coffee/products/407054086007,
Rio,جذوه مسی طرح دار شش نفره,,,,,,1320000,,,True,دستگاه‌های دم‌آوری قهوه; ابزار تهیه قهوه; جذوه,https://www.rio.coffee/products/407054086008,
Rio,پیچر باریستا اسپیس 600 میل استیل رنگ قرمز,,,,,,2760000,,,True,لوازم جانبی قهوه; ابزار تهیه قهوه; پیچر,https://www.rio.coffee/products/408080020004,
Rio,پک روزمره / پرانرژی 1,,,,,,1255000,,,False,باندل,https://www.rio.coffee/products/427202086001,
Rio,پک روزمره / پرانرژی 4,,,,,,1408000,,,False,باندل,https://www.rio.coffee/products/427202086002,
Rio,پک سفر 1,,,,,,1520000,,,False,باندل,https://www.rio.coffee/products/427202086003,
Rio,پک At Work 1,,,,,,2741800,,,False,باندل,https://www.rio.coffee/products/427202086004,
Rio,پک روزمره 2,,,,,,1024300,,,False,باندل,https://www.rio.coffee/products/427202086006,
Rio,پک At Work 2,,,,,,1814000,,,False,باندل,https://www.rio.coffee/products/427202086007,
Rio,پک سفر 2,,,,,,3105000,,,False,باندل,https://www.rio.coffee/products/427202086005,
Rio,پک روزمره / پرانرژی 3,,,,,,1657300,,,False,باندل,https://www.rio.coffee/products/427202086009,
Rio,مینی پرسو تریم رنگ زرد,,,,,,4000000,,,True,,https://www.rio.coffee/products/407052032006,
Rio,مینی پرسو تریم رنگ آبی روشن,,,Light,,,4000000,,,True,دستگاه‌های دم‌آوری قهوه; لوازم جانبی قهوه; ابزار تهیه قهوه; مینی پرسو,https://www.rio.coffee/products/407052032005,
Rio,مینی پرسو تریم رنگ کرم,,,,,,4000000,,,True,دستگاه‌های دم‌آوری قهوه; لوازم جانبی قهوه; ابزار تهیه قهوه; مینی پرسو,https://www.rio.coffee/products/407052032002,
Rio,مینی پرسو تریم رنگ قرمز,,,,,,4000000,,,True,دستگاه‌های دم‌آوری قهوه; ابزار تهیه قهوه; مینی پرسو,https://www.rio.coffee/products/407052032003,
Rio,مینی پرسو تریم رنگ سبز روشن,,,Light,,,4000000,,,True,دستگاه‌های دم‌آوری قهوه; ابزار تهیه قهوه; مینی پرسو,https://www.rio.coffee/products/407052032001,
Rio,دستگاه اسپرسوساز برقی خانگی روپل  RPL-MC8041 پرتافیلتر 58 استیل شیری,,,,,,41000000,,,True,دستگاه‌های دم‌آوری قهوه; ابزار تهیه قهوه; اسپرسوساز خانگی,https://www.rio.coffee/products/407053042014,
Rio,دستگاه اسپرسوساز برقی خانگی روپل  RPL-MC8041 پرتافیلتر 58 استیل مشکی,,,,,,39000000,,,False,دستگاه‌های دم‌آوری قهوه; ابزار تهیه قهوه; اسپرسوساز خانگی,https://www.rio.coffee/products/407053042013,
Rio,دستگاه اسپرسوساز برقی خانگی روپل RPL-MC8042 پرتافیلتر 58 استیل,,,,,,34500000,,,True,دستگاه‌های دم‌آوری قهوه; ابزار تهیه قهوه; اسپرسوساز خانگی,https://www.rio.coffee/products/407053042011,
Rio,دستگاه اسپرسوساز برقی خانگی روپل RPL-MC8040 پرتافیلتر 58 استیل,,,,,,35000000,,,True,دستگاه‌های دم‌آوری قهوه; ابزار تهیه قهوه; اسپرسوساز خانگی,https://www.rio.coffee/products/407053042009,
Rio,فیلتر ائروپرس آمریکایی 350 عددی سفید,,,,,,1085000,,,False,لوازم جانبی قهوه,https://www.rio.coffee/products/408087086004,
Rio,فیلتر کمکس 50 عددی سفید,,,,,,718000,,,True,لوازم جانبی قهوه,https://www.rio.coffee/products/408087086012,
Rio,آسیاب برقی روپل RPL-GM5070 رنگ مشکی,,,,Ground,,40000000,,,False,لوازم جانبی قهوه; ابزار تهیه قهوه; آسیاب قهوه,https://www.rio.coffee/products/408071042003,
Rio,همزن شارژی WHISK رنگی,,Washed,,,,840000,,,False,لوازم جانبی قهوه; ابزار تهیه قهوه,https://www.rio.coffee/products/408092086004,
Rio,پودر شستشو دستگاه la marzocco 566 گرم قوطی سفید,,Natural,,Ground,566.0,3796000,670671.0,,True,لوازم جانبی قهوه,https://www.rio.coffee/products/422176116001,
Rio,تمپر گتر ارگونومی 51 میل استیل ساده دسته رنگی زیره استیل,,,,,,650000,,,True,لوازم جانبی قهوه; ابزار تهیه قهوه,https://www.rio.coffee/products/408081058010,
Rio,سرور MHW-3BOMBER 500 میل شیشه ای,,,,,,2710000,,,True,لوازم جانبی قهوه; ابزار تهیه قهوه,https://www.rio.coffee/products/408088121001,
Rio,فومر بیالتی CAPPUCCINATORE 3 نفره 2 توری استیل براق نقره ای,,,,,,9600000,,,True,ابزار تهیه قهوه,https://www.rio.coffee/products/408086024004,
Rio,فیلتر v60 کوچک 40 عددی کاغذی کاهی,,,,,,280000,,,False,لوازم جانبی قهوه; ابزار تهیه قهوه,https://www.rio.coffee/products/408087086001,
Rio,کتل 600 میل طرح پیجر درب خاکستری مات,,,,,,1435000,,,False,لوازم جانبی قهوه; ابزار تهیه قهوه,https://www.rio.coffee/products/408072086002,
Rio,موکا بیالتی Junior 6 نفره ساده استیل نقره ای,,,,,,1090000,,,False,دستگاه‌های دم‌آوری قهوه; ابزار تهیه قهوه,https://www.rio.coffee/products/407057024025,
Rio,پرتافیلتر نیکد 58 MHW-3BOMBER دسته چوبی دولبه استیل,,,,,,10800000,,,True,لوازم جانبی قهوه; ابزار تهیه قهوه,https://www.rio.coffee/products/408191121001,
Rio,سرور تایم مور 600 میل شیشه ای درب دار دودی,,,,,,1150000,,,False,لوازم جانبی قهوه; ابزار تهیه قهوه,https://www.rio.coffee/products/408088029001,
Rio,پک At Work 3,,,,,,2357000,,,False,باندل,https://www.rio.coffee/products/427202086011,
Rio,پک روزمره 3,,,,,,3110000,,,False,باندل,https://www.rio.coffee/products/427202086012,
Rio,پک At Work 4 / پر انرژی,,,,,,3152000,,,False,باندل,https://www.rio.coffee/products/427202086008,
Rio,پک سفر 4,,,,,,3517000,,,False,باندل,https://www.rio.coffee/products/427202086010,
Rio,پیچر روپل 600 میل رنگ مشکی,,,,,,1450000,,,False,لوازم جانبی قهوه; ابزار تهیه قهوه; پیچر,https://www.rio.coffee/products/408080042001,
Rio,ظرف نگهدارنده قهوه 800 میل درب چوبی بدنه مشکی طرح دار رنگ سبز,,,,,,310000,,,False,لوازم جانبی قهوه,https://www.rio.coffee/products/408077086005-5,
Rio,ظرف نگهدارنده قهوه 800 میل درب چوبی بدنه مشکی طرح دار رنگ بنفش,,,,,,310000,,,False,لوازم جانبی قهوه,https://www.rio.coffee/products/408077086005-2,
Rio,بیسکوییت ویژه کریسمس,,,,,,55000,,,False,شکلات,https://www.rio.coffee/products/410126001007,
Rio,آبنبات پیچی ویژه کریسمس,,,,,,55000,,,False,شکلات,https://www.rio.coffee/products/410126001008,
Rio,فیلتر کافی فیلتر شماره 4 کاغذی کاهی,,Natural,,,,410000,,,False,لوازم جانبی قهوه; ابزار تهیه قهوه,https://www.rio.coffee/products/408087086009,
Rio,ظرف نگهدارنده قهوه 800 میل درب چوبی بدنه مشکی طرح دار,,,,,,510000,,,False,لوازم جانبی قهوه,https://www.rio.coffee/products/408077086005,
Rio,فرنچ پرس 350 میل رنگ طوسی,,,,,,920000,,,True,دستگاه‌های دم‌آوری قهوه; لوازم جانبی قهوه; ابزار تهیه قهوه; فرنچ پرس,https://www.rio.coffee/products/407058086020,
Rio,فرنچ پرس 600 میل رنگ طوسی,,,,,,1200000,,,True,دستگاه‌های دم‌آوری قهوه; لوازم جانبی قهوه; ابزار تهیه قهوه; فرنچ پرس,https://www.rio.coffee/products/407058086021,
Rio,تال اسپون مدل teardrop استیل رنگ نقره ای,,,,,,324000,,,False,لوازم جانبی قهوه; ابزار تهیه قهوه,https://www.rio.coffee/products/408047086003,
Rio,تراول ماگ 800 میل 2 دهنه دسته فنجان دار رنگ سورمه ای,,,,,,1000000,,,False,لوازم جانبی قهوه; تراول ماگ,https://www.rio.coffee/products/408066036003,
Rio,تراول ماگ 800 میل 1 دهنه دسته فنجان دار و بند دار رنگ فسفری,,,,,,2065000,,,True,لوازم جانبی قهوه; تراول ماگ,https://www.rio.coffee/products/408066036005,
Rio,تراول ماگ 1000 میل 1 دهنه فیلتر دار و بند دار رنگ فسفری,,,,,,2350000,,,True,لوازم جانبی قهوه; تراول ماگ,https://www.rio.coffee/products/408066036006,
Rio,تراول ماگ 600 میل تایسو نی دار TS-8848A رنگ یاسی,,,,,,1705000,,,True,لوازم جانبی قهوه; تراول ماگ,https://www.rio.coffee/products/408066086026,
Rio,تراول ماگ 360 میل تایسو  TS-8833 رنگ یاسی,,,,,,1565000,,,True,لوازم جانبی قهوه; تراول ماگ,https://www.rio.coffee/products/408066086028,
Rio,تراول ماگ 500 میل تایسو  8773B رنگ مسی,,,,,,1835000,,,True,لوازم جانبی قهوه; تراول ماگ,https://www.rio.coffee/products/408066086029,
Rio,تراول ماگ 1000 میل تایسو TS-8816 رنگ بنفش,,,,,,1470000,,,True,لوازم جانبی قهوه; تراول ماگ,https://www.rio.coffee/products/408066086030,
Rio,تراول ماگ 750 میل تایسو درب لیوانی TS-8815 رنگ مشکی,,,,,,1445000,,,True,لوازم جانبی قهوه; تراول ماگ,https://www.rio.coffee/products/408066086031,
Rio,تراول ماگ 220 میل تایسو TS-8764A رنگ آبی,,,,,,1235000,,,True,لوازم جانبی قهوه; تراول ماگ,https://www.rio.coffee/products/408066086065,
Rio,تراول ماگ 150 میل تایسو  TS-8715B رنگ آبی,,,,,,1100000,,,True,لوازم جانبی قهوه; تراول ماگ,https://www.rio.coffee/products/408066086068,
Rio,تراول ماگ 800 میل تایسو  TS-8831 رنگ مسی,,,,,,2100000,,,True,لوازم جانبی قهوه; تراول ماگ,https://www.rio.coffee/products/408066086070,
Rio,تراول ماگ 1200 میل SPACE POT فلیتردار رنگ,,,,,,1645000,,,True,لوازم جانبی قهوه; تراول ماگ,https://www.rio.coffee/products/408066110003,
Rio,پیچر 600 میل MHW-3BOMBER 600  رنگ مشکی,,,,,,9200000,,,True,لوازم جانبی قهوه; ابزار تهیه قهوه; پیچر,https://www.rio.coffee/products/408080121011,
Rio,تمپر گتر 51 میل استیل دسته چدنی رنگ  مشکی,,,,,,542000,,,True,لوازم جانبی قهوه,https://www.rio.coffee/products/408081058009,
Rio,تمپر 58 میل BOMBER استیل ضد زنگ دسته تمام چوبی  رنگ نقره ای,,,,,,2950000,,,True,لوازم جانبی قهوه,https://www.rio.coffee/products/408081121003,
Rio,جیگر چین استیل رنگ خاکستری براق,,,,,,1100000,,,True,لوازم جانبی قهوه; ابزار تهیه قهوه,https://www.rio.coffee/products/408084086003,
Rio,فومر بیالتی برقی 300 میل داخل تفلون ظاهر پلاستیکی رنگ سفید,,,,,,4000000,,,True,ابزار تهیه قهوه,https://www.rio.coffee/products/408086024005,
Rio,فیلتر کمکس 40 عددی سفید,,,,,,1177000,,,True,لوازم جانبی قهوه,https://www.rio.coffee/products/408087086007,
Rio,همزن شارژی دوسر پلاستیکی استیل رنگ مشکی,,Washed,,,,1700000,,,False,لوازم جانبی قهوه; ابزار تهیه قهوه,https://www.rio.coffee/products/408092086006,
Rio,نانوپرسو دوکاره Luwak با کیف زرد,,,,,,4600000,,,True,دستگاه‌های دم‌آوری قهوه; ابزار تهیه قهوه,https://www.rio.coffee/products/407053118002,
Rio,نانوپرسو دوکاره Luwak با کیف سبز تیره,,,Dark,,,4600000,,,False,دستگاه‌های دم‌آوری قهوه; ابزار تهیه قهوه,https://www.rio.coffee/products/407053118003,
Rio,نانوپرسو دوکاره Luwak با کیف مشکی,,,,,,4600000,,,False,دستگاه‌های دم‌آوری قهوه; ابزار تهیه قهوه,https://www.rio.coffee/products/407053118005,
Rio,موکاپات 1 کاپ دسته پلاستیکی رنگ مشکی,,,,,,703000,,,False,دستگاه‌های دم‌آوری قهوه; ابزار تهیه قهوه; موکاپات,https://www.rio.coffee/products/407057086006,
Lemm Coffee,قهوه ۵۰% عربیکا (یک کیلوگرمی),,,,,1000,3850000,385000.0,,,,https://lemm.coffee/shop/قهوه/P80-خرید-آنلاین-قهوه-50-عربیکا.html,
Lemm Coffee,قهوه ۵۰% عربیکا (۲۵۰ گرمی),,,,,250.0,970000,388000.0,,,,https://lemm.coffee/shop/قهوه/P81-خرید-قهوه-50-عربیکا-250-گرمی.html,
Lemm Coffee,قهوه ۸۰% عربیکا (یک کیلوگرمی),,,,,1000,4600000,460000.0,,,,https://lemm.coffee/shop/قهوه/P82-قهوه-80-عربیکا.html,
Lemm Coffee,قهوه ۸۰% عربیکا (۲۵۰ گرمی),,,,,250.0,1158000,463200.0,,,,https://lemm.coffee/shop/قهوه/P83-قهوه-80-عربیکا-250-گرمی.html,
Lemm Coffee,قهوه ۱۰۰% عربیکا (یک کیلوگرمی),,,,,1000,5000000,500000.0,,,,https://lemm.coffee/shop/قهوه/P84-قهوه-100-عربیکا.html,
Lemm Coffee,قهوه ۱۰۰% عربیکا (۲۵۰ گرمی),,,,,250.0,1258000,503200.0,,,,https://lemm.coffee/shop/قهوه/P85-قهوه-100-عربیکا-250-گرمی.html,
Lemm Coffee,قهوه اسپرسو بلند - ۱۰۰% عربیکا (یک کیلوگرمی),,,,,1000,5100000,510000.0,,,,https://lemm.coffee/shop/قهوه/P86-قهوه-اسپرسو-بلند-لم.html,
Lemm Coffee,قهوه اسپرسو بلند - ۱۰۰% عربیکا (۲۵۰ گرمی),,,,,250.0,1283000,513200.0,,,,https://lemm.coffee/shop/قهوه/P87-قهوه-اسپرسو-بلند-100-عربیکا-250-گرمی.html,
Lemm Coffee,قهوه ترک (یک کیلوگرمی),,,,,1000,3300000,330000.0,,,,https://lemm.coffee/shop/قهوه/P88-قهوه-ترک-یک-کیلوگرمی.html,
Lemm Coffee,قهوه ترک (۲۵۰ گرمی),,,,,250.0,833000,333200.0,,,,https://lemm.coffee/shop/قهوه/P89-قهوه-ت-رک-250-گرمی.html,
Lemm Coffee,قهوه ایرانی - پرشین (یک کیلوگرمی),,,,,1000,5500000,550000.0,,,,https://lemm.coffee/shop/قهوه/P90-قهوه-ایرانی-پرشین-شیخ-یک-کیلوگرمی.html,
Lemm Coffee,قهوه ایرانی - پرشین (۲۵۰ گرمی),,,,,250.0,1383000,553200.0,,,,https://lemm.coffee/shop/قهوه/P91-قهوه-ایرانی-پرشین-شیخ-250-گرمی.html,
Lemm Coffee,قهوه ۷۰٪ عربیکا - هوس سلکت (۲۵۰ گرمی),,,,,250.0,1133000,453200.0,,,,https://lemm.coffee/shop/قهوه/P128-قهوه-house-select-ویژه-مصرف-خانگی.html,
Lemm Coffee,قهوه ۷۰٪ عربیکا - هوس‌سلکت (یک کیلوگرمی),,,,,1000,4500000,450000.0,,,,https://lemm.coffee/shop/قهوه/P144-قهوه-house-select-ویژه-مصرف-خانگی.html,
Lemm Coffee,برشته‌کاری قهوه در کافه ؛ چرا و چگونه؟,,,,,,,,,,,https://lemm.coffee/blog/uncategorized/P151-برشته-کاری-قهوه-در-کافه-چرا-و-چگونه.html,
Lemm Coffee,با ۸ اشتباه رایج در برشته‌کردن قهوه آشنا شوید,,,,,,,,,,,https://lemm.coffee/blog/uncategorized/P152-با-8-اشتباه-رایج-در-برشته-کردن-قهوه-آشنا-شوید.html,
Lemm Coffee,کدام فیلتر کاغذی برای قهوه شما مناسب‌تر است؟,,,,,,,,,,,https://lemm.coffee/blog/uncategorized/P153-کدام-فیلتر-کاغذی-برای-قهوه-شما-مناسب-تر-است.html,
Lemm Coffee,آماده‌کردن قهوه در سفر؛ لذت با طعم قهوه,,,,,,,,,,,https://lemm.coffee/blog/uncategorized/P160-آماده-کردن-قهوه-در-سفر-لذت-با-طعم-قهوه.html,
Lemm Coffee,قهوه با کره؛ همه‌چیز درباره یک نوشیدنی عجیب,,,,,,,,,,,https://lemm.coffee/blog/uncategorized/P162-Coffee-butter.html,
Lemm Coffee,شیر گیاهی و قهوه؛ آینده‌ از آن محصولات گیاهی خواهد شد؟,,,,,,,,,,,https://lemm.coffee/blog/مقالات/P163-شیر-گیاهی-و-قهوه-آینده-از-آن-محصولات-گیاهی-خواهد-شد.html,
Lemm Coffee,تخمیر قهوه؛ میکروارگانیسم‌ها چگونه بر ویژگی‌های قهوه تأثیر می‌گذارند؟,,,,,,,,,,,https://lemm.coffee/blog/مقالات/P186-تخمیر-قهوه-میکروارگانیسم-ها-چگونه-بر-ویژگی-های-قهوه-تأثیر-می-گذارند.html,
Lemm Coffee,قهوه اتیوپی هامبلا / رست دمی (۲۵۰ گرمی),Ethiopia,,,,250.0,1158000,463200.0,,,,https://lemm.coffee/shop/قهوه/P199-قهوه-اتیوپی-یرگاشف-یک-کیلوگرمی.html,
Lemm Coffee,قهوه اتیوپی هامبلا / رست اسپرسو (۲۵۰ گرمی),Ethiopia,,,,250.0,,,,,,https://lemm.coffee/shop/قهوه/P200-قهوه-اتیوپی-یرگاشف-یک-کیلوگرمی.html,
Lemm Coffee,قهوه اتیوپی / هامبلا اسپرسو (یک کیلوگرمی),Ethiopia,,,,1000,4600000,460000.0,,,,https://lemm.coffee/shop/قهوه/P201-قهوه-اتیوپی-یرگاشف-یک-کیلوگرمی.html,
Lemm Coffee,قهوه اتیوپی / هامبلا دمی (یک کیلوگرمی),Ethiopia,,,,1000,,,,,,https://lemm.coffee/shop/قهوه/P202-قهوه-اتیوپی-یرگاشف-یک-کیلوگرمی.html,
Lemm Coffee,قهوه ایتالین رست - ۱۰۰% عربیکا (۲۵۰ گرمی),,,,,250.0,1283000,513200.0,,,,https://lemm.coffee/shop/قهوه/P257-قهوه-اسپرسو-بلند-100-عربیکا-250-گرمی.html,
Lemm Coffee,قهوه ایتالین رست - ۶۰% عربیکا (۲۵۰ گرمی),,,,,250.0,1020000,408000.0,,,,https://lemm.coffee/shop/قهوه/P258-قهوه-اسپرسو-بلند-100-عربیکا-250-گرمی.html,
Lemm Coffee,قهوه ایتالین رست - ۱۰۰% عربیکا (یک کیلوگرمی),,,,,1000,5100000,510000.0,,,,https://lemm.coffee/shop/قهوه/P259-قهوه-اسپرسو-بلند-100-عربیکا-250-گرمی.html,
Lemm Coffee,قهوه ایتالین رست - ۶۰% عربیکا (یک کیلوگرمی),,,,,1000,4050000,405000.0,,,,https://lemm.coffee/shop/قهوه/P260-قهوه-اسپرسو-بلند-100-عربیکا-250-گرمی.html,
Lemm Coffee,پک ده عددی قهوه دریپ (کیسه‌ای) اتیوپی,Ethiopia,,,,,950000,,,,,https://lemm.coffee/shop/محصولات/P268-قهوه-دریپ-کیسه-ای-100-عربیکا-اتیوپی.html,
Lemm Coffee,پک ده عددی قهوه دریپ (کیسه‌ای) ۱۰۰% عربیکا,,,,,,900000,,,,,https://lemm.coffee/shop/محصولات/P269-قهوه-دریپ-کیسه-ای-100-عربیکا-اتیوپی.html,
Lemm Coffee,ماگ طرح لم - سبز,,,,,,510000,,,,,https://lemm.coffee/shop/محصولات/P272-ماگ-دست-ساز-با-لوگوی-لم.html,
Lemm Coffee,دمنوش اپل پارادیز (۲۵۰ گرمی),,,,,250.0,1595000,638000.0,,,,https://lemm.coffee/shop/دمنوش/P278-دمنوش-اپل-پارادیز-250-گرمی.html,
Lemm Coffee,دمنوش کوئین بری (۲۰۰ گرمی),,,,,200.0,2145000,1072500.0,,,,https://lemm.coffee/shop/دمنوش/P279-دمنوش-کوئین-بری-200-گرمی.html,
Lemm Coffee,دمنوش نعناع مراکشی (۲۰۰ گرمی),,,,,200.0,1375000,687500.0,,,,https://lemm.coffee/shop/دمنوش/P280-دمنوش-نعنا-مراکشی-۳۵۰-گرمی.html,
Lemm Coffee,دمنوش لمون گرس زنجبیل (۲۵۰ گرمی),,,,,250.0,1595000,638000.0,,,,https://lemm.coffee/shop/دمنوش/P281-دمنوش-لمون-گرس-زنجبیل-250-گرمی.html,
Lemm Coffee,دمنوش رویال جاسمین (۲۵۰ گرمی),,,,,250.0,1375000,550000.0,,,,https://lemm.coffee/shop/دمنوش/P283-دمنوش-رویال-جاسمین-۲۵۰-گرمی.html,
Lemm Coffee,دمنوش گلدن وانیلا (۲۰۰ گرمی),,,,,200.0,1375000,687500.0,,,,https://lemm.coffee/shop/دمنوش/P284-دمنوش-گلدن-وانیلا-۲۰۰-گرمی.html,
Lemm Coffee,دمنوش پیچ بلک تی (۲۵۰ گرمی),,,,,250.0,1595000,638000.0,,,,https://lemm.coffee/shop/دمنوش/P285-پیچ-بلک-تی.html,
Lemm Coffee,دمنوش پینک رز کامومیله (۲۰۰ گرمی),,,,,200.0,1375000,687500.0,,,,https://lemm.coffee/shop/دمنوش/P286-پینک-رز-کامومیله.html,
Lemm Coffee,دمنوش لوندر دریم (۲۵۰ گرمی),,,,,250.0,1925000,770000.0,,,,https://lemm.coffee/shop/دمنوش/P287-لوندر-دریمز.html,
Lemm Coffee,دمنوش استرابری کیس (۲۰۰ گرمی),,,,,200.0,2145000,1072500.0,,,,https://lemm.coffee/shop/دمنوش/P288-استراوبری-کیس.html,
Lemm Coffee,چای ماسالا (۷۰۰ گرمی),,,,,700.0,1155000,165000.0,,,,https://lemm.coffee/shop/پودر-های-نوشیدنی/P289-چای-ماسالا-۷۰۰-گرمی-پودر.html,
Lemm Coffee,دارک چاکلت (۷۰۰ گرمی),,,Dark,,700.0,,,,,,https://lemm.coffee/shop/پودر-های-نوشیدنی/P290-هات-چاکلت-دارک-۷۰۰-گرمی-پودر.html,
Lemm Coffee,وایت چاکلت (۷۰۰ گرمی),,,,,700.0,1072500,153214.0,,,,https://lemm.coffee/shop/پودر-های-نوشیدنی/P291-وایت-چاکلت-۷۰۰-گرمی-پودر.html,
Lemm Coffee,هات چاکلت (۷۰۰ گرمی),,,,,700.0,1567500,223929.0,,,,https://lemm.coffee/shop/پودر-های-نوشیدنی/P296-هات-چاکلت-۷۰۰-گرمی-پودر.html,
Lemm Coffee,قهوه کاستاریکا نچرال - لوس سانتوس (۸۰ گرمی),Costa Rica,Natural,,,80.0,535000,668750.0,,,,https://lemm.coffee/shop/قهوه/P301-قهوه-تخصصی-اتیوپی-چلچله-۸۰-گرمی.html,
Lemm Coffee,قهوه رواندا (۸۰ گرمی),Rwanda,,,,80.0,525000,656250.0,,,,https://lemm.coffee/shop/قهوه/P303-قهوه-تخصصی-اتیوپی-چلچله-۸۰-گرمی.html,
Lemm Coffee,پودر شوینده اسپرسو - پی اس جی (۹۰۰ گرمی),,,,Ground,900.0,1760000,195556.0,,,,https://lemm.coffee/shop/محصولات/P306-قهوه-ایرانی-پرشین-شیخ-250-گرمی.html,
Lemm Coffee,مایع شستشوی نازل بخار - پی اس جی (۱ لیتری),,,,,,1232000,,,,,https://lemm.coffee/shop/محصولات/P307-قهوه-ایرانی-پرشین-شیخ-250-گرمی.html,
Lemm Coffee,اهمیت تمیزی و بهداشت تجهیزات در کیفیت قهوه,,,,,,,,,,,https://lemm.coffee/blog/مقالات/P312-اهمیت-تمیزی-و-بهداشت-تجهیزات-در-کیفیت-قهوه.html,
Lemm Coffee,تحلیل علمی کرمای اسپرسو: فیزیک، شیمی و دینامیک عصاره گیری,,,,,,,,,,,https://lemm.coffee/blog/مقالات/P314-تحلیل-علمی-کرمای-اسپرسو-فیزیک-شیمی-و-دینامیک-عصاره-گیری.html,
Lemm Coffee,سفر علمی میکروسکوپی به دل ذرات قهوه,,,,,,,,,,,https://lemm.coffee/blog/مقالات/P346-سفر-علمی-میکروسکوپی-به-دل-ذرات-قهوه.html,
Lemm Coffee,چای بلک دیاموند (۵۰۰ گرمی),,,,,500.0,1450000,290000.0,,,,https://lemm.coffee/shop/چای-سبز-و-سیاه/P347-چای-بلک-دیاموند-۵۰۰-گرمی.html,
Lemm Coffee,چای پرشین برکفست (۵۰۰ گرمی),,,,,500.0,1450000,290000.0,,,,https://lemm.coffee/shop/چای-سبز-و-سیاه/P348-چای-پرشین-برکفست-۵۰۰-گرمی.html,
Lemm Coffee,چای سبز (۲۵۰ گرمی),,,,,250.0,1000000,400000.0,,,,https://lemm.coffee/shop/چای-سبز-و-سیاه/P349-چای-سبز-۵۰۰-گرمی.html,
Lemm Coffee,قهوه کلمبیا - ویلا رزیتا (۸۰ گرمی),Colombia,,,,80.0,725000,906250.0,,,,https://lemm.coffee/shop/قهوه/P350-قهوه-تخصصی-اتیوپی-چلچله-۸۰-گرمی.html,
Lemm Coffee,دمنوش رویبوس شکلات,,,,,,2145000,,,,,https://lemm.coffee/shop/پودر-های-نوشیدنی/P354-هات-چاکلت-۷۰۰-گرمی-پودر.html,
Lemm Coffee,آدامس قهوه - نعناع,,,,,,450000,,,,,https://lemm.coffee/shop/محصولات/P355-ماگ-دست-ساز-با-لوگوی-لم.html,
Lemm Coffee,آدامس قهوه,,,,,,450000,,,,,https://lemm.coffee/shop/محصولات/P356-ماگ-دست-ساز-با-لوگوی-لم.html,
Lemm Coffee,آدامس نعناع,,,,,,450000,,,,,https://lemm.coffee/shop/محصولات/P357-ماگ-دست-ساز-با-لوگوی-لم.html,
Lemm Coffee,فراتر از فنجان؛ نگاهی به فلسفه CVA,,,,,,,,,,,https://lemm.coffee/blog/مقالات/P358-فراتر-از-فنجان-نگاهی-به-فلسفه-cva.html,
Sam Coffee Roasters,تیشرت آغا سام,,,,,,2500000,,,True,,https://www.samcoffeeroasters.com/products/aga-sam,سام&zwnj;کافه و  آغابی&zwnj;بی  در تجربه&zwnj;ای مشترک، مجموعه&zwnj;ای ویژه از سه تی&zwnj;شرت با نام&zwnj;های &laquo; خط&zwnj;خطی &raquo;، &laquo;آغا سام&raquo; و &laquo; گل و زاغ &raquo; را بازآفرینی کرده&zwnj;اند.فرایند طراحی&zwnj;&zwnj;ها از شهریور ۱۴۰۳ آغاز شد و به سه طرح نهایی رسید که نه&zwnj;تنها یادگار یک همکاری صمیمانه&zwnj;، بلکه ایجاد تجربه&zwnj;ای منحصر به&zwnj; فرد در دل ارزش&zwnj;های 
Sam Coffee Roasters,آرومابوی,,,,,,12800000,,,False,,https://www.samcoffeeroasters.com/products/aromaboy-filter-coffee-machine,"آرومابوی   کوچک برای لذت بزرگ قهوه  
 آرومابوی&reg; یکی از مجموعه کلاسیک&zwnj;های  ملتا &reg; است. کوچک است، اما قهوه&zwnj;ای عالی درست می&zwnj;کند &mdash; از سال ۱۹۷۹ تا امروز. این دستگاه قهوه&zwnj;ساز فیلتر، کوچک و منحصربه&zwnj;فرد است؛ کاملاً مناسب برای خانواده&zwnj;های یک&zwnj;نفره، کاروان&zwnj;ها یا خانه&zwnj;های تعطیلاتی. 
 
 ۲ فنجان، فیلتر قهوه ملتا، سایز ۱۰۰ 
 طراحی کم&zwnj;جا 
 ۵۰۰ وات، خ"
Sam Coffee Roasters,خرس و خرما,,,,,,,,,True,,https://www.samcoffeeroasters.com/products/bear-and-date,"خرمای پیارم یکی از مطرح&zwnj;ترین ارقام خرما در ایران است که عمدتاً در حاجی&zwnj;آباد هرمزگان کشت می&zwnj;شود. این خرما در گروه نیمه&zwnj;خشک قرار دارد، ظاهر کشیده با رنگ قهوه&zwnj;ای تیره مایل به شکلاتی و پوستَ نازک و چسبیده به گوشت دارد و معمولاً درشت&zwnj;تر و سفت&zwnj;تر از بسیاری از انواع دیگر است. 
 به&zwnj;دلیل رسیدن دیرهنگام و نیاز به درجه&zwnj;بندی دقیق برای عرضه و صادرات، برداشت و فرآوری"
Sam Coffee Roasters,کمکس,,,,,,8150000,,,True,,https://www.samcoffeeroasters.com/products/chemex-three-cup-glass-handle,"کمکس یکی از شناخته&zwnj;شده&zwnj;ترین ابزارهای دم&zwnj;آوری قهوه به روش پوراور است که با طراحی کلاسیک، شیشه&zwnj;ی بوروسیلیکات باکیفیت و فیلترهای اختصاصی خود، قهوه&zwnj;ای شفاف، متعادل و بدون رسوب ارائه می&zwnj;دهد.  راهنمای نحوه دم&zwnj;آوری با دم&zwnj;افزار کمکس  
 
 ظرفیت: مناسب برای ۳ کاپ قهوه 
 جنس بدنه: شیشه بوروسیلیکات غیرمتخلخل 
 دسته: شیشه&zwnj;ای با انتخاب رنگ&zwnj;های شفاف، طلایی و یاقو"
Sam Coffee Roasters,چیل,,,,,,180000,,,False,,https://www.samcoffeeroasters.com/products/chil,چیل، یک نوشیدنی کلد برو گازدار است که با تزریق CO₂، طعمی خنک و تازه به قهوه می&zwnj;بخشد. این نوشیدنی از قهوه&zwnj;ی ۱۰۰٪ عربیکای بلند سام تهیه شده که با رست تخصصی و دم&zwnj;آوری در دمای پایین، طعمی متعادل و با اسیدیته&zwnj;ای ملایم به&zwnj;دست آورده است. بدون شکر و هرگونه افزودنی، چیل انتخابی عالی برای دوست&zwnj;داران قهوه&zwnj;ی ناب و سالم است. به&zwnj;ویژه در روزهای گرم یا زمانی که به انرژی نیا
Sam Coffee Roasters,چای کاکائو,,,,,,699000,,,True,,https://www.samcoffeeroasters.com/products/cocoa-tea,چای لاهیجان ، نیبز میوه&zwnj;ی کاکائو ، نعنا فلفلی
Sam Coffee Roasters,عصاره‌ی قهوه,,,,,,548000,,,True,,https://www.samcoffeeroasters.com/products/coffee-extract-toddy,"این محصول حاوی عصاره‌ی قهوه‌ خالص است که به‌صورت سرد‌دم دم‌آوری شده و دارای درصد بالایی از کافئین است.
 این عصاره به‌دلیل روش دم‌آوری عمدتا طعم‌‌یادهای شکلاتی و آجیلی را تداعی می‌کند ودارای اسیدیته‌ی پایینی است؛
توصیه می‌شود به‌صورت رقیق‌شده، برای تهیه نوشیدنی‌های ترکیبی و یا برای آشپزی و شیرینی‌پزی استفاده شود."
Sam Coffee Roasters,قهوه کلمبیا هانی لیچی,Colombia,Honey,,,,1700000,,88.0,False,,https://www.samcoffeeroasters.com/products/colombia-castillo-honey-lychee-jairo-arcila-la-pradera,"شناسنامه قهوه   
  قهوه  Colombia Castillo Honey Lychee  از پروژه  &zwnj;  های نوآورانه جایرو آرسیلا در مرکز فرآوری  La Pradera ، نمونه  &zwnj;  ای جذاب از قهوه  &zwnj;  های کوفرمنت با میوه است. در این فرآوری، واریته کستیلو با استفاده از فرآیند  Honey  و تخمیر بی  &zwnj;  هوازی همراه با لیچی، پروفایلی بسیار آروماتیک و متفاوت پیدا کرده است. نتیجه نهایی فنجانی شیرین، گلی و میوه  &zwnj;  ای است که با"
Sam Coffee Roasters,قهوه کلمبیا رد فروت,Colombia,Washed,,,,1500000,,88.0,True,,https://www.samcoffeeroasters.com/products/colombia-castillo-washed-red-fruits-jairo-arcila-la-pradera,"شناسنامه قهوه   
  قهوه  Colombia Castillo Washed Red Fruits  از مرکز فرآوری  La Pradera  و پروژه  &zwnj;  های تجربی جایرو آرسیلا، نمونه  &zwnj;  ای برجسته از قهوه  &zwnj;  های کوفرمنت است. در این فرآوری، دانه  &zwnj;  های واریته کستیلو با میوه  &zwnj;  های قرمز و مخمر شرابی تحت تخمیر کنترل  &zwnj;  شده قرار گرفته  &zwnj;  اند تا فنجانی با پیچیدگی آروماتیک بالا، شیرینی برجسته و شخصیت میوه  &zwnj; "
Sam Coffee Roasters,قهوه کلمبیا گشا,Colombia,Natural,,,,2500000,,90.0,True,,https://www.samcoffeeroasters.com/products/colombia-gesha-natural-sebastian-gomez-la-divisa,"شناسنامه قهوه   
  قهوه  Colombia Gesha Natural  از مزرعه  La Divisa  و تولیدکننده شناخته  &zwnj;  شده، سباستین گومز، نمایانگر ظرافت و پیچیدگی واریته گشا در ارتفاعات بالای کلمبیاست. این قهوه با فرآوری نچرال و تخمیر کنترل  &zwnj;  شده، فنجانی بسیار معطر، شفاف و چندلایه ارائه می  &zwnj;  دهد. ویژگی  &zwnj;  های گلی، ساختار چای  &zwnj;  مانند و اسیدیته زنده، از شاخص  &zwnj;  ترین خصوصیات این قهوه هست"
Sam Coffee Roasters,قهوه کلمبیا ماراگشا,Colombia,Natural,,,,6500000,,90.0,True,,https://www.samcoffeeroasters.com/products/colombia-maragesha-natural-jardines-del-encanto,"شناسنامه قهوه   
  قهوه  Colombia Maragesha Natural  از مجموعه  Jardines del Encanto  یکی از کمیاب  &zwnj;  ترین و جذاب  &zwnj;  ترین هیبریدهای دنیای قهوه تخصصی است. این واریته حاصل تلاقی  Gesha  و  Maragogype  بوده و ویژگی  &zwnj;  های برجسته هر دو را در خود جای داده است؛ ظرافت آروماتیک و پیچیدگی گشا در کنار بدنه غنی و ساختار قدرتمند ماراگوگیپه. کشت این قهوه در ارتفاع بسیار بالا و فرآوری نچرال هم"
Sam Coffee Roasters,قهوه کلمبیا پینک بوربون,Colombia,Natural,,,,,,,False,,https://www.samcoffeeroasters.com/products/colombia-pink-bourbon-natural-jairo-arcila-santa-monica,شناسنامه قهوه  قهوه Colombia Pink Bourbon Natural از مزرعه Santa Monica و پروژه&zwnj;های تخصصی جایرو آرسیلا، نمونه&zwnj;ای درخشان از واریته ارزشمند Pink Bourbon است که در ارتفاعات کلمبیا کشت شده است. این قهوه با فرآوری نچرال و تخمیر کنترل&zwnj;شده، فنجانی میوه&zwnj;ای، شفاف و بسیار متعادل ارائه می&zwnj;دهد. شیرینی طبیعی، اسیدیته زنده و بافتی ابریشمی، شخصیت اصلی این قهوه را شکل می&zwnj;دهند و در کن
Sam Coffee Roasters,ایزی,,,,,,330000,,,False,,https://www.samcoffeeroasters.com/products/easy,"بسته&zwnj;ای شامل ۱۰ کپسول، مناسب برای دستگاه&zwnj;های قهوه&zwnj;ساز خانگی. هر کپسول حاوی قهوه&zwnj;ی بلند سام است .ترکیبی ۱۰۰٪ عربیکا و بدون هیچ درصدی از روبوستا. قهوه&zwnj;ای با عطری پیچیده، اسیدیته&zwnj;ای متعادل، و شیرینی طبیعی؛ بدون تلخی اضافی و بادی متوسط. 
 
 &nbsp;"
Sam Coffee Roasters,قهوه ال‌سالوادور,El Salvador,Natural,,,,1950000,,,True,,https://www.samcoffeeroasters.com/products/el-salvador-el-cipres-natural-reposado,ال&zwnj;سالوادور ال سیپرس نچرال رپوسادو  قهوه El Salvador El Cipres Natural Reposado به&zwnj;عنوان جایگزین اتیوپی اوراگا در لاین اسپرسو اسپشالتی انتخاب شده و پروفایلی شیرین، شفاف و بسیار بالانس دارد. این قهوه با وجود شیرینی بالایی که از نُت&zwnj;های عسل، وانیل، شکلات و میوه&zwnj;های خشک می&zwnj;گیرد، بیشتر از هر چیز با اسیدیتی براق و زنده خود شناخته می&zwnj;شود؛ اسیدیتی&zwnj;ای که حس juicy و شفاف 
Sam Coffee Roasters,قهوه اتیوپی شاکیسو,Ethiopia,,,,830.0,1815000,218675.0,,False,,https://www.samcoffeeroasters.com/products/ethiopia-guji-shakiso-mesele,اتیوپی گوچی شاکیسو مسله  قهوه Ethiopia Guji Shakiso Mesele از منطقه گوچی شاکیسو در اتیوپی، نمونه&zwnj;ای مدرن از قهوه&zwnj;های فرآوری&zwnj;شده با تخمیر کنترل&zwnj;شده است که با هدف ایجاد شفافیت طعمی، پیچیدگی آروماتیک و اسیدیتی درخشان تولید شده است. این قهوه از واریته&zwnj;های بومی Heirloom و در ارتفاع بالا کشت شده و با پروسس Aerobic Fermentation چهار روزه، فنجانی میوه&zwnj;ای، juicy و چندلایه ارائ
Sam Coffee Roasters,قهوه اتیوپی کنگا,Ethiopia,,,,,1100000,,,False,,https://www.samcoffeeroasters.com/products/ethiopia-konga,"قهوه یرگاچف با پردازش شسته شده از ایستگاه شستشوی کنگا، نمونه&zwnj;ای بارز از مهارت پردازش سنتی اتیوپی است. ارتفاع بالا، خاک رس قرمز و کشت هیریلوم باعث ایجاد پروفایلی پیچیده و متوازن می&zwnj;شود. تخمیر کنترل&zwnj;شده در آب و خشک&zwnj;کردن دقیق روی تخت&zwnj;های مخصوص خشک کردن، طعمی شفاف با نت&zwnj;های انجیر، هل، شکلات و کارامل به ارمغان می&zwnj;آورد. 
 
 خاستگاه: کنگا، یرگاچف، اتیوپی ارتفاع: ۱۷۰۰ تا"
Sam Coffee Roasters,قهوه اتیوپی لالسا,Ethiopia,Honey,,,,1490000,,,False,,https://www.samcoffeeroasters.com/products/ethiopia-lalesa,قهوه بلک هانی لالسا از منطقه گدب اتیوپی، جلوه&zwnj;ای خاص از دقت در فرآوری و شرایط منحصر به&zwnj;فرد کشت است. این قهوه در ارتفاعات بالا و خاک رس قرمز پرورش یافته و با گونه&zwnj;های هیریلوم طعمی شفاف و پیچیده ارائه می&zwnj;دهد. ترکیب شیرینی میوه&zwnj;های استوایی، عطر گلی یاس و ته&zwnj;مزه&zwnj;ای شبیه رام، فنجانی متعادل و با عمق ایجاد می&zwnj;کند. فرآوری دقیق و خشک&zwnj;کردن طولانی&zwnj;مدت به وضوح
Sam Coffee Roasters,قهوه اتیوپی یرگاچف,Ethiopia,,,,,699000,,,False,,https://www.samcoffeeroasters.com/products/ethiopia-yirgacheffe-coffee,قهوه&zwnj;ی اتیوپی یرگاشف یکی از شاخص&zwnj;ترین و شناخته&zwnj;شده&zwnj;ترین قهوه&zwnj;های آفریقایی است که با رایحه&zwnj;ی خیره&zwnj;کننده&zwnj;ی یاس، برگاموت و پیچ امین&zwnj;الدوله آغاز می&zwnj;شود. در طعم، لایه&zwnj;هایی از پوست لیمو، هلو، زردآلو و پشن&zwnj;فروت به زیبایی خود را نشان می&zwnj;دهند و با شیرینی عسل&zwnj;مانند و شکر نیشکر متعادل می&zwnj;شوندن قهوه دارای بدنه&zwnj;ای سبک تا متوسط با ب
Sam Coffee Roasters,تیشرت گل و زاغ,,,,,,2950000,,,True,,https://www.samcoffeeroasters.com/products/gol-o-zagh,سام&zwnj;کافه و  آغابی&zwnj;بی  در تجربه&zwnj;ای مشترک، مجموعه&zwnj;ای ویژه از سه تی&zwnj;شرت با نام&zwnj;های &laquo; خط&zwnj;خطی &raquo;، &laquo; آغا سام &raquo; و &laquo;گل و زاغ&raquo; را بازآفرینی کرده&zwnj;اند.فرایند طراحی&zwnj;&zwnj;ها از شهریور ۱۴۰۳ آغاز شد و به سه طرح نهایی رسید که نه&zwnj;تنها یادگار یک همکاری صمیمانه&zwnj;، بلکه ایجاد تجربه&zwnj;ای منحصر به&zwnj; فرد در دل ارزش&zwnj;های 
Sam Coffee Roasters,قهوه کنیا کگوآ,Kenya,,,,,,,,False,,https://www.samcoffeeroasters.com/products/kenya-kagwa,طعم&zwnj;یادها: چای ترش، آلو و ریواس روش پردازش: شسته
Sam Coffee Roasters,قهوه کنیا مرو,Kenya,,,,,,,,False,,https://www.samcoffeeroasters.com/products/kenya-meru,طعم&zwnj;یادهای چای سیاه، لیمو&zwnj;شیرین و تافی | اسیدیته&zwnj;ی شفاف | بادی متوسط روش پردازش:شسته
Sam Coffee Roasters,تیشرت خط‌خطی,,,,,,3200000,,,True,,https://www.samcoffeeroasters.com/products/khat-khati,سام&zwnj;کافه و&nbsp; آغابی&zwnj;بی  در تجربه&zwnj;ای مشترک، مجموعه&zwnj;ای ویژه از سه تی&zwnj;شرت با نام&zwnj;های &laquo;خط&zwnj;خطی&raquo;، &laquo; آغا سام &raquo; و &laquo; گل و زاغ &raquo; را بازآفرینی کرده&zwnj;اند.فرایند طراحی&zwnj;&zwnj;ها از شهریور ۱۴۰۳ آغاز شد و به سه طرح نهایی رسید که نه&zwnj;تنها یادگار یک همکاری صمیمانه&zwnj;، بلکه ایجاد تجربه&zwnj;ای منحصر به&zwnj; فرد در دل ارزش&zwnj
Sam Coffee Roasters,چای لاهیجان,,,,,,799000,,,True,,https://www.samcoffeeroasters.com/products/lahijan-tea,چای دستچین لاهیجان با کیفیت ویژه
Sam Coffee Roasters,روغن زیتون,,,,,,,,,True,,https://www.samcoffeeroasters.com/products/olive-oil,"روغن زیتون فرابکر (Extra Virgin)&nbsp; 
 
 حجم: ۴۲۰ میلی&zwnj;لیتر | ۲۵۰ میلی لیتر 
 &nbsp;ویژگی&zwnj;ها: استخراج به روش پرس سرد، تصفیه&zwnj;نشده و کاملاً طبیعی، حفظ&zwnj;کننده طعم و عطر اصیل زیتون. 
 &nbsp;کاربرد: مناسب برای مصرف روزانه و آشپزی."
Sam Coffee Roasters,کارت‌پستال‌,,,,,,350000,,,True,,https://www.samcoffeeroasters.com/products/post-card,"آشنایی و ارتباط مستمر با هنرمندان نوظهور و نمایش روند رشد آن&zwnj;ها از مهم&zwnj;ترین اهداف &laquo; زمینه &raquo; است. &laquo;زمینه&raquo; می&zwnj;کوشد با بهره&zwnj;گیری از توانایی خود در تولید محتوای مؤثر و با همراهی هنرمندان جوان و مستعد، بستری برای دیده&zwnj;شدن و شناخته&zwnj;شدن دستاوردهای آنان فراهم کند. 
 در همین راستا، &laquo;زمینه&raquo; بخشی از فعالیت خود را به معرفی هنرمندان جوان در قالب"
Sam Coffee Roasters,قهوه روز (دمی),,,,,,,,,True,,https://www.samcoffeeroasters.com/products/rooz-coffee-brewing,طعم یادهای لیمو، گیلاس و چای سیاه | رایحه ی گلی | اسیدیته ی بالا | بادی متوسط
Sam Coffee Roasters,قهوه روز (اسپرسو),,,,,,,,,True,,https://www.samcoffeeroasters.com/products/rooz-coffee-espresso,طعم&zwnj;یاد&zwnj;های شکلات و کاکائو | اسیدیته&zwnj;ی پایین | بادی متوسط
Sam Coffee Roasters,قهوه بلند سام,,,,,,,,,True,,https://www.samcoffeeroasters.com/products/sam-blend-coffee,ترکیب قهوه یک هنر و مهارت است. قهوه&zwnj;ی ترکیبی سام، ترکیبی از دو قهوه&zwnj;ی عربیکا از آفریقای مرکزی و آسیا است که طعم دلپذیری را ارائه می&zwnj;دهد. طعم&zwnj;یادهای لیمو و شکلات&zwnj; شیری | اسیدیته&zwnj;ی متعادل | بادی روان
Sam Coffee Roasters,قهوه‌ی شوکا,,,,,,,,,True,,https://www.samcoffeeroasters.com/products/shouka-coffee,این قهوه مخصوص افرادیست که به مزه&zwnj;ی کلاسیک و قدیمی قهوه علاقه&zwnj;مندند. قهوه&zwnj;ی ترکیبی عربیکا و روبوستا، دارای طعم&zwnj;یادهای آجیل و شکلات، که به مراتب دارای تلخی بیشتر، اسیدیته&zwnj;ی خیلی کم و همینطور تن&zwnj;واری بسیار بالا است.
Sam Coffee Roasters,چای دودی,,,,,,599000,,,True,,https://www.samcoffeeroasters.com/products/smoked-tea,چای دودی شده به روش غیر صنعتی
Sam Coffee Roasters,گاهنامه زمینه-۱,,,,,,375000,,,True,,https://www.samcoffeeroasters.com/products/zamineh-journal-one,گاه&zwnj;نامه&zwnj;ی &laquo; زمینه &raquo; بر انتشار مطالب به&zwnj;روز، مستقل و تا حد امکان نزدیک به جریان&zwnj;های صحنه&zwnj;ی هنر تجسمی ایران تمرکز دارد. تحریریه&zwnj;ی گاه&zwnj;نامه بیش&zwnj;تر از صداهای تازه شکل می&zwnj;گیرد و سیاست آن بر ترجمه و تولید متن&zwnj;هایی روان، متناسب با شرایط بومی و در عین حال دقیق است؛ متن&zwnj;هایی که برای طیفی از هنرمندان، منتقدان، پژوهشگران، مجموعه&zwnj;داران و
Sam Coffee Roasters,گاهنامه زمینه-۲,,,,,,460000,,,True,,https://www.samcoffeeroasters.com/products/zamineh-journal-two,گاه&zwnj;نامه&zwnj;ی &laquo;زمینه&raquo; بر انتشار مطالب به&zwnj;روز، مستقل و تا حد امکان نزدیک به جریان&zwnj;های صحنه&zwnj;ی هنر تجسمی ایران تمرکز دارد. تحریریه&zwnj;ی گاه&zwnj;نامه بیش&zwnj;تر از صداهای تازه شکل می&zwnj;گیرد و سیاست آن بر ترجمه و تولید متن&zwnj;هایی روان، متناسب با شرایط بومی و در عین حال دقیق است؛ متن&zwnj;هایی که برای طیفی از هنرمندان، منتقدان، پژوهشگران، مجموعه&zwnj;داران و گ
